manifest_version,global_episode_id,source_repo_id,source_revision,source_episode_index,source_task,source_episode_length,task_family,pdf_page,start_type,target_id,target_name,target_category,reference_ids_json,scene_objects_json,scene_attributes_json,scene_size,difficulty,initial_count,final_count,action_direction,target_slot_left,target_slot_right,state,orientation,demonstrated_concept,assigned_concept,semantic_cell,holdout_reason,prompt_type,template_id,assigned_prompt,fold_10,recommended_split,annotation_flags_json
v1,justintiensmith/MT_State_Recognition_200:000,justintiensmith/MT_State_Recognition_200,168e12e735da9ad62716dca89cff660b53082cc3,0,Put a white cup in the bowl.,428,state_recognition,11,recovery,white_cup_b,white cup B,white cup,[],"[""white_cup_b"", ""white_cup_a"", ""yellow_white_striped_cup_a"", ""brown_cup_b""]","[{""category_id"": ""white_cup"", ""category_name"": ""white cup"", ""instance"": ""B"", ""name"": ""white cup B"", ""object_id"": ""white_cup_b"", ""orientation"": ""right_side_up"", ""state"": ""closed""}, {""category_id"": ""white_cup"", ""category_name"": ""white cup"", ""instance"": ""A"", ""name"": ""white cup A"", ""object_id"": ""white_cup_a"", ""orientation"": ""right_side_up"", ""state"": ""open""}, {""category_id"": ""yellow_white_striped_cup"", ""category_name"": ""yellow-white striped cup"", ""instance"": ""A"", ""name"": ""yellow-white striped cup A"", ""object_id"": ""yellow_white_striped_cup_a"", ""orientation"": ""right_side_up"", ""state"": ""closed""}, {""category_id"": ""brown_cup"", ""category_name"": ""brown cup"", ""instance"": ""B"", ""name"": ""brown cup B"", ""object_id"": ""brown_cup_b"", ""orientation"": ""right_side_up"", ""state"": ""closed""}]",4,,,,,,,closed,right_side_up,closed_right_side_up,closed_right_side_up,seen,,semantic_reasoning,state_recognition.closed_right_side_up.2,"Pick up the white cup that is closed and right-side-up, then place it in the bowl.",0,train,[]
v1,justintiensmith/MT_State_Recognition_200:001,justintiensmith/MT_State_Recognition_200,168e12e735da9ad62716dca89cff660b53082cc3,1,Put a white cup in the bowl.,480,state_recognition,11,home,white_cup_b,white cup B,white cup,[],"[""white_cup_b"", ""white_cup_a"", ""brown_cup_b""]","[{""category_id"": ""white_cup"", ""category_name"": ""white cup"", ""instance"": ""B"", ""name"": ""white cup B"", ""object_id"": ""white_cup_b"", ""orientation"": ""right_side_up"", ""state"": ""open""}, {""category_id"": ""white_cup"", ""category_name"": ""white cup"", ""instance"": ""A"", ""name"": ""white cup A"", ""object_id"": ""white_cup_a"", ""orientation"": ""right_side_up"", ""state"": ""closed""}, {""category_id"": ""brown_cup"", ""category_name"": ""brown cup"", ""instance"": ""B"", ""name"": ""brown cup B"", ""object_id"": ""brown_cup_b"", ""orientation"": ""right_side_up"", ""state"": ""open""}]",3,,,,,,,open,right_side_up,open_right_side_up,open_right_side_up,seen,,semantic_reasoning,state_recognition.open_right_side_up.2,"Pick up the white cup that is open and right-side-up, then place it in the bowl.",1,train,[]
v1,justintiensmith/MT_State_Recognition_200:002,justintiensmith/MT_State_Recognition_200,168e12e735da9ad62716dca89cff660b53082cc3,2,Put a white cup in the bowl.,659,state_recognition,11,home,white_cup_a,white cup A,white cup,[],"[""white_cup_a"", ""white_cup_b"", ""glass_spice_container_a"", ""yellow_white_striped_cup_b""]","[{""category_id"": ""white_cup"", ""category_name"": ""white cup"", ""instance"": ""A"", ""name"": ""white cup A"", ""object_id"": ""white_cup_a"", ""orientation"": ""right_side_up"", ""state"": ""open""}, {""category_id"": ""white_cup"", ""category_name"": ""white cup"", ""instance"": ""B"", ""name"": ""white cup B"", ""object_id"": ""white_cup_b"", ""orientation"": ""right_side_up"", ""state"": ""closed""}, {""category_id"": ""glass_spice_container"", ""category_name"": ""glass spice container"", ""instance"": ""A"", ""name"": ""glass spice container A"", ""object_id"": ""glass_spice_container_a"", ""orientation"": ""right_side_up"", ""state"": ""open""}, {""category_id"": ""yellow_white_striped_cup"", ""category_name"": ""yellow-white striped cup"", ""instance"": ""B"", ""name"": ""yellow-white striped cup B"", ""object_id"": ""yellow_white_striped_cup_b"", ""orientation"": ""right_side_up"", ""state"": ""open""}]",4,,,,,,,open,right_side_up,open_right_side_up,open_right_side_up,seen,,semantic_reasoning,state_recognition.open_right_side_up.3,Move the open white cup that is right-side-up into the bowl.,2,train,[]
v1,justintiensmith/MT_State_Recognition_200:003,justintiensmith/MT_State_Recognition_200,168e12e735da9ad62716dca89cff660b53082cc3,3,Put a white cup in the bowl.,463,state_recognition,11,home,white_cup_a,white cup A,white cup,[],"[""white_cup_a"", ""white_cup_b"", ""yellow_white_striped_cup_b"", ""brown_cup_a""]","[{""category_id"": ""white_cup"", ""category_name"": ""white cup"", ""instance"": ""A"", ""name"": ""white cup A"", ""object_id"": ""white_cup_a"", ""orientation"": ""right_side_up"", ""state"": ""closed""}, {""category_id"": ""white_cup"", ""category_name"": ""white cup"", ""instance"": ""B"", ""name"": ""white cup B"", ""object_id"": ""white_cup_b"", ""orientation"": ""right_side_up"", ""state"": ""open""}, {""category_id"": ""yellow_white_striped_cup"", ""category_name"": ""yellow-white striped cup"", ""instance"": ""B"", ""name"": ""yellow-white striped cup B"", ""object_id"": ""yellow_white_striped_cup_b"", ""orientation"": ""right_side_up"", ""state"": ""open""}, {""category_id"": ""brown_cup"", ""category_name"": ""brown cup"", ""instance"": ""A"", ""name"": ""brown cup A"", ""object_id"": ""brown_cup_a"", ""orientation"": ""right_side_up"", ""state"": ""open""}]",4,,,,,,,closed,right_side_up,closed_right_side_up,closed_right_side_up,seen,,semantic_reasoning,state_recognition.closed_right_side_up.2,"Pick up the white cup that is closed and right-side-up, then place it in the bowl.",3,train,[]
v1,justintiensmith/MT_State_Recognition_200:004,justintiensmith/MT_State_Recognition_200,168e12e735da9ad62716dca89cff660b53082cc3,4,Put a white cup in the bowl.,492,state_recognition,11,home,white_cup_b,white cup B,white cup,[],"[""white_cup_b"", ""yellow_white_striped_cup_a"", ""brown_cup_a""]","[{""category_id"": ""white_cup"", ""category_name"": ""white cup"", ""instance"": ""B"", ""name"": ""white cup B"", ""object_id"": ""white_cup_b"", ""orientation"": ""right_side_up"", ""state"": ""closed""}, {""category_id"": ""yellow_white_striped_cup"", ""category_name"": ""yellow-white striped cup"", ""instance"": ""A"", ""name"": ""yellow-white striped cup A"", ""object_id"": ""yellow_white_striped_cup_a"", ""orientation"": ""right_side_up"", ""state"": ""open""}, {""category_id"": ""brown_cup"", ""category_name"": ""brown cup"", ""instance"": ""A"", ""name"": ""brown cup A"", ""object_id"": ""brown_cup_a"", ""orientation"": ""right_side_up"", ""state"": ""open""}]",3,,,,,,,closed,right_side_up,closed_right_side_up,closed_right_side_up,seen,,semantic_reasoning,state_recognition.closed_right_side_up.1,"Put the closed, right-side-up white cup in the bowl.",4,train,[]
v1,justintiensmith/MT_State_Recognition_200:005,justintiensmith/MT_State_Recognition_200,168e12e735da9ad62716dca89cff660b53082cc3,5,Put a white cup in the bowl.,483,state_recognition,11,home,white_cup_b,white cup B,white cup,[],"[""white_cup_b"", ""brown_cup_a"", ""glass_spice_container_a""]","[{""category_id"": ""white_cup"", ""category_name"": ""white cup"", ""instance"": ""B"", ""name"": ""white cup B"", ""object_id"": ""white_cup_b"", ""orientation"": ""right_side_up"", ""state"": ""open""}, {""category_id"": ""brown_cup"", ""category_name"": ""brown cup"", ""instance"": ""A"", ""name"": ""brown cup A"", ""object_id"": ""brown_cup_a"", ""orientation"": ""right_side_up"", ""state"": ""closed""}, {""category_id"": ""glass_spice_container"", ""category_name"": ""glass spice container"", ""instance"": ""A"", ""name"": ""glass spice container A"", ""object_id"": ""glass_spice_container_a"", ""orientation"": ""right_side_up"", ""state"": ""closed""}]",3,,,,,,,open,right_side_up,open_right_side_up,open_right_side_up,seen,,semantic_reasoning,state_recognition.open_right_side_up.2,"Pick up the white cup that is open and right-side-up, then place it in the bowl.",5,train,[]
v1,justintiensmith/MT_State_Recognition_200:006,justintiensmith/MT_State_Recognition_200,168e12e735da9ad62716dca89cff660b53082cc3,6,Put a white cup in the bowl.,624,state_recognition,11,home,white_cup_b,white cup B,white cup,[],"[""white_cup_b"", ""white_cup_a"", ""yellow_white_striped_cup_a"", ""brown_cup_b""]","[{""category_id"": ""white_cup"", ""category_name"": ""white cup"", ""instance"": ""B"", ""name"": ""white cup B"", ""object_id"": ""white_cup_b"", ""orientation"": ""right_side_up"", ""state"": ""closed""}, {""category_id"": ""white_cup"", ""category_name"": ""white cup"", ""instance"": ""A"", ""name"": ""white cup A"", ""object_id"": ""white_cup_a"", ""orientation"": ""right_side_up"", ""state"": ""open""}, {""category_id"": ""yellow_white_striped_cup"", ""category_name"": ""yellow-white striped cup"", ""instance"": ""A"", ""name"": ""yellow-white striped cup A"", ""object_id"": ""yellow_white_striped_cup_a"", ""orientation"": ""right_side_up"", ""state"": ""closed""}, {""category_id"": ""brown_cup"", ""category_name"": ""brown cup"", ""instance"": ""B"", ""name"": ""brown cup B"", ""object_id"": ""brown_cup_b"", ""orientation"": ""right_side_up"", ""state"": ""closed""}]",4,,,,,,,closed,right_side_up,closed_right_side_up,closed_right_side_up,seen,,semantic_reasoning,state_recognition.closed_right_side_up.3,Move the closed white cup that is right-side-up into the bowl.,6,train,[]
v1,justintiensmith/MT_State_Recognition_200:007,justintiensmith/MT_State_Recognition_200,168e12e735da9ad62716dca89cff660b53082cc3,7,Put a white cup in the bowl.,517,state_recognition,11,recovery,white_cup_a,white cup A,white cup,[],"[""white_cup_a"", ""white_cup_b"", ""brown_cup_b""]","[{""category_id"": ""white_cup"", ""category_name"": ""white cup"", ""instance"": ""A"", ""name"": ""white cup A"", ""object_id"": ""white_cup_a"", ""orientation"": ""right_side_up"", ""state"": ""closed""}, {""category_id"": ""white_cup"", ""category_name"": ""white cup"", ""instance"": ""B"", ""name"": ""white cup B"", ""object_id"": ""white_cup_b"", ""orientation"": ""right_side_up"", ""state"": ""open""}, {""category_id"": ""brown_cup"", ""category_name"": ""brown cup"", ""instance"": ""B"", ""name"": ""brown cup B"", ""object_id"": ""brown_cup_b"", ""orientation"": ""right_side_up"", ""state"": ""open""}]",3,,,,,,,closed,right_side_up,closed_right_side_up,closed_right_side_up,seen,,semantic_reasoning,state_recognition.closed_right_side_up.2,"Pick up the white cup that is closed and right-side-up, then place it in the bowl.",7,train,[]
v1,justintiensmith/MT_State_Recognition_200:008,justintiensmith/MT_State_Recognition_200,168e12e735da9ad62716dca89cff660b53082cc3,8,Put a white cup in the bowl.,507,state_recognition,11,home,white_cup_a,white cup A,white cup,[],"[""white_cup_a"", ""glass_spice_container_a"", ""yellow_white_striped_cup_b"", ""brown_cup_b""]","[{""category_id"": ""white_cup"", ""category_name"": ""white cup"", ""instance"": ""A"", ""name"": ""white cup A"", ""object_id"": ""white_cup_a"", ""orientation"": ""right_side_up"", ""state"": ""open""}, {""category_id"": ""glass_spice_container"", ""category_name"": ""glass spice container"", ""instance"": ""A"", ""name"": ""glass spice container A"", ""object_id"": ""glass_spice_container_a"", ""orientation"": ""right_side_up"", ""state"": ""closed""}, {""category_id"": ""yellow_white_striped_cup"", ""category_name"": ""yellow-white striped cup"", ""instance"": ""B"", ""name"": ""yellow-white striped cup B"", ""object_id"": ""yellow_white_striped_cup_b"", ""orientation"": ""right_side_up"", ""state"": ""closed""}, {""category_id"": ""brown_cup"", ""category_name"": ""brown cup"", ""instance"": ""B"", ""name"": ""brown cup B"", ""object_id"": ""brown_cup_b"", ""orientation"": ""right_side_up"", ""state"": ""closed""}]",4,,,,,,,open,right_side_up,open_right_side_up,open_right_side_up,seen,,semantic_reasoning,state_recognition.open_right_side_up.2,"Pick up the white cup that is open and right-side-up, then place it in the bowl.",8,train,[]
v1,justintiensmith/MT_State_Recognition_200:009,justintiensmith/MT_State_Recognition_200,168e12e735da9ad62716dca89cff660b53082cc3,9,Put a white cup in the bowl.,637,state_recognition,11,home,white_cup_b,white cup B,white cup,[],"[""white_cup_b"", ""white_cup_a"", ""yellow_white_striped_cup_b"", ""brown_cup_a""]","[{""category_id"": ""white_cup"", ""category_name"": ""white cup"", ""instance"": ""B"", ""name"": ""white cup B"", ""object_id"": ""white_cup_b"", ""orientation"": ""right_side_up"", ""state"": ""open""}, {""category_id"": ""white_cup"", ""category_name"": ""white cup"", ""instance"": ""A"", ""name"": ""white cup A"", ""object_id"": ""white_cup_a"", ""orientation"": ""right_side_up"", ""state"": ""closed""}, {""category_id"": ""yellow_white_striped_cup"", ""category_name"": ""yellow-white striped cup"", ""instance"": ""B"", ""name"": ""yellow-white striped cup B"", ""object_id"": ""yellow_white_striped_cup_b"", ""orientation"": ""right_side_up"", ""state"": ""open""}, {""category_id"": ""brown_cup"", ""category_name"": ""brown cup"", ""instance"": ""A"", ""name"": ""brown cup A"", ""object_id"": ""brown_cup_a"", ""orientation"": ""right_side_up"", ""state"": ""closed""}]",4,,,,,,,open,right_side_up,open_right_side_up,open_right_side_up,seen,,semantic_reasoning,state_recognition.open_right_side_up.2,"Pick up the white cup that is open and right-side-up, then place it in the bowl.",9,train,[]
v1,justintiensmith/MT_State_Recognition_200:010,justintiensmith/MT_State_Recognition_200,168e12e735da9ad62716dca89cff660b53082cc3,10,Put a white cup in the bowl.,513,state_recognition,11,home,white_cup_a,white cup A,white cup,[],"[""white_cup_a"", ""white_cup_b"", ""brown_cup_a"", ""glass_spice_container_b""]","[{""category_id"": ""white_cup"", ""category_name"": ""white cup"", ""instance"": ""A"", ""name"": ""white cup A"", ""object_id"": ""white_cup_a"", ""orientation"": ""right_side_up"", ""state"": ""closed""}, {""category_id"": ""white_cup"", ""category_name"": ""white cup"", ""instance"": ""B"", ""name"": ""white cup B"", ""object_id"": ""white_cup_b"", ""orientation"": ""right_side_up"", ""state"": ""open""}, {""category_id"": ""brown_cup"", ""category_name"": ""brown cup"", ""instance"": ""A"", ""name"": ""brown cup A"", ""object_id"": ""brown_cup_a"", ""orientation"": ""right_side_up"", ""state"": ""closed""}, {""category_id"": ""glass_spice_container"", ""category_name"": ""glass spice container"", ""instance"": ""B"", ""name"": ""glass spice container B"", ""object_id"": ""glass_spice_container_b"", ""orientation"": ""right_side_up"", ""state"": ""closed""}]",4,,,,,,,closed,right_side_up,closed_right_side_up,closed_right_side_up,seen,,semantic_reasoning,state_recognition.closed_right_side_up.2,"Pick up the white cup that is closed and right-side-up, then place it in the bowl.",0,train,[]
v1,justintiensmith/MT_State_Recognition_200:011,justintiensmith/MT_State_Recognition_200,168e12e735da9ad62716dca89cff660b53082cc3,11,Put a white cup in the bowl.,576,state_recognition,11,home,white_cup_a,white cup A,white cup,[],"[""white_cup_a"", ""white_cup_b"", ""glass_spice_container_b""]","[{""category_id"": ""white_cup"", ""category_name"": ""white cup"", ""instance"": ""A"", ""name"": ""white cup A"", ""object_id"": ""white_cup_a"", ""orientation"": ""right_side_up"", ""state"": ""open""}, {""category_id"": ""white_cup"", ""category_name"": ""white cup"", ""instance"": ""B"", ""name"": ""white cup B"", ""object_id"": ""white_cup_b"", ""orientation"": ""right_side_up"", ""state"": ""closed""}, {""category_id"": ""glass_spice_container"", ""category_name"": ""glass spice container"", ""instance"": ""B"", ""name"": ""glass spice container B"", ""object_id"": ""glass_spice_container_b"", ""orientation"": ""right_side_up"", ""state"": ""closed""}]",3,,,,,,,open,right_side_up,open_right_side_up,open_right_side_up,seen,,semantic_reasoning,state_recognition.open_right_side_up.1,"Put the open, right-side-up white cup in the bowl.",1,train,[]
v1,justintiensmith/MT_State_Recognition_200:012,justintiensmith/MT_State_Recognition_200,168e12e735da9ad62716dca89cff660b53082cc3,12,Put a white cup in the bowl.,571,state_recognition,11,home,white_cup_a,white cup A,white cup,[],"[""white_cup_a"", ""white_cup_b"", ""yellow_white_striped_cup_a"", ""brown_cup_b""]","[{""category_id"": ""white_cup"", ""category_name"": ""white cup"", ""instance"": ""A"", ""name"": ""white cup A"", ""object_id"": ""white_cup_a"", ""orientation"": ""right_side_up"", ""state"": ""open""}, {""category_id"": ""white_cup"", ""category_name"": ""white cup"", ""instance"": ""B"", ""name"": ""white cup B"", ""object_id"": ""white_cup_b"", ""orientation"": ""right_side_up"", ""state"": ""closed""}, {""category_id"": ""yellow_white_striped_cup"", ""category_name"": ""yellow-white striped cup"", ""instance"": ""A"", ""name"": ""yellow-white striped cup A"", ""object_id"": ""yellow_white_striped_cup_a"", ""orientation"": ""right_side_up"", ""state"": ""open""}, {""category_id"": ""brown_cup"", ""category_name"": ""brown cup"", ""instance"": ""B"", ""name"": ""brown cup B"", ""object_id"": ""brown_cup_b"", ""orientation"": ""right_side_up"", ""state"": ""open""}]",4,,,,,,,open,right_side_up,open_right_side_up,open_right_side_up,seen,,semantic_reasoning,state_recognition.open_right_side_up.2,"Pick up the white cup that is open and right-side-up, then place it in the bowl.",2,train,[]
v1,justintiensmith/MT_State_Recognition_200:013,justintiensmith/MT_State_Recognition_200,168e12e735da9ad62716dca89cff660b53082cc3,13,Put a white cup in the bowl.,505,state_recognition,11,home,white_cup_b,white cup B,white cup,[],"[""white_cup_b"", ""yellow_white_striped_cup_b"", ""brown_cup_b""]","[{""category_id"": ""white_cup"", ""category_name"": ""white cup"", ""instance"": ""B"", ""name"": ""white cup B"", ""object_id"": ""white_cup_b"", ""orientation"": ""right_side_up"", ""state"": ""closed""}, {""category_id"": ""yellow_white_striped_cup"", ""category_name"": ""yellow-white striped cup"", ""instance"": ""B"", ""name"": ""yellow-white striped cup B"", ""object_id"": ""yellow_white_striped_cup_b"", ""orientation"": ""right_side_up"", ""state"": ""open""}, {""category_id"": ""brown_cup"", ""category_name"": ""brown cup"", ""instance"": ""B"", ""name"": ""brown cup B"", ""object_id"": ""brown_cup_b"", ""orientation"": ""right_side_up"", ""state"": ""open""}]",3,,,,,,,closed,right_side_up,closed_right_side_up,closed_right_side_up,seen,,semantic_reasoning,state_recognition.closed_right_side_up.1,"Put the closed, right-side-up white cup in the bowl.",3,train,[]
v1,justintiensmith/MT_State_Recognition_200:014,justintiensmith/MT_State_Recognition_200,168e12e735da9ad62716dca89cff660b53082cc3,14,Put a white cup in the bowl.,514,state_recognition,11,recovery,white_cup_b,white cup B,white cup,[],"[""white_cup_b"", ""white_cup_a"", ""glass_spice_container_a"", ""yellow_white_striped_cup_b""]","[{""category_id"": ""white_cup"", ""category_name"": ""white cup"", ""instance"": ""B"", ""name"": ""white cup B"", ""object_id"": ""white_cup_b"", ""orientation"": ""right_side_up"", ""state"": ""open""}, {""category_id"": ""white_cup"", ""category_name"": ""white cup"", ""instance"": ""A"", ""name"": ""white cup A"", ""object_id"": ""white_cup_a"", ""orientation"": ""right_side_up"", ""state"": ""closed""}, {""category_id"": ""glass_spice_container"", ""category_name"": ""glass spice container"", ""instance"": ""A"", ""name"": ""glass spice container A"", ""object_id"": ""glass_spice_container_a"", ""orientation"": ""right_side_up"", ""state"": ""closed""}, {""category_id"": ""yellow_white_striped_cup"", ""category_name"": ""yellow-white striped cup"", ""instance"": ""B"", ""name"": ""yellow-white striped cup B"", ""object_id"": ""yellow_white_striped_cup_b"", ""orientation"": ""right_side_up"", ""state"": ""closed""}]",4,,,,,,,open,right_side_up,open_right_side_up,open_right_side_up,seen,,semantic_reasoning,state_recognition.open_right_side_up.3,Move the open white cup that is right-side-up into the bowl.,4,train,[]
v1,justintiensmith/MT_State_Recognition_200:015,justintiensmith/MT_State_Recognition_200,168e12e735da9ad62716dca89cff660b53082cc3,15,Put a white cup in the bowl.,488,state_recognition,11,home,white_cup_a,white cup A,white cup,[],"[""white_cup_a"", ""white_cup_b"", ""yellow_white_striped_cup_b""]","[{""category_id"": ""white_cup"", ""category_name"": ""white cup"", ""instance"": ""A"", ""name"": ""white cup A"", ""object_id"": ""white_cup_a"", ""orientation"": ""right_side_up"", ""state"": ""closed""}, {""category_id"": ""white_cup"", ""category_name"": ""white cup"", ""instance"": ""B"", ""name"": ""white cup B"", ""object_id"": ""white_cup_b"", ""orientation"": ""right_side_up"", ""state"": ""open""}, {""category_id"": ""yellow_white_striped_cup"", ""category_name"": ""yellow-white striped cup"", ""instance"": ""B"", ""name"": ""yellow-white striped cup B"", ""object_id"": ""yellow_white_striped_cup_b"", ""orientation"": ""right_side_up"", ""state"": ""open""}]",3,,,,,,,closed,right_side_up,closed_right_side_up,closed_right_side_up,seen,,semantic_reasoning,state_recognition.closed_right_side_up.2,"Pick up the white cup that is closed and right-side-up, then place it in the bowl.",5,train,[]
v1,justintiensmith/MT_State_Recognition_200:016,justintiensmith/MT_State_Recognition_200,168e12e735da9ad62716dca89cff660b53082cc3,16,Put a white cup in the bowl.,509,state_recognition,11,home,white_cup_a,white cup A,white cup,[],"[""white_cup_a"", ""white_cup_b"", ""brown_cup_a"", ""glass_spice_container_b""]","[{""category_id"": ""white_cup"", ""category_name"": ""white cup"", ""instance"": ""A"", ""name"": ""white cup A"", ""object_id"": ""white_cup_a"", ""orientation"": ""right_side_up"", ""state"": ""closed""}, {""category_id"": ""white_cup"", ""category_name"": ""white cup"", ""instance"": ""B"", ""name"": ""white cup B"", ""object_id"": ""white_cup_b"", ""orientation"": ""right_side_up"", ""state"": ""open""}, {""category_id"": ""brown_cup"", ""category_name"": ""brown cup"", ""instance"": ""A"", ""name"": ""brown cup A"", ""object_id"": ""brown_cup_a"", ""orientation"": ""right_side_up"", ""state"": ""closed""}, {""category_id"": ""glass_spice_container"", ""category_name"": ""glass spice container"", ""instance"": ""B"", ""name"": ""glass spice container B"", ""object_id"": ""glass_spice_container_b"", ""orientation"": ""right_side_up"", ""state"": ""closed""}]",4,,,,,,,closed,right_side_up,closed_right_side_up,closed_right_side_up,seen,,semantic_reasoning,state_recognition.closed_right_side_up.2,"Pick up the white cup that is closed and right-side-up, then place it in the bowl.",6,train,[]
v1,justintiensmith/MT_State_Recognition_200:017,justintiensmith/MT_State_Recognition_200,168e12e735da9ad62716dca89cff660b53082cc3,17,Put a white cup in the bowl.,609,state_recognition,12,home,white_cup_b,white cup B,white cup,[],"[""white_cup_b"", ""white_cup_a"", ""glass_spice_container_b""]","[{""category_id"": ""white_cup"", ""category_name"": ""white cup"", ""instance"": ""B"", ""name"": ""white cup B"", ""object_id"": ""white_cup_b"", ""orientation"": ""right_side_up"", ""state"": ""open""}, {""category_id"": ""white_cup"", ""category_name"": ""white cup"", ""instance"": ""A"", ""name"": ""white cup A"", ""object_id"": ""white_cup_a"", ""orientation"": ""right_side_up"", ""state"": ""closed""}, {""category_id"": ""glass_spice_container"", ""category_name"": ""glass spice container"", ""instance"": ""B"", ""name"": ""glass spice container B"", ""object_id"": ""glass_spice_container_b"", ""orientation"": ""right_side_up"", ""state"": ""open""}]",3,,,,,,,open,right_side_up,open_right_side_up,open_right_side_up,seen,,semantic_reasoning,state_recognition.open_right_side_up.2,"Pick up the white cup that is open and right-side-up, then place it in the bowl.",7,train,[]
v1,justintiensmith/MT_State_Recognition_200:018,justintiensmith/MT_State_Recognition_200,168e12e735da9ad62716dca89cff660b53082cc3,18,Put a white cup in the bowl.,593,state_recognition,12,home,white_cup_a,white cup A,white cup,[],"[""white_cup_a"", ""brown_cup_b"", ""glass_spice_container_b""]","[{""category_id"": ""white_cup"", ""category_name"": ""white cup"", ""instance"": ""A"", ""name"": ""white cup A"", ""object_id"": ""white_cup_a"", ""orientation"": ""right_side_up"", ""state"": ""closed""}, {""category_id"": ""brown_cup"", ""category_name"": ""brown cup"", ""instance"": ""B"", ""name"": ""brown cup B"", ""object_id"": ""brown_cup_b"", ""orientation"": ""right_side_up"", ""state"": ""open""}, {""category_id"": ""glass_spice_container"", ""category_name"": ""glass spice container"", ""instance"": ""B"", ""name"": ""glass spice container B"", ""object_id"": ""glass_spice_container_b"", ""orientation"": ""right_side_up"", ""state"": ""open""}]",3,,,,,,,closed,right_side_up,closed_right_side_up,closed_right_side_up,seen,,semantic_reasoning,state_recognition.closed_right_side_up.3,Move the closed white cup that is right-side-up into the bowl.,8,train,[]
v1,justintiensmith/MT_State_Recognition_200:019,justintiensmith/MT_State_Recognition_200,168e12e735da9ad62716dca89cff660b53082cc3,19,Put a white cup in the bowl.,478,state_recognition,12,recovery,white_cup_b,white cup B,white cup,[],"[""white_cup_b"", ""white_cup_a"", ""brown_cup_b""]","[{""category_id"": ""white_cup"", ""category_name"": ""white cup"", ""instance"": ""B"", ""name"": ""white cup B"", ""object_id"": ""white_cup_b"", ""orientation"": ""right_side_up"", ""state"": ""open""}, {""category_id"": ""white_cup"", ""category_name"": ""white cup"", ""instance"": ""A"", ""name"": ""white cup A"", ""object_id"": ""white_cup_a"", ""orientation"": ""right_side_up"", ""state"": ""closed""}, {""category_id"": ""brown_cup"", ""category_name"": ""brown cup"", ""instance"": ""B"", ""name"": ""brown cup B"", ""object_id"": ""brown_cup_b"", ""orientation"": ""right_side_up"", ""state"": ""open""}]",3,,,,,,,open,right_side_up,open_right_side_up,open_right_side_up,seen,,semantic_reasoning,state_recognition.open_right_side_up.1,"Put the open, right-side-up white cup in the bowl.",9,train,[]
v1,justintiensmith/MT_State_Recognition_200:020,justintiensmith/MT_State_Recognition_200,168e12e735da9ad62716dca89cff660b53082cc3,20,Put a white cup in the bowl.,478,state_recognition,12,home,white_cup_a,white cup A,white cup,[],"[""white_cup_a"", ""glass_spice_container_b"", ""yellow_white_striped_cup_a"", ""brown_cup_a""]","[{""category_id"": ""white_cup"", ""category_name"": ""white cup"", ""instance"": ""A"", ""name"": ""white cup A"", ""object_id"": ""white_cup_a"", ""orientation"": ""right_side_up"", ""state"": ""open""}, {""category_id"": ""glass_spice_container"", ""category_name"": ""glass spice container"", ""instance"": ""B"", ""name"": ""glass spice container B"", ""object_id"": ""glass_spice_container_b"", ""orientation"": ""right_side_up"", ""state"": ""closed""}, {""category_id"": ""yellow_white_striped_cup"", ""category_name"": ""yellow-white striped cup"", ""instance"": ""A"", ""name"": ""yellow-white striped cup A"", ""object_id"": ""yellow_white_striped_cup_a"", ""orientation"": ""right_side_up"", ""state"": ""closed""}, {""category_id"": ""brown_cup"", ""category_name"": ""brown cup"", ""instance"": ""A"", ""name"": ""brown cup A"", ""object_id"": ""brown_cup_a"", ""orientation"": ""right_side_up"", ""state"": ""closed""}]",4,,,,,,,open,right_side_up,open_right_side_up,open_right_side_up,seen,,semantic_reasoning,state_recognition.open_right_side_up.3,Move the open white cup that is right-side-up into the bowl.,0,train,[]
v1,justintiensmith/MT_State_Recognition_200:021,justintiensmith/MT_State_Recognition_200,168e12e735da9ad62716dca89cff660b53082cc3,21,Put a white cup in the bowl.,531,state_recognition,12,home,white_cup_b,white cup B,white cup,[],"[""white_cup_b"", ""white_cup_a"", ""yellow_white_striped_cup_b"", ""brown_cup_a""]","[{""category_id"": ""white_cup"", ""category_name"": ""white cup"", ""instance"": ""B"", ""name"": ""white cup B"", ""object_id"": ""white_cup_b"", ""orientation"": ""right_side_up"", ""state"": ""closed""}, {""category_id"": ""white_cup"", ""category_name"": ""white cup"", ""instance"": ""A"", ""name"": ""white cup A"", ""object_id"": ""white_cup_a"", ""orientation"": ""right_side_up"", ""state"": ""open""}, {""category_id"": ""yellow_white_striped_cup"", ""category_name"": ""yellow-white striped cup"", ""instance"": ""B"", ""name"": ""yellow-white striped cup B"", ""object_id"": ""yellow_white_striped_cup_b"", ""orientation"": ""right_side_up"", ""state"": ""open""}, {""category_id"": ""brown_cup"", ""category_name"": ""brown cup"", ""instance"": ""A"", ""name"": ""brown cup A"", ""object_id"": ""brown_cup_a"", ""orientation"": ""right_side_up"", ""state"": ""open""}]",4,,,,,,,closed,right_side_up,closed_right_side_up,closed_right_side_up,seen,,semantic_reasoning,state_recognition.closed_right_side_up.3,Move the closed white cup that is right-side-up into the bowl.,1,train,[]
v1,justintiensmith/MT_State_Recognition_200:022,justintiensmith/MT_State_Recognition_200,168e12e735da9ad62716dca89cff660b53082cc3,22,Put a white cup in the bowl.,449,state_recognition,12,home,white_cup_b,white cup B,white cup,[],"[""white_cup_b"", ""white_cup_a"", ""brown_cup_a"", ""glass_spice_container_b""]","[{""category_id"": ""white_cup"", ""category_name"": ""white cup"", ""instance"": ""B"", ""name"": ""white cup B"", ""object_id"": ""white_cup_b"", ""orientation"": ""right_side_up"", ""state"": ""open""}, {""category_id"": ""white_cup"", ""category_name"": ""white cup"", ""instance"": ""A"", ""name"": ""white cup A"", ""object_id"": ""white_cup_a"", ""orientation"": ""right_side_up"", ""state"": ""closed""}, {""category_id"": ""brown_cup"", ""category_name"": ""brown cup"", ""instance"": ""A"", ""name"": ""brown cup A"", ""object_id"": ""brown_cup_a"", ""orientation"": ""right_side_up"", ""state"": ""open""}, {""category_id"": ""glass_spice_container"", ""category_name"": ""glass spice container"", ""instance"": ""B"", ""name"": ""glass spice container B"", ""object_id"": ""glass_spice_container_b"", ""orientation"": ""right_side_up"", ""state"": ""open""}]",4,,,,,,,open,right_side_up,open_right_side_up,open_right_side_up,seen,,semantic_reasoning,state_recognition.open_right_side_up.3,Move the open white cup that is right-side-up into the bowl.,2,train,[]
v1,justintiensmith/MT_State_Recognition_200:023,justintiensmith/MT_State_Recognition_200,168e12e735da9ad62716dca89cff660b53082cc3,23,Put a white cup in the bowl.,581,state_recognition,12,recovery,white_cup_a,white cup A,white cup,[],"[""white_cup_a"", ""white_cup_b"", ""glass_spice_container_b""]","[{""category_id"": ""white_cup"", ""category_name"": ""white cup"", ""instance"": ""A"", ""name"": ""white cup A"", ""object_id"": ""white_cup_a"", ""orientation"": ""right_side_up"", ""state"": ""closed""}, {""category_id"": ""white_cup"", ""category_name"": ""white cup"", ""instance"": ""B"", ""name"": ""white cup B"", ""object_id"": ""white_cup_b"", ""orientation"": ""right_side_up"", ""state"": ""open""}, {""category_id"": ""glass_spice_container"", ""category_name"": ""glass spice container"", ""instance"": ""B"", ""name"": ""glass spice container B"", ""object_id"": ""glass_spice_container_b"", ""orientation"": ""right_side_up"", ""state"": ""closed""}]",3,,,,,,,closed,right_side_up,closed_right_side_up,closed_right_side_up,seen,,semantic_reasoning,state_recognition.closed_right_side_up.2,"Pick up the white cup that is closed and right-side-up, then place it in the bowl.",3,train,[]
v1,justintiensmith/MT_State_Recognition_200:024,justintiensmith/MT_State_Recognition_200,168e12e735da9ad62716dca89cff660b53082cc3,24,Put a white cup in the bowl.,536,state_recognition,12,home,white_cup_a,white cup A,white cup,[],"[""white_cup_a"", ""white_cup_b"", ""yellow_white_striped_cup_a""]","[{""category_id"": ""white_cup"", ""category_name"": ""white cup"", ""instance"": ""A"", ""name"": ""white cup A"", ""object_id"": ""white_cup_a"", ""orientation"": ""right_side_up"", ""state"": ""open""}, {""category_id"": ""white_cup"", ""category_name"": ""white cup"", ""instance"": ""B"", ""name"": ""white cup B"", ""object_id"": ""white_cup_b"", ""orientation"": ""right_side_up"", ""state"": ""closed""}, {""category_id"": ""yellow_white_striped_cup"", ""category_name"": ""yellow-white striped cup"", ""instance"": ""A"", ""name"": ""yellow-white striped cup A"", ""object_id"": ""yellow_white_striped_cup_a"", ""orientation"": ""right_side_up"", ""state"": ""open""}]",3,,,,,,,open,right_side_up,open_right_side_up,open_right_side_up,seen,,semantic_reasoning,state_recognition.open_right_side_up.2,"Pick up the white cup that is open and right-side-up, then place it in the bowl.",4,train,[]
v1,justintiensmith/MT_State_Recognition_200:025,justintiensmith/MT_State_Recognition_200,168e12e735da9ad62716dca89cff660b53082cc3,25,Put a white cup in the bowl.,539,state_recognition,12,home,white_cup_b,white cup B,white cup,[],"[""white_cup_b"", ""brown_cup_b"", ""glass_spice_container_b"", ""yellow_white_striped_cup_a""]","[{""category_id"": ""white_cup"", ""category_name"": ""white cup"", ""instance"": ""B"", ""name"": ""white cup B"", ""object_id"": ""white_cup_b"", ""orientation"": ""upside_down"", ""state"": ""closed""}, {""category_id"": ""brown_cup"", ""category_name"": ""brown cup"", ""instance"": ""B"", ""name"": ""brown cup B"", ""object_id"": ""brown_cup_b"", ""orientation"": ""right_side_up"", ""state"": ""open""}, {""category_id"": ""glass_spice_container"", ""category_name"": ""glass spice container"", ""instance"": ""B"", ""name"": ""glass spice container B"", ""object_id"": ""glass_spice_container_b"", ""orientation"": ""right_side_up"", ""state"": ""closed""}, {""category_id"": ""yellow_white_striped_cup"", ""category_name"": ""yellow-white striped cup"", ""instance"": ""A"", ""name"": ""yellow-white striped cup A"", ""object_id"": ""yellow_white_striped_cup_a"", ""orientation"": ""right_side_up"", ""state"": ""open""}]",4,,,,,,,closed,upside_down,closed_upside_down,upside_down,held_out,withhold closed+upside-down state conjunction,semantic_partial,state_recognition.upside_down.1,Put the upside-down white cup in the bowl.,5,train,[]
v1,justintiensmith/MT_State_Recognition_200:026,justintiensmith/MT_State_Recognition_200,168e12e735da9ad62716dca89cff660b53082cc3,26,Put a white cup in the bowl.,527,state_recognition,12,home,white_cup_a,white cup A,white cup,[],"[""white_cup_a"", ""white_cup_b"", ""yellow_white_striped_cup_a"", ""brown_cup_b""]","[{""category_id"": ""white_cup"", ""category_name"": ""white cup"", ""instance"": ""A"", ""name"": ""white cup A"", ""object_id"": ""white_cup_a"", ""orientation"": ""right_side_up"", ""state"": ""open""}, {""category_id"": ""white_cup"", ""category_name"": ""white cup"", ""instance"": ""B"", ""name"": ""white cup B"", ""object_id"": ""white_cup_b"", ""orientation"": ""upside_down"", ""state"": ""closed""}, {""category_id"": ""yellow_white_striped_cup"", ""category_name"": ""yellow-white striped cup"", ""instance"": ""A"", ""name"": ""yellow-white striped cup A"", ""object_id"": ""yellow_white_striped_cup_a"", ""orientation"": ""right_side_up"", ""state"": ""open""}, {""category_id"": ""brown_cup"", ""category_name"": ""brown cup"", ""instance"": ""B"", ""name"": ""brown cup B"", ""object_id"": ""brown_cup_b"", ""orientation"": ""right_side_up"", ""state"": ""closed""}]",4,,,,,,,open,right_side_up,open_right_side_up,open_right_side_up,seen,,semantic_reasoning,state_recognition.open_right_side_up.3,Move the open white cup that is right-side-up into the bowl.,6,train,[]
v1,justintiensmith/MT_State_Recognition_200:027,justintiensmith/MT_State_Recognition_200,168e12e735da9ad62716dca89cff660b53082cc3,27,Put a white cup in the bowl.,593,state_recognition,12,home,white_cup_b,white cup B,white cup,[],"[""white_cup_b"", ""white_cup_a"", ""brown_cup_b"", ""glass_spice_container_a""]","[{""category_id"": ""white_cup"", ""category_name"": ""white cup"", ""instance"": ""B"", ""name"": ""white cup B"", ""object_id"": ""white_cup_b"", ""orientation"": ""right_side_up"", ""state"": ""closed""}, {""category_id"": ""white_cup"", ""category_name"": ""white cup"", ""instance"": ""A"", ""name"": ""white cup A"", ""object_id"": ""white_cup_a"", ""orientation"": ""upside_down"", ""state"": ""closed""}, {""category_id"": ""brown_cup"", ""category_name"": ""brown cup"", ""instance"": ""B"", ""name"": ""brown cup B"", ""object_id"": ""brown_cup_b"", ""orientation"": ""upside_down"", ""state"": ""closed""}, {""category_id"": ""glass_spice_container"", ""category_name"": ""glass spice container"", ""instance"": ""A"", ""name"": ""glass spice container A"", ""object_id"": ""glass_spice_container_a"", ""orientation"": ""upside_down"", ""state"": ""open""}]",4,,,,,,,closed,right_side_up,closed_right_side_up,closed_right_side_up,seen,,semantic_reasoning,state_recognition.closed_right_side_up.3,Move the closed white cup that is right-side-up into the bowl.,7,train,[]
v1,justintiensmith/MT_State_Recognition_200:028,justintiensmith/MT_State_Recognition_200,168e12e735da9ad62716dca89cff660b53082cc3,28,Put a white cup in the bowl.,472,state_recognition,12,recovery,white_cup_b,white cup B,white cup,[],"[""white_cup_b"", ""white_cup_a"", ""glass_spice_container_a""]","[{""category_id"": ""white_cup"", ""category_name"": ""white cup"", ""instance"": ""B"", ""name"": ""white cup B"", ""object_id"": ""white_cup_b"", ""orientation"": ""upside_down"", ""state"": ""open""}, {""category_id"": ""white_cup"", ""category_name"": ""white cup"", ""instance"": ""A"", ""name"": ""white cup A"", ""object_id"": ""white_cup_a"", ""orientation"": ""right_side_up"", ""state"": ""open""}, {""category_id"": ""glass_spice_container"", ""category_name"": ""glass spice container"", ""instance"": ""A"", ""name"": ""glass spice container A"", ""object_id"": ""glass_spice_container_a"", ""orientation"": ""upside_down"", ""state"": ""closed""}]",3,,,,,,,open,upside_down,open_upside_down,open_upside_down,seen,,semantic_reasoning,state_recognition.open_upside_down.1,"Put the open, upside-down white cup in the bowl.",8,train,[]
v1,justintiensmith/MT_State_Recognition_200:029,justintiensmith/MT_State_Recognition_200,168e12e735da9ad62716dca89cff660b53082cc3,29,Put a white cup in the bowl.,584,state_recognition,12,home,white_cup_a,white cup A,white cup,[],"[""white_cup_a"", ""white_cup_b"", ""yellow_white_striped_cup_b""]","[{""category_id"": ""white_cup"", ""category_name"": ""white cup"", ""instance"": ""A"", ""name"": ""white cup A"", ""object_id"": ""white_cup_a"", ""orientation"": ""upside_down"", ""state"": ""closed""}, {""category_id"": ""white_cup"", ""category_name"": ""white cup"", ""instance"": ""B"", ""name"": ""white cup B"", ""object_id"": ""white_cup_b"", ""orientation"": ""right_side_up"", ""state"": ""open""}, {""category_id"": ""yellow_white_striped_cup"", ""category_name"": ""yellow-white striped cup"", ""instance"": ""B"", ""name"": ""yellow-white striped cup B"", ""object_id"": ""yellow_white_striped_cup_b"", ""orientation"": ""right_side_up"", ""state"": ""open""}]",3,,,,,,,closed,upside_down,closed_upside_down,closed,held_out,withhold closed+upside-down state conjunction,semantic_partial,state_recognition.closed.2,Pick up the white cup that is closed and place it in the bowl.,9,train,[]
v1,justintiensmith/MT_State_Recognition_200:030,justintiensmith/MT_State_Recognition_200,168e12e735da9ad62716dca89cff660b53082cc3,30,Put a white cup in the bowl.,540,state_recognition,12,home,white_cup_a,white cup A,white cup,[],"[""white_cup_a"", ""glass_spice_container_b"", ""yellow_white_striped_cup_a"", ""brown_cup_a""]","[{""category_id"": ""white_cup"", ""category_name"": ""white cup"", ""instance"": ""A"", ""name"": ""white cup A"", ""object_id"": ""white_cup_a"", ""orientation"": ""upside_down"", ""state"": ""open""}, {""category_id"": ""glass_spice_container"", ""category_name"": ""glass spice container"", ""instance"": ""B"", ""name"": ""glass spice container B"", ""object_id"": ""glass_spice_container_b"", ""orientation"": ""right_side_up"", ""state"": ""open""}, {""category_id"": ""yellow_white_striped_cup"", ""category_name"": ""yellow-white striped cup"", ""instance"": ""A"", ""name"": ""yellow-white striped cup A"", ""object_id"": ""yellow_white_striped_cup_a"", ""orientation"": ""right_side_up"", ""state"": ""closed""}, {""category_id"": ""brown_cup"", ""category_name"": ""brown cup"", ""instance"": ""A"", ""name"": ""brown cup A"", ""object_id"": ""brown_cup_a"", ""orientation"": ""right_side_up"", ""state"": ""open""}]",4,,,,,,,open,upside_down,open_upside_down,open_upside_down,seen,,semantic_reasoning,state_recognition.open_upside_down.3,Move the open white cup that is upside-down into the bowl.,0,train,[]
v1,justintiensmith/MT_State_Recognition_200:031,justintiensmith/MT_State_Recognition_200,168e12e735da9ad62716dca89cff660b53082cc3,31,Put a white cup in the bowl.,586,state_recognition,12,home,white_cup_b,white cup B,white cup,[],"[""white_cup_b"", ""white_cup_a"", ""glass_spice_container_b""]","[{""category_id"": ""white_cup"", ""category_name"": ""white cup"", ""instance"": ""B"", ""name"": ""white cup B"", ""object_id"": ""white_cup_b"", ""orientation"": ""right_side_up"", ""state"": ""closed""}, {""category_id"": ""white_cup"", ""category_name"": ""white cup"", ""instance"": ""A"", ""name"": ""white cup A"", ""object_id"": ""white_cup_a"", ""orientation"": ""upside_down"", ""state"": ""closed""}, {""category_id"": ""glass_spice_container"", ""category_name"": ""glass spice container"", ""instance"": ""B"", ""name"": ""glass spice container B"", ""object_id"": ""glass_spice_container_b"", ""orientation"": ""right_side_up"", ""state"": ""closed""}]",3,,,,,,,closed,right_side_up,closed_right_side_up,closed_right_side_up,seen,,semantic_reasoning,state_recognition.closed_right_side_up.3,Move the closed white cup that is right-side-up into the bowl.,1,train,[]
v1,justintiensmith/MT_State_Recognition_200:032,justintiensmith/MT_State_Recognition_200,168e12e735da9ad62716dca89cff660b53082cc3,32,Put a white cup in the bowl.,549,state_recognition,12,home,white_cup_a,white cup A,white cup,[],"[""white_cup_a"", ""white_cup_b"", ""yellow_white_striped_cup_a""]","[{""category_id"": ""white_cup"", ""category_name"": ""white cup"", ""instance"": ""A"", ""name"": ""white cup A"", ""object_id"": ""white_cup_a"", ""orientation"": ""upside_down"", ""state"": ""open""}, {""category_id"": ""white_cup"", ""category_name"": ""white cup"", ""instance"": ""B"", ""name"": ""white cup B"", ""object_id"": ""white_cup_b"", ""orientation"": ""right_side_up"", ""state"": ""open""}, {""category_id"": ""yellow_white_striped_cup"", ""category_name"": ""yellow-white striped cup"", ""instance"": ""A"", ""name"": ""yellow-white striped cup A"", ""object_id"": ""yellow_white_striped_cup_a"", ""orientation"": ""right_side_up"", ""state"": ""closed""}]",3,,,,,,,open,upside_down,open_upside_down,open_upside_down,seen,,semantic_reasoning,state_recognition.open_upside_down.1,"Put the open, upside-down white cup in the bowl.",2,train,[]
v1,justintiensmith/MT_State_Recognition_200:033,justintiensmith/MT_State_Recognition_200,168e12e735da9ad62716dca89cff660b53082cc3,33,Put a white cup in the bowl.,543,state_recognition,12,home,white_cup_a,white cup A,white cup,[],"[""white_cup_a"", ""white_cup_b"", ""brown_cup_b"", ""glass_spice_container_a""]","[{""category_id"": ""white_cup"", ""category_name"": ""white cup"", ""instance"": ""A"", ""name"": ""white cup A"", ""object_id"": ""white_cup_a"", ""orientation"": ""right_side_up"", ""state"": ""closed""}, {""category_id"": ""white_cup"", ""category_name"": ""white cup"", ""instance"": ""B"", ""name"": ""white cup B"", ""object_id"": ""white_cup_b"", ""orientation"": ""upside_down"", ""state"": ""open""}, {""category_id"": ""brown_cup"", ""category_name"": ""brown cup"", ""instance"": ""B"", ""name"": ""brown cup B"", ""object_id"": ""brown_cup_b"", ""orientation"": ""right_side_up"", ""state"": ""open""}, {""category_id"": ""glass_spice_container"", ""category_name"": ""glass spice container"", ""instance"": ""A"", ""name"": ""glass spice container A"", ""object_id"": ""glass_spice_container_a"", ""orientation"": ""upside_down"", ""state"": ""closed""}]",4,,,,,,,closed,right_side_up,closed_right_side_up,closed_right_side_up,seen,,semantic_reasoning,state_recognition.closed_right_side_up.1,"Put the closed, right-side-up white cup in the bowl.",3,train,[]
v1,justintiensmith/MT_State_Recognition_200:034,justintiensmith/MT_State_Recognition_200,168e12e735da9ad62716dca89cff660b53082cc3,34,Put a white cup in the bowl.,520,state_recognition,13,recovery,white_cup_b,white cup B,white cup,[],"[""white_cup_b"", ""white_cup_a"", ""glass_spice_container_a""]","[{""category_id"": ""white_cup"", ""category_name"": ""white cup"", ""instance"": ""B"", ""name"": ""white cup B"", ""object_id"": ""white_cup_b"", ""orientation"": ""upside_down"", ""state"": ""open""}, {""category_id"": ""white_cup"", ""category_name"": ""white cup"", ""instance"": ""A"", ""name"": ""white cup A"", ""object_id"": ""white_cup_a"", ""orientation"": ""right_side_up"", ""state"": ""closed""}, {""category_id"": ""glass_spice_container"", ""category_name"": ""glass spice container"", ""instance"": ""A"", ""name"": ""glass spice container A"", ""object_id"": ""glass_spice_container_a"", ""orientation"": ""upside_down"", ""state"": ""open""}]",3,,,,,,,open,upside_down,open_upside_down,open_upside_down,seen,,semantic_reasoning,state_recognition.open_upside_down.1,"Put the open, upside-down white cup in the bowl.",4,train,[]
v1,justintiensmith/MT_State_Recognition_200:035,justintiensmith/MT_State_Recognition_200,168e12e735da9ad62716dca89cff660b53082cc3,35,Put a white cup in the bowl.,429,state_recognition,13,home,white_cup_a,white cup A,white cup,[],"[""white_cup_a"", ""white_cup_b"", ""yellow_white_striped_cup_b"", ""brown_cup_a""]","[{""category_id"": ""white_cup"", ""category_name"": ""white cup"", ""instance"": ""A"", ""name"": ""white cup A"", ""object_id"": ""white_cup_a"", ""orientation"": ""upside_down"", ""state"": ""closed""}, {""category_id"": ""white_cup"", ""category_name"": ""white cup"", ""instance"": ""B"", ""name"": ""white cup B"", ""object_id"": ""white_cup_b"", ""orientation"": ""right_side_up"", ""state"": ""closed""}, {""category_id"": ""yellow_white_striped_cup"", ""category_name"": ""yellow-white striped cup"", ""instance"": ""B"", ""name"": ""yellow-white striped cup B"", ""object_id"": ""yellow_white_striped_cup_b"", ""orientation"": ""upside_down"", ""state"": ""closed""}, {""category_id"": ""brown_cup"", ""category_name"": ""brown cup"", ""instance"": ""A"", ""name"": ""brown cup A"", ""object_id"": ""brown_cup_a"", ""orientation"": ""right_side_up"", ""state"": ""open""}]",4,,,,,,,closed,upside_down,closed_upside_down,upside_down,held_out,withhold closed+upside-down state conjunction,semantic_partial,state_recognition.upside_down.2,Pick up the white cup that is upside-down and place it in the bowl.,5,train,[]
v1,justintiensmith/MT_State_Recognition_200:036,justintiensmith/MT_State_Recognition_200,168e12e735da9ad62716dca89cff660b53082cc3,36,Put a white cup in the bowl.,371,state_recognition,13,home,white_cup_b,white cup B,white cup,[],"[""white_cup_b"", ""yellow_white_striped_cup_a"", ""brown_cup_a""]","[{""category_id"": ""white_cup"", ""category_name"": ""white cup"", ""instance"": ""B"", ""name"": ""white cup B"", ""object_id"": ""white_cup_b"", ""orientation"": ""right_side_up"", ""state"": ""open""}, {""category_id"": ""yellow_white_striped_cup"", ""category_name"": ""yellow-white striped cup"", ""instance"": ""A"", ""name"": ""yellow-white striped cup A"", ""object_id"": ""yellow_white_striped_cup_a"", ""orientation"": ""upside_down"", ""state"": ""closed""}, {""category_id"": ""brown_cup"", ""category_name"": ""brown cup"", ""instance"": ""A"", ""name"": ""brown cup A"", ""object_id"": ""brown_cup_a"", ""orientation"": ""upside_down"", ""state"": ""open""}]",3,,,,,,,open,right_side_up,open_right_side_up,open_right_side_up,seen,,semantic_reasoning,state_recognition.open_right_side_up.2,"Pick up the white cup that is open and right-side-up, then place it in the bowl.",6,train,[]
v1,justintiensmith/MT_State_Recognition_200:037,justintiensmith/MT_State_Recognition_200,168e12e735da9ad62716dca89cff660b53082cc3,37,Put a white cup in the bowl.,406,state_recognition,13,recovery,white_cup_a,white cup A,white cup,[],"[""white_cup_a"", ""brown_cup_a"", ""glass_spice_container_a"", ""yellow_white_striped_cup_b""]","[{""category_id"": ""white_cup"", ""category_name"": ""white cup"", ""instance"": ""A"", ""name"": ""white cup A"", ""object_id"": ""white_cup_a"", ""orientation"": ""right_side_up"", ""state"": ""closed""}, {""category_id"": ""brown_cup"", ""category_name"": ""brown cup"", ""instance"": ""A"", ""name"": ""brown cup A"", ""object_id"": ""brown_cup_a"", ""orientation"": ""upside_down"", ""state"": ""closed""}, {""category_id"": ""glass_spice_container"", ""category_name"": ""glass spice container"", ""instance"": ""A"", ""name"": ""glass spice container A"", ""object_id"": ""glass_spice_container_a"", ""orientation"": ""upside_down"", ""state"": ""open""}, {""category_id"": ""yellow_white_striped_cup"", ""category_name"": ""yellow-white striped cup"", ""instance"": ""B"", ""name"": ""yellow-white striped cup B"", ""object_id"": ""yellow_white_striped_cup_b"", ""orientation"": ""upside_down"", ""state"": ""closed""}]",4,,,,,,,closed,right_side_up,closed_right_side_up,closed_right_side_up,seen,,semantic_reasoning,state_recognition.closed_right_side_up.3,Move the closed white cup that is right-side-up into the bowl.,7,train,[]
v1,justintiensmith/MT_State_Recognition_200:038,justintiensmith/MT_State_Recognition_200,168e12e735da9ad62716dca89cff660b53082cc3,38,Put a white cup in the bowl.,403,state_recognition,13,home,white_cup_b,white cup B,white cup,[],"[""white_cup_b"", ""white_cup_a"", ""yellow_white_striped_cup_a""]","[{""category_id"": ""white_cup"", ""category_name"": ""white cup"", ""instance"": ""B"", ""name"": ""white cup B"", ""object_id"": ""white_cup_b"", ""orientation"": ""upside_down"", ""state"": ""open""}, {""category_id"": ""white_cup"", ""category_name"": ""white cup"", ""instance"": ""A"", ""name"": ""white cup A"", ""object_id"": ""white_cup_a"", ""orientation"": ""right_side_up"", ""state"": ""closed""}, {""category_id"": ""yellow_white_striped_cup"", ""category_name"": ""yellow-white striped cup"", ""instance"": ""A"", ""name"": ""yellow-white striped cup A"", ""object_id"": ""yellow_white_striped_cup_a"", ""orientation"": ""upside_down"", ""state"": ""open""}]",3,,,,,,,open,upside_down,open_upside_down,open_upside_down,seen,,semantic_reasoning,state_recognition.open_upside_down.3,Move the open white cup that is upside-down into the bowl.,8,train,[]
v1,justintiensmith/MT_State_Recognition_200:039,justintiensmith/MT_State_Recognition_200,168e12e735da9ad62716dca89cff660b53082cc3,39,Put a white cup in the bowl.,530,state_recognition,13,home,white_cup_a,white cup A,white cup,[],"[""white_cup_a"", ""white_cup_b"", ""brown_cup_b"", ""glass_spice_container_a""]","[{""category_id"": ""white_cup"", ""category_name"": ""white cup"", ""instance"": ""A"", ""name"": ""white cup A"", ""object_id"": ""white_cup_a"", ""orientation"": ""upside_down"", ""state"": ""closed""}, {""category_id"": ""white_cup"", ""category_name"": ""white cup"", ""instance"": ""B"", ""name"": ""white cup B"", ""object_id"": ""white_cup_b"", ""orientation"": ""right_side_up"", ""state"": ""closed""}, {""category_id"": ""brown_cup"", ""category_name"": ""brown cup"", ""instance"": ""B"", ""name"": ""brown cup B"", ""object_id"": ""brown_cup_b"", ""orientation"": ""upside_down"", ""state"": ""closed""}, {""category_id"": ""glass_spice_container"", ""category_name"": ""glass spice container"", ""instance"": ""A"", ""name"": ""glass spice container A"", ""object_id"": ""glass_spice_container_a"", ""orientation"": ""right_side_up"", ""state"": ""open""}]",4,,,,,,,closed,upside_down,closed_upside_down,upside_down,held_out,withhold closed+upside-down state conjunction,semantic_partial,state_recognition.upside_down.3,Move the inverted white cup into the bowl.,9,train,[]
v1,justintiensmith/MT_State_Recognition_200:040,justintiensmith/MT_State_Recognition_200,168e12e735da9ad62716dca89cff660b53082cc3,40,Put a white cup in the bowl.,435,state_recognition,13,recovery,white_cup_a,white cup A,white cup,[],"[""white_cup_a"", ""white_cup_b"", ""glass_spice_container_a"", ""yellow_white_striped_cup_b""]","[{""category_id"": ""white_cup"", ""category_name"": ""white cup"", ""instance"": ""A"", ""name"": ""white cup A"", ""object_id"": ""white_cup_a"", ""orientation"": ""right_side_up"", ""state"": ""open""}, {""category_id"": ""white_cup"", ""category_name"": ""white cup"", ""instance"": ""B"", ""name"": ""white cup B"", ""object_id"": ""white_cup_b"", ""orientation"": ""upside_down"", ""state"": ""open""}, {""category_id"": ""glass_spice_container"", ""category_name"": ""glass spice container"", ""instance"": ""A"", ""name"": ""glass spice container A"", ""object_id"": ""glass_spice_container_a"", ""orientation"": ""upside_down"", ""state"": ""closed""}, {""category_id"": ""yellow_white_striped_cup"", ""category_name"": ""yellow-white striped cup"", ""instance"": ""B"", ""name"": ""yellow-white striped cup B"", ""object_id"": ""yellow_white_striped_cup_b"", ""orientation"": ""upside_down"", ""state"": ""open""}]",4,,,,,,,open,right_side_up,open_right_side_up,open_right_side_up,seen,,semantic_reasoning,state_recognition.open_right_side_up.2,"Pick up the white cup that is open and right-side-up, then place it in the bowl.",0,train,[]
v1,justintiensmith/MT_State_Recognition_200:041,justintiensmith/MT_State_Recognition_200,168e12e735da9ad62716dca89cff660b53082cc3,41,Put a white cup in the bowl.,577,state_recognition,13,home,white_cup_b,white cup B,white cup,[],"[""white_cup_b"", ""white_cup_a"", ""yellow_white_striped_cup_b""]","[{""category_id"": ""white_cup"", ""category_name"": ""white cup"", ""instance"": ""B"", ""name"": ""white cup B"", ""object_id"": ""white_cup_b"", ""orientation"": ""right_side_up"", ""state"": ""closed""}, {""category_id"": ""white_cup"", ""category_name"": ""white cup"", ""instance"": ""A"", ""name"": ""white cup A"", ""object_id"": ""white_cup_a"", ""orientation"": ""upside_down"", ""state"": ""open""}, {""category_id"": ""yellow_white_striped_cup"", ""category_name"": ""yellow-white striped cup"", ""instance"": ""B"", ""name"": ""yellow-white striped cup B"", ""object_id"": ""yellow_white_striped_cup_b"", ""orientation"": ""upside_down"", ""state"": ""open""}]",3,,,,,,,closed,right_side_up,closed_right_side_up,closed_right_side_up,seen,,semantic_reasoning,state_recognition.closed_right_side_up.2,"Pick up the white cup that is closed and right-side-up, then place it in the bowl.",1,train,[]
v1,justintiensmith/MT_State_Recognition_200:042,justintiensmith/MT_State_Recognition_200,168e12e735da9ad62716dca89cff660b53082cc3,42,Put a white cup in the bowl.,467,state_recognition,13,home,white_cup_b,white cup B,white cup,[],"[""white_cup_b"", ""glass_spice_container_a"", ""yellow_white_striped_cup_b""]","[{""category_id"": ""white_cup"", ""category_name"": ""white cup"", ""instance"": ""B"", ""name"": ""white cup B"", ""object_id"": ""white_cup_b"", ""orientation"": ""upside_down"", ""state"": ""open""}, {""category_id"": ""glass_spice_container"", ""category_name"": ""glass spice container"", ""instance"": ""A"", ""name"": ""glass spice container A"", ""object_id"": ""glass_spice_container_a"", ""orientation"": ""right_side_up"", ""state"": ""closed""}, {""category_id"": ""yellow_white_striped_cup"", ""category_name"": ""yellow-white striped cup"", ""instance"": ""B"", ""name"": ""yellow-white striped cup B"", ""object_id"": ""yellow_white_striped_cup_b"", ""orientation"": ""right_side_up"", ""state"": ""open""}]",3,,,,,,,open,upside_down,open_upside_down,open_upside_down,seen,,semantic_reasoning,state_recognition.open_upside_down.2,"Pick up the white cup that is open and upside-down, then place it in the bowl.",2,train,[]
v1,justintiensmith/MT_State_Recognition_200:043,justintiensmith/MT_State_Recognition_200,168e12e735da9ad62716dca89cff660b53082cc3,43,Put a white cup in the bowl.,534,state_recognition,13,home,white_cup_a,white cup A,white cup,[],"[""white_cup_a"", ""white_cup_b"", ""glass_spice_container_b""]","[{""category_id"": ""white_cup"", ""category_name"": ""white cup"", ""instance"": ""A"", ""name"": ""white cup A"", ""object_id"": ""white_cup_a"", ""orientation"": ""upside_down"", ""state"": ""closed""}, {""category_id"": ""white_cup"", ""category_name"": ""white cup"", ""instance"": ""B"", ""name"": ""white cup B"", ""object_id"": ""white_cup_b"", ""orientation"": ""right_side_up"", ""state"": ""closed""}, {""category_id"": ""glass_spice_container"", ""category_name"": ""glass spice container"", ""instance"": ""B"", ""name"": ""glass spice container B"", ""object_id"": ""glass_spice_container_b"", ""orientation"": ""upside_down"", ""state"": ""closed""}]",3,,,,,,,closed,upside_down,closed_upside_down,upside_down,held_out,withhold closed+upside-down state conjunction,semantic_partial,state_recognition.upside_down.2,Pick up the white cup that is upside-down and place it in the bowl.,3,train,[]
v1,justintiensmith/MT_State_Recognition_200:044,justintiensmith/MT_State_Recognition_200,168e12e735da9ad62716dca89cff660b53082cc3,44,Put a white cup in the bowl.,447,state_recognition,13,home,white_cup_b,white cup B,white cup,[],"[""white_cup_b"", ""white_cup_a"", ""yellow_white_striped_cup_a"", ""brown_cup_b""]","[{""category_id"": ""white_cup"", ""category_name"": ""white cup"", ""instance"": ""B"", ""name"": ""white cup B"", ""object_id"": ""white_cup_b"", ""orientation"": ""right_side_up"", ""state"": ""open""}, {""category_id"": ""white_cup"", ""category_name"": ""white cup"", ""instance"": ""A"", ""name"": ""white cup A"", ""object_id"": ""white_cup_a"", ""orientation"": ""upside_down"", ""state"": ""open""}, {""category_id"": ""yellow_white_striped_cup"", ""category_name"": ""yellow-white striped cup"", ""instance"": ""A"", ""name"": ""yellow-white striped cup A"", ""object_id"": ""yellow_white_striped_cup_a"", ""orientation"": ""right_side_up"", ""state"": ""closed""}, {""category_id"": ""brown_cup"", ""category_name"": ""brown cup"", ""instance"": ""B"", ""name"": ""brown cup B"", ""object_id"": ""brown_cup_b"", ""orientation"": ""right_side_up"", ""state"": ""open""}]",4,,,,,,,open,right_side_up,open_right_side_up,open_right_side_up,seen,,semantic_reasoning,state_recognition.open_right_side_up.1,"Put the open, right-side-up white cup in the bowl.",4,train,[]
v1,justintiensmith/MT_State_Recognition_200:045,justintiensmith/MT_State_Recognition_200,168e12e735da9ad62716dca89cff660b53082cc3,45,Put a white cup in the bowl.,453,state_recognition,13,recovery,white_cup_a,white cup A,white cup,[],"[""white_cup_a"", ""yellow_white_striped_cup_b"", ""brown_cup_b""]","[{""category_id"": ""white_cup"", ""category_name"": ""white cup"", ""instance"": ""A"", ""name"": ""white cup A"", ""object_id"": ""white_cup_a"", ""orientation"": ""right_side_up"", ""state"": ""closed""}, {""category_id"": ""yellow_white_striped_cup"", ""category_name"": ""yellow-white striped cup"", ""instance"": ""B"", ""name"": ""yellow-white striped cup B"", ""object_id"": ""yellow_white_striped_cup_b"", ""orientation"": ""upside_down"", ""state"": ""closed""}, {""category_id"": ""brown_cup"", ""category_name"": ""brown cup"", ""instance"": ""B"", ""name"": ""brown cup B"", ""object_id"": ""brown_cup_b"", ""orientation"": ""upside_down"", ""state"": ""open""}]",3,,,,,,,closed,right_side_up,closed_right_side_up,closed_right_side_up,seen,,semantic_reasoning,state_recognition.closed_right_side_up.2,"Pick up the white cup that is closed and right-side-up, then place it in the bowl.",5,train,[]
v1,justintiensmith/MT_State_Recognition_200:046,justintiensmith/MT_State_Recognition_200,168e12e735da9ad62716dca89cff660b53082cc3,46,Put a white cup in the bowl.,490,state_recognition,13,home,white_cup_b,white cup B,white cup,[],"[""white_cup_b"", ""white_cup_a"", ""glass_spice_container_a""]","[{""category_id"": ""white_cup"", ""category_name"": ""white cup"", ""instance"": ""B"", ""name"": ""white cup B"", ""object_id"": ""white_cup_b"", ""orientation"": ""upside_down"", ""state"": ""open""}, {""category_id"": ""white_cup"", ""category_name"": ""white cup"", ""instance"": ""A"", ""name"": ""white cup A"", ""object_id"": ""white_cup_a"", ""orientation"": ""right_side_up"", ""state"": ""closed""}, {""category_id"": ""glass_spice_container"", ""category_name"": ""glass spice container"", ""instance"": ""A"", ""name"": ""glass spice container A"", ""object_id"": ""glass_spice_container_a"", ""orientation"": ""right_side_up"", ""state"": ""open""}]",3,,,,,,,open,upside_down,open_upside_down,open_upside_down,seen,,semantic_reasoning,state_recognition.open_upside_down.1,"Put the open, upside-down white cup in the bowl.",6,train,[]
v1,justintiensmith/MT_State_Recognition_200:047,justintiensmith/MT_State_Recognition_200,168e12e735da9ad62716dca89cff660b53082cc3,47,Put a white cup in the bowl.,400,state_recognition,13,home,white_cup_a,white cup A,white cup,[],"[""white_cup_a"", ""white_cup_b"", ""yellow_white_striped_cup_b"", ""brown_cup_a""]","[{""category_id"": ""white_cup"", ""category_name"": ""white cup"", ""instance"": ""A"", ""name"": ""white cup A"", ""object_id"": ""white_cup_a"", ""orientation"": ""right_side_up"", ""state"": ""closed""}, {""category_id"": ""white_cup"", ""category_name"": ""white cup"", ""instance"": ""B"", ""name"": ""white cup B"", ""object_id"": ""white_cup_b"", ""orientation"": ""upside_down"", ""state"": ""closed""}, {""category_id"": ""yellow_white_striped_cup"", ""category_name"": ""yellow-white striped cup"", ""instance"": ""B"", ""name"": ""yellow-white striped cup B"", ""object_id"": ""yellow_white_striped_cup_b"", ""orientation"": ""right_side_up"", ""state"": ""closed""}, {""category_id"": ""brown_cup"", ""category_name"": ""brown cup"", ""instance"": ""A"", ""name"": ""brown cup A"", ""object_id"": ""brown_cup_a"", ""orientation"": ""upside_down"", ""state"": ""open""}]",4,,,,,,,closed,right_side_up,closed_right_side_up,closed_right_side_up,seen,,semantic_reasoning,state_recognition.closed_right_side_up.1,"Put the closed, right-side-up white cup in the bowl.",7,train,[]
v1,justintiensmith/MT_State_Recognition_200:048,justintiensmith/MT_State_Recognition_200,168e12e735da9ad62716dca89cff660b53082cc3,48,Put a white cup in the bowl.,483,state_recognition,13,home,white_cup_b,white cup B,white cup,[],"[""white_cup_b"", ""white_cup_a"", ""brown_cup_a"", ""glass_spice_container_b""]","[{""category_id"": ""white_cup"", ""category_name"": ""white cup"", ""instance"": ""B"", ""name"": ""white cup B"", ""object_id"": ""white_cup_b"", ""orientation"": ""right_side_up"", ""state"": ""open""}, {""category_id"": ""white_cup"", ""category_name"": ""white cup"", ""instance"": ""A"", ""name"": ""white cup A"", ""object_id"": ""white_cup_a"", ""orientation"": ""upside_down"", ""state"": ""open""}, {""category_id"": ""brown_cup"", ""category_name"": ""brown cup"", ""instance"": ""A"", ""name"": ""brown cup A"", ""object_id"": ""brown_cup_a"", ""orientation"": ""upside_down"", ""state"": ""closed""}, {""category_id"": ""glass_spice_container"", ""category_name"": ""glass spice container"", ""instance"": ""B"", ""name"": ""glass spice container B"", ""object_id"": ""glass_spice_container_b"", ""orientation"": ""upside_down"", ""state"": ""open""}]",4,,,,,,,open,right_side_up,open_right_side_up,open_right_side_up,seen,,semantic_reasoning,state_recognition.open_right_side_up.3,Move the open white cup that is right-side-up into the bowl.,8,train,[]
v1,justintiensmith/MT_State_Recognition_200:049,justintiensmith/MT_State_Recognition_200,168e12e735da9ad62716dca89cff660b53082cc3,49,Put a white cup in the bowl.,589,state_recognition,13,home,white_cup_b,white cup B,white cup,[],"[""white_cup_b"", ""white_cup_a"", ""glass_spice_container_b""]","[{""category_id"": ""white_cup"", ""category_name"": ""white cup"", ""instance"": ""B"", ""name"": ""white cup B"", ""object_id"": ""white_cup_b"", ""orientation"": ""right_side_up"", ""state"": ""closed""}, {""category_id"": ""white_cup"", ""category_name"": ""white cup"", ""instance"": ""A"", ""name"": ""white cup A"", ""object_id"": ""white_cup_a"", ""orientation"": ""upside_down"", ""state"": ""open""}, {""category_id"": ""glass_spice_container"", ""category_name"": ""glass spice container"", ""instance"": ""B"", ""name"": ""glass spice container B"", ""object_id"": ""glass_spice_container_b"", ""orientation"": ""right_side_up"", ""state"": ""open""}]",3,,,,,,,closed,right_side_up,closed_right_side_up,closed_right_side_up,seen,,semantic_reasoning,state_recognition.closed_right_side_up.1,"Put the closed, right-side-up white cup in the bowl.",9,train,[]
v1,justintiensmith/MT_State_Recognition_200:050,justintiensmith/MT_State_Recognition_200,168e12e735da9ad62716dca89cff660b53082cc3,50,Put a yellow-white striped cup in the bowl.,482,state_recognition,14,home,yellow_white_striped_cup_b,yellow-white striped cup B,yellow-white striped cup,[],"[""yellow_white_striped_cup_b"", ""yellow_white_striped_cup_a"", ""glass_spice_container_b"", ""white_cup_a""]","[{""category_id"": ""yellow_white_striped_cup"", ""category_name"": ""yellow-white striped cup"", ""instance"": ""B"", ""name"": ""yellow-white striped cup B"", ""object_id"": ""yellow_white_striped_cup_b"", ""orientation"": ""right_side_up"", ""state"": ""open""}, {""category_id"": ""yellow_white_striped_cup"", ""category_name"": ""yellow-white striped cup"", ""instance"": ""A"", ""name"": ""yellow-white striped cup A"", ""object_id"": ""yellow_white_striped_cup_a"", ""orientation"": ""right_side_up"", ""state"": ""closed""}, {""category_id"": ""glass_spice_container"", ""category_name"": ""glass spice container"", ""instance"": ""B"", ""name"": ""glass spice container B"", ""object_id"": ""glass_spice_container_b"", ""orientation"": ""right_side_up"", ""state"": ""open""}, {""category_id"": ""white_cup"", ""category_name"": ""white cup"", ""instance"": ""A"", ""name"": ""white cup A"", ""object_id"": ""white_cup_a"", ""orientation"": ""right_side_up"", ""state"": ""open""}]",4,,,,,,,open,right_side_up,open_right_side_up,open_right_side_up,seen,,semantic_reasoning,state_recognition.open_right_side_up.1,"Put the open, right-side-up yellow-white striped cup in the bowl.",0,train,[]
v1,justintiensmith/MT_State_Recognition_200:051,justintiensmith/MT_State_Recognition_200,168e12e735da9ad62716dca89cff660b53082cc3,51,Put a yellow-white striped cup in the bowl.,527,state_recognition,14,home,yellow_white_striped_cup_b,yellow-white striped cup B,yellow-white striped cup,[],"[""yellow_white_striped_cup_b"", ""yellow_white_striped_cup_a"", ""white_cup_a""]","[{""category_id"": ""yellow_white_striped_cup"", ""category_name"": ""yellow-white striped cup"", ""instance"": ""B"", ""name"": ""yellow-white striped cup B"", ""object_id"": ""yellow_white_striped_cup_b"", ""orientation"": ""right_side_up"", ""state"": ""closed""}, {""category_id"": ""yellow_white_striped_cup"", ""category_name"": ""yellow-white striped cup"", ""instance"": ""A"", ""name"": ""yellow-white striped cup A"", ""object_id"": ""yellow_white_striped_cup_a"", ""orientation"": ""right_side_up"", ""state"": ""open""}, {""category_id"": ""white_cup"", ""category_name"": ""white cup"", ""instance"": ""A"", ""name"": ""white cup A"", ""object_id"": ""white_cup_a"", ""orientation"": ""right_side_up"", ""state"": ""closed""}]",3,,,,,,,closed,right_side_up,closed_right_side_up,closed_right_side_up,seen,,semantic_reasoning,state_recognition.closed_right_side_up.1,"Put the closed, right-side-up yellow-white striped cup in the bowl.",1,train,[]
v1,justintiensmith/MT_State_Recognition_200:052,justintiensmith/MT_State_Recognition_200,168e12e735da9ad62716dca89cff660b53082cc3,52,Put a yellow-white striped cup in the bowl.,519,state_recognition,14,home,yellow_white_striped_cup_a,yellow-white striped cup A,yellow-white striped cup,[],"[""yellow_white_striped_cup_a"", ""white_cup_a"", ""brown_cup_b""]","[{""category_id"": ""yellow_white_striped_cup"", ""category_name"": ""yellow-white striped cup"", ""instance"": ""A"", ""name"": ""yellow-white striped cup A"", ""object_id"": ""yellow_white_striped_cup_a"", ""orientation"": ""right_side_up"", ""state"": ""open""}, {""category_id"": ""white_cup"", ""category_name"": ""white cup"", ""instance"": ""A"", ""name"": ""white cup A"", ""object_id"": ""white_cup_a"", ""orientation"": ""right_side_up"", ""state"": ""closed""}, {""category_id"": ""brown_cup"", ""category_name"": ""brown cup"", ""instance"": ""B"", ""name"": ""brown cup B"", ""object_id"": ""brown_cup_b"", ""orientation"": ""right_side_up"", ""state"": ""closed""}]",3,,,,,,,open,right_side_up,open_right_side_up,open_right_side_up,seen,,semantic_reasoning,state_recognition.open_right_side_up.1,"Put the open, right-side-up yellow-white striped cup in the bowl.",2,train,[]
v1,justintiensmith/MT_State_Recognition_200:053,justintiensmith/MT_State_Recognition_200,168e12e735da9ad62716dca89cff660b53082cc3,53,Put a yellow-white striped cup in the bowl.,410,state_recognition,14,recovery,yellow_white_striped_cup_b,yellow-white striped cup B,yellow-white striped cup,[],"[""yellow_white_striped_cup_b"", ""yellow_white_striped_cup_a"", ""glass_spice_container_a"", ""white_cup_b""]","[{""category_id"": ""yellow_white_striped_cup"", ""category_name"": ""yellow-white striped cup"", ""instance"": ""B"", ""name"": ""yellow-white striped cup B"", ""object_id"": ""yellow_white_striped_cup_b"", ""orientation"": ""right_side_up"", ""state"": ""open""}, {""category_id"": ""yellow_white_striped_cup"", ""category_name"": ""yellow-white striped cup"", ""instance"": ""A"", ""name"": ""yellow-white striped cup A"", ""object_id"": ""yellow_white_striped_cup_a"", ""orientation"": ""right_side_up"", ""state"": ""closed""}, {""category_id"": ""glass_spice_container"", ""category_name"": ""glass spice container"", ""instance"": ""A"", ""name"": ""glass spice container A"", ""object_id"": ""glass_spice_container_a"", ""orientation"": ""right_side_up"", ""state"": ""closed""}, {""category_id"": ""white_cup"", ""category_name"": ""white cup"", ""instance"": ""B"", ""name"": ""white cup B"", ""object_id"": ""white_cup_b"", ""orientation"": ""right_side_up"", ""state"": ""closed""}]",4,,,,,,,open,right_side_up,open_right_side_up,open_right_side_up,seen,,semantic_reasoning,state_recognition.open_right_side_up.3,Move the open yellow-white striped cup that is right-side-up into the bowl.,3,train,[]
v1,justintiensmith/MT_State_Recognition_200:054,justintiensmith/MT_State_Recognition_200,168e12e735da9ad62716dca89cff660b53082cc3,54,Put a yellow-white striped cup in the bowl.,530,state_recognition,14,home,yellow_white_striped_cup_b,yellow-white striped cup B,yellow-white striped cup,[],"[""yellow_white_striped_cup_b"", ""yellow_white_striped_cup_a"", ""white_cup_b""]","[{""category_id"": ""yellow_white_striped_cup"", ""category_name"": ""yellow-white striped cup"", ""instance"": ""B"", ""name"": ""yellow-white striped cup B"", ""object_id"": ""yellow_white_striped_cup_b"", ""orientation"": ""right_side_up"", ""state"": ""open""}, {""category_id"": ""yellow_white_striped_cup"", ""category_name"": ""yellow-white striped cup"", ""instance"": ""A"", ""name"": ""yellow-white striped cup A"", ""object_id"": ""yellow_white_striped_cup_a"", ""orientation"": ""right_side_up"", ""state"": ""closed""}, {""category_id"": ""white_cup"", ""category_name"": ""white cup"", ""instance"": ""B"", ""name"": ""white cup B"", ""object_id"": ""white_cup_b"", ""orientation"": ""right_side_up"", ""state"": ""open""}]",3,,,,,,,open,right_side_up,open_right_side_up,open_right_side_up,seen,,semantic_reasoning,state_recognition.open_right_side_up.3,Move the open yellow-white striped cup that is right-side-up into the bowl.,4,train,[]
v1,justintiensmith/MT_State_Recognition_200:055,justintiensmith/MT_State_Recognition_200,168e12e735da9ad62716dca89cff660b53082cc3,55,Put a yellow-white striped cup in the bowl.,505,state_recognition,14,home,yellow_white_striped_cup_a,yellow-white striped cup A,yellow-white striped cup,[],"[""yellow_white_striped_cup_a"", ""yellow_white_striped_cup_b"", ""brown_cup_a""]","[{""category_id"": ""yellow_white_striped_cup"", ""category_name"": ""yellow-white striped cup"", ""instance"": ""A"", ""name"": ""yellow-white striped cup A"", ""object_id"": ""yellow_white_striped_cup_a"", ""orientation"": ""right_side_up"", ""state"": ""closed""}, {""category_id"": ""yellow_white_striped_cup"", ""category_name"": ""yellow-white striped cup"", ""instance"": ""B"", ""name"": ""yellow-white striped cup B"", ""object_id"": ""yellow_white_striped_cup_b"", ""orientation"": ""right_side_up"", ""state"": ""open""}, {""category_id"": ""brown_cup"", ""category_name"": ""brown cup"", ""instance"": ""A"", ""name"": ""brown cup A"", ""object_id"": ""brown_cup_a"", ""orientation"": ""right_side_up"", ""state"": ""closed""}]",3,,,,,,,closed,right_side_up,closed_right_side_up,closed_right_side_up,seen,,semantic_reasoning,state_recognition.closed_right_side_up.1,"Put the closed, right-side-up yellow-white striped cup in the bowl.",5,train,[]
v1,justintiensmith/MT_State_Recognition_200:056,justintiensmith/MT_State_Recognition_200,168e12e735da9ad62716dca89cff660b53082cc3,56,Put a yellow-white striped cup in the bowl.,433,state_recognition,14,recovery,yellow_white_striped_cup_b,yellow-white striped cup B,yellow-white striped cup,[],"[""yellow_white_striped_cup_b"", ""yellow_white_striped_cup_a"", ""glass_spice_container_b""]","[{""category_id"": ""yellow_white_striped_cup"", ""category_name"": ""yellow-white striped cup"", ""instance"": ""B"", ""name"": ""yellow-white striped cup B"", ""object_id"": ""yellow_white_striped_cup_b"", ""orientation"": ""right_side_up"", ""state"": ""closed""}, {""category_id"": ""yellow_white_striped_cup"", ""category_name"": ""yellow-white striped cup"", ""instance"": ""A"", ""name"": ""yellow-white striped cup A"", ""object_id"": ""yellow_white_striped_cup_a"", ""orientation"": ""right_side_up"", ""state"": ""open""}, {""category_id"": ""glass_spice_container"", ""category_name"": ""glass spice container"", ""instance"": ""B"", ""name"": ""glass spice container B"", ""object_id"": ""glass_spice_container_b"", ""orientation"": ""right_side_up"", ""state"": ""closed""}]",3,,,,,,,closed,right_side_up,closed_right_side_up,closed_right_side_up,seen,,semantic_reasoning,state_recognition.closed_right_side_up.3,Move the closed yellow-white striped cup that is right-side-up into the bowl.,6,train,[]
v1,justintiensmith/MT_State_Recognition_200:057,justintiensmith/MT_State_Recognition_200,168e12e735da9ad62716dca89cff660b53082cc3,57,Put a yellow-white striped cup in the bowl.,477,state_recognition,14,home,yellow_white_striped_cup_a,yellow-white striped cup A,yellow-white striped cup,[],"[""yellow_white_striped_cup_a"", ""brown_cup_b"", ""glass_spice_container_b""]","[{""category_id"": ""yellow_white_striped_cup"", ""category_name"": ""yellow-white striped cup"", ""instance"": ""A"", ""name"": ""yellow-white striped cup A"", ""object_id"": ""yellow_white_striped_cup_a"", ""orientation"": ""right_side_up"", ""state"": ""open""}, {""category_id"": ""brown_cup"", ""category_name"": ""brown cup"", ""instance"": ""B"", ""name"": ""brown cup B"", ""object_id"": ""brown_cup_b"", ""orientation"": ""right_side_up"", ""state"": ""closed""}, {""category_id"": ""glass_spice_container"", ""category_name"": ""glass spice container"", ""instance"": ""B"", ""name"": ""glass spice container B"", ""object_id"": ""glass_spice_container_b"", ""orientation"": ""right_side_up"", ""state"": ""closed""}]",3,,,,,,,open,right_side_up,open_right_side_up,open_right_side_up,seen,,semantic_reasoning,state_recognition.open_right_side_up.3,Move the open yellow-white striped cup that is right-side-up into the bowl.,7,train,[]
v1,justintiensmith/MT_State_Recognition_200:058,justintiensmith/MT_State_Recognition_200,168e12e735da9ad62716dca89cff660b53082cc3,58,Put a yellow-white striped cup in the bowl.,568,state_recognition,14,home,yellow_white_striped_cup_b,yellow-white striped cup B,yellow-white striped cup,[],"[""yellow_white_striped_cup_b"", ""glass_spice_container_b"", ""white_cup_b"", ""brown_cup_a""]","[{""category_id"": ""yellow_white_striped_cup"", ""category_name"": ""yellow-white striped cup"", ""instance"": ""B"", ""name"": ""yellow-white striped cup B"", ""object_id"": ""yellow_white_striped_cup_b"", ""orientation"": ""right_side_up"", ""state"": ""closed""}, {""category_id"": ""glass_spice_container"", ""category_name"": ""glass spice container"", ""instance"": ""B"", ""name"": ""glass spice container B"", ""object_id"": ""glass_spice_container_b"", ""orientation"": ""right_side_up"", ""state"": ""open""}, {""category_id"": ""white_cup"", ""category_name"": ""white cup"", ""instance"": ""B"", ""name"": ""white cup B"", ""object_id"": ""white_cup_b"", ""orientation"": ""right_side_up"", ""state"": ""open""}, {""category_id"": ""brown_cup"", ""category_name"": ""brown cup"", ""instance"": ""A"", ""name"": ""brown cup A"", ""object_id"": ""brown_cup_a"", ""orientation"": ""right_side_up"", ""state"": ""open""}]",4,,,,,,,closed,right_side_up,closed_right_side_up,closed_right_side_up,seen,,semantic_reasoning,state_recognition.closed_right_side_up.1,"Put the closed, right-side-up yellow-white striped cup in the bowl.",8,train,[]
v1,justintiensmith/MT_State_Recognition_200:059,justintiensmith/MT_State_Recognition_200,168e12e735da9ad62716dca89cff660b53082cc3,59,Put a yellow-white striped cup in the bowl.,580,state_recognition,14,home,yellow_white_striped_cup_a,yellow-white striped cup A,yellow-white striped cup,[],"[""yellow_white_striped_cup_a"", ""yellow_white_striped_cup_b"", ""glass_spice_container_a""]","[{""category_id"": ""yellow_white_striped_cup"", ""category_name"": ""yellow-white striped cup"", ""instance"": ""A"", ""name"": ""yellow-white striped cup A"", ""object_id"": ""yellow_white_striped_cup_a"", ""orientation"": ""right_side_up"", ""state"": ""open""}, {""category_id"": ""yellow_white_striped_cup"", ""category_name"": ""yellow-white striped cup"", ""instance"": ""B"", ""name"": ""yellow-white striped cup B"", ""object_id"": ""yellow_white_striped_cup_b"", ""orientation"": ""right_side_up"", ""state"": ""closed""}, {""category_id"": ""glass_spice_container"", ""category_name"": ""glass spice container"", ""instance"": ""A"", ""name"": ""glass spice container A"", ""object_id"": ""glass_spice_container_a"", ""orientation"": ""right_side_up"", ""state"": ""open""}]",3,,,,,,,open,right_side_up,open_right_side_up,open_right_side_up,seen,,semantic_reasoning,state_recognition.open_right_side_up.1,"Put the open, right-side-up yellow-white striped cup in the bowl.",9,train,[]
v1,justintiensmith/MT_State_Recognition_200:060,justintiensmith/MT_State_Recognition_200,168e12e735da9ad62716dca89cff660b53082cc3,60,Put a yellow-white striped cup in the bowl.,529,state_recognition,14,home,yellow_white_striped_cup_b,yellow-white striped cup B,yellow-white striped cup,[],"[""yellow_white_striped_cup_b"", ""yellow_white_striped_cup_a"", ""white_cup_b""]","[{""category_id"": ""yellow_white_striped_cup"", ""category_name"": ""yellow-white striped cup"", ""instance"": ""B"", ""name"": ""yellow-white striped cup B"", ""object_id"": ""yellow_white_striped_cup_b"", ""orientation"": ""right_side_up"", ""state"": ""closed""}, {""category_id"": ""yellow_white_striped_cup"", ""category_name"": ""yellow-white striped cup"", ""instance"": ""A"", ""name"": ""yellow-white striped cup A"", ""object_id"": ""yellow_white_striped_cup_a"", ""orientation"": ""right_side_up"", ""state"": ""open""}, {""category_id"": ""white_cup"", ""category_name"": ""white cup"", ""instance"": ""B"", ""name"": ""white cup B"", ""object_id"": ""white_cup_b"", ""orientation"": ""right_side_up"", ""state"": ""open""}]",3,,,,,,,closed,right_side_up,closed_right_side_up,closed_right_side_up,seen,,semantic_reasoning,state_recognition.closed_right_side_up.1,"Put the closed, right-side-up yellow-white striped cup in the bowl.",0,train,[]
v1,justintiensmith/MT_State_Recognition_200:061,justintiensmith/MT_State_Recognition_200,168e12e735da9ad62716dca89cff660b53082cc3,61,Put a yellow-white striped cup in the bowl.,514,state_recognition,14,recovery,yellow_white_striped_cup_a,yellow-white striped cup A,yellow-white striped cup,[],"[""yellow_white_striped_cup_a"", ""yellow_white_striped_cup_b"", ""brown_cup_a"", ""glass_spice_container_b""]","[{""category_id"": ""yellow_white_striped_cup"", ""category_name"": ""yellow-white striped cup"", ""instance"": ""A"", ""name"": ""yellow-white striped cup A"", ""object_id"": ""yellow_white_striped_cup_a"", ""orientation"": ""right_side_up"", ""state"": ""closed""}, {""category_id"": ""yellow_white_striped_cup"", ""category_name"": ""yellow-white striped cup"", ""instance"": ""B"", ""name"": ""yellow-white striped cup B"", ""object_id"": ""yellow_white_striped_cup_b"", ""orientation"": ""right_side_up"", ""state"": ""open""}, {""category_id"": ""brown_cup"", ""category_name"": ""brown cup"", ""instance"": ""A"", ""name"": ""brown cup A"", ""object_id"": ""brown_cup_a"", ""orientation"": ""right_side_up"", ""state"": ""closed""}, {""category_id"": ""glass_spice_container"", ""category_name"": ""glass spice container"", ""instance"": ""B"", ""name"": ""glass spice container B"", ""object_id"": ""glass_spice_container_b"", ""orientation"": ""right_side_up"", ""state"": ""open""}]",4,,,,,,,closed,right_side_up,closed_right_side_up,closed_right_side_up,seen,,semantic_reasoning,state_recognition.closed_right_side_up.2,"Pick up the yellow-white striped cup that is closed and right-side-up, then place it in the bowl.",1,train,[]
v1,justintiensmith/MT_State_Recognition_200:062,justintiensmith/MT_State_Recognition_200,168e12e735da9ad62716dca89cff660b53082cc3,62,Put a yellow-white striped cup in the bowl.,509,state_recognition,14,home,yellow_white_striped_cup_b,yellow-white striped cup B,yellow-white striped cup,[],"[""yellow_white_striped_cup_b"", ""white_cup_b"", ""brown_cup_a""]","[{""category_id"": ""yellow_white_striped_cup"", ""category_name"": ""yellow-white striped cup"", ""instance"": ""B"", ""name"": ""yellow-white striped cup B"", ""object_id"": ""yellow_white_striped_cup_b"", ""orientation"": ""right_side_up"", ""state"": ""closed""}, {""category_id"": ""white_cup"", ""category_name"": ""white cup"", ""instance"": ""B"", ""name"": ""white cup B"", ""object_id"": ""white_cup_b"", ""orientation"": ""right_side_up"", ""state"": ""open""}, {""category_id"": ""brown_cup"", ""category_name"": ""brown cup"", ""instance"": ""A"", ""name"": ""brown cup A"", ""object_id"": ""brown_cup_a"", ""orientation"": ""right_side_up"", ""state"": ""open""}]",3,,,,,,,closed,right_side_up,closed_right_side_up,closed_right_side_up,seen,,semantic_reasoning,state_recognition.closed_right_side_up.3,Move the closed yellow-white striped cup that is right-side-up into the bowl.,2,train,[]
v1,justintiensmith/MT_State_Recognition_200:063,justintiensmith/MT_State_Recognition_200,168e12e735da9ad62716dca89cff660b53082cc3,63,Put a yellow-white striped cup in the bowl.,553,state_recognition,14,home,yellow_white_striped_cup_b,yellow-white striped cup B,yellow-white striped cup,[],"[""yellow_white_striped_cup_b"", ""yellow_white_striped_cup_a"", ""white_cup_a""]","[{""category_id"": ""yellow_white_striped_cup"", ""category_name"": ""yellow-white striped cup"", ""instance"": ""B"", ""name"": ""yellow-white striped cup B"", ""object_id"": ""yellow_white_striped_cup_b"", ""orientation"": ""right_side_up"", ""state"": ""open""}, {""category_id"": ""yellow_white_striped_cup"", ""category_name"": ""yellow-white striped cup"", ""instance"": ""A"", ""name"": ""yellow-white striped cup A"", ""object_id"": ""yellow_white_striped_cup_a"", ""orientation"": ""right_side_up"", ""state"": ""closed""}, {""category_id"": ""white_cup"", ""category_name"": ""white cup"", ""instance"": ""A"", ""name"": ""white cup A"", ""object_id"": ""white_cup_a"", ""orientation"": ""right_side_up"", ""state"": ""closed""}]",3,,,,,,,open,right_side_up,open_right_side_up,open_right_side_up,seen,,semantic_reasoning,state_recognition.open_right_side_up.1,"Put the open, right-side-up yellow-white striped cup in the bowl.",3,train,[]
v1,justintiensmith/MT_State_Recognition_200:064,justintiensmith/MT_State_Recognition_200,168e12e735da9ad62716dca89cff660b53082cc3,64,Put a yellow-white striped cup in the bowl.,490,state_recognition,14,home,yellow_white_striped_cup_a,yellow-white striped cup A,yellow-white striped cup,[],"[""yellow_white_striped_cup_a"", ""yellow_white_striped_cup_b"", ""brown_cup_b"", ""glass_spice_container_a""]","[{""category_id"": ""yellow_white_striped_cup"", ""category_name"": ""yellow-white striped cup"", ""instance"": ""A"", ""name"": ""yellow-white striped cup A"", ""object_id"": ""yellow_white_striped_cup_a"", ""orientation"": ""right_side_up"", ""state"": ""open""}, {""category_id"": ""yellow_white_striped_cup"", ""category_name"": ""yellow-white striped cup"", ""instance"": ""B"", ""name"": ""yellow-white striped cup B"", ""object_id"": ""yellow_white_striped_cup_b"", ""orientation"": ""right_side_up"", ""state"": ""closed""}, {""category_id"": ""brown_cup"", ""category_name"": ""brown cup"", ""instance"": ""B"", ""name"": ""brown cup B"", ""object_id"": ""brown_cup_b"", ""orientation"": ""right_side_up"", ""state"": ""open""}, {""category_id"": ""glass_spice_container"", ""category_name"": ""glass spice container"", ""instance"": ""A"", ""name"": ""glass spice container A"", ""object_id"": ""glass_spice_container_a"", ""orientation"": ""right_side_up"", ""state"": ""open""}]",4,,,,,,,open,right_side_up,open_right_side_up,open_right_side_up,seen,,semantic_reasoning,state_recognition.open_right_side_up.2,"Pick up the yellow-white striped cup that is open and right-side-up, then place it in the bowl.",4,train,[]
v1,justintiensmith/MT_State_Recognition_200:065,justintiensmith/MT_State_Recognition_200,168e12e735da9ad62716dca89cff660b53082cc3,65,Put a yellow-white striped cup in the bowl.,574,state_recognition,14,home,yellow_white_striped_cup_b,yellow-white striped cup B,yellow-white striped cup,[],"[""yellow_white_striped_cup_b"", ""yellow_white_striped_cup_a"", ""glass_spice_container_a""]","[{""category_id"": ""yellow_white_striped_cup"", ""category_name"": ""yellow-white striped cup"", ""instance"": ""B"", ""name"": ""yellow-white striped cup B"", ""object_id"": ""yellow_white_striped_cup_b"", ""orientation"": ""right_side_up"", ""state"": ""closed""}, {""category_id"": ""yellow_white_striped_cup"", ""category_name"": ""yellow-white striped cup"", ""instance"": ""A"", ""name"": ""yellow-white striped cup A"", ""object_id"": ""yellow_white_striped_cup_a"", ""orientation"": ""right_side_up"", ""state"": ""open""}, {""category_id"": ""glass_spice_container"", ""category_name"": ""glass spice container"", ""instance"": ""A"", ""name"": ""glass spice container A"", ""object_id"": ""glass_spice_container_a"", ""orientation"": ""right_side_up"", ""state"": ""closed""}]",3,,,,,,,closed,right_side_up,closed_right_side_up,closed_right_side_up,seen,,semantic_reasoning,state_recognition.closed_right_side_up.2,"Pick up the yellow-white striped cup that is closed and right-side-up, then place it in the bowl.",5,train,[]
v1,justintiensmith/MT_State_Recognition_200:066,justintiensmith/MT_State_Recognition_200,168e12e735da9ad62716dca89cff660b53082cc3,66,Put a yellow-white striped cup in the bowl.,480,state_recognition,14,home,yellow_white_striped_cup_a,yellow-white striped cup A,yellow-white striped cup,[],"[""yellow_white_striped_cup_a"", ""brown_cup_a"", ""glass_spice_container_a"", ""white_cup_a""]","[{""category_id"": ""yellow_white_striped_cup"", ""category_name"": ""yellow-white striped cup"", ""instance"": ""A"", ""name"": ""yellow-white striped cup A"", ""object_id"": ""yellow_white_striped_cup_a"", ""orientation"": ""right_side_up"", ""state"": ""open""}, {""category_id"": ""brown_cup"", ""category_name"": ""brown cup"", ""instance"": ""A"", ""name"": ""brown cup A"", ""object_id"": ""brown_cup_a"", ""orientation"": ""right_side_up"", ""state"": ""closed""}, {""category_id"": ""glass_spice_container"", ""category_name"": ""glass spice container"", ""instance"": ""A"", ""name"": ""glass spice container A"", ""object_id"": ""glass_spice_container_a"", ""orientation"": ""right_side_up"", ""state"": ""closed""}, {""category_id"": ""white_cup"", ""category_name"": ""white cup"", ""instance"": ""A"", ""name"": ""white cup A"", ""object_id"": ""white_cup_a"", ""orientation"": ""right_side_up"", ""state"": ""closed""}]",4,,,,,,,open,right_side_up,open_right_side_up,open_right_side_up,seen,,semantic_reasoning,state_recognition.open_right_side_up.2,"Pick up the yellow-white striped cup that is open and right-side-up, then place it in the bowl.",6,train,[]
v1,justintiensmith/MT_State_Recognition_200:067,justintiensmith/MT_State_Recognition_200,168e12e735da9ad62716dca89cff660b53082cc3,67,Put a yellow-white striped cup in the bowl.,485,state_recognition,15,home,yellow_white_striped_cup_a,yellow-white striped cup A,yellow-white striped cup,[],"[""yellow_white_striped_cup_a"", ""yellow_white_striped_cup_b"", ""brown_cup_a""]","[{""category_id"": ""yellow_white_striped_cup"", ""category_name"": ""yellow-white striped cup"", ""instance"": ""A"", ""name"": ""yellow-white striped cup A"", ""object_id"": ""yellow_white_striped_cup_a"", ""orientation"": ""right_side_up"", ""state"": ""closed""}, {""category_id"": ""yellow_white_striped_cup"", ""category_name"": ""yellow-white striped cup"", ""instance"": ""B"", ""name"": ""yellow-white striped cup B"", ""object_id"": ""yellow_white_striped_cup_b"", ""orientation"": ""right_side_up"", ""state"": ""open""}, {""category_id"": ""brown_cup"", ""category_name"": ""brown cup"", ""instance"": ""A"", ""name"": ""brown cup A"", ""object_id"": ""brown_cup_a"", ""orientation"": ""right_side_up"", ""state"": ""closed""}]",3,,,,,,,closed,right_side_up,closed_right_side_up,closed_right_side_up,seen,,semantic_reasoning,state_recognition.closed_right_side_up.2,"Pick up the yellow-white striped cup that is closed and right-side-up, then place it in the bowl.",7,train,[]
v1,justintiensmith/MT_State_Recognition_200:068,justintiensmith/MT_State_Recognition_200,168e12e735da9ad62716dca89cff660b53082cc3,68,Put a yellow-white striped cup in the bowl.,566,state_recognition,15,home,yellow_white_striped_cup_b,yellow-white striped cup B,yellow-white striped cup,[],"[""yellow_white_striped_cup_b"", ""yellow_white_striped_cup_a"", ""glass_spice_container_b"", ""white_cup_a""]","[{""category_id"": ""yellow_white_striped_cup"", ""category_name"": ""yellow-white striped cup"", ""instance"": ""B"", ""name"": ""yellow-white striped cup B"", ""object_id"": ""yellow_white_striped_cup_b"", ""orientation"": ""right_side_up"", ""state"": ""closed""}, {""category_id"": ""yellow_white_striped_cup"", ""category_name"": ""yellow-white striped cup"", ""instance"": ""A"", ""name"": ""yellow-white striped cup A"", ""object_id"": ""yellow_white_striped_cup_a"", ""orientation"": ""right_side_up"", ""state"": ""open""}, {""category_id"": ""glass_spice_container"", ""category_name"": ""glass spice container"", ""instance"": ""B"", ""name"": ""glass spice container B"", ""object_id"": ""glass_spice_container_b"", ""orientation"": ""right_side_up"", ""state"": ""open""}, {""category_id"": ""white_cup"", ""category_name"": ""white cup"", ""instance"": ""A"", ""name"": ""white cup A"", ""object_id"": ""white_cup_a"", ""orientation"": ""right_side_up"", ""state"": ""open""}]",4,,,,,,,closed,right_side_up,closed_right_side_up,closed_right_side_up,seen,,semantic_reasoning,state_recognition.closed_right_side_up.2,"Pick up the yellow-white striped cup that is closed and right-side-up, then place it in the bowl.",8,train,[]
v1,justintiensmith/MT_State_Recognition_200:069,justintiensmith/MT_State_Recognition_200,168e12e735da9ad62716dca89cff660b53082cc3,69,Put a yellow-white striped cup in the bowl.,541,state_recognition,15,recovery,yellow_white_striped_cup_a,yellow-white striped cup A,yellow-white striped cup,[],"[""yellow_white_striped_cup_a"", ""yellow_white_striped_cup_b"", ""white_cup_a"", ""brown_cup_b""]","[{""category_id"": ""yellow_white_striped_cup"", ""category_name"": ""yellow-white striped cup"", ""instance"": ""A"", ""name"": ""yellow-white striped cup A"", ""object_id"": ""yellow_white_striped_cup_a"", ""orientation"": ""right_side_up"", ""state"": ""open""}, {""category_id"": ""yellow_white_striped_cup"", ""category_name"": ""yellow-white striped cup"", ""instance"": ""B"", ""name"": ""yellow-white striped cup B"", ""object_id"": ""yellow_white_striped_cup_b"", ""orientation"": ""right_side_up"", ""state"": ""closed""}, {""category_id"": ""white_cup"", ""category_name"": ""white cup"", ""instance"": ""A"", ""name"": ""white cup A"", ""object_id"": ""white_cup_a"", ""orientation"": ""right_side_up"", ""state"": ""closed""}, {""category_id"": ""brown_cup"", ""category_name"": ""brown cup"", ""instance"": ""B"", ""name"": ""brown cup B"", ""object_id"": ""brown_cup_b"", ""orientation"": ""right_side_up"", ""state"": ""closed""}]",4,,,,,,,open,right_side_up,open_right_side_up,open_right_side_up,seen,,semantic_reasoning,state_recognition.open_right_side_up.2,"Pick up the yellow-white striped cup that is open and right-side-up, then place it in the bowl.",9,train,[]
v1,justintiensmith/MT_State_Recognition_200:070,justintiensmith/MT_State_Recognition_200,168e12e735da9ad62716dca89cff660b53082cc3,70,Put a yellow-white striped cup in the bowl.,617,state_recognition,15,home,yellow_white_striped_cup_a,yellow-white striped cup A,yellow-white striped cup,[],"[""yellow_white_striped_cup_a"", ""glass_spice_container_a"", ""white_cup_a""]","[{""category_id"": ""yellow_white_striped_cup"", ""category_name"": ""yellow-white striped cup"", ""instance"": ""A"", ""name"": ""yellow-white striped cup A"", ""object_id"": ""yellow_white_striped_cup_a"", ""orientation"": ""right_side_up"", ""state"": ""closed""}, {""category_id"": ""glass_spice_container"", ""category_name"": ""glass spice container"", ""instance"": ""A"", ""name"": ""glass spice container A"", ""object_id"": ""glass_spice_container_a"", ""orientation"": ""right_side_up"", ""state"": ""open""}, {""category_id"": ""white_cup"", ""category_name"": ""white cup"", ""instance"": ""A"", ""name"": ""white cup A"", ""object_id"": ""white_cup_a"", ""orientation"": ""right_side_up"", ""state"": ""open""}]",3,,,,,,,closed,right_side_up,closed_right_side_up,closed_right_side_up,seen,,semantic_reasoning,state_recognition.closed_right_side_up.3,Move the closed yellow-white striped cup that is right-side-up into the bowl.,0,train,[]
v1,justintiensmith/MT_State_Recognition_200:071,justintiensmith/MT_State_Recognition_200,168e12e735da9ad62716dca89cff660b53082cc3,71,Put a yellow-white striped cup in the bowl.,581,state_recognition,15,home,yellow_white_striped_cup_b,yellow-white striped cup B,yellow-white striped cup,[],"[""yellow_white_striped_cup_b"", ""yellow_white_striped_cup_a"", ""glass_spice_container_a"", ""white_cup_b""]","[{""category_id"": ""yellow_white_striped_cup"", ""category_name"": ""yellow-white striped cup"", ""instance"": ""B"", ""name"": ""yellow-white striped cup B"", ""object_id"": ""yellow_white_striped_cup_b"", ""orientation"": ""right_side_up"", ""state"": ""open""}, {""category_id"": ""yellow_white_striped_cup"", ""category_name"": ""yellow-white striped cup"", ""instance"": ""A"", ""name"": ""yellow-white striped cup A"", ""object_id"": ""yellow_white_striped_cup_a"", ""orientation"": ""right_side_up"", ""state"": ""closed""}, {""category_id"": ""glass_spice_container"", ""category_name"": ""glass spice container"", ""instance"": ""A"", ""name"": ""glass spice container A"", ""object_id"": ""glass_spice_container_a"", ""orientation"": ""right_side_up"", ""state"": ""open""}, {""category_id"": ""white_cup"", ""category_name"": ""white cup"", ""instance"": ""B"", ""name"": ""white cup B"", ""object_id"": ""white_cup_b"", ""orientation"": ""right_side_up"", ""state"": ""closed""}]",4,,,,,,,open,right_side_up,open_right_side_up,open_right_side_up,seen,,semantic_reasoning,state_recognition.open_right_side_up.3,Move the open yellow-white striped cup that is right-side-up into the bowl.,1,train,[]
v1,justintiensmith/MT_State_Recognition_200:072,justintiensmith/MT_State_Recognition_200,168e12e735da9ad62716dca89cff660b53082cc3,72,Put a yellow-white striped cup in the bowl.,458,state_recognition,15,recovery,yellow_white_striped_cup_b,yellow-white striped cup B,yellow-white striped cup,[],"[""yellow_white_striped_cup_b"", ""white_cup_a"", ""brown_cup_b"", ""glass_spice_container_b""]","[{""category_id"": ""yellow_white_striped_cup"", ""category_name"": ""yellow-white striped cup"", ""instance"": ""B"", ""name"": ""yellow-white striped cup B"", ""object_id"": ""yellow_white_striped_cup_b"", ""orientation"": ""right_side_up"", ""state"": ""open""}, {""category_id"": ""white_cup"", ""category_name"": ""white cup"", ""instance"": ""A"", ""name"": ""white cup A"", ""object_id"": ""white_cup_a"", ""orientation"": ""right_side_up"", ""state"": ""closed""}, {""category_id"": ""brown_cup"", ""category_name"": ""brown cup"", ""instance"": ""B"", ""name"": ""brown cup B"", ""object_id"": ""brown_cup_b"", ""orientation"": ""right_side_up"", ""state"": ""closed""}, {""category_id"": ""glass_spice_container"", ""category_name"": ""glass spice container"", ""instance"": ""B"", ""name"": ""glass spice container B"", ""object_id"": ""glass_spice_container_b"", ""orientation"": ""right_side_up"", ""state"": ""closed""}]",4,,,,,,,open,right_side_up,open_right_side_up,open_right_side_up,seen,,semantic_reasoning,state_recognition.open_right_side_up.3,Move the open yellow-white striped cup that is right-side-up into the bowl.,2,train,[]
v1,justintiensmith/MT_State_Recognition_200:073,justintiensmith/MT_State_Recognition_200,168e12e735da9ad62716dca89cff660b53082cc3,73,Put a yellow-white striped cup in the bowl.,511,state_recognition,15,home,yellow_white_striped_cup_a,yellow-white striped cup A,yellow-white striped cup,[],"[""yellow_white_striped_cup_a"", ""yellow_white_striped_cup_b"", ""brown_cup_a"", ""glass_spice_container_b""]","[{""category_id"": ""yellow_white_striped_cup"", ""category_name"": ""yellow-white striped cup"", ""instance"": ""A"", ""name"": ""yellow-white striped cup A"", ""object_id"": ""yellow_white_striped_cup_a"", ""orientation"": ""right_side_up"", ""state"": ""closed""}, {""category_id"": ""yellow_white_striped_cup"", ""category_name"": ""yellow-white striped cup"", ""instance"": ""B"", ""name"": ""yellow-white striped cup B"", ""object_id"": ""yellow_white_striped_cup_b"", ""orientation"": ""right_side_up"", ""state"": ""open""}, {""category_id"": ""brown_cup"", ""category_name"": ""brown cup"", ""instance"": ""A"", ""name"": ""brown cup A"", ""object_id"": ""brown_cup_a"", ""orientation"": ""right_side_up"", ""state"": ""open""}, {""category_id"": ""glass_spice_container"", ""category_name"": ""glass spice container"", ""instance"": ""B"", ""name"": ""glass spice container B"", ""object_id"": ""glass_spice_container_b"", ""orientation"": ""right_side_up"", ""state"": ""open""}]",4,,,,,,,closed,right_side_up,closed_right_side_up,closed_right_side_up,seen,,semantic_reasoning,state_recognition.closed_right_side_up.1,"Put the closed, right-side-up yellow-white striped cup in the bowl.",3,train,[]
v1,justintiensmith/MT_State_Recognition_200:074,justintiensmith/MT_State_Recognition_200,168e12e735da9ad62716dca89cff660b53082cc3,74,Put a yellow-white striped cup in the bowl.,531,state_recognition,15,home,yellow_white_striped_cup_a,yellow-white striped cup A,yellow-white striped cup,[],"[""yellow_white_striped_cup_a"", ""yellow_white_striped_cup_b"", ""glass_spice_container_b"", ""white_cup_a""]","[{""category_id"": ""yellow_white_striped_cup"", ""category_name"": ""yellow-white striped cup"", ""instance"": ""A"", ""name"": ""yellow-white striped cup A"", ""object_id"": ""yellow_white_striped_cup_a"", ""orientation"": ""right_side_up"", ""state"": ""closed""}, {""category_id"": ""yellow_white_striped_cup"", ""category_name"": ""yellow-white striped cup"", ""instance"": ""B"", ""name"": ""yellow-white striped cup B"", ""object_id"": ""yellow_white_striped_cup_b"", ""orientation"": ""right_side_up"", ""state"": ""open""}, {""category_id"": ""glass_spice_container"", ""category_name"": ""glass spice container"", ""instance"": ""B"", ""name"": ""glass spice container B"", ""object_id"": ""glass_spice_container_b"", ""orientation"": ""right_side_up"", ""state"": ""closed""}, {""category_id"": ""white_cup"", ""category_name"": ""white cup"", ""instance"": ""A"", ""name"": ""white cup A"", ""object_id"": ""white_cup_a"", ""orientation"": ""right_side_up"", ""state"": ""closed""}]",4,,,,,,,closed,right_side_up,closed_right_side_up,closed_right_side_up,seen,,semantic_reasoning,state_recognition.closed_right_side_up.1,"Put the closed, right-side-up yellow-white striped cup in the bowl.",4,train,[]
v1,justintiensmith/MT_State_Recognition_200:075,justintiensmith/MT_State_Recognition_200,168e12e735da9ad62716dca89cff660b53082cc3,75,Put a yellow-white striped cup in the bowl.,529,state_recognition,15,recovery,yellow_white_striped_cup_b,yellow-white striped cup B,yellow-white striped cup,[],"[""yellow_white_striped_cup_b"", ""yellow_white_striped_cup_a"", ""brown_cup_a"", ""glass_spice_container_b""]","[{""category_id"": ""yellow_white_striped_cup"", ""category_name"": ""yellow-white striped cup"", ""instance"": ""B"", ""name"": ""yellow-white striped cup B"", ""object_id"": ""yellow_white_striped_cup_b"", ""orientation"": ""right_side_up"", ""state"": ""closed""}, {""category_id"": ""yellow_white_striped_cup"", ""category_name"": ""yellow-white striped cup"", ""instance"": ""A"", ""name"": ""yellow-white striped cup A"", ""object_id"": ""yellow_white_striped_cup_a"", ""orientation"": ""upside_down"", ""state"": ""open""}, {""category_id"": ""brown_cup"", ""category_name"": ""brown cup"", ""instance"": ""A"", ""name"": ""brown cup A"", ""object_id"": ""brown_cup_a"", ""orientation"": ""right_side_up"", ""state"": ""open""}, {""category_id"": ""glass_spice_container"", ""category_name"": ""glass spice container"", ""instance"": ""B"", ""name"": ""glass spice container B"", ""object_id"": ""glass_spice_container_b"", ""orientation"": ""upside_down"", ""state"": ""closed""}]",4,,,,,,,closed,right_side_up,closed_right_side_up,closed_right_side_up,seen,,semantic_reasoning,state_recognition.closed_right_side_up.2,"Pick up the yellow-white striped cup that is closed and right-side-up, then place it in the bowl.",5,train,[]
v1,justintiensmith/MT_State_Recognition_200:076,justintiensmith/MT_State_Recognition_200,168e12e735da9ad62716dca89cff660b53082cc3,76,Put a yellow-white striped cup in the bowl.,543,state_recognition,15,home,yellow_white_striped_cup_b,yellow-white striped cup B,yellow-white striped cup,[],"[""yellow_white_striped_cup_b"", ""yellow_white_striped_cup_a"", ""glass_spice_container_b"", ""white_cup_a""]","[{""category_id"": ""yellow_white_striped_cup"", ""category_name"": ""yellow-white striped cup"", ""instance"": ""B"", ""name"": ""yellow-white striped cup B"", ""object_id"": ""yellow_white_striped_cup_b"", ""orientation"": ""right_side_up"", ""state"": ""open""}, {""category_id"": ""yellow_white_striped_cup"", ""category_name"": ""yellow-white striped cup"", ""instance"": ""A"", ""name"": ""yellow-white striped cup A"", ""object_id"": ""yellow_white_striped_cup_a"", ""orientation"": ""upside_down"", ""state"": ""closed""}, {""category_id"": ""glass_spice_container"", ""category_name"": ""glass spice container"", ""instance"": ""B"", ""name"": ""glass spice container B"", ""object_id"": ""glass_spice_container_b"", ""orientation"": ""right_side_up"", ""state"": ""open""}, {""category_id"": ""white_cup"", ""category_name"": ""white cup"", ""instance"": ""A"", ""name"": ""white cup A"", ""object_id"": ""white_cup_a"", ""orientation"": ""right_side_up"", ""state"": ""closed""}]",4,,,,,,,open,right_side_up,open_right_side_up,open_right_side_up,seen,,semantic_reasoning,state_recognition.open_right_side_up.1,"Put the open, right-side-up yellow-white striped cup in the bowl.",6,train,[]
v1,justintiensmith/MT_State_Recognition_200:077,justintiensmith/MT_State_Recognition_200,168e12e735da9ad62716dca89cff660b53082cc3,77,Put a yellow-white striped cup in the bowl.,475,state_recognition,15,home,yellow_white_striped_cup_a,yellow-white striped cup A,yellow-white striped cup,[],"[""yellow_white_striped_cup_a"", ""glass_spice_container_a"", ""white_cup_a""]","[{""category_id"": ""yellow_white_striped_cup"", ""category_name"": ""yellow-white striped cup"", ""instance"": ""A"", ""name"": ""yellow-white striped cup A"", ""object_id"": ""yellow_white_striped_cup_a"", ""orientation"": ""upside_down"", ""state"": ""closed""}, {""category_id"": ""glass_spice_container"", ""category_name"": ""glass spice container"", ""instance"": ""A"", ""name"": ""glass spice container A"", ""object_id"": ""glass_spice_container_a"", ""orientation"": ""right_side_up"", ""state"": ""closed""}, {""category_id"": ""white_cup"", ""category_name"": ""white cup"", ""instance"": ""A"", ""name"": ""white cup A"", ""object_id"": ""white_cup_a"", ""orientation"": ""right_side_up"", ""state"": ""open""}]",3,,,,,,,closed,upside_down,closed_upside_down,upside_down,held_out,withhold closed+upside-down state conjunction,semantic_partial,state_recognition.upside_down.1,Put the upside-down yellow-white striped cup in the bowl.,7,train,[]
v1,justintiensmith/MT_State_Recognition_200:078,justintiensmith/MT_State_Recognition_200,168e12e735da9ad62716dca89cff660b53082cc3,78,Put a yellow-white striped cup in the bowl.,511,state_recognition,15,home,yellow_white_striped_cup_b,yellow-white striped cup B,yellow-white striped cup,[],"[""yellow_white_striped_cup_b"", ""yellow_white_striped_cup_a"", ""brown_cup_b"", ""glass_spice_container_a""]","[{""category_id"": ""yellow_white_striped_cup"", ""category_name"": ""yellow-white striped cup"", ""instance"": ""B"", ""name"": ""yellow-white striped cup B"", ""object_id"": ""yellow_white_striped_cup_b"", ""orientation"": ""upside_down"", ""state"": ""open""}, {""category_id"": ""yellow_white_striped_cup"", ""category_name"": ""yellow-white striped cup"", ""instance"": ""A"", ""name"": ""yellow-white striped cup A"", ""object_id"": ""yellow_white_striped_cup_a"", ""orientation"": ""right_side_up"", ""state"": ""open""}, {""category_id"": ""brown_cup"", ""category_name"": ""brown cup"", ""instance"": ""B"", ""name"": ""brown cup B"", ""object_id"": ""brown_cup_b"", ""orientation"": ""right_side_up"", ""state"": ""closed""}, {""category_id"": ""glass_spice_container"", ""category_name"": ""glass spice container"", ""instance"": ""A"", ""name"": ""glass spice container A"", ""object_id"": ""glass_spice_container_a"", ""orientation"": ""right_side_up"", ""state"": ""open""}]",4,,,,,,,open,upside_down,open_upside_down,open_upside_down,seen,,semantic_reasoning,state_recognition.open_upside_down.1,"Put the open, upside-down yellow-white striped cup in the bowl.",8,train,[]
v1,justintiensmith/MT_State_Recognition_200:079,justintiensmith/MT_State_Recognition_200,168e12e735da9ad62716dca89cff660b53082cc3,79,Put a yellow-white striped cup in the bowl.,571,state_recognition,15,home,yellow_white_striped_cup_a,yellow-white striped cup A,yellow-white striped cup,[],"[""yellow_white_striped_cup_a"", ""yellow_white_striped_cup_b"", ""glass_spice_container_a""]","[{""category_id"": ""yellow_white_striped_cup"", ""category_name"": ""yellow-white striped cup"", ""instance"": ""A"", ""name"": ""yellow-white striped cup A"", ""object_id"": ""yellow_white_striped_cup_a"", ""orientation"": ""right_side_up"", ""state"": ""closed""}, {""category_id"": ""yellow_white_striped_cup"", ""category_name"": ""yellow-white striped cup"", ""instance"": ""B"", ""name"": ""yellow-white striped cup B"", ""object_id"": ""yellow_white_striped_cup_b"", ""orientation"": ""upside_down"", ""state"": ""open""}, {""category_id"": ""glass_spice_container"", ""category_name"": ""glass spice container"", ""instance"": ""A"", ""name"": ""glass spice container A"", ""object_id"": ""glass_spice_container_a"", ""orientation"": ""right_side_up"", ""state"": ""open""}]",3,,,,,,,closed,right_side_up,closed_right_side_up,closed_right_side_up,seen,,semantic_reasoning,state_recognition.closed_right_side_up.3,Move the closed yellow-white striped cup that is right-side-up into the bowl.,9,train,[]
v1,justintiensmith/MT_State_Recognition_200:080,justintiensmith/MT_State_Recognition_200,168e12e735da9ad62716dca89cff660b53082cc3,80,Put a yellow-white striped cup in the bowl.,582,state_recognition,15,home,yellow_white_striped_cup_a,yellow-white striped cup A,yellow-white striped cup,[],"[""yellow_white_striped_cup_a"", ""yellow_white_striped_cup_b"", ""white_cup_b"", ""brown_cup_a""]","[{""category_id"": ""yellow_white_striped_cup"", ""category_name"": ""yellow-white striped cup"", ""instance"": ""A"", ""name"": ""yellow-white striped cup A"", ""object_id"": ""yellow_white_striped_cup_a"", ""orientation"": ""right_side_up"", ""state"": ""open""}, {""category_id"": ""yellow_white_striped_cup"", ""category_name"": ""yellow-white striped cup"", ""instance"": ""B"", ""name"": ""yellow-white striped cup B"", ""object_id"": ""yellow_white_striped_cup_b"", ""orientation"": ""upside_down"", ""state"": ""closed""}, {""category_id"": ""white_cup"", ""category_name"": ""white cup"", ""instance"": ""B"", ""name"": ""white cup B"", ""object_id"": ""white_cup_b"", ""orientation"": ""upside_down"", ""state"": ""open""}, {""category_id"": ""brown_cup"", ""category_name"": ""brown cup"", ""instance"": ""A"", ""name"": ""brown cup A"", ""object_id"": ""brown_cup_a"", ""orientation"": ""upside_down"", ""state"": ""closed""}]",4,,,,,,,open,right_side_up,open_right_side_up,open_right_side_up,seen,,semantic_reasoning,state_recognition.open_right_side_up.2,"Pick up the yellow-white striped cup that is open and right-side-up, then place it in the bowl.",0,train,[]
v1,justintiensmith/MT_State_Recognition_200:081,justintiensmith/MT_State_Recognition_200,168e12e735da9ad62716dca89cff660b53082cc3,81,Put a yellow-white striped cup in the bowl.,500,state_recognition,15,home,yellow_white_striped_cup_b,yellow-white striped cup B,yellow-white striped cup,[],"[""yellow_white_striped_cup_b"", ""white_cup_a"", ""brown_cup_b"", ""glass_spice_container_b""]","[{""category_id"": ""yellow_white_striped_cup"", ""category_name"": ""yellow-white striped cup"", ""instance"": ""B"", ""name"": ""yellow-white striped cup B"", ""object_id"": ""yellow_white_striped_cup_b"", ""orientation"": ""upside_down"", ""state"": ""closed""}, {""category_id"": ""white_cup"", ""category_name"": ""white cup"", ""instance"": ""A"", ""name"": ""white cup A"", ""object_id"": ""white_cup_a"", ""orientation"": ""right_side_up"", ""state"": ""open""}, {""category_id"": ""brown_cup"", ""category_name"": ""brown cup"", ""instance"": ""B"", ""name"": ""brown cup B"", ""object_id"": ""brown_cup_b"", ""orientation"": ""right_side_up"", ""state"": ""closed""}, {""category_id"": ""glass_spice_container"", ""category_name"": ""glass spice container"", ""instance"": ""B"", ""name"": ""glass spice container B"", ""object_id"": ""glass_spice_container_b"", ""orientation"": ""right_side_up"", ""state"": ""open""}]",4,,,,,,,closed,upside_down,closed_upside_down,upside_down,held_out,withhold closed+upside-down state conjunction,semantic_partial,state_recognition.upside_down.1,Put the upside-down yellow-white striped cup in the bowl.,1,train,[]
v1,justintiensmith/MT_State_Recognition_200:082,justintiensmith/MT_State_Recognition_200,168e12e735da9ad62716dca89cff660b53082cc3,82,Put a yellow-white striped cup in the bowl.,598,state_recognition,15,home,yellow_white_striped_cup_b,yellow-white striped cup B,yellow-white striped cup,[],"[""yellow_white_striped_cup_b"", ""yellow_white_striped_cup_a"", ""glass_spice_container_b""]","[{""category_id"": ""yellow_white_striped_cup"", ""category_name"": ""yellow-white striped cup"", ""instance"": ""B"", ""name"": ""yellow-white striped cup B"", ""object_id"": ""yellow_white_striped_cup_b"", ""orientation"": ""right_side_up"", ""state"": ""open""}, {""category_id"": ""yellow_white_striped_cup"", ""category_name"": ""yellow-white striped cup"", ""instance"": ""A"", ""name"": ""yellow-white striped cup A"", ""object_id"": ""yellow_white_striped_cup_a"", ""orientation"": ""upside_down"", ""state"": ""open""}, {""category_id"": ""glass_spice_container"", ""category_name"": ""glass spice container"", ""instance"": ""B"", ""name"": ""glass spice container B"", ""object_id"": ""glass_spice_container_b"", ""orientation"": ""right_side_up"", ""state"": ""closed""}]",3,,,,,,,open,right_side_up,open_right_side_up,open_right_side_up,seen,,semantic_reasoning,state_recognition.open_right_side_up.3,Move the open yellow-white striped cup that is right-side-up into the bowl.,2,train,[]
v1,justintiensmith/MT_State_Recognition_200:083,justintiensmith/MT_State_Recognition_200,168e12e735da9ad62716dca89cff660b53082cc3,83,Put a yellow-white striped cup in the bowl.,501,state_recognition,15,recovery,yellow_white_striped_cup_a,yellow-white striped cup A,yellow-white striped cup,[],"[""yellow_white_striped_cup_a"", ""yellow_white_striped_cup_b"", ""white_cup_a""]","[{""category_id"": ""yellow_white_striped_cup"", ""category_name"": ""yellow-white striped cup"", ""instance"": ""A"", ""name"": ""yellow-white striped cup A"", ""object_id"": ""yellow_white_striped_cup_a"", ""orientation"": ""upside_down"", ""state"": ""closed""}, {""category_id"": ""yellow_white_striped_cup"", ""category_name"": ""yellow-white striped cup"", ""instance"": ""B"", ""name"": ""yellow-white striped cup B"", ""object_id"": ""yellow_white_striped_cup_b"", ""orientation"": ""right_side_up"", ""state"": ""open""}, {""category_id"": ""white_cup"", ""category_name"": ""white cup"", ""instance"": ""A"", ""name"": ""white cup A"", ""object_id"": ""white_cup_a"", ""orientation"": ""right_side_up"", ""state"": ""open""}]",3,,,,,,,closed,upside_down,closed_upside_down,closed,held_out,withhold closed+upside-down state conjunction,semantic_partial,state_recognition.closed.1,Put the closed yellow-white striped cup in the bowl.,3,train,[]
v1,justintiensmith/MT_State_Recognition_200:084,justintiensmith/MT_State_Recognition_200,168e12e735da9ad62716dca89cff660b53082cc3,84,Put a yellow-white striped cup in the bowl.,464,state_recognition,16,home,yellow_white_striped_cup_a,yellow-white striped cup A,yellow-white striped cup,[],"[""yellow_white_striped_cup_a"", ""yellow_white_striped_cup_b"", ""brown_cup_b""]","[{""category_id"": ""yellow_white_striped_cup"", ""category_name"": ""yellow-white striped cup"", ""instance"": ""A"", ""name"": ""yellow-white striped cup A"", ""object_id"": ""yellow_white_striped_cup_a"", ""orientation"": ""right_side_up"", ""state"": ""open""}, {""category_id"": ""yellow_white_striped_cup"", ""category_name"": ""yellow-white striped cup"", ""instance"": ""B"", ""name"": ""yellow-white striped cup B"", ""object_id"": ""yellow_white_striped_cup_b"", ""orientation"": ""upside_down"", ""state"": ""closed""}, {""category_id"": ""brown_cup"", ""category_name"": ""brown cup"", ""instance"": ""B"", ""name"": ""brown cup B"", ""object_id"": ""brown_cup_b"", ""orientation"": ""right_side_up"", ""state"": ""open""}]",3,,,,,,,open,right_side_up,open_right_side_up,open_right_side_up,seen,,semantic_reasoning,state_recognition.open_right_side_up.2,"Pick up the yellow-white striped cup that is open and right-side-up, then place it in the bowl.",4,train,[]
v1,justintiensmith/MT_State_Recognition_200:085,justintiensmith/MT_State_Recognition_200,168e12e735da9ad62716dca89cff660b53082cc3,85,Put a yellow-white striped cup in the bowl.,600,state_recognition,16,home,yellow_white_striped_cup_b,yellow-white striped cup B,yellow-white striped cup,[],"[""yellow_white_striped_cup_b"", ""yellow_white_striped_cup_a"", ""glass_spice_container_a"", ""white_cup_b""]","[{""category_id"": ""yellow_white_striped_cup"", ""category_name"": ""yellow-white striped cup"", ""instance"": ""B"", ""name"": ""yellow-white striped cup B"", ""object_id"": ""yellow_white_striped_cup_b"", ""orientation"": ""upside_down"", ""state"": ""closed""}, {""category_id"": ""yellow_white_striped_cup"", ""category_name"": ""yellow-white striped cup"", ""instance"": ""A"", ""name"": ""yellow-white striped cup A"", ""object_id"": ""yellow_white_striped_cup_a"", ""orientation"": ""right_side_up"", ""state"": ""closed""}, {""category_id"": ""glass_spice_container"", ""category_name"": ""glass spice container"", ""instance"": ""A"", ""name"": ""glass spice container A"", ""object_id"": ""glass_spice_container_a"", ""orientation"": ""upside_down"", ""state"": ""closed""}, {""category_id"": ""white_cup"", ""category_name"": ""white cup"", ""instance"": ""B"", ""name"": ""white cup B"", ""object_id"": ""white_cup_b"", ""orientation"": ""right_side_up"", ""state"": ""open""}]",4,,,,,,,closed,upside_down,closed_upside_down,upside_down,held_out,withhold closed+upside-down state conjunction,semantic_partial,state_recognition.upside_down.3,Move the inverted yellow-white striped cup into the bowl.,5,train,[]
v1,justintiensmith/MT_State_Recognition_200:086,justintiensmith/MT_State_Recognition_200,168e12e735da9ad62716dca89cff660b53082cc3,86,Put a yellow-white striped cup in the bowl.,558,state_recognition,16,home,yellow_white_striped_cup_b,yellow-white striped cup B,yellow-white striped cup,[],"[""yellow_white_striped_cup_b"", ""yellow_white_striped_cup_a"", ""white_cup_b"", ""brown_cup_a""]","[{""category_id"": ""yellow_white_striped_cup"", ""category_name"": ""yellow-white striped cup"", ""instance"": ""B"", ""name"": ""yellow-white striped cup B"", ""object_id"": ""yellow_white_striped_cup_b"", ""orientation"": ""upside_down"", ""state"": ""open""}, {""category_id"": ""yellow_white_striped_cup"", ""category_name"": ""yellow-white striped cup"", ""instance"": ""A"", ""name"": ""yellow-white striped cup A"", ""object_id"": ""yellow_white_striped_cup_a"", ""orientation"": ""right_side_up"", ""state"": ""open""}, {""category_id"": ""white_cup"", ""category_name"": ""white cup"", ""instance"": ""B"", ""name"": ""white cup B"", ""object_id"": ""white_cup_b"", ""orientation"": ""right_side_up"", ""state"": ""closed""}, {""category_id"": ""brown_cup"", ""category_name"": ""brown cup"", ""instance"": ""A"", ""name"": ""brown cup A"", ""object_id"": ""brown_cup_a"", ""orientation"": ""right_side_up"", ""state"": ""open""}]",4,,,,,,,open,upside_down,open_upside_down,open_upside_down,seen,,semantic_reasoning,state_recognition.open_upside_down.3,Move the open yellow-white striped cup that is upside-down into the bowl.,6,train,[]
v1,justintiensmith/MT_State_Recognition_200:087,justintiensmith/MT_State_Recognition_200,168e12e735da9ad62716dca89cff660b53082cc3,87,Put a yellow-white striped cup in the bowl.,542,state_recognition,16,home,yellow_white_striped_cup_a,yellow-white striped cup A,yellow-white striped cup,[],"[""yellow_white_striped_cup_a"", ""brown_cup_b"", ""glass_spice_container_b"", ""white_cup_b""]","[{""category_id"": ""yellow_white_striped_cup"", ""category_name"": ""yellow-white striped cup"", ""instance"": ""A"", ""name"": ""yellow-white striped cup A"", ""object_id"": ""yellow_white_striped_cup_a"", ""orientation"": ""right_side_up"", ""state"": ""closed""}, {""category_id"": ""brown_cup"", ""category_name"": ""brown cup"", ""instance"": ""B"", ""name"": ""brown cup B"", ""object_id"": ""brown_cup_b"", ""orientation"": ""upside_down"", ""state"": ""closed""}, {""category_id"": ""glass_spice_container"", ""category_name"": ""glass spice container"", ""instance"": ""B"", ""name"": ""glass spice container B"", ""object_id"": ""glass_spice_container_b"", ""orientation"": ""upside_down"", ""state"": ""open""}, {""category_id"": ""white_cup"", ""category_name"": ""white cup"", ""instance"": ""B"", ""name"": ""white cup B"", ""object_id"": ""white_cup_b"", ""orientation"": ""upside_down"", ""state"": ""closed""}]",4,,,,,,,closed,right_side_up,closed_right_side_up,closed_right_side_up,seen,,semantic_reasoning,state_recognition.closed_right_side_up.2,"Pick up the yellow-white striped cup that is closed and right-side-up, then place it in the bowl.",7,train,[]
v1,justintiensmith/MT_State_Recognition_200:088,justintiensmith/MT_State_Recognition_200,168e12e735da9ad62716dca89cff660b53082cc3,88,Put a yellow-white striped cup in the bowl.,503,state_recognition,16,recovery,yellow_white_striped_cup_a,yellow-white striped cup A,yellow-white striped cup,[],"[""yellow_white_striped_cup_a"", ""yellow_white_striped_cup_b"", ""glass_spice_container_b"", ""white_cup_a""]","[{""category_id"": ""yellow_white_striped_cup"", ""category_name"": ""yellow-white striped cup"", ""instance"": ""A"", ""name"": ""yellow-white striped cup A"", ""object_id"": ""yellow_white_striped_cup_a"", ""orientation"": ""upside_down"", ""state"": ""open""}, {""category_id"": ""yellow_white_striped_cup"", ""category_name"": ""yellow-white striped cup"", ""instance"": ""B"", ""name"": ""yellow-white striped cup B"", ""object_id"": ""yellow_white_striped_cup_b"", ""orientation"": ""right_side_up"", ""state"": ""closed""}, {""category_id"": ""glass_spice_container"", ""category_name"": ""glass spice container"", ""instance"": ""B"", ""name"": ""glass spice container B"", ""object_id"": ""glass_spice_container_b"", ""orientation"": ""upside_down"", ""state"": ""open""}, {""category_id"": ""white_cup"", ""category_name"": ""white cup"", ""instance"": ""A"", ""name"": ""white cup A"", ""object_id"": ""white_cup_a"", ""orientation"": ""upside_down"", ""state"": ""closed""}]",4,,,,,,,open,upside_down,open_upside_down,open_upside_down,seen,,semantic_reasoning,state_recognition.open_upside_down.2,"Pick up the yellow-white striped cup that is open and upside-down, then place it in the bowl.",8,train,[]
v1,justintiensmith/MT_State_Recognition_200:089,justintiensmith/MT_State_Recognition_200,168e12e735da9ad62716dca89cff660b53082cc3,89,Put a yellow-white striped cup in the bowl.,452,state_recognition,16,home,yellow_white_striped_cup_b,yellow-white striped cup B,yellow-white striped cup,[],"[""yellow_white_striped_cup_b"", ""yellow_white_striped_cup_a"", ""white_cup_a""]","[{""category_id"": ""yellow_white_striped_cup"", ""category_name"": ""yellow-white striped cup"", ""instance"": ""B"", ""name"": ""yellow-white striped cup B"", ""object_id"": ""yellow_white_striped_cup_b"", ""orientation"": ""upside_down"", ""state"": ""closed""}, {""category_id"": ""yellow_white_striped_cup"", ""category_name"": ""yellow-white striped cup"", ""instance"": ""A"", ""name"": ""yellow-white striped cup A"", ""object_id"": ""yellow_white_striped_cup_a"", ""orientation"": ""right_side_up"", ""state"": ""closed""}, {""category_id"": ""white_cup"", ""category_name"": ""white cup"", ""instance"": ""A"", ""name"": ""white cup A"", ""object_id"": ""white_cup_a"", ""orientation"": ""upside_down"", ""state"": ""closed""}]",3,,,,,,,closed,upside_down,closed_upside_down,upside_down,held_out,withhold closed+upside-down state conjunction,semantic_partial,state_recognition.upside_down.3,Move the inverted yellow-white striped cup into the bowl.,9,train,[]
v1,justintiensmith/MT_State_Recognition_200:090,justintiensmith/MT_State_Recognition_200,168e12e735da9ad62716dca89cff660b53082cc3,90,Put a yellow-white striped cup in the bowl.,468,state_recognition,16,home,yellow_white_striped_cup_a,yellow-white striped cup A,yellow-white striped cup,[],"[""yellow_white_striped_cup_a"", ""yellow_white_striped_cup_b"", ""brown_cup_b""]","[{""category_id"": ""yellow_white_striped_cup"", ""category_name"": ""yellow-white striped cup"", ""instance"": ""A"", ""name"": ""yellow-white striped cup A"", ""object_id"": ""yellow_white_striped_cup_a"", ""orientation"": ""right_side_up"", ""state"": ""open""}, {""category_id"": ""yellow_white_striped_cup"", ""category_name"": ""yellow-white striped cup"", ""instance"": ""B"", ""name"": ""yellow-white striped cup B"", ""object_id"": ""yellow_white_striped_cup_b"", ""orientation"": ""upside_down"", ""state"": ""open""}, {""category_id"": ""brown_cup"", ""category_name"": ""brown cup"", ""instance"": ""B"", ""name"": ""brown cup B"", ""object_id"": ""brown_cup_b"", ""orientation"": ""upside_down"", ""state"": ""closed""}]",3,,,,,,,open,right_side_up,open_right_side_up,open_right_side_up,seen,,semantic_reasoning,state_recognition.open_right_side_up.3,Move the open yellow-white striped cup that is right-side-up into the bowl.,0,train,[]
v1,justintiensmith/MT_State_Recognition_200:091,justintiensmith/MT_State_Recognition_200,168e12e735da9ad62716dca89cff660b53082cc3,91,Put a yellow-white striped cup in the bowl.,550,state_recognition,16,home,yellow_white_striped_cup_a,yellow-white striped cup A,yellow-white striped cup,[],"[""yellow_white_striped_cup_a"", ""yellow_white_striped_cup_b"", ""glass_spice_container_a""]","[{""category_id"": ""yellow_white_striped_cup"", ""category_name"": ""yellow-white striped cup"", ""instance"": ""A"", ""name"": ""yellow-white striped cup A"", ""object_id"": ""yellow_white_striped_cup_a"", ""orientation"": ""upside_down"", ""state"": ""closed""}, {""category_id"": ""yellow_white_striped_cup"", ""category_name"": ""yellow-white striped cup"", ""instance"": ""B"", ""name"": ""yellow-white striped cup B"", ""object_id"": ""yellow_white_striped_cup_b"", ""orientation"": ""right_side_up"", ""state"": ""open""}, {""category_id"": ""glass_spice_container"", ""category_name"": ""glass spice container"", ""instance"": ""A"", ""name"": ""glass spice container A"", ""object_id"": ""glass_spice_container_a"", ""orientation"": ""upside_down"", ""state"": ""open""}]",3,,,,,,,closed,upside_down,closed_upside_down,closed,held_out,withhold closed+upside-down state conjunction,semantic_partial,state_recognition.closed.3,Move the closed yellow-white striped cup into the bowl.,1,train,[]
v1,justintiensmith/MT_State_Recognition_200:092,justintiensmith/MT_State_Recognition_200,168e12e735da9ad62716dca89cff660b53082cc3,92,Put a yellow-white striped cup in the bowl.,499,state_recognition,16,home,yellow_white_striped_cup_a,yellow-white striped cup A,yellow-white striped cup,[],"[""yellow_white_striped_cup_a"", ""yellow_white_striped_cup_b"", ""white_cup_b"", ""brown_cup_a""]","[{""category_id"": ""yellow_white_striped_cup"", ""category_name"": ""yellow-white striped cup"", ""instance"": ""A"", ""name"": ""yellow-white striped cup A"", ""object_id"": ""yellow_white_striped_cup_a"", ""orientation"": ""right_side_up"", ""state"": ""open""}, {""category_id"": ""yellow_white_striped_cup"", ""category_name"": ""yellow-white striped cup"", ""instance"": ""B"", ""name"": ""yellow-white striped cup B"", ""object_id"": ""yellow_white_striped_cup_b"", ""orientation"": ""upside_down"", ""state"": ""closed""}, {""category_id"": ""white_cup"", ""category_name"": ""white cup"", ""instance"": ""B"", ""name"": ""white cup B"", ""object_id"": ""white_cup_b"", ""orientation"": ""right_side_up"", ""state"": ""open""}, {""category_id"": ""brown_cup"", ""category_name"": ""brown cup"", ""instance"": ""A"", ""name"": ""brown cup A"", ""object_id"": ""brown_cup_a"", ""orientation"": ""right_side_up"", ""state"": ""closed""}]",4,,,,,,,open,right_side_up,open_right_side_up,open_right_side_up,seen,,semantic_reasoning,state_recognition.open_right_side_up.3,Move the open yellow-white striped cup that is right-side-up into the bowl.,2,train,[]
v1,justintiensmith/MT_State_Recognition_200:093,justintiensmith/MT_State_Recognition_200,168e12e735da9ad62716dca89cff660b53082cc3,93,Put a yellow-white striped cup in the bowl.,555,state_recognition,16,recovery,yellow_white_striped_cup_b,yellow-white striped cup B,yellow-white striped cup,[],"[""yellow_white_striped_cup_b"", ""glass_spice_container_b"", ""white_cup_b"", ""brown_cup_a""]","[{""category_id"": ""yellow_white_striped_cup"", ""category_name"": ""yellow-white striped cup"", ""instance"": ""B"", ""name"": ""yellow-white striped cup B"", ""object_id"": ""yellow_white_striped_cup_b"", ""orientation"": ""right_side_up"", ""state"": ""closed""}, {""category_id"": ""glass_spice_container"", ""category_name"": ""glass spice container"", ""instance"": ""B"", ""name"": ""glass spice container B"", ""object_id"": ""glass_spice_container_b"", ""orientation"": ""upside_down"", ""state"": ""open""}, {""category_id"": ""white_cup"", ""category_name"": ""white cup"", ""instance"": ""B"", ""name"": ""white cup B"", ""object_id"": ""white_cup_b"", ""orientation"": ""upside_down"", ""state"": ""closed""}, {""category_id"": ""brown_cup"", ""category_name"": ""brown cup"", ""instance"": ""A"", ""name"": ""brown cup A"", ""object_id"": ""brown_cup_a"", ""orientation"": ""upside_down"", ""state"": ""open""}]",4,,,,,,,closed,right_side_up,closed_right_side_up,closed_right_side_up,seen,,semantic_reasoning,state_recognition.closed_right_side_up.1,"Put the closed, right-side-up yellow-white striped cup in the bowl.",3,train,[]
v1,justintiensmith/MT_State_Recognition_200:094,justintiensmith/MT_State_Recognition_200,168e12e735da9ad62716dca89cff660b53082cc3,94,Put a yellow-white striped cup in the bowl.,564,state_recognition,16,home,yellow_white_striped_cup_a,yellow-white striped cup A,yellow-white striped cup,[],"[""yellow_white_striped_cup_a"", ""yellow_white_striped_cup_b"", ""glass_spice_container_b""]","[{""category_id"": ""yellow_white_striped_cup"", ""category_name"": ""yellow-white striped cup"", ""instance"": ""A"", ""name"": ""yellow-white striped cup A"", ""object_id"": ""yellow_white_striped_cup_a"", ""orientation"": ""upside_down"", ""state"": ""open""}, {""category_id"": ""yellow_white_striped_cup"", ""category_name"": ""yellow-white striped cup"", ""instance"": ""B"", ""name"": ""yellow-white striped cup B"", ""object_id"": ""yellow_white_striped_cup_b"", ""orientation"": ""right_side_up"", ""state"": ""open""}, {""category_id"": ""glass_spice_container"", ""category_name"": ""glass spice container"", ""instance"": ""B"", ""name"": ""glass spice container B"", ""object_id"": ""glass_spice_container_b"", ""orientation"": ""upside_down"", ""state"": ""closed""}]",3,,,,,,,open,upside_down,open_upside_down,open_upside_down,seen,,semantic_reasoning,state_recognition.open_upside_down.2,"Pick up the yellow-white striped cup that is open and upside-down, then place it in the bowl.",4,train,[]
v1,justintiensmith/MT_State_Recognition_200:095,justintiensmith/MT_State_Recognition_200,168e12e735da9ad62716dca89cff660b53082cc3,95,Put a yellow-white striped cup in the bowl.,459,state_recognition,16,home,yellow_white_striped_cup_b,yellow-white striped cup B,yellow-white striped cup,[],"[""yellow_white_striped_cup_b"", ""white_cup_b"", ""brown_cup_a"", ""glass_spice_container_a""]","[{""category_id"": ""yellow_white_striped_cup"", ""category_name"": ""yellow-white striped cup"", ""instance"": ""B"", ""name"": ""yellow-white striped cup B"", ""object_id"": ""yellow_white_striped_cup_b"", ""orientation"": ""upside_down"", ""state"": ""closed""}, {""category_id"": ""white_cup"", ""category_name"": ""white cup"", ""instance"": ""B"", ""name"": ""white cup B"", ""object_id"": ""white_cup_b"", ""orientation"": ""right_side_up"", ""state"": ""closed""}, {""category_id"": ""brown_cup"", ""category_name"": ""brown cup"", ""instance"": ""A"", ""name"": ""brown cup A"", ""object_id"": ""brown_cup_a"", ""orientation"": ""right_side_up"", ""state"": ""open""}, {""category_id"": ""glass_spice_container"", ""category_name"": ""glass spice container"", ""instance"": ""A"", ""name"": ""glass spice container A"", ""object_id"": ""glass_spice_container_a"", ""orientation"": ""right_side_up"", ""state"": ""closed""}]",4,,,,,,,closed,upside_down,closed_upside_down,upside_down,held_out,withhold closed+upside-down state conjunction,semantic_partial,state_recognition.upside_down.1,Put the upside-down yellow-white striped cup in the bowl.,5,train,[]
v1,justintiensmith/MT_State_Recognition_200:096,justintiensmith/MT_State_Recognition_200,168e12e735da9ad62716dca89cff660b53082cc3,96,Put a yellow-white striped cup in the bowl.,485,state_recognition,16,recovery,yellow_white_striped_cup_a,yellow-white striped cup A,yellow-white striped cup,[],"[""yellow_white_striped_cup_a"", ""yellow_white_striped_cup_b"", ""brown_cup_b""]","[{""category_id"": ""yellow_white_striped_cup"", ""category_name"": ""yellow-white striped cup"", ""instance"": ""A"", ""name"": ""yellow-white striped cup A"", ""object_id"": ""yellow_white_striped_cup_a"", ""orientation"": ""right_side_up"", ""state"": ""open""}, {""category_id"": ""yellow_white_striped_cup"", ""category_name"": ""yellow-white striped cup"", ""instance"": ""B"", ""name"": ""yellow-white striped cup B"", ""object_id"": ""yellow_white_striped_cup_b"", ""orientation"": ""upside_down"", ""state"": ""closed""}, {""category_id"": ""brown_cup"", ""category_name"": ""brown cup"", ""instance"": ""B"", ""name"": ""brown cup B"", ""object_id"": ""brown_cup_b"", ""orientation"": ""upside_down"", ""state"": ""open""}]",3,,,,,,,open,right_side_up,open_right_side_up,open_right_side_up,seen,,semantic_reasoning,state_recognition.open_right_side_up.3,Move the open yellow-white striped cup that is right-side-up into the bowl.,6,train,[]
v1,justintiensmith/MT_State_Recognition_200:097,justintiensmith/MT_State_Recognition_200,168e12e735da9ad62716dca89cff660b53082cc3,97,Put a yellow-white striped cup in the bowl.,474,state_recognition,16,home,yellow_white_striped_cup_b,yellow-white striped cup B,yellow-white striped cup,[],"[""yellow_white_striped_cup_b"", ""yellow_white_striped_cup_a"", ""glass_spice_container_a""]","[{""category_id"": ""yellow_white_striped_cup"", ""category_name"": ""yellow-white striped cup"", ""instance"": ""B"", ""name"": ""yellow-white striped cup B"", ""object_id"": ""yellow_white_striped_cup_b"", ""orientation"": ""right_side_up"", ""state"": ""closed""}, {""category_id"": ""yellow_white_striped_cup"", ""category_name"": ""yellow-white striped cup"", ""instance"": ""A"", ""name"": ""yellow-white striped cup A"", ""object_id"": ""yellow_white_striped_cup_a"", ""orientation"": ""upside_down"", ""state"": ""closed""}, {""category_id"": ""glass_spice_container"", ""category_name"": ""glass spice container"", ""instance"": ""A"", ""name"": ""glass spice container A"", ""object_id"": ""glass_spice_container_a"", ""orientation"": ""right_side_up"", ""state"": ""closed""}]",3,,,,,,,closed,right_side_up,closed_right_side_up,closed_right_side_up,seen,,semantic_reasoning,state_recognition.closed_right_side_up.3,Move the closed yellow-white striped cup that is right-side-up into the bowl.,7,train,[]
v1,justintiensmith/MT_State_Recognition_200:098,justintiensmith/MT_State_Recognition_200,168e12e735da9ad62716dca89cff660b53082cc3,98,Put a yellow-white striped cup in the bowl.,487,state_recognition,16,home,yellow_white_striped_cup_a,yellow-white striped cup A,yellow-white striped cup,[],"[""yellow_white_striped_cup_a"", ""brown_cup_a"", ""glass_spice_container_a"", ""white_cup_a""]","[{""category_id"": ""yellow_white_striped_cup"", ""category_name"": ""yellow-white striped cup"", ""instance"": ""A"", ""name"": ""yellow-white striped cup A"", ""object_id"": ""yellow_white_striped_cup_a"", ""orientation"": ""upside_down"", ""state"": ""open""}, {""category_id"": ""brown_cup"", ""category_name"": ""brown cup"", ""instance"": ""A"", ""name"": ""brown cup A"", ""object_id"": ""brown_cup_a"", ""orientation"": ""right_side_up"", ""state"": ""closed""}, {""category_id"": ""glass_spice_container"", ""category_name"": ""glass spice container"", ""instance"": ""A"", ""name"": ""glass spice container A"", ""object_id"": ""glass_spice_container_a"", ""orientation"": ""right_side_up"", ""state"": ""open""}, {""category_id"": ""white_cup"", ""category_name"": ""white cup"", ""instance"": ""A"", ""name"": ""white cup A"", ""object_id"": ""white_cup_a"", ""orientation"": ""right_side_up"", ""state"": ""closed""}]",4,,,,,,,open,upside_down,open_upside_down,open_upside_down,seen,,semantic_reasoning,state_recognition.open_upside_down.1,"Put the open, upside-down yellow-white striped cup in the bowl.",8,train,[]
v1,justintiensmith/MT_State_Recognition_200:099,justintiensmith/MT_State_Recognition_200,168e12e735da9ad62716dca89cff660b53082cc3,99,Put a yellow-white striped cup in the bowl.,557,state_recognition,16,home,yellow_white_striped_cup_b,yellow-white striped cup B,yellow-white striped cup,[],"[""yellow_white_striped_cup_b"", ""yellow_white_striped_cup_a"", ""brown_cup_a""]","[{""category_id"": ""yellow_white_striped_cup"", ""category_name"": ""yellow-white striped cup"", ""instance"": ""B"", ""name"": ""yellow-white striped cup B"", ""object_id"": ""yellow_white_striped_cup_b"", ""orientation"": ""upside_down"", ""state"": ""closed""}, {""category_id"": ""yellow_white_striped_cup"", ""category_name"": ""yellow-white striped cup"", ""instance"": ""A"", ""name"": ""yellow-white striped cup A"", ""object_id"": ""yellow_white_striped_cup_a"", ""orientation"": ""right_side_up"", ""state"": ""open""}, {""category_id"": ""brown_cup"", ""category_name"": ""brown cup"", ""instance"": ""A"", ""name"": ""brown cup A"", ""object_id"": ""brown_cup_a"", ""orientation"": ""upside_down"", ""state"": ""open""}]",3,,,,,,,closed,upside_down,closed_upside_down,closed,held_out,withhold closed+upside-down state conjunction,semantic_partial,state_recognition.closed.2,Pick up the yellow-white striped cup that is closed and place it in the bowl.,9,train,[]
v1,justintiensmith/MT_State_Recognition_200:100,justintiensmith/MT_State_Recognition_200,168e12e735da9ad62716dca89cff660b53082cc3,100,Put a brown cup in the bowl.,408,state_recognition,16,home,brown_cup_b,brown cup B,brown cup,[],"[""brown_cup_b"", ""brown_cup_a"", ""yellow_white_striped_cup_a""]","[{""category_id"": ""brown_cup"", ""category_name"": ""brown cup"", ""instance"": ""B"", ""name"": ""brown cup B"", ""object_id"": ""brown_cup_b"", ""orientation"": ""right_side_up"", ""state"": ""closed""}, {""category_id"": ""brown_cup"", ""category_name"": ""brown cup"", ""instance"": ""A"", ""name"": ""brown cup A"", ""object_id"": ""brown_cup_a"", ""orientation"": ""right_side_up"", ""state"": ""open""}, {""category_id"": ""yellow_white_striped_cup"", ""category_name"": ""yellow-white striped cup"", ""instance"": ""A"", ""name"": ""yellow-white striped cup A"", ""object_id"": ""yellow_white_striped_cup_a"", ""orientation"": ""right_side_up"", ""state"": ""closed""}]",3,,,,,,,closed,right_side_up,closed_right_side_up,closed_right_side_up,seen,,semantic_reasoning,state_recognition.closed_right_side_up.2,"Pick up the brown cup that is closed and right-side-up, then place it in the bowl.",0,train,[]
v1,justintiensmith/MT_State_Recognition_200:101,justintiensmith/MT_State_Recognition_200,168e12e735da9ad62716dca89cff660b53082cc3,101,Put a brown cup in the bowl.,346,state_recognition,17,home,brown_cup_a,brown cup A,brown cup,[],"[""brown_cup_a"", ""brown_cup_b"", ""glass_spice_container_b"", ""white_cup_a""]","[{""category_id"": ""brown_cup"", ""category_name"": ""brown cup"", ""instance"": ""A"", ""name"": ""brown cup A"", ""object_id"": ""brown_cup_a"", ""orientation"": ""right_side_up"", ""state"": ""open""}, {""category_id"": ""brown_cup"", ""category_name"": ""brown cup"", ""instance"": ""B"", ""name"": ""brown cup B"", ""object_id"": ""brown_cup_b"", ""orientation"": ""right_side_up"", ""state"": ""closed""}, {""category_id"": ""glass_spice_container"", ""category_name"": ""glass spice container"", ""instance"": ""B"", ""name"": ""glass spice container B"", ""object_id"": ""glass_spice_container_b"", ""orientation"": ""right_side_up"", ""state"": ""open""}, {""category_id"": ""white_cup"", ""category_name"": ""white cup"", ""instance"": ""A"", ""name"": ""white cup A"", ""object_id"": ""white_cup_a"", ""orientation"": ""right_side_up"", ""state"": ""closed""}]",4,,,,,,,open,right_side_up,open_right_side_up,open_right_side_up,seen,,semantic_reasoning,state_recognition.open_right_side_up.3,Move the open brown cup that is right-side-up into the bowl.,1,train,[]
v1,justintiensmith/MT_State_Recognition_200:102,justintiensmith/MT_State_Recognition_200,168e12e735da9ad62716dca89cff660b53082cc3,102,Put a brown cup in the bowl.,435,state_recognition,17,home,brown_cup_a,brown cup A,brown cup,[],"[""brown_cup_a"", ""white_cup_b"", ""yellow_white_striped_cup_b""]","[{""category_id"": ""brown_cup"", ""category_name"": ""brown cup"", ""instance"": ""A"", ""name"": ""brown cup A"", ""object_id"": ""brown_cup_a"", ""orientation"": ""right_side_up"", ""state"": ""closed""}, {""category_id"": ""white_cup"", ""category_name"": ""white cup"", ""instance"": ""B"", ""name"": ""white cup B"", ""object_id"": ""white_cup_b"", ""orientation"": ""right_side_up"", ""state"": ""open""}, {""category_id"": ""yellow_white_striped_cup"", ""category_name"": ""yellow-white striped cup"", ""instance"": ""B"", ""name"": ""yellow-white striped cup B"", ""object_id"": ""yellow_white_striped_cup_b"", ""orientation"": ""right_side_up"", ""state"": ""open""}]",3,,,,,,,closed,right_side_up,closed_right_side_up,closed_right_side_up,seen,,semantic_reasoning,state_recognition.closed_right_side_up.2,"Pick up the brown cup that is closed and right-side-up, then place it in the bowl.",2,train,[]
v1,justintiensmith/MT_State_Recognition_200:103,justintiensmith/MT_State_Recognition_200,168e12e735da9ad62716dca89cff660b53082cc3,103,Put a brown cup in the bowl.,591,state_recognition,17,home,brown_cup_b,brown cup B,brown cup,[],"[""brown_cup_b"", ""brown_cup_a"", ""yellow_white_striped_cup_b"", ""glass_spice_container_a""]","[{""category_id"": ""brown_cup"", ""category_name"": ""brown cup"", ""instance"": ""B"", ""name"": ""brown cup B"", ""object_id"": ""brown_cup_b"", ""orientation"": ""right_side_up"", ""state"": ""closed""}, {""category_id"": ""brown_cup"", ""category_name"": ""brown cup"", ""instance"": ""A"", ""name"": ""brown cup A"", ""object_id"": ""brown_cup_a"", ""orientation"": ""right_side_up"", ""state"": ""open""}, {""category_id"": ""yellow_white_striped_cup"", ""category_name"": ""yellow-white striped cup"", ""instance"": ""B"", ""name"": ""yellow-white striped cup B"", ""object_id"": ""yellow_white_striped_cup_b"", ""orientation"": ""right_side_up"", ""state"": ""closed""}, {""category_id"": ""glass_spice_container"", ""category_name"": ""glass spice container"", ""instance"": ""A"", ""name"": ""glass spice container A"", ""object_id"": ""glass_spice_container_a"", ""orientation"": ""right_side_up"", ""state"": ""open""}]",4,,,,,,,closed,right_side_up,closed_right_side_up,closed_right_side_up,seen,,semantic_reasoning,state_recognition.closed_right_side_up.2,"Pick up the brown cup that is closed and right-side-up, then place it in the bowl.",3,train,[]
v1,justintiensmith/MT_State_Recognition_200:104,justintiensmith/MT_State_Recognition_200,168e12e735da9ad62716dca89cff660b53082cc3,104,Put a brown cup in the bowl.,441,state_recognition,17,recovery,brown_cup_b,brown cup B,brown cup,[],"[""brown_cup_b"", ""brown_cup_a"", ""glass_spice_container_a""]","[{""category_id"": ""brown_cup"", ""category_name"": ""brown cup"", ""instance"": ""B"", ""name"": ""brown cup B"", ""object_id"": ""brown_cup_b"", ""orientation"": ""right_side_up"", ""state"": ""open""}, {""category_id"": ""brown_cup"", ""category_name"": ""brown cup"", ""instance"": ""A"", ""name"": ""brown cup A"", ""object_id"": ""brown_cup_a"", ""orientation"": ""right_side_up"", ""state"": ""closed""}, {""category_id"": ""glass_spice_container"", ""category_name"": ""glass spice container"", ""instance"": ""A"", ""name"": ""glass spice container A"", ""object_id"": ""glass_spice_container_a"", ""orientation"": ""right_side_up"", ""state"": ""open""}]",3,,,,,,,open,right_side_up,open_right_side_up,open_right_side_up,seen,,semantic_reasoning,state_recognition.open_right_side_up.1,"Put the open, right-side-up brown cup in the bowl.",4,train,[]
v1,justintiensmith/MT_State_Recognition_200:105,justintiensmith/MT_State_Recognition_200,168e12e735da9ad62716dca89cff660b53082cc3,105,Put a brown cup in the bowl.,467,state_recognition,17,recovery,brown_cup_a,brown cup A,brown cup,[],"[""brown_cup_a"", ""yellow_white_striped_cup_b"", ""glass_spice_container_a"", ""white_cup_a""]","[{""category_id"": ""brown_cup"", ""category_name"": ""brown cup"", ""instance"": ""A"", ""name"": ""brown cup A"", ""object_id"": ""brown_cup_a"", ""orientation"": ""right_side_up"", ""state"": ""closed""}, {""category_id"": ""yellow_white_striped_cup"", ""category_name"": ""yellow-white striped cup"", ""instance"": ""B"", ""name"": ""yellow-white striped cup B"", ""object_id"": ""yellow_white_striped_cup_b"", ""orientation"": ""right_side_up"", ""state"": ""open""}, {""category_id"": ""glass_spice_container"", ""category_name"": ""glass spice container"", ""instance"": ""A"", ""name"": ""glass spice container A"", ""object_id"": ""glass_spice_container_a"", ""orientation"": ""right_side_up"", ""state"": ""open""}, {""category_id"": ""white_cup"", ""category_name"": ""white cup"", ""instance"": ""A"", ""name"": ""white cup A"", ""object_id"": ""white_cup_a"", ""orientation"": ""right_side_up"", ""state"": ""open""}]",4,,,,,,,closed,right_side_up,closed_right_side_up,closed_right_side_up,seen,,semantic_reasoning,state_recognition.closed_right_side_up.3,Move the closed brown cup that is right-side-up into the bowl.,5,train,[]
v1,justintiensmith/MT_State_Recognition_200:106,justintiensmith/MT_State_Recognition_200,168e12e735da9ad62716dca89cff660b53082cc3,106,Put a brown cup in the bowl.,462,state_recognition,17,home,brown_cup_b,brown cup B,brown cup,[],"[""brown_cup_b"", ""brown_cup_a"", ""yellow_white_striped_cup_a""]","[{""category_id"": ""brown_cup"", ""category_name"": ""brown cup"", ""instance"": ""B"", ""name"": ""brown cup B"", ""object_id"": ""brown_cup_b"", ""orientation"": ""right_side_up"", ""state"": ""open""}, {""category_id"": ""brown_cup"", ""category_name"": ""brown cup"", ""instance"": ""A"", ""name"": ""brown cup A"", ""object_id"": ""brown_cup_a"", ""orientation"": ""right_side_up"", ""state"": ""closed""}, {""category_id"": ""yellow_white_striped_cup"", ""category_name"": ""yellow-white striped cup"", ""instance"": ""A"", ""name"": ""yellow-white striped cup A"", ""object_id"": ""yellow_white_striped_cup_a"", ""orientation"": ""right_side_up"", ""state"": ""open""}]",3,,,,,,,open,right_side_up,open_right_side_up,open_right_side_up,seen,,semantic_reasoning,state_recognition.open_right_side_up.1,"Put the open, right-side-up brown cup in the bowl.",6,train,[]
v1,justintiensmith/MT_State_Recognition_200:107,justintiensmith/MT_State_Recognition_200,168e12e735da9ad62716dca89cff660b53082cc3,107,Put a brown cup in the bowl.,527,state_recognition,17,home,brown_cup_a,brown cup A,brown cup,[],"[""brown_cup_a"", ""brown_cup_b"", ""glass_spice_container_b""]","[{""category_id"": ""brown_cup"", ""category_name"": ""brown cup"", ""instance"": ""A"", ""name"": ""brown cup A"", ""object_id"": ""brown_cup_a"", ""orientation"": ""right_side_up"", ""state"": ""closed""}, {""category_id"": ""brown_cup"", ""category_name"": ""brown cup"", ""instance"": ""B"", ""name"": ""brown cup B"", ""object_id"": ""brown_cup_b"", ""orientation"": ""right_side_up"", ""state"": ""open""}, {""category_id"": ""glass_spice_container"", ""category_name"": ""glass spice container"", ""instance"": ""B"", ""name"": ""glass spice container B"", ""object_id"": ""glass_spice_container_b"", ""orientation"": ""right_side_up"", ""state"": ""open""}]",3,,,,,,,closed,right_side_up,closed_right_side_up,closed_right_side_up,seen,,semantic_reasoning,state_recognition.closed_right_side_up.2,"Pick up the brown cup that is closed and right-side-up, then place it in the bowl.",7,train,[]
v1,justintiensmith/MT_State_Recognition_200:108,justintiensmith/MT_State_Recognition_200,168e12e735da9ad62716dca89cff660b53082cc3,108,Put a brown cup in the bowl.,465,state_recognition,17,home,brown_cup_b,brown cup B,brown cup,[],"[""brown_cup_b"", ""glass_spice_container_a"", ""white_cup_a"", ""yellow_white_striped_cup_a""]","[{""category_id"": ""brown_cup"", ""category_name"": ""brown cup"", ""instance"": ""B"", ""name"": ""brown cup B"", ""object_id"": ""brown_cup_b"", ""orientation"": ""right_side_up"", ""state"": ""open""}, {""category_id"": ""glass_spice_container"", ""category_name"": ""glass spice container"", ""instance"": ""A"", ""name"": ""glass spice container A"", ""object_id"": ""glass_spice_container_a"", ""orientation"": ""right_side_up"", ""state"": ""closed""}, {""category_id"": ""white_cup"", ""category_name"": ""white cup"", ""instance"": ""A"", ""name"": ""white cup A"", ""object_id"": ""white_cup_a"", ""orientation"": ""right_side_up"", ""state"": ""closed""}, {""category_id"": ""yellow_white_striped_cup"", ""category_name"": ""yellow-white striped cup"", ""instance"": ""A"", ""name"": ""yellow-white striped cup A"", ""object_id"": ""yellow_white_striped_cup_a"", ""orientation"": ""right_side_up"", ""state"": ""closed""}]",4,,,,,,,open,right_side_up,open_right_side_up,open_right_side_up,seen,,semantic_reasoning,state_recognition.open_right_side_up.1,"Put the open, right-side-up brown cup in the bowl.",8,train,[]
v1,justintiensmith/MT_State_Recognition_200:109,justintiensmith/MT_State_Recognition_200,168e12e735da9ad62716dca89cff660b53082cc3,109,Pick up the brown cup and place it into the bowl.,384,state_recognition,17,home,brown_cup_b,brown cup B,brown cup,[],"[""brown_cup_b"", ""brown_cup_a"", ""yellow_white_striped_cup_a""]","[{""category_id"": ""brown_cup"", ""category_name"": ""brown cup"", ""instance"": ""B"", ""name"": ""brown cup B"", ""object_id"": ""brown_cup_b"", ""orientation"": ""right_side_up"", ""state"": ""open""}, {""category_id"": ""brown_cup"", ""category_name"": ""brown cup"", ""instance"": ""A"", ""name"": ""brown cup A"", ""object_id"": ""brown_cup_a"", ""orientation"": ""right_side_up"", ""state"": ""closed""}, {""category_id"": ""yellow_white_striped_cup"", ""category_name"": ""yellow-white striped cup"", ""instance"": ""A"", ""name"": ""yellow-white striped cup A"", ""object_id"": ""yellow_white_striped_cup_a"", ""orientation"": ""right_side_up"", ""state"": ""open""}]",3,,,,,,,open,right_side_up,open_right_side_up,open_right_side_up,seen,,semantic_reasoning,state_recognition.open_right_side_up.3,Move the open brown cup that is right-side-up into the bowl.,9,train,[]
v1,justintiensmith/MT_State_Recognition_200:110,justintiensmith/MT_State_Recognition_200,168e12e735da9ad62716dca89cff660b53082cc3,110,Pick up the brown cup and place it into the bowl.,381,state_recognition,17,home,brown_cup_a,brown cup A,brown cup,[],"[""brown_cup_a"", ""brown_cup_b"", ""glass_spice_container_b"", ""white_cup_a""]","[{""category_id"": ""brown_cup"", ""category_name"": ""brown cup"", ""instance"": ""A"", ""name"": ""brown cup A"", ""object_id"": ""brown_cup_a"", ""orientation"": ""right_side_up"", ""state"": ""closed""}, {""category_id"": ""brown_cup"", ""category_name"": ""brown cup"", ""instance"": ""B"", ""name"": ""brown cup B"", ""object_id"": ""brown_cup_b"", ""orientation"": ""right_side_up"", ""state"": ""open""}, {""category_id"": ""glass_spice_container"", ""category_name"": ""glass spice container"", ""instance"": ""B"", ""name"": ""glass spice container B"", ""object_id"": ""glass_spice_container_b"", ""orientation"": ""right_side_up"", ""state"": ""open""}, {""category_id"": ""white_cup"", ""category_name"": ""white cup"", ""instance"": ""A"", ""name"": ""white cup A"", ""object_id"": ""white_cup_a"", ""orientation"": ""right_side_up"", ""state"": ""open""}]",4,,,,,,,closed,right_side_up,closed_right_side_up,closed_right_side_up,seen,,semantic_reasoning,state_recognition.closed_right_side_up.1,"Put the closed, right-side-up brown cup in the bowl.",0,train,[]
v1,justintiensmith/MT_State_Recognition_200:111,justintiensmith/MT_State_Recognition_200,168e12e735da9ad62716dca89cff660b53082cc3,111,Pick up the brown cup and place it into the bowl.,328,state_recognition,17,home,brown_cup_a,brown cup A,brown cup,[],"[""brown_cup_a"", ""brown_cup_b"", ""white_cup_a""]","[{""category_id"": ""brown_cup"", ""category_name"": ""brown cup"", ""instance"": ""A"", ""name"": ""brown cup A"", ""object_id"": ""brown_cup_a"", ""orientation"": ""right_side_up"", ""state"": ""open""}, {""category_id"": ""brown_cup"", ""category_name"": ""brown cup"", ""instance"": ""B"", ""name"": ""brown cup B"", ""object_id"": ""brown_cup_b"", ""orientation"": ""right_side_up"", ""state"": ""closed""}, {""category_id"": ""white_cup"", ""category_name"": ""white cup"", ""instance"": ""A"", ""name"": ""white cup A"", ""object_id"": ""white_cup_a"", ""orientation"": ""right_side_up"", ""state"": ""open""}]",3,,,,,,,open,right_side_up,open_right_side_up,open_right_side_up,seen,,semantic_reasoning,state_recognition.open_right_side_up.3,Move the open brown cup that is right-side-up into the bowl.,1,train,[]
v1,justintiensmith/MT_State_Recognition_200:112,justintiensmith/MT_State_Recognition_200,168e12e735da9ad62716dca89cff660b53082cc3,112,Pick up the brown cup and place it into the bowl.,379,state_recognition,17,home,brown_cup_b,brown cup B,brown cup,[],"[""brown_cup_b"", ""white_cup_a"", ""yellow_white_striped_cup_a"", ""glass_spice_container_b""]","[{""category_id"": ""brown_cup"", ""category_name"": ""brown cup"", ""instance"": ""B"", ""name"": ""brown cup B"", ""object_id"": ""brown_cup_b"", ""orientation"": ""right_side_up"", ""state"": ""open""}, {""category_id"": ""white_cup"", ""category_name"": ""white cup"", ""instance"": ""A"", ""name"": ""white cup A"", ""object_id"": ""white_cup_a"", ""orientation"": ""right_side_up"", ""state"": ""closed""}, {""category_id"": ""yellow_white_striped_cup"", ""category_name"": ""yellow-white striped cup"", ""instance"": ""A"", ""name"": ""yellow-white striped cup A"", ""object_id"": ""yellow_white_striped_cup_a"", ""orientation"": ""right_side_up"", ""state"": ""closed""}, {""category_id"": ""glass_spice_container"", ""category_name"": ""glass spice container"", ""instance"": ""B"", ""name"": ""glass spice container B"", ""object_id"": ""glass_spice_container_b"", ""orientation"": ""right_side_up"", ""state"": ""closed""}]",4,,,,,,,open,right_side_up,open_right_side_up,open_right_side_up,seen,,semantic_reasoning,state_recognition.open_right_side_up.2,"Pick up the brown cup that is open and right-side-up, then place it in the bowl.",2,train,[]
v1,justintiensmith/MT_State_Recognition_200:113,justintiensmith/MT_State_Recognition_200,168e12e735da9ad62716dca89cff660b53082cc3,113,Pick up the brown cup and place it into the bowl.,333,state_recognition,17,home,brown_cup_a,brown cup A,brown cup,[],"[""brown_cup_a"", ""brown_cup_b"", ""glass_spice_container_a""]","[{""category_id"": ""brown_cup"", ""category_name"": ""brown cup"", ""instance"": ""A"", ""name"": ""brown cup A"", ""object_id"": ""brown_cup_a"", ""orientation"": ""right_side_up"", ""state"": ""closed""}, {""category_id"": ""brown_cup"", ""category_name"": ""brown cup"", ""instance"": ""B"", ""name"": ""brown cup B"", ""object_id"": ""brown_cup_b"", ""orientation"": ""right_side_up"", ""state"": ""open""}, {""category_id"": ""glass_spice_container"", ""category_name"": ""glass spice container"", ""instance"": ""A"", ""name"": ""glass spice container A"", ""object_id"": ""glass_spice_container_a"", ""orientation"": ""right_side_up"", ""state"": ""closed""}]",3,,,,,,,closed,right_side_up,closed_right_side_up,closed_right_side_up,seen,,semantic_reasoning,state_recognition.closed_right_side_up.2,"Pick up the brown cup that is closed and right-side-up, then place it in the bowl.",3,train,[]
v1,justintiensmith/MT_State_Recognition_200:114,justintiensmith/MT_State_Recognition_200,168e12e735da9ad62716dca89cff660b53082cc3,114,Pick up the brown cup and place it into the bowl.,339,state_recognition,17,recovery,brown_cup_b,brown cup B,brown cup,[],"[""brown_cup_b"", ""yellow_white_striped_cup_a"", ""glass_spice_container_b""]","[{""category_id"": ""brown_cup"", ""category_name"": ""brown cup"", ""instance"": ""B"", ""name"": ""brown cup B"", ""object_id"": ""brown_cup_b"", ""orientation"": ""right_side_up"", ""state"": ""open""}, {""category_id"": ""yellow_white_striped_cup"", ""category_name"": ""yellow-white striped cup"", ""instance"": ""A"", ""name"": ""yellow-white striped cup A"", ""object_id"": ""yellow_white_striped_cup_a"", ""orientation"": ""right_side_up"", ""state"": ""closed""}, {""category_id"": ""glass_spice_container"", ""category_name"": ""glass spice container"", ""instance"": ""B"", ""name"": ""glass spice container B"", ""object_id"": ""glass_spice_container_b"", ""orientation"": ""right_side_up"", ""state"": ""closed""}]",3,,,,,,,open,right_side_up,open_right_side_up,open_right_side_up,seen,,semantic_reasoning,state_recognition.open_right_side_up.3,Move the open brown cup that is right-side-up into the bowl.,4,train,[]
v1,justintiensmith/MT_State_Recognition_200:115,justintiensmith/MT_State_Recognition_200,168e12e735da9ad62716dca89cff660b53082cc3,115,Pick up the brown cup and place it into the bowl.,366,state_recognition,17,home,brown_cup_a,brown cup A,brown cup,[],"[""brown_cup_a"", ""brown_cup_b"", ""yellow_white_striped_cup_a"", ""glass_spice_container_b""]","[{""category_id"": ""brown_cup"", ""category_name"": ""brown cup"", ""instance"": ""A"", ""name"": ""brown cup A"", ""object_id"": ""brown_cup_a"", ""orientation"": ""right_side_up"", ""state"": ""open""}, {""category_id"": ""brown_cup"", ""category_name"": ""brown cup"", ""instance"": ""B"", ""name"": ""brown cup B"", ""object_id"": ""brown_cup_b"", ""orientation"": ""right_side_up"", ""state"": ""closed""}, {""category_id"": ""yellow_white_striped_cup"", ""category_name"": ""yellow-white striped cup"", ""instance"": ""A"", ""name"": ""yellow-white striped cup A"", ""object_id"": ""yellow_white_striped_cup_a"", ""orientation"": ""right_side_up"", ""state"": ""closed""}, {""category_id"": ""glass_spice_container"", ""category_name"": ""glass spice container"", ""instance"": ""B"", ""name"": ""glass spice container B"", ""object_id"": ""glass_spice_container_b"", ""orientation"": ""right_side_up"", ""state"": ""closed""}]",4,,,,,,,open,right_side_up,open_right_side_up,open_right_side_up,seen,,semantic_reasoning,state_recognition.open_right_side_up.2,"Pick up the brown cup that is open and right-side-up, then place it in the bowl.",5,train,[]
v1,justintiensmith/MT_State_Recognition_200:116,justintiensmith/MT_State_Recognition_200,168e12e735da9ad62716dca89cff660b53082cc3,116,Pick up the brown cup and place it into the bowl.,364,state_recognition,17,home,brown_cup_a,brown cup A,brown cup,[],"[""brown_cup_a"", ""brown_cup_b"", ""glass_spice_container_b"", ""white_cup_a""]","[{""category_id"": ""brown_cup"", ""category_name"": ""brown cup"", ""instance"": ""A"", ""name"": ""brown cup A"", ""object_id"": ""brown_cup_a"", ""orientation"": ""right_side_up"", ""state"": ""closed""}, {""category_id"": ""brown_cup"", ""category_name"": ""brown cup"", ""instance"": ""B"", ""name"": ""brown cup B"", ""object_id"": ""brown_cup_b"", ""orientation"": ""right_side_up"", ""state"": ""open""}, {""category_id"": ""glass_spice_container"", ""category_name"": ""glass spice container"", ""instance"": ""B"", ""name"": ""glass spice container B"", ""object_id"": ""glass_spice_container_b"", ""orientation"": ""right_side_up"", ""state"": ""closed""}, {""category_id"": ""white_cup"", ""category_name"": ""white cup"", ""instance"": ""A"", ""name"": ""white cup A"", ""object_id"": ""white_cup_a"", ""orientation"": ""right_side_up"", ""state"": ""open""}]",4,,,,,,,closed,right_side_up,closed_right_side_up,closed_right_side_up,seen,,semantic_reasoning,state_recognition.closed_right_side_up.1,"Put the closed, right-side-up brown cup in the bowl.",6,train,[]
v1,justintiensmith/MT_State_Recognition_200:117,justintiensmith/MT_State_Recognition_200,168e12e735da9ad62716dca89cff660b53082cc3,117,Pick up the brown cup and place it into the bowl.,346,state_recognition,18,home,brown_cup_a,brown cup A,brown cup,[],"[""brown_cup_a"", ""brown_cup_b"", ""white_cup_a"", ""yellow_white_striped_cup_b""]","[{""category_id"": ""brown_cup"", ""category_name"": ""brown cup"", ""instance"": ""A"", ""name"": ""brown cup A"", ""object_id"": ""brown_cup_a"", ""orientation"": ""right_side_up"", ""state"": ""open""}, {""category_id"": ""brown_cup"", ""category_name"": ""brown cup"", ""instance"": ""B"", ""name"": ""brown cup B"", ""object_id"": ""brown_cup_b"", ""orientation"": ""right_side_up"", ""state"": ""closed""}, {""category_id"": ""white_cup"", ""category_name"": ""white cup"", ""instance"": ""A"", ""name"": ""white cup A"", ""object_id"": ""white_cup_a"", ""orientation"": ""right_side_up"", ""state"": ""closed""}, {""category_id"": ""yellow_white_striped_cup"", ""category_name"": ""yellow-white striped cup"", ""instance"": ""B"", ""name"": ""yellow-white striped cup B"", ""object_id"": ""yellow_white_striped_cup_b"", ""orientation"": ""right_side_up"", ""state"": ""closed""}]",4,,,,,,,open,right_side_up,open_right_side_up,open_right_side_up,seen,,semantic_reasoning,state_recognition.open_right_side_up.1,"Put the open, right-side-up brown cup in the bowl.",7,train,[]
v1,justintiensmith/MT_State_Recognition_200:118,justintiensmith/MT_State_Recognition_200,168e12e735da9ad62716dca89cff660b53082cc3,118,Pick up the brown cup and place it into the bowl.,400,state_recognition,18,home,brown_cup_b,brown cup B,brown cup,[],"[""brown_cup_b"", ""brown_cup_a"", ""yellow_white_striped_cup_b""]","[{""category_id"": ""brown_cup"", ""category_name"": ""brown cup"", ""instance"": ""B"", ""name"": ""brown cup B"", ""object_id"": ""brown_cup_b"", ""orientation"": ""right_side_up"", ""state"": ""open""}, {""category_id"": ""brown_cup"", ""category_name"": ""brown cup"", ""instance"": ""A"", ""name"": ""brown cup A"", ""object_id"": ""brown_cup_a"", ""orientation"": ""right_side_up"", ""state"": ""closed""}, {""category_id"": ""yellow_white_striped_cup"", ""category_name"": ""yellow-white striped cup"", ""instance"": ""B"", ""name"": ""yellow-white striped cup B"", ""object_id"": ""yellow_white_striped_cup_b"", ""orientation"": ""right_side_up"", ""state"": ""open""}]",3,,,,,,,open,right_side_up,open_right_side_up,open_right_side_up,seen,,semantic_reasoning,state_recognition.open_right_side_up.2,"Pick up the brown cup that is open and right-side-up, then place it in the bowl.",8,train,[]
v1,justintiensmith/MT_State_Recognition_200:119,justintiensmith/MT_State_Recognition_200,168e12e735da9ad62716dca89cff660b53082cc3,119,Pick up the brown cup and place it into the bowl.,397,state_recognition,18,home,brown_cup_b,brown cup B,brown cup,[],"[""brown_cup_b"", ""glass_spice_container_b"", ""white_cup_b"", ""yellow_white_striped_cup_b""]","[{""category_id"": ""brown_cup"", ""category_name"": ""brown cup"", ""instance"": ""B"", ""name"": ""brown cup B"", ""object_id"": ""brown_cup_b"", ""orientation"": ""right_side_up"", ""state"": ""closed""}, {""category_id"": ""glass_spice_container"", ""category_name"": ""glass spice container"", ""instance"": ""B"", ""name"": ""glass spice container B"", ""object_id"": ""glass_spice_container_b"", ""orientation"": ""right_side_up"", ""state"": ""open""}, {""category_id"": ""white_cup"", ""category_name"": ""white cup"", ""instance"": ""B"", ""name"": ""white cup B"", ""object_id"": ""white_cup_b"", ""orientation"": ""right_side_up"", ""state"": ""open""}, {""category_id"": ""yellow_white_striped_cup"", ""category_name"": ""yellow-white striped cup"", ""instance"": ""B"", ""name"": ""yellow-white striped cup B"", ""object_id"": ""yellow_white_striped_cup_b"", ""orientation"": ""right_side_up"", ""state"": ""open""}]",4,,,,,,,closed,right_side_up,closed_right_side_up,closed_right_side_up,seen,,semantic_reasoning,state_recognition.closed_right_side_up.3,Move the closed brown cup that is right-side-up into the bowl.,9,train,[]
v1,justintiensmith/MT_State_Recognition_200:120,justintiensmith/MT_State_Recognition_200,168e12e735da9ad62716dca89cff660b53082cc3,120,Pick up the brown cup and place it into the bowl.,369,state_recognition,18,recovery,brown_cup_a,brown cup A,brown cup,[],"[""brown_cup_a"", ""brown_cup_b"", ""white_cup_b"", ""yellow_white_striped_cup_a""]","[{""category_id"": ""brown_cup"", ""category_name"": ""brown cup"", ""instance"": ""A"", ""name"": ""brown cup A"", ""object_id"": ""brown_cup_a"", ""orientation"": ""right_side_up"", ""state"": ""closed""}, {""category_id"": ""brown_cup"", ""category_name"": ""brown cup"", ""instance"": ""B"", ""name"": ""brown cup B"", ""object_id"": ""brown_cup_b"", ""orientation"": ""right_side_up"", ""state"": ""open""}, {""category_id"": ""white_cup"", ""category_name"": ""white cup"", ""instance"": ""B"", ""name"": ""white cup B"", ""object_id"": ""white_cup_b"", ""orientation"": ""right_side_up"", ""state"": ""closed""}, {""category_id"": ""yellow_white_striped_cup"", ""category_name"": ""yellow-white striped cup"", ""instance"": ""A"", ""name"": ""yellow-white striped cup A"", ""object_id"": ""yellow_white_striped_cup_a"", ""orientation"": ""right_side_up"", ""state"": ""open""}]",4,,,,,,,closed,right_side_up,closed_right_side_up,closed_right_side_up,seen,,semantic_reasoning,state_recognition.closed_right_side_up.1,"Put the closed, right-side-up brown cup in the bowl.",0,train,[]
v1,justintiensmith/MT_State_Recognition_200:121,justintiensmith/MT_State_Recognition_200,168e12e735da9ad62716dca89cff660b53082cc3,121,Pick up the brown cup and place it into the bowl.,368,state_recognition,18,home,brown_cup_b,brown cup B,brown cup,[],"[""brown_cup_b"", ""brown_cup_a"", ""yellow_white_striped_cup_a"", ""glass_spice_container_b""]","[{""category_id"": ""brown_cup"", ""category_name"": ""brown cup"", ""instance"": ""B"", ""name"": ""brown cup B"", ""object_id"": ""brown_cup_b"", ""orientation"": ""right_side_up"", ""state"": ""open""}, {""category_id"": ""brown_cup"", ""category_name"": ""brown cup"", ""instance"": ""A"", ""name"": ""brown cup A"", ""object_id"": ""brown_cup_a"", ""orientation"": ""right_side_up"", ""state"": ""closed""}, {""category_id"": ""yellow_white_striped_cup"", ""category_name"": ""yellow-white striped cup"", ""instance"": ""A"", ""name"": ""yellow-white striped cup A"", ""object_id"": ""yellow_white_striped_cup_a"", ""orientation"": ""right_side_up"", ""state"": ""closed""}, {""category_id"": ""glass_spice_container"", ""category_name"": ""glass spice container"", ""instance"": ""B"", ""name"": ""glass spice container B"", ""object_id"": ""glass_spice_container_b"", ""orientation"": ""right_side_up"", ""state"": ""closed""}]",4,,,,,,,open,right_side_up,open_right_side_up,open_right_side_up,seen,,semantic_reasoning,state_recognition.open_right_side_up.1,"Put the open, right-side-up brown cup in the bowl.",1,train,[]
v1,justintiensmith/MT_State_Recognition_200:122,justintiensmith/MT_State_Recognition_200,168e12e735da9ad62716dca89cff660b53082cc3,122,Pick up the brown cup and place it into the bowl.,400,state_recognition,18,home,brown_cup_a,brown cup A,brown cup,[],"[""brown_cup_a"", ""brown_cup_b"", ""white_cup_b""]","[{""category_id"": ""brown_cup"", ""category_name"": ""brown cup"", ""instance"": ""A"", ""name"": ""brown cup A"", ""object_id"": ""brown_cup_a"", ""orientation"": ""upside_down"", ""state"": ""closed""}, {""category_id"": ""brown_cup"", ""category_name"": ""brown cup"", ""instance"": ""B"", ""name"": ""brown cup B"", ""object_id"": ""brown_cup_b"", ""orientation"": ""right_side_up"", ""state"": ""open""}, {""category_id"": ""white_cup"", ""category_name"": ""white cup"", ""instance"": ""B"", ""name"": ""white cup B"", ""object_id"": ""white_cup_b"", ""orientation"": ""upside_down"", ""state"": ""open""}]",3,,,,,,,closed,upside_down,closed_upside_down,closed,held_out,withhold closed+upside-down state conjunction,semantic_partial,state_recognition.closed.1,Put the closed brown cup in the bowl.,2,train,[]
v1,justintiensmith/MT_State_Recognition_200:123,justintiensmith/MT_State_Recognition_200,168e12e735da9ad62716dca89cff660b53082cc3,123,Pick up the brown cup and place it into the bowl.,348,state_recognition,18,home,brown_cup_b,brown cup B,brown cup,[],"[""brown_cup_b"", ""yellow_white_striped_cup_a"", ""glass_spice_container_b""]","[{""category_id"": ""brown_cup"", ""category_name"": ""brown cup"", ""instance"": ""B"", ""name"": ""brown cup B"", ""object_id"": ""brown_cup_b"", ""orientation"": ""upside_down"", ""state"": ""open""}, {""category_id"": ""yellow_white_striped_cup"", ""category_name"": ""yellow-white striped cup"", ""instance"": ""A"", ""name"": ""yellow-white striped cup A"", ""object_id"": ""yellow_white_striped_cup_a"", ""orientation"": ""right_side_up"", ""state"": ""closed""}, {""category_id"": ""glass_spice_container"", ""category_name"": ""glass spice container"", ""instance"": ""B"", ""name"": ""glass spice container B"", ""object_id"": ""glass_spice_container_b"", ""orientation"": ""right_side_up"", ""state"": ""open""}]",3,,,,,,,open,upside_down,open_upside_down,open_upside_down,seen,,semantic_reasoning,state_recognition.open_upside_down.1,"Put the open, upside-down brown cup in the bowl.",3,train,[]
v1,justintiensmith/MT_State_Recognition_200:124,justintiensmith/MT_State_Recognition_200,168e12e735da9ad62716dca89cff660b53082cc3,124,Pick up the brown cup and place it into the bowl.,453,state_recognition,18,home,brown_cup_b,brown cup B,brown cup,[],"[""brown_cup_b"", ""brown_cup_a"", ""glass_spice_container_b""]","[{""category_id"": ""brown_cup"", ""category_name"": ""brown cup"", ""instance"": ""B"", ""name"": ""brown cup B"", ""object_id"": ""brown_cup_b"", ""orientation"": ""upside_down"", ""state"": ""closed""}, {""category_id"": ""brown_cup"", ""category_name"": ""brown cup"", ""instance"": ""A"", ""name"": ""brown cup A"", ""object_id"": ""brown_cup_a"", ""orientation"": ""right_side_up"", ""state"": ""closed""}, {""category_id"": ""glass_spice_container"", ""category_name"": ""glass spice container"", ""instance"": ""B"", ""name"": ""glass spice container B"", ""object_id"": ""glass_spice_container_b"", ""orientation"": ""right_side_up"", ""state"": ""closed""}]",3,,,,,,,closed,upside_down,closed_upside_down,upside_down,held_out,withhold closed+upside-down state conjunction,semantic_partial,state_recognition.upside_down.2,Pick up the brown cup that is upside-down and place it in the bowl.,4,train,[]
v1,justintiensmith/MT_State_Recognition_200:125,justintiensmith/MT_State_Recognition_200,168e12e735da9ad62716dca89cff660b53082cc3,125,Pick up the brown cup and place it into the bowl.,437,state_recognition,18,home,brown_cup_b,brown cup B,brown cup,[],"[""brown_cup_b"", ""brown_cup_a"", ""yellow_white_striped_cup_b"", ""glass_spice_container_a""]","[{""category_id"": ""brown_cup"", ""category_name"": ""brown cup"", ""instance"": ""B"", ""name"": ""brown cup B"", ""object_id"": ""brown_cup_b"", ""orientation"": ""right_side_up"", ""state"": ""closed""}, {""category_id"": ""brown_cup"", ""category_name"": ""brown cup"", ""instance"": ""A"", ""name"": ""brown cup A"", ""object_id"": ""brown_cup_a"", ""orientation"": ""right_side_up"", ""state"": ""open""}, {""category_id"": ""yellow_white_striped_cup"", ""category_name"": ""yellow-white striped cup"", ""instance"": ""B"", ""name"": ""yellow-white striped cup B"", ""object_id"": ""yellow_white_striped_cup_b"", ""orientation"": ""right_side_up"", ""state"": ""closed""}, {""category_id"": ""glass_spice_container"", ""category_name"": ""glass spice container"", ""instance"": ""A"", ""name"": ""glass spice container A"", ""object_id"": ""glass_spice_container_a"", ""orientation"": ""right_side_up"", ""state"": ""open""}]",4,,,,,,,closed,right_side_up,closed_right_side_up,closed_right_side_up,seen,,semantic_reasoning,state_recognition.closed_right_side_up.3,Move the closed brown cup that is right-side-up into the bowl.,5,train,[]
v1,justintiensmith/MT_State_Recognition_200:126,justintiensmith/MT_State_Recognition_200,168e12e735da9ad62716dca89cff660b53082cc3,126,Pick up the brown cup and place it into the bowl.,512,state_recognition,18,home,brown_cup_b,brown cup B,brown cup,[],"[""brown_cup_b"", ""brown_cup_a"", ""glass_spice_container_a""]","[{""category_id"": ""brown_cup"", ""category_name"": ""brown cup"", ""instance"": ""B"", ""name"": ""brown cup B"", ""object_id"": ""brown_cup_b"", ""orientation"": ""right_side_up"", ""state"": ""open""}, {""category_id"": ""brown_cup"", ""category_name"": ""brown cup"", ""instance"": ""A"", ""name"": ""brown cup A"", ""object_id"": ""brown_cup_a"", ""orientation"": ""right_side_up"", ""state"": ""closed""}, {""category_id"": ""glass_spice_container"", ""category_name"": ""glass spice container"", ""instance"": ""A"", ""name"": ""glass spice container A"", ""object_id"": ""glass_spice_container_a"", ""orientation"": ""right_side_up"", ""state"": ""closed""}]",3,,,,,,,open,right_side_up,open_right_side_up,open_right_side_up,seen,,semantic_reasoning,state_recognition.open_right_side_up.1,"Put the open, right-side-up brown cup in the bowl.",6,train,[]
v1,justintiensmith/MT_State_Recognition_200:127,justintiensmith/MT_State_Recognition_200,168e12e735da9ad62716dca89cff660b53082cc3,127,Pick up the brown cup and place it into the bowl.,478,state_recognition,18,recovery,brown_cup_a,brown cup A,brown cup,[],"[""brown_cup_a"", ""brown_cup_b"", ""white_cup_b""]","[{""category_id"": ""brown_cup"", ""category_name"": ""brown cup"", ""instance"": ""A"", ""name"": ""brown cup A"", ""object_id"": ""brown_cup_a"", ""orientation"": ""right_side_up"", ""state"": ""closed""}, {""category_id"": ""brown_cup"", ""category_name"": ""brown cup"", ""instance"": ""B"", ""name"": ""brown cup B"", ""object_id"": ""brown_cup_b"", ""orientation"": ""right_side_up"", ""state"": ""open""}, {""category_id"": ""white_cup"", ""category_name"": ""white cup"", ""instance"": ""B"", ""name"": ""white cup B"", ""object_id"": ""white_cup_b"", ""orientation"": ""right_side_up"", ""state"": ""closed""}]",3,,,,,,,closed,right_side_up,closed_right_side_up,closed_right_side_up,seen,,semantic_reasoning,state_recognition.closed_right_side_up.3,Move the closed brown cup that is right-side-up into the bowl.,7,train,[]
v1,justintiensmith/MT_State_Recognition_200:128,justintiensmith/MT_State_Recognition_200,168e12e735da9ad62716dca89cff660b53082cc3,128,Pick up the brown cup and place it into the bowl.,379,state_recognition,18,recovery,brown_cup_a,brown cup A,brown cup,[],"[""brown_cup_a"", ""brown_cup_b"", ""white_cup_a"", ""yellow_white_striped_cup_b""]","[{""category_id"": ""brown_cup"", ""category_name"": ""brown cup"", ""instance"": ""A"", ""name"": ""brown cup A"", ""object_id"": ""brown_cup_a"", ""orientation"": ""right_side_up"", ""state"": ""open""}, {""category_id"": ""brown_cup"", ""category_name"": ""brown cup"", ""instance"": ""B"", ""name"": ""brown cup B"", ""object_id"": ""brown_cup_b"", ""orientation"": ""upside_down"", ""state"": ""open""}, {""category_id"": ""white_cup"", ""category_name"": ""white cup"", ""instance"": ""A"", ""name"": ""white cup A"", ""object_id"": ""white_cup_a"", ""orientation"": ""right_side_up"", ""state"": ""closed""}, {""category_id"": ""yellow_white_striped_cup"", ""category_name"": ""yellow-white striped cup"", ""instance"": ""B"", ""name"": ""yellow-white striped cup B"", ""object_id"": ""yellow_white_striped_cup_b"", ""orientation"": ""right_side_up"", ""state"": ""open""}]",4,,,,,,,open,right_side_up,open_right_side_up,open_right_side_up,seen,,semantic_reasoning,state_recognition.open_right_side_up.2,"Pick up the brown cup that is open and right-side-up, then place it in the bowl.",8,train,[]
v1,justintiensmith/MT_State_Recognition_200:129,justintiensmith/MT_State_Recognition_200,168e12e735da9ad62716dca89cff660b53082cc3,129,Pick up the brown cup and place it into the bowl.,549,state_recognition,18,home,brown_cup_a,brown cup A,brown cup,[],"[""brown_cup_a"", ""glass_spice_container_b"", ""white_cup_b"", ""yellow_white_striped_cup_b""]","[{""category_id"": ""brown_cup"", ""category_name"": ""brown cup"", ""instance"": ""A"", ""name"": ""brown cup A"", ""object_id"": ""brown_cup_a"", ""orientation"": ""upside_down"", ""state"": ""closed""}, {""category_id"": ""glass_spice_container"", ""category_name"": ""glass spice container"", ""instance"": ""B"", ""name"": ""glass spice container B"", ""object_id"": ""glass_spice_container_b"", ""orientation"": ""right_side_up"", ""state"": ""closed""}, {""category_id"": ""white_cup"", ""category_name"": ""white cup"", ""instance"": ""B"", ""name"": ""white cup B"", ""object_id"": ""white_cup_b"", ""orientation"": ""right_side_up"", ""state"": ""open""}, {""category_id"": ""yellow_white_striped_cup"", ""category_name"": ""yellow-white striped cup"", ""instance"": ""B"", ""name"": ""yellow-white striped cup B"", ""object_id"": ""yellow_white_striped_cup_b"", ""orientation"": ""right_side_up"", ""state"": ""closed""}]",4,,,,,,,closed,upside_down,closed_upside_down,upside_down,held_out,withhold closed+upside-down state conjunction,semantic_partial,state_recognition.upside_down.3,Move the inverted brown cup into the bowl.,9,train,[]
v1,justintiensmith/MT_State_Recognition_200:130,justintiensmith/MT_State_Recognition_200,168e12e735da9ad62716dca89cff660b53082cc3,130,Pick up the brown cup and place it into the bowl.,516,state_recognition,18,home,brown_cup_b,brown cup B,brown cup,[],"[""brown_cup_b"", ""brown_cup_a"", ""glass_spice_container_a""]","[{""category_id"": ""brown_cup"", ""category_name"": ""brown cup"", ""instance"": ""B"", ""name"": ""brown cup B"", ""object_id"": ""brown_cup_b"", ""orientation"": ""right_side_up"", ""state"": ""open""}, {""category_id"": ""brown_cup"", ""category_name"": ""brown cup"", ""instance"": ""A"", ""name"": ""brown cup A"", ""object_id"": ""brown_cup_a"", ""orientation"": ""upside_down"", ""state"": ""closed""}, {""category_id"": ""glass_spice_container"", ""category_name"": ""glass spice container"", ""instance"": ""A"", ""name"": ""glass spice container A"", ""object_id"": ""glass_spice_container_a"", ""orientation"": ""upside_down"", ""state"": ""open""}]",3,,,,,,,open,right_side_up,open_right_side_up,open_right_side_up,seen,,semantic_reasoning,state_recognition.open_right_side_up.3,Move the open brown cup that is right-side-up into the bowl.,0,train,[]
v1,justintiensmith/MT_State_Recognition_200:131,justintiensmith/MT_State_Recognition_200,168e12e735da9ad62716dca89cff660b53082cc3,131,Pick up the brown cup and place it into the bowl.,455,state_recognition,18,home,brown_cup_a,brown cup A,brown cup,[],"[""brown_cup_a"", ""brown_cup_b"", ""white_cup_b"", ""yellow_white_striped_cup_a""]","[{""category_id"": ""brown_cup"", ""category_name"": ""brown cup"", ""instance"": ""A"", ""name"": ""brown cup A"", ""object_id"": ""brown_cup_a"", ""orientation"": ""right_side_up"", ""state"": ""closed""}, {""category_id"": ""brown_cup"", ""category_name"": ""brown cup"", ""instance"": ""B"", ""name"": ""brown cup B"", ""object_id"": ""brown_cup_b"", ""orientation"": ""upside_down"", ""state"": ""closed""}, {""category_id"": ""white_cup"", ""category_name"": ""white cup"", ""instance"": ""B"", ""name"": ""white cup B"", ""object_id"": ""white_cup_b"", ""orientation"": ""right_side_up"", ""state"": ""closed""}, {""category_id"": ""yellow_white_striped_cup"", ""category_name"": ""yellow-white striped cup"", ""instance"": ""A"", ""name"": ""yellow-white striped cup A"", ""object_id"": ""yellow_white_striped_cup_a"", ""orientation"": ""upside_down"", ""state"": ""open""}]",4,,,,,,,closed,right_side_up,closed_right_side_up,closed_right_side_up,seen,,semantic_reasoning,state_recognition.closed_right_side_up.1,"Put the closed, right-side-up brown cup in the bowl.",1,train,[]
v1,justintiensmith/MT_State_Recognition_200:132,justintiensmith/MT_State_Recognition_200,168e12e735da9ad62716dca89cff660b53082cc3,132,Pick up the brown cup and place it into the bowl.,487,state_recognition,18,recovery,brown_cup_a,brown cup A,brown cup,[],"[""brown_cup_a"", ""brown_cup_b"", ""yellow_white_striped_cup_a""]","[{""category_id"": ""brown_cup"", ""category_name"": ""brown cup"", ""instance"": ""A"", ""name"": ""brown cup A"", ""object_id"": ""brown_cup_a"", ""orientation"": ""upside_down"", ""state"": ""open""}, {""category_id"": ""brown_cup"", ""category_name"": ""brown cup"", ""instance"": ""B"", ""name"": ""brown cup B"", ""object_id"": ""brown_cup_b"", ""orientation"": ""right_side_up"", ""state"": ""open""}, {""category_id"": ""yellow_white_striped_cup"", ""category_name"": ""yellow-white striped cup"", ""instance"": ""A"", ""name"": ""yellow-white striped cup A"", ""object_id"": ""yellow_white_striped_cup_a"", ""orientation"": ""right_side_up"", ""state"": ""closed""}]",3,,,,,,,open,upside_down,open_upside_down,open_upside_down,seen,,semantic_reasoning,state_recognition.open_upside_down.3,Move the open brown cup that is upside-down into the bowl.,2,train,[]
v1,justintiensmith/MT_State_Recognition_200:133,justintiensmith/MT_State_Recognition_200,168e12e735da9ad62716dca89cff660b53082cc3,133,Pick up the brown cup and place it into the bowl.,529,state_recognition,18,home,brown_cup_b,brown cup B,brown cup,[],"[""brown_cup_b"", ""brown_cup_a"", ""glass_spice_container_b""]","[{""category_id"": ""brown_cup"", ""category_name"": ""brown cup"", ""instance"": ""B"", ""name"": ""brown cup B"", ""object_id"": ""brown_cup_b"", ""orientation"": ""upside_down"", ""state"": ""closed""}, {""category_id"": ""brown_cup"", ""category_name"": ""brown cup"", ""instance"": ""A"", ""name"": ""brown cup A"", ""object_id"": ""brown_cup_a"", ""orientation"": ""right_side_up"", ""state"": ""open""}, {""category_id"": ""glass_spice_container"", ""category_name"": ""glass spice container"", ""instance"": ""B"", ""name"": ""glass spice container B"", ""object_id"": ""glass_spice_container_b"", ""orientation"": ""upside_down"", ""state"": ""open""}]",3,,,,,,,closed,upside_down,closed_upside_down,upside_down,held_out,withhold closed+upside-down state conjunction,semantic_partial,state_recognition.upside_down.3,Move the inverted brown cup into the bowl.,3,train,[]
v1,justintiensmith/MT_State_Recognition_200:134,justintiensmith/MT_State_Recognition_200,168e12e735da9ad62716dca89cff660b53082cc3,134,Pick up the brown cup and place it into the bowl.,464,state_recognition,19,home,brown_cup_b,brown cup B,brown cup,[],"[""brown_cup_b"", ""brown_cup_a"", ""white_cup_a"", ""yellow_white_striped_cup_b""]","[{""category_id"": ""brown_cup"", ""category_name"": ""brown cup"", ""instance"": ""B"", ""name"": ""brown cup B"", ""object_id"": ""brown_cup_b"", ""orientation"": ""right_side_up"", ""state"": ""open""}, {""category_id"": ""brown_cup"", ""category_name"": ""brown cup"", ""instance"": ""A"", ""name"": ""brown cup A"", ""object_id"": ""brown_cup_a"", ""orientation"": ""upside_down"", ""state"": ""closed""}, {""category_id"": ""white_cup"", ""category_name"": ""white cup"", ""instance"": ""A"", ""name"": ""white cup A"", ""object_id"": ""white_cup_a"", ""orientation"": ""upside_down"", ""state"": ""open""}, {""category_id"": ""yellow_white_striped_cup"", ""category_name"": ""yellow-white striped cup"", ""instance"": ""B"", ""name"": ""yellow-white striped cup B"", ""object_id"": ""yellow_white_striped_cup_b"", ""orientation"": ""upside_down"", ""state"": ""closed""}]",4,,,,,,,open,right_side_up,open_right_side_up,open_right_side_up,seen,,semantic_reasoning,state_recognition.open_right_side_up.3,Move the open brown cup that is right-side-up into the bowl.,4,train,[]
v1,justintiensmith/MT_State_Recognition_200:135,justintiensmith/MT_State_Recognition_200,168e12e735da9ad62716dca89cff660b53082cc3,135,Pick up the brown cup and place it into the bowl.,503,state_recognition,19,home,brown_cup_a,brown cup A,brown cup,[],"[""brown_cup_a"", ""brown_cup_b"", ""yellow_white_striped_cup_b"", ""glass_spice_container_a""]","[{""category_id"": ""brown_cup"", ""category_name"": ""brown cup"", ""instance"": ""A"", ""name"": ""brown cup A"", ""object_id"": ""brown_cup_a"", ""orientation"": ""upside_down"", ""state"": ""closed""}, {""category_id"": ""brown_cup"", ""category_name"": ""brown cup"", ""instance"": ""B"", ""name"": ""brown cup B"", ""object_id"": ""brown_cup_b"", ""orientation"": ""right_side_up"", ""state"": ""closed""}, {""category_id"": ""yellow_white_striped_cup"", ""category_name"": ""yellow-white striped cup"", ""instance"": ""B"", ""name"": ""yellow-white striped cup B"", ""object_id"": ""yellow_white_striped_cup_b"", ""orientation"": ""upside_down"", ""state"": ""closed""}, {""category_id"": ""glass_spice_container"", ""category_name"": ""glass spice container"", ""instance"": ""A"", ""name"": ""glass spice container A"", ""object_id"": ""glass_spice_container_a"", ""orientation"": ""right_side_up"", ""state"": ""open""}]",4,,,,,,,closed,upside_down,closed_upside_down,upside_down,held_out,withhold closed+upside-down state conjunction,semantic_partial,state_recognition.upside_down.2,Pick up the brown cup that is upside-down and place it in the bowl.,5,train,[]
v1,justintiensmith/MT_State_Recognition_200:136,justintiensmith/MT_State_Recognition_200,168e12e735da9ad62716dca89cff660b53082cc3,136,Pick up the brown cup and place it into the bowl.,494,state_recognition,19,home,brown_cup_a,brown cup A,brown cup,[],"[""brown_cup_a"", ""white_cup_b"", ""yellow_white_striped_cup_b""]","[{""category_id"": ""brown_cup"", ""category_name"": ""brown cup"", ""instance"": ""A"", ""name"": ""brown cup A"", ""object_id"": ""brown_cup_a"", ""orientation"": ""right_side_up"", ""state"": ""open""}, {""category_id"": ""white_cup"", ""category_name"": ""white cup"", ""instance"": ""B"", ""name"": ""white cup B"", ""object_id"": ""white_cup_b"", ""orientation"": ""upside_down"", ""state"": ""closed""}, {""category_id"": ""yellow_white_striped_cup"", ""category_name"": ""yellow-white striped cup"", ""instance"": ""B"", ""name"": ""yellow-white striped cup B"", ""object_id"": ""yellow_white_striped_cup_b"", ""orientation"": ""upside_down"", ""state"": ""open""}]",3,,,,,,,open,right_side_up,open_right_side_up,open_right_side_up,seen,,semantic_reasoning,state_recognition.open_right_side_up.2,"Pick up the brown cup that is open and right-side-up, then place it in the bowl.",6,train,[]
v1,justintiensmith/MT_State_Recognition_200:137,justintiensmith/MT_State_Recognition_200,168e12e735da9ad62716dca89cff660b53082cc3,137,Pick up the brown cup and place it into the bowl.,421,state_recognition,19,home,brown_cup_b,brown cup B,brown cup,[],"[""brown_cup_b"", ""brown_cup_a"", ""white_cup_b""]","[{""category_id"": ""brown_cup"", ""category_name"": ""brown cup"", ""instance"": ""B"", ""name"": ""brown cup B"", ""object_id"": ""brown_cup_b"", ""orientation"": ""upside_down"", ""state"": ""closed""}, {""category_id"": ""brown_cup"", ""category_name"": ""brown cup"", ""instance"": ""A"", ""name"": ""brown cup A"", ""object_id"": ""brown_cup_a"", ""orientation"": ""right_side_up"", ""state"": ""open""}, {""category_id"": ""white_cup"", ""category_name"": ""white cup"", ""instance"": ""B"", ""name"": ""white cup B"", ""object_id"": ""white_cup_b"", ""orientation"": ""upside_down"", ""state"": ""open""}]",3,,,,,,,closed,upside_down,closed_upside_down,closed,held_out,withhold closed+upside-down state conjunction,semantic_partial,state_recognition.closed.3,Move the closed brown cup into the bowl.,7,train,[]
v1,justintiensmith/MT_State_Recognition_200:138,justintiensmith/MT_State_Recognition_200,168e12e735da9ad62716dca89cff660b53082cc3,138,Pick up the brown cup and place it into the bowl.,376,state_recognition,19,recovery,brown_cup_b,brown cup B,brown cup,[],"[""brown_cup_b"", ""brown_cup_a"", ""yellow_white_striped_cup_a"", ""glass_spice_container_b""]","[{""category_id"": ""brown_cup"", ""category_name"": ""brown cup"", ""instance"": ""B"", ""name"": ""brown cup B"", ""object_id"": ""brown_cup_b"", ""orientation"": ""right_side_up"", ""state"": ""open""}, {""category_id"": ""brown_cup"", ""category_name"": ""brown cup"", ""instance"": ""A"", ""name"": ""brown cup A"", ""object_id"": ""brown_cup_a"", ""orientation"": ""upside_down"", ""state"": ""closed""}, {""category_id"": ""yellow_white_striped_cup"", ""category_name"": ""yellow-white striped cup"", ""instance"": ""A"", ""name"": ""yellow-white striped cup A"", ""object_id"": ""yellow_white_striped_cup_a"", ""orientation"": ""upside_down"", ""state"": ""open""}, {""category_id"": ""glass_spice_container"", ""category_name"": ""glass spice container"", ""instance"": ""B"", ""name"": ""glass spice container B"", ""object_id"": ""glass_spice_container_b"", ""orientation"": ""upside_down"", ""state"": ""closed""}]",4,,,,,,,open,right_side_up,open_right_side_up,open_right_side_up,seen,,semantic_reasoning,state_recognition.open_right_side_up.3,Move the open brown cup that is right-side-up into the bowl.,8,train,[]
v1,justintiensmith/MT_State_Recognition_200:139,justintiensmith/MT_State_Recognition_200,168e12e735da9ad62716dca89cff660b53082cc3,139,Pick up the brown cup and place it into the bowl.,477,state_recognition,19,home,brown_cup_a,brown cup A,brown cup,[],"[""brown_cup_a"", ""brown_cup_b"", ""glass_spice_container_b""]","[{""category_id"": ""brown_cup"", ""category_name"": ""brown cup"", ""instance"": ""A"", ""name"": ""brown cup A"", ""object_id"": ""brown_cup_a"", ""orientation"": ""right_side_up"", ""state"": ""closed""}, {""category_id"": ""brown_cup"", ""category_name"": ""brown cup"", ""instance"": ""B"", ""name"": ""brown cup B"", ""object_id"": ""brown_cup_b"", ""orientation"": ""upside_down"", ""state"": ""closed""}, {""category_id"": ""glass_spice_container"", ""category_name"": ""glass spice container"", ""instance"": ""B"", ""name"": ""glass spice container B"", ""object_id"": ""glass_spice_container_b"", ""orientation"": ""upside_down"", ""state"": ""closed""}]",3,,,,,,,closed,right_side_up,closed_right_side_up,closed_right_side_up,seen,,semantic_reasoning,state_recognition.closed_right_side_up.1,"Put the closed, right-side-up brown cup in the bowl.",9,train,[]
v1,justintiensmith/MT_State_Recognition_200:140,justintiensmith/MT_State_Recognition_200,168e12e735da9ad62716dca89cff660b53082cc3,140,Pick up the brown cup and place it into the bowl.,547,state_recognition,19,home,brown_cup_a,brown cup A,brown cup,[],"[""brown_cup_a"", ""brown_cup_b"", ""white_cup_a"", ""yellow_white_striped_cup_b""]","[{""category_id"": ""brown_cup"", ""category_name"": ""brown cup"", ""instance"": ""A"", ""name"": ""brown cup A"", ""object_id"": ""brown_cup_a"", ""orientation"": ""right_side_up"", ""state"": ""open""}, {""category_id"": ""brown_cup"", ""category_name"": ""brown cup"", ""instance"": ""B"", ""name"": ""brown cup B"", ""object_id"": ""brown_cup_b"", ""orientation"": ""upside_down"", ""state"": ""open""}, {""category_id"": ""white_cup"", ""category_name"": ""white cup"", ""instance"": ""A"", ""name"": ""white cup A"", ""object_id"": ""white_cup_a"", ""orientation"": ""right_side_up"", ""state"": ""closed""}, {""category_id"": ""yellow_white_striped_cup"", ""category_name"": ""yellow-white striped cup"", ""instance"": ""B"", ""name"": ""yellow-white striped cup B"", ""object_id"": ""yellow_white_striped_cup_b"", ""orientation"": ""right_side_up"", ""state"": ""open""}]",4,,,,,,,open,right_side_up,open_right_side_up,open_right_side_up,seen,,semantic_reasoning,state_recognition.open_right_side_up.2,"Pick up the brown cup that is open and right-side-up, then place it in the bowl.",0,train,[]
v1,justintiensmith/MT_State_Recognition_200:141,justintiensmith/MT_State_Recognition_200,168e12e735da9ad62716dca89cff660b53082cc3,141,Pick up the brown cup and place it into the bowl.,514,state_recognition,19,home,brown_cup_b,brown cup B,brown cup,[],"[""brown_cup_b"", ""yellow_white_striped_cup_b"", ""glass_spice_container_a""]","[{""category_id"": ""brown_cup"", ""category_name"": ""brown cup"", ""instance"": ""B"", ""name"": ""brown cup B"", ""object_id"": ""brown_cup_b"", ""orientation"": ""upside_down"", ""state"": ""closed""}, {""category_id"": ""yellow_white_striped_cup"", ""category_name"": ""yellow-white striped cup"", ""instance"": ""B"", ""name"": ""yellow-white striped cup B"", ""object_id"": ""yellow_white_striped_cup_b"", ""orientation"": ""right_side_up"", ""state"": ""closed""}, {""category_id"": ""glass_spice_container"", ""category_name"": ""glass spice container"", ""instance"": ""A"", ""name"": ""glass spice container A"", ""object_id"": ""glass_spice_container_a"", ""orientation"": ""right_side_up"", ""state"": ""open""}]",3,,,,,,,closed,upside_down,closed_upside_down,closed,held_out,withhold closed+upside-down state conjunction,semantic_partial,state_recognition.closed.1,Put the closed brown cup in the bowl.,1,train,[]
v1,justintiensmith/MT_State_Recognition_200:142,justintiensmith/MT_State_Recognition_200,168e12e735da9ad62716dca89cff660b53082cc3,142,Pick up the brown cup and place it into the bowl.,472,state_recognition,19,recovery,brown_cup_b,brown cup B,brown cup,[],"[""brown_cup_b"", ""brown_cup_a"", ""glass_spice_container_a""]","[{""category_id"": ""brown_cup"", ""category_name"": ""brown cup"", ""instance"": ""B"", ""name"": ""brown cup B"", ""object_id"": ""brown_cup_b"", ""orientation"": ""right_side_up"", ""state"": ""open""}, {""category_id"": ""brown_cup"", ""category_name"": ""brown cup"", ""instance"": ""A"", ""name"": ""brown cup A"", ""object_id"": ""brown_cup_a"", ""orientation"": ""upside_down"", ""state"": ""closed""}, {""category_id"": ""glass_spice_container"", ""category_name"": ""glass spice container"", ""instance"": ""A"", ""name"": ""glass spice container A"", ""object_id"": ""glass_spice_container_a"", ""orientation"": ""right_side_up"", ""state"": ""open""}]",3,,,,,,,open,right_side_up,open_right_side_up,open_right_side_up,seen,,semantic_reasoning,state_recognition.open_right_side_up.1,"Put the open, right-side-up brown cup in the bowl.",2,train,[]
v1,justintiensmith/MT_State_Recognition_200:143,justintiensmith/MT_State_Recognition_200,168e12e735da9ad62716dca89cff660b53082cc3,143,Pick up the brown cup and place it into the bowl.,562,state_recognition,19,home,brown_cup_a,brown cup A,brown cup,[],"[""brown_cup_a"", ""glass_spice_container_a"", ""white_cup_a"", ""yellow_white_striped_cup_a""]","[{""category_id"": ""brown_cup"", ""category_name"": ""brown cup"", ""instance"": ""A"", ""name"": ""brown cup A"", ""object_id"": ""brown_cup_a"", ""orientation"": ""right_side_up"", ""state"": ""closed""}, {""category_id"": ""glass_spice_container"", ""category_name"": ""glass spice container"", ""instance"": ""A"", ""name"": ""glass spice container A"", ""object_id"": ""glass_spice_container_a"", ""orientation"": ""upside_down"", ""state"": ""open""}, {""category_id"": ""white_cup"", ""category_name"": ""white cup"", ""instance"": ""A"", ""name"": ""white cup A"", ""object_id"": ""white_cup_a"", ""orientation"": ""upside_down"", ""state"": ""closed""}, {""category_id"": ""yellow_white_striped_cup"", ""category_name"": ""yellow-white striped cup"", ""instance"": ""A"", ""name"": ""yellow-white striped cup A"", ""object_id"": ""yellow_white_striped_cup_a"", ""orientation"": ""upside_down"", ""state"": ""open""}]",4,,,,,,,closed,right_side_up,closed_right_side_up,closed_right_side_up,seen,,semantic_reasoning,state_recognition.closed_right_side_up.1,"Put the closed, right-side-up brown cup in the bowl.",3,train,[]
v1,justintiensmith/MT_State_Recognition_200:144,justintiensmith/MT_State_Recognition_200,168e12e735da9ad62716dca89cff660b53082cc3,144,Pick up the brown cup and place it into the bowl.,532,state_recognition,19,home,brown_cup_b,brown cup B,brown cup,[],"[""brown_cup_b"", ""brown_cup_a"", ""yellow_white_striped_cup_a"", ""glass_spice_container_b""]","[{""category_id"": ""brown_cup"", ""category_name"": ""brown cup"", ""instance"": ""B"", ""name"": ""brown cup B"", ""object_id"": ""brown_cup_b"", ""orientation"": ""upside_down"", ""state"": ""open""}, {""category_id"": ""brown_cup"", ""category_name"": ""brown cup"", ""instance"": ""A"", ""name"": ""brown cup A"", ""object_id"": ""brown_cup_a"", ""orientation"": ""right_side_up"", ""state"": ""open""}, {""category_id"": ""yellow_white_striped_cup"", ""category_name"": ""yellow-white striped cup"", ""instance"": ""A"", ""name"": ""yellow-white striped cup A"", ""object_id"": ""yellow_white_striped_cup_a"", ""orientation"": ""upside_down"", ""state"": ""closed""}, {""category_id"": ""glass_spice_container"", ""category_name"": ""glass spice container"", ""instance"": ""B"", ""name"": ""glass spice container B"", ""object_id"": ""glass_spice_container_b"", ""orientation"": ""upside_down"", ""state"": ""open""}]",4,,,,,,,open,upside_down,open_upside_down,open_upside_down,seen,,semantic_reasoning,state_recognition.open_upside_down.3,Move the open brown cup that is upside-down into the bowl.,4,train,[]
v1,justintiensmith/MT_State_Recognition_200:145,justintiensmith/MT_State_Recognition_200,168e12e735da9ad62716dca89cff660b53082cc3,145,Pick up the brown cup and place it into the bowl.,498,state_recognition,19,home,brown_cup_a,brown cup A,brown cup,[],"[""brown_cup_a"", ""brown_cup_b"", ""glass_spice_container_b""]","[{""category_id"": ""brown_cup"", ""category_name"": ""brown cup"", ""instance"": ""A"", ""name"": ""brown cup A"", ""object_id"": ""brown_cup_a"", ""orientation"": ""right_side_up"", ""state"": ""closed""}, {""category_id"": ""brown_cup"", ""category_name"": ""brown cup"", ""instance"": ""B"", ""name"": ""brown cup B"", ""object_id"": ""brown_cup_b"", ""orientation"": ""upside_down"", ""state"": ""open""}, {""category_id"": ""glass_spice_container"", ""category_name"": ""glass spice container"", ""instance"": ""B"", ""name"": ""glass spice container B"", ""object_id"": ""glass_spice_container_b"", ""orientation"": ""right_side_up"", ""state"": ""open""}]",3,,,,,,,closed,right_side_up,closed_right_side_up,closed_right_side_up,seen,,semantic_reasoning,state_recognition.closed_right_side_up.1,"Put the closed, right-side-up brown cup in the bowl.",5,train,[]
v1,justintiensmith/MT_State_Recognition_200:146,justintiensmith/MT_State_Recognition_200,168e12e735da9ad62716dca89cff660b53082cc3,146,Pick up the brown cup and place it into the bowl.,503,state_recognition,19,recovery,brown_cup_b,brown cup B,brown cup,[],"[""brown_cup_b"", ""brown_cup_a"", ""white_cup_a"", ""yellow_white_striped_cup_b""]","[{""category_id"": ""brown_cup"", ""category_name"": ""brown cup"", ""instance"": ""B"", ""name"": ""brown cup B"", ""object_id"": ""brown_cup_b"", ""orientation"": ""upside_down"", ""state"": ""open""}, {""category_id"": ""brown_cup"", ""category_name"": ""brown cup"", ""instance"": ""A"", ""name"": ""brown cup A"", ""object_id"": ""brown_cup_a"", ""orientation"": ""right_side_up"", ""state"": ""closed""}, {""category_id"": ""white_cup"", ""category_name"": ""white cup"", ""instance"": ""A"", ""name"": ""white cup A"", ""object_id"": ""white_cup_a"", ""orientation"": ""right_side_up"", ""state"": ""open""}, {""category_id"": ""yellow_white_striped_cup"", ""category_name"": ""yellow-white striped cup"", ""instance"": ""B"", ""name"": ""yellow-white striped cup B"", ""object_id"": ""yellow_white_striped_cup_b"", ""orientation"": ""right_side_up"", ""state"": ""closed""}]",4,,,,,,,open,upside_down,open_upside_down,open_upside_down,seen,,semantic_reasoning,state_recognition.open_upside_down.3,Move the open brown cup that is upside-down into the bowl.,6,train,[]
v1,justintiensmith/MT_State_Recognition_200:147,justintiensmith/MT_State_Recognition_200,168e12e735da9ad62716dca89cff660b53082cc3,147,Pick up the brown cup and place it into the bowl.,552,state_recognition,19,home,brown_cup_a,brown cup A,brown cup,[],"[""brown_cup_a"", ""brown_cup_b"", ""yellow_white_striped_cup_b"", ""glass_spice_container_a""]","[{""category_id"": ""brown_cup"", ""category_name"": ""brown cup"", ""instance"": ""A"", ""name"": ""brown cup A"", ""object_id"": ""brown_cup_a"", ""orientation"": ""upside_down"", ""state"": ""closed""}, {""category_id"": ""brown_cup"", ""category_name"": ""brown cup"", ""instance"": ""B"", ""name"": ""brown cup B"", ""object_id"": ""brown_cup_b"", ""orientation"": ""right_side_up"", ""state"": ""closed""}, {""category_id"": ""yellow_white_striped_cup"", ""category_name"": ""yellow-white striped cup"", ""instance"": ""B"", ""name"": ""yellow-white striped cup B"", ""object_id"": ""yellow_white_striped_cup_b"", ""orientation"": ""upside_down"", ""state"": ""closed""}, {""category_id"": ""glass_spice_container"", ""category_name"": ""glass spice container"", ""instance"": ""A"", ""name"": ""glass spice container A"", ""object_id"": ""glass_spice_container_a"", ""orientation"": ""right_side_up"", ""state"": ""open""}]",4,,,,,,,closed,upside_down,closed_upside_down,upside_down,held_out,withhold closed+upside-down state conjunction,semantic_partial,state_recognition.upside_down.1,Put the upside-down brown cup in the bowl.,7,train,[]
v1,justintiensmith/MT_State_Recognition_200:148,justintiensmith/MT_State_Recognition_200,168e12e735da9ad62716dca89cff660b53082cc3,148,Pick up the brown cup and place it into the bowl.,493,state_recognition,19,home,brown_cup_a,brown cup A,brown cup,[],"[""brown_cup_a"", ""white_cup_a"", ""yellow_white_striped_cup_a""]","[{""category_id"": ""brown_cup"", ""category_name"": ""brown cup"", ""instance"": ""A"", ""name"": ""brown cup A"", ""object_id"": ""brown_cup_a"", ""orientation"": ""right_side_up"", ""state"": ""open""}, {""category_id"": ""white_cup"", ""category_name"": ""white cup"", ""instance"": ""A"", ""name"": ""white cup A"", ""object_id"": ""white_cup_a"", ""orientation"": ""upside_down"", ""state"": ""open""}, {""category_id"": ""yellow_white_striped_cup"", ""category_name"": ""yellow-white striped cup"", ""instance"": ""A"", ""name"": ""yellow-white striped cup A"", ""object_id"": ""yellow_white_striped_cup_a"", ""orientation"": ""upside_down"", ""state"": ""closed""}]",3,,,,,,,open,right_side_up,open_right_side_up,open_right_side_up,seen,,semantic_reasoning,state_recognition.open_right_side_up.1,"Put the open, right-side-up brown cup in the bowl.",8,train,[]
v1,justintiensmith/MT_State_Recognition_200:149,justintiensmith/MT_State_Recognition_200,168e12e735da9ad62716dca89cff660b53082cc3,149,Pick up the brown cup and place it into the bowl.,653,state_recognition,19,home,brown_cup_b,brown cup B,brown cup,[],"[""brown_cup_b"", ""brown_cup_a"", ""white_cup_b"", ""yellow_white_striped_cup_a""]","[{""category_id"": ""brown_cup"", ""category_name"": ""brown cup"", ""instance"": ""B"", ""name"": ""brown cup B"", ""object_id"": ""brown_cup_b"", ""orientation"": ""upside_down"", ""state"": ""closed""}, {""category_id"": ""brown_cup"", ""category_name"": ""brown cup"", ""instance"": ""A"", ""name"": ""brown cup A"", ""object_id"": ""brown_cup_a"", ""orientation"": ""right_side_up"", ""state"": ""open""}, {""category_id"": ""white_cup"", ""category_name"": ""white cup"", ""instance"": ""B"", ""name"": ""white cup B"", ""object_id"": ""white_cup_b"", ""orientation"": ""upside_down"", ""state"": ""open""}, {""category_id"": ""yellow_white_striped_cup"", ""category_name"": ""yellow-white striped cup"", ""instance"": ""A"", ""name"": ""yellow-white striped cup A"", ""object_id"": ""yellow_white_striped_cup_a"", ""orientation"": ""right_side_up"", ""state"": ""closed""}]",4,,,,,,,closed,upside_down,closed_upside_down,closed,held_out,withhold closed+upside-down state conjunction,semantic_partial,state_recognition.closed.2,Pick up the brown cup that is closed and place it in the bowl.,9,train,[]
v1,justintiensmith/MT_State_Recognition_200:150,justintiensmith/MT_State_Recognition_200,168e12e735da9ad62716dca89cff660b53082cc3,150,Pick up a glass spice container and place it into the bowl.,713,state_recognition,19,home,glass_spice_container_a,glass spice container A,glass spice container,[],"[""glass_spice_container_a"", ""glass_spice_container_b"", ""white_cup_b"", ""yellow_white_striped_cup_a""]","[{""category_id"": ""glass_spice_container"", ""category_name"": ""glass spice container"", ""instance"": ""A"", ""name"": ""glass spice container A"", ""object_id"": ""glass_spice_container_a"", ""orientation"": ""right_side_up"", ""state"": ""open""}, {""category_id"": ""glass_spice_container"", ""category_name"": ""glass spice container"", ""instance"": ""B"", ""name"": ""glass spice container B"", ""object_id"": ""glass_spice_container_b"", ""orientation"": ""right_side_up"", ""state"": ""closed""}, {""category_id"": ""white_cup"", ""category_name"": ""white cup"", ""instance"": ""B"", ""name"": ""white cup B"", ""object_id"": ""white_cup_b"", ""orientation"": ""right_side_up"", ""state"": ""closed""}, {""category_id"": ""yellow_white_striped_cup"", ""category_name"": ""yellow-white striped cup"", ""instance"": ""A"", ""name"": ""yellow-white striped cup A"", ""object_id"": ""yellow_white_striped_cup_a"", ""orientation"": ""right_side_up"", ""state"": ""closed""}]",4,,,,,,,open,right_side_up,open_right_side_up,open_right_side_up,seen,,semantic_reasoning,state_recognition.open_right_side_up.2,"Pick up the glass spice container that is open and right-side-up, then place it in the bowl.",0,train,[]
v1,justintiensmith/MT_State_Recognition_200:151,justintiensmith/MT_State_Recognition_200,168e12e735da9ad62716dca89cff660b53082cc3,151,Pick up a glass spice container and place it into the bowl.,579,state_recognition,20,home,glass_spice_container_a,glass spice container A,glass spice container,[],"[""glass_spice_container_a"", ""glass_spice_container_b"", ""yellow_white_striped_cup_a""]","[{""category_id"": ""glass_spice_container"", ""category_name"": ""glass spice container"", ""instance"": ""A"", ""name"": ""glass spice container A"", ""object_id"": ""glass_spice_container_a"", ""orientation"": ""right_side_up"", ""state"": ""closed""}, {""category_id"": ""glass_spice_container"", ""category_name"": ""glass spice container"", ""instance"": ""B"", ""name"": ""glass spice container B"", ""object_id"": ""glass_spice_container_b"", ""orientation"": ""right_side_up"", ""state"": ""open""}, {""category_id"": ""yellow_white_striped_cup"", ""category_name"": ""yellow-white striped cup"", ""instance"": ""A"", ""name"": ""yellow-white striped cup A"", ""object_id"": ""yellow_white_striped_cup_a"", ""orientation"": ""right_side_up"", ""state"": ""closed""}]",3,,,,,,,closed,right_side_up,closed_right_side_up,closed_right_side_up,seen,,semantic_reasoning,state_recognition.closed_right_side_up.3,Move the closed glass spice container that is right-side-up into the bowl.,1,train,[]
v1,justintiensmith/MT_State_Recognition_200:152,justintiensmith/MT_State_Recognition_200,168e12e735da9ad62716dca89cff660b53082cc3,152,Pick up a glass spice container and place it into the bowl.,597,state_recognition,20,home,glass_spice_container_b,glass spice container B,glass spice container,[],"[""glass_spice_container_b"", ""glass_spice_container_a"", ""brown_cup_b""]","[{""category_id"": ""glass_spice_container"", ""category_name"": ""glass spice container"", ""instance"": ""B"", ""name"": ""glass spice container B"", ""object_id"": ""glass_spice_container_b"", ""orientation"": ""right_side_up"", ""state"": ""closed""}, {""category_id"": ""glass_spice_container"", ""category_name"": ""glass spice container"", ""instance"": ""A"", ""name"": ""glass spice container A"", ""object_id"": ""glass_spice_container_a"", ""orientation"": ""right_side_up"", ""state"": ""open""}, {""category_id"": ""brown_cup"", ""category_name"": ""brown cup"", ""instance"": ""B"", ""name"": ""brown cup B"", ""object_id"": ""brown_cup_b"", ""orientation"": ""right_side_up"", ""state"": ""closed""}]",3,,,,,,,closed,right_side_up,closed_right_side_up,closed_right_side_up,seen,,semantic_reasoning,state_recognition.closed_right_side_up.2,"Pick up the glass spice container that is closed and right-side-up, then place it in the bowl.",2,train,[]
v1,justintiensmith/MT_State_Recognition_200:153,justintiensmith/MT_State_Recognition_200,168e12e735da9ad62716dca89cff660b53082cc3,153,Pick up a glass spice container and place it into the bowl.,471,state_recognition,20,recovery,glass_spice_container_b,glass spice container B,glass spice container,[],"[""glass_spice_container_b"", ""white_cup_a"", ""yellow_white_striped_cup_a""]","[{""category_id"": ""glass_spice_container"", ""category_name"": ""glass spice container"", ""instance"": ""B"", ""name"": ""glass spice container B"", ""object_id"": ""glass_spice_container_b"", ""orientation"": ""right_side_up"", ""state"": ""open""}, {""category_id"": ""white_cup"", ""category_name"": ""white cup"", ""instance"": ""A"", ""name"": ""white cup A"", ""object_id"": ""white_cup_a"", ""orientation"": ""right_side_up"", ""state"": ""closed""}, {""category_id"": ""yellow_white_striped_cup"", ""category_name"": ""yellow-white striped cup"", ""instance"": ""A"", ""name"": ""yellow-white striped cup A"", ""object_id"": ""yellow_white_striped_cup_a"", ""orientation"": ""right_side_up"", ""state"": ""closed""}]",3,,,,,,,open,right_side_up,open_right_side_up,open_right_side_up,seen,,semantic_reasoning,state_recognition.open_right_side_up.1,"Put the open, right-side-up glass spice container in the bowl.",3,train,[]
v1,justintiensmith/MT_State_Recognition_200:154,justintiensmith/MT_State_Recognition_200,168e12e735da9ad62716dca89cff660b53082cc3,154,Pick up a glass spice container and place it into the bowl.,728,state_recognition,20,home,glass_spice_container_a,glass spice container A,glass spice container,[],"[""glass_spice_container_a"", ""glass_spice_container_b"", ""yellow_white_striped_cup_b"", ""brown_cup_a""]","[{""category_id"": ""glass_spice_container"", ""category_name"": ""glass spice container"", ""instance"": ""A"", ""name"": ""glass spice container A"", ""object_id"": ""glass_spice_container_a"", ""orientation"": ""right_side_up"", ""state"": ""open""}, {""category_id"": ""glass_spice_container"", ""category_name"": ""glass spice container"", ""instance"": ""B"", ""name"": ""glass spice container B"", ""object_id"": ""glass_spice_container_b"", ""orientation"": ""right_side_up"", ""state"": ""closed""}, {""category_id"": ""yellow_white_striped_cup"", ""category_name"": ""yellow-white striped cup"", ""instance"": ""B"", ""name"": ""yellow-white striped cup B"", ""object_id"": ""yellow_white_striped_cup_b"", ""orientation"": ""right_side_up"", ""state"": ""closed""}, {""category_id"": ""brown_cup"", ""category_name"": ""brown cup"", ""instance"": ""A"", ""name"": ""brown cup A"", ""object_id"": ""brown_cup_a"", ""orientation"": ""right_side_up"", ""state"": ""closed""}]",4,,,,,,,open,right_side_up,open_right_side_up,open_right_side_up,seen,,semantic_reasoning,state_recognition.open_right_side_up.1,"Put the open, right-side-up glass spice container in the bowl.",4,train,[]
v1,justintiensmith/MT_State_Recognition_200:155,justintiensmith/MT_State_Recognition_200,168e12e735da9ad62716dca89cff660b53082cc3,155,Pick up a glass spice container and place it into the bowl.,534,state_recognition,20,home,glass_spice_container_a,glass spice container A,glass spice container,[],"[""glass_spice_container_a"", ""glass_spice_container_b"", ""brown_cup_a"", ""white_cup_b""]","[{""category_id"": ""glass_spice_container"", ""category_name"": ""glass spice container"", ""instance"": ""A"", ""name"": ""glass spice container A"", ""object_id"": ""glass_spice_container_a"", ""orientation"": ""right_side_up"", ""state"": ""closed""}, {""category_id"": ""glass_spice_container"", ""category_name"": ""glass spice container"", ""instance"": ""B"", ""name"": ""glass spice container B"", ""object_id"": ""glass_spice_container_b"", ""orientation"": ""right_side_up"", ""state"": ""open""}, {""category_id"": ""brown_cup"", ""category_name"": ""brown cup"", ""instance"": ""A"", ""name"": ""brown cup A"", ""object_id"": ""brown_cup_a"", ""orientation"": ""right_side_up"", ""state"": ""closed""}, {""category_id"": ""white_cup"", ""category_name"": ""white cup"", ""instance"": ""B"", ""name"": ""white cup B"", ""object_id"": ""white_cup_b"", ""orientation"": ""right_side_up"", ""state"": ""open""}]",4,,,,,,,closed,right_side_up,closed_right_side_up,closed_right_side_up,seen,,semantic_reasoning,state_recognition.closed_right_side_up.3,Move the closed glass spice container that is right-side-up into the bowl.,5,train,[]
v1,justintiensmith/MT_State_Recognition_200:156,justintiensmith/MT_State_Recognition_200,168e12e735da9ad62716dca89cff660b53082cc3,156,Pick up a glass spice container and place it into the bowl.,477,state_recognition,20,recovery,glass_spice_container_b,glass spice container B,glass spice container,[],"[""glass_spice_container_b"", ""glass_spice_container_a"", ""white_cup_b""]","[{""category_id"": ""glass_spice_container"", ""category_name"": ""glass spice container"", ""instance"": ""B"", ""name"": ""glass spice container B"", ""object_id"": ""glass_spice_container_b"", ""orientation"": ""right_side_up"", ""state"": ""open""}, {""category_id"": ""glass_spice_container"", ""category_name"": ""glass spice container"", ""instance"": ""A"", ""name"": ""glass spice container A"", ""object_id"": ""glass_spice_container_a"", ""orientation"": ""right_side_up"", ""state"": ""closed""}, {""category_id"": ""white_cup"", ""category_name"": ""white cup"", ""instance"": ""B"", ""name"": ""white cup B"", ""object_id"": ""white_cup_b"", ""orientation"": ""right_side_up"", ""state"": ""open""}]",3,,,,,,,open,right_side_up,open_right_side_up,open_right_side_up,seen,,semantic_reasoning,state_recognition.open_right_side_up.1,"Put the open, right-side-up glass spice container in the bowl.",6,train,[]
v1,justintiensmith/MT_State_Recognition_200:157,justintiensmith/MT_State_Recognition_200,168e12e735da9ad62716dca89cff660b53082cc3,157,Pick up a glass spice container and place it into the bowl.,752,state_recognition,20,home,glass_spice_container_b,glass spice container B,glass spice container,[],"[""glass_spice_container_b"", ""yellow_white_striped_cup_a"", ""brown_cup_a"", ""white_cup_b""]","[{""category_id"": ""glass_spice_container"", ""category_name"": ""glass spice container"", ""instance"": ""B"", ""name"": ""glass spice container B"", ""object_id"": ""glass_spice_container_b"", ""orientation"": ""right_side_up"", ""state"": ""open""}, {""category_id"": ""yellow_white_striped_cup"", ""category_name"": ""yellow-white striped cup"", ""instance"": ""A"", ""name"": ""yellow-white striped cup A"", ""object_id"": ""yellow_white_striped_cup_a"", ""orientation"": ""right_side_up"", ""state"": ""closed""}, {""category_id"": ""brown_cup"", ""category_name"": ""brown cup"", ""instance"": ""A"", ""name"": ""brown cup A"", ""object_id"": ""brown_cup_a"", ""orientation"": ""right_side_up"", ""state"": ""closed""}, {""category_id"": ""white_cup"", ""category_name"": ""white cup"", ""instance"": ""B"", ""name"": ""white cup B"", ""object_id"": ""white_cup_b"", ""orientation"": ""right_side_up"", ""state"": ""closed""}]",4,,,,,,,open,right_side_up,open_right_side_up,open_right_side_up,seen,,semantic_reasoning,state_recognition.open_right_side_up.1,"Put the open, right-side-up glass spice container in the bowl.",7,train,[]
v1,justintiensmith/MT_State_Recognition_200:158,justintiensmith/MT_State_Recognition_200,168e12e735da9ad62716dca89cff660b53082cc3,158,Pick up a glass spice container and place it into the bowl.,621,state_recognition,20,home,glass_spice_container_b,glass spice container B,glass spice container,[],"[""glass_spice_container_b"", ""glass_spice_container_a"", ""brown_cup_b""]","[{""category_id"": ""glass_spice_container"", ""category_name"": ""glass spice container"", ""instance"": ""B"", ""name"": ""glass spice container B"", ""object_id"": ""glass_spice_container_b"", ""orientation"": ""right_side_up"", ""state"": ""closed""}, {""category_id"": ""glass_spice_container"", ""category_name"": ""glass spice container"", ""instance"": ""A"", ""name"": ""glass spice container A"", ""object_id"": ""glass_spice_container_a"", ""orientation"": ""right_side_up"", ""state"": ""open""}, {""category_id"": ""brown_cup"", ""category_name"": ""brown cup"", ""instance"": ""B"", ""name"": ""brown cup B"", ""object_id"": ""brown_cup_b"", ""orientation"": ""right_side_up"", ""state"": ""closed""}]",3,,,,,,,closed,right_side_up,closed_right_side_up,closed_right_side_up,seen,,semantic_reasoning,state_recognition.closed_right_side_up.3,Move the closed glass spice container that is right-side-up into the bowl.,8,train,[]
v1,justintiensmith/MT_State_Recognition_200:159,justintiensmith/MT_State_Recognition_200,168e12e735da9ad62716dca89cff660b53082cc3,159,Pick up a glass spice container and place it into the bowl.,654,state_recognition,20,home,glass_spice_container_a,glass spice container A,glass spice container,[],"[""glass_spice_container_a"", ""glass_spice_container_b"", ""white_cup_a""]","[{""category_id"": ""glass_spice_container"", ""category_name"": ""glass spice container"", ""instance"": ""A"", ""name"": ""glass spice container A"", ""object_id"": ""glass_spice_container_a"", ""orientation"": ""right_side_up"", ""state"": ""closed""}, {""category_id"": ""glass_spice_container"", ""category_name"": ""glass spice container"", ""instance"": ""B"", ""name"": ""glass spice container B"", ""object_id"": ""glass_spice_container_b"", ""orientation"": ""right_side_up"", ""state"": ""open""}, {""category_id"": ""white_cup"", ""category_name"": ""white cup"", ""instance"": ""A"", ""name"": ""white cup A"", ""object_id"": ""white_cup_a"", ""orientation"": ""right_side_up"", ""state"": ""open""}]",3,,,,,,,closed,right_side_up,closed_right_side_up,closed_right_side_up,seen,,semantic_reasoning,state_recognition.closed_right_side_up.1,"Put the closed, right-side-up glass spice container in the bowl.",9,train,[]
v1,justintiensmith/MT_State_Recognition_200:160,justintiensmith/MT_State_Recognition_200,168e12e735da9ad62716dca89cff660b53082cc3,160,Pick up a glass spice container and place it into the bowl.,592,state_recognition,20,home,glass_spice_container_b,glass spice container B,glass spice container,[],"[""glass_spice_container_b"", ""glass_spice_container_a"", ""yellow_white_striped_cup_b""]","[{""category_id"": ""glass_spice_container"", ""category_name"": ""glass spice container"", ""instance"": ""B"", ""name"": ""glass spice container B"", ""object_id"": ""glass_spice_container_b"", ""orientation"": ""right_side_up"", ""state"": ""open""}, {""category_id"": ""glass_spice_container"", ""category_name"": ""glass spice container"", ""instance"": ""A"", ""name"": ""glass spice container A"", ""object_id"": ""glass_spice_container_a"", ""orientation"": ""right_side_up"", ""state"": ""closed""}, {""category_id"": ""yellow_white_striped_cup"", ""category_name"": ""yellow-white striped cup"", ""instance"": ""B"", ""name"": ""yellow-white striped cup B"", ""object_id"": ""yellow_white_striped_cup_b"", ""orientation"": ""right_side_up"", ""state"": ""open""}]",3,,,,,,,open,right_side_up,open_right_side_up,open_right_side_up,seen,,semantic_reasoning,state_recognition.open_right_side_up.2,"Pick up the glass spice container that is open and right-side-up, then place it in the bowl.",0,train,[]
v1,justintiensmith/MT_State_Recognition_200:161,justintiensmith/MT_State_Recognition_200,168e12e735da9ad62716dca89cff660b53082cc3,161,Pick up a glass spice container and place it into the bowl.,504,state_recognition,20,home,glass_spice_container_a,glass spice container A,glass spice container,[],"[""glass_spice_container_a"", ""brown_cup_a"", ""white_cup_b"", ""yellow_white_striped_cup_b""]","[{""category_id"": ""glass_spice_container"", ""category_name"": ""glass spice container"", ""instance"": ""A"", ""name"": ""glass spice container A"", ""object_id"": ""glass_spice_container_a"", ""orientation"": ""right_side_up"", ""state"": ""closed""}, {""category_id"": ""brown_cup"", ""category_name"": ""brown cup"", ""instance"": ""A"", ""name"": ""brown cup A"", ""object_id"": ""brown_cup_a"", ""orientation"": ""right_side_up"", ""state"": ""open""}, {""category_id"": ""white_cup"", ""category_name"": ""white cup"", ""instance"": ""B"", ""name"": ""white cup B"", ""object_id"": ""white_cup_b"", ""orientation"": ""right_side_up"", ""state"": ""open""}, {""category_id"": ""yellow_white_striped_cup"", ""category_name"": ""yellow-white striped cup"", ""instance"": ""B"", ""name"": ""yellow-white striped cup B"", ""object_id"": ""yellow_white_striped_cup_b"", ""orientation"": ""right_side_up"", ""state"": ""open""}]",4,,,,,,,closed,right_side_up,closed_right_side_up,closed_right_side_up,seen,,semantic_reasoning,state_recognition.closed_right_side_up.1,"Put the closed, right-side-up glass spice container in the bowl.",1,train,[]
v1,justintiensmith/MT_State_Recognition_200:162,justintiensmith/MT_State_Recognition_200,168e12e735da9ad62716dca89cff660b53082cc3,162,Pick up a glass spice container and place it into the bowl.,516,state_recognition,20,recovery,glass_spice_container_b,glass spice container B,glass spice container,[],"[""glass_spice_container_b"", ""glass_spice_container_a"", ""white_cup_b"", ""yellow_white_striped_cup_a""]","[{""category_id"": ""glass_spice_container"", ""category_name"": ""glass spice container"", ""instance"": ""B"", ""name"": ""glass spice container B"", ""object_id"": ""glass_spice_container_b"", ""orientation"": ""right_side_up"", ""state"": ""open""}, {""category_id"": ""glass_spice_container"", ""category_name"": ""glass spice container"", ""instance"": ""A"", ""name"": ""glass spice container A"", ""object_id"": ""glass_spice_container_a"", ""orientation"": ""right_side_up"", ""state"": ""closed""}, {""category_id"": ""white_cup"", ""category_name"": ""white cup"", ""instance"": ""B"", ""name"": ""white cup B"", ""object_id"": ""white_cup_b"", ""orientation"": ""right_side_up"", ""state"": ""open""}, {""category_id"": ""yellow_white_striped_cup"", ""category_name"": ""yellow-white striped cup"", ""instance"": ""A"", ""name"": ""yellow-white striped cup A"", ""object_id"": ""yellow_white_striped_cup_a"", ""orientation"": ""right_side_up"", ""state"": ""open""}]",4,,,,,,,open,right_side_up,open_right_side_up,open_right_side_up,seen,,semantic_reasoning,state_recognition.open_right_side_up.1,"Put the open, right-side-up glass spice container in the bowl.",2,train,[]
v1,justintiensmith/MT_State_Recognition_200:163,justintiensmith/MT_State_Recognition_200,168e12e735da9ad62716dca89cff660b53082cc3,163,Pick up a glass spice container and place it into the bowl.,720,state_recognition,20,home,glass_spice_container_a,glass spice container A,glass spice container,[],"[""glass_spice_container_a"", ""glass_spice_container_b"", ""yellow_white_striped_cup_a"", ""brown_cup_b""]","[{""category_id"": ""glass_spice_container"", ""category_name"": ""glass spice container"", ""instance"": ""A"", ""name"": ""glass spice container A"", ""object_id"": ""glass_spice_container_a"", ""orientation"": ""right_side_up"", ""state"": ""closed""}, {""category_id"": ""glass_spice_container"", ""category_name"": ""glass spice container"", ""instance"": ""B"", ""name"": ""glass spice container B"", ""object_id"": ""glass_spice_container_b"", ""orientation"": ""right_side_up"", ""state"": ""open""}, {""category_id"": ""yellow_white_striped_cup"", ""category_name"": ""yellow-white striped cup"", ""instance"": ""A"", ""name"": ""yellow-white striped cup A"", ""object_id"": ""yellow_white_striped_cup_a"", ""orientation"": ""right_side_up"", ""state"": ""open""}, {""category_id"": ""brown_cup"", ""category_name"": ""brown cup"", ""instance"": ""B"", ""name"": ""brown cup B"", ""object_id"": ""brown_cup_b"", ""orientation"": ""right_side_up"", ""state"": ""open""}]",4,,,,,,,closed,right_side_up,closed_right_side_up,closed_right_side_up,seen,,semantic_reasoning,state_recognition.closed_right_side_up.2,"Pick up the glass spice container that is closed and right-side-up, then place it in the bowl.",3,train,[]
v1,justintiensmith/MT_State_Recognition_200:164,justintiensmith/MT_State_Recognition_200,168e12e735da9ad62716dca89cff660b53082cc3,164,Pick up a glass spice container and place it into the bowl.,628,state_recognition,20,home,glass_spice_container_a,glass spice container A,glass spice container,[],"[""glass_spice_container_a"", ""white_cup_b"", ""yellow_white_striped_cup_b""]","[{""category_id"": ""glass_spice_container"", ""category_name"": ""glass spice container"", ""instance"": ""A"", ""name"": ""glass spice container A"", ""object_id"": ""glass_spice_container_a"", ""orientation"": ""right_side_up"", ""state"": ""open""}, {""category_id"": ""white_cup"", ""category_name"": ""white cup"", ""instance"": ""B"", ""name"": ""white cup B"", ""object_id"": ""white_cup_b"", ""orientation"": ""right_side_up"", ""state"": ""closed""}, {""category_id"": ""yellow_white_striped_cup"", ""category_name"": ""yellow-white striped cup"", ""instance"": ""B"", ""name"": ""yellow-white striped cup B"", ""object_id"": ""yellow_white_striped_cup_b"", ""orientation"": ""right_side_up"", ""state"": ""closed""}]",3,,,,,,,open,right_side_up,open_right_side_up,open_right_side_up,seen,,semantic_reasoning,state_recognition.open_right_side_up.2,"Pick up the glass spice container that is open and right-side-up, then place it in the bowl.",4,train,[]
v1,justintiensmith/MT_State_Recognition_200:165,justintiensmith/MT_State_Recognition_200,168e12e735da9ad62716dca89cff660b53082cc3,165,Pick up a glass spice container and place it into the bowl.,697,state_recognition,20,home,glass_spice_container_b,glass spice container B,glass spice container,[],"[""glass_spice_container_b"", ""glass_spice_container_a"", ""white_cup_a"", ""yellow_white_striped_cup_b""]","[{""category_id"": ""glass_spice_container"", ""category_name"": ""glass spice container"", ""instance"": ""B"", ""name"": ""glass spice container B"", ""object_id"": ""glass_spice_container_b"", ""orientation"": ""right_side_up"", ""state"": ""open""}, {""category_id"": ""glass_spice_container"", ""category_name"": ""glass spice container"", ""instance"": ""A"", ""name"": ""glass spice container A"", ""object_id"": ""glass_spice_container_a"", ""orientation"": ""right_side_up"", ""state"": ""closed""}, {""category_id"": ""white_cup"", ""category_name"": ""white cup"", ""instance"": ""A"", ""name"": ""white cup A"", ""object_id"": ""white_cup_a"", ""orientation"": ""right_side_up"", ""state"": ""open""}, {""category_id"": ""yellow_white_striped_cup"", ""category_name"": ""yellow-white striped cup"", ""instance"": ""B"", ""name"": ""yellow-white striped cup B"", ""object_id"": ""yellow_white_striped_cup_b"", ""orientation"": ""right_side_up"", ""state"": ""closed""}]",4,,,,,,,open,right_side_up,open_right_side_up,open_right_side_up,seen,,semantic_reasoning,state_recognition.open_right_side_up.1,"Put the open, right-side-up glass spice container in the bowl.",5,train,[]
v1,justintiensmith/MT_State_Recognition_200:166,justintiensmith/MT_State_Recognition_200,168e12e735da9ad62716dca89cff660b53082cc3,166,Pick up a glass spice container and place it into the bowl.,503,state_recognition,20,recovery,glass_spice_container_a,glass spice container A,glass spice container,[],"[""glass_spice_container_a"", ""yellow_white_striped_cup_b"", ""brown_cup_b"", ""white_cup_a""]","[{""category_id"": ""glass_spice_container"", ""category_name"": ""glass spice container"", ""instance"": ""A"", ""name"": ""glass spice container A"", ""object_id"": ""glass_spice_container_a"", ""orientation"": ""right_side_up"", ""state"": ""closed""}, {""category_id"": ""yellow_white_striped_cup"", ""category_name"": ""yellow-white striped cup"", ""instance"": ""B"", ""name"": ""yellow-white striped cup B"", ""object_id"": ""yellow_white_striped_cup_b"", ""orientation"": ""right_side_up"", ""state"": ""open""}, {""category_id"": ""brown_cup"", ""category_name"": ""brown cup"", ""instance"": ""B"", ""name"": ""brown cup B"", ""object_id"": ""brown_cup_b"", ""orientation"": ""right_side_up"", ""state"": ""open""}, {""category_id"": ""white_cup"", ""category_name"": ""white cup"", ""instance"": ""A"", ""name"": ""white cup A"", ""object_id"": ""white_cup_a"", ""orientation"": ""right_side_up"", ""state"": ""open""}]",4,,,,,,,closed,right_side_up,closed_right_side_up,closed_right_side_up,seen,,semantic_reasoning,state_recognition.closed_right_side_up.3,Move the closed glass spice container that is right-side-up into the bowl.,6,train,[]
v1,justintiensmith/MT_State_Recognition_200:167,justintiensmith/MT_State_Recognition_200,168e12e735da9ad62716dca89cff660b53082cc3,167,Pick up a glass spice container and place it into the bowl.,772,state_recognition,21,home,glass_spice_container_a,glass spice container A,glass spice container,[],"[""glass_spice_container_a"", ""glass_spice_container_b"", ""brown_cup_a""]","[{""category_id"": ""glass_spice_container"", ""category_name"": ""glass spice container"", ""instance"": ""A"", ""name"": ""glass spice container A"", ""object_id"": ""glass_spice_container_a"", ""orientation"": ""right_side_up"", ""state"": ""closed""}, {""category_id"": ""glass_spice_container"", ""category_name"": ""glass spice container"", ""instance"": ""B"", ""name"": ""glass spice container B"", ""object_id"": ""glass_spice_container_b"", ""orientation"": ""right_side_up"", ""state"": ""open""}, {""category_id"": ""brown_cup"", ""category_name"": ""brown cup"", ""instance"": ""A"", ""name"": ""brown cup A"", ""object_id"": ""brown_cup_a"", ""orientation"": ""right_side_up"", ""state"": ""closed""}]",3,,,,,,,closed,right_side_up,closed_right_side_up,closed_right_side_up,seen,,semantic_reasoning,state_recognition.closed_right_side_up.2,"Pick up the glass spice container that is closed and right-side-up, then place it in the bowl.",7,train,[]
v1,justintiensmith/MT_State_Recognition_200:168,justintiensmith/MT_State_Recognition_200,168e12e735da9ad62716dca89cff660b53082cc3,168,Pick up a glass spice container and place it into the bowl.,528,state_recognition,21,home,glass_spice_container_b,glass spice container B,glass spice container,[],"[""glass_spice_container_b"", ""glass_spice_container_a"", ""white_cup_b""]","[{""category_id"": ""glass_spice_container"", ""category_name"": ""glass spice container"", ""instance"": ""B"", ""name"": ""glass spice container B"", ""object_id"": ""glass_spice_container_b"", ""orientation"": ""right_side_up"", ""state"": ""open""}, {""category_id"": ""glass_spice_container"", ""category_name"": ""glass spice container"", ""instance"": ""A"", ""name"": ""glass spice container A"", ""object_id"": ""glass_spice_container_a"", ""orientation"": ""right_side_up"", ""state"": ""closed""}, {""category_id"": ""white_cup"", ""category_name"": ""white cup"", ""instance"": ""B"", ""name"": ""white cup B"", ""object_id"": ""white_cup_b"", ""orientation"": ""right_side_up"", ""state"": ""closed""}]",3,,,,,,,open,right_side_up,open_right_side_up,open_right_side_up,seen,,semantic_reasoning,state_recognition.open_right_side_up.2,"Pick up the glass spice container that is open and right-side-up, then place it in the bowl.",8,train,[]
v1,justintiensmith/MT_State_Recognition_200:169,justintiensmith/MT_State_Recognition_200,168e12e735da9ad62716dca89cff660b53082cc3,169,Pick up a glass spice container and place it into the bowl.,577,state_recognition,21,home,glass_spice_container_b,glass spice container B,glass spice container,[],"[""glass_spice_container_b"", ""brown_cup_b"", ""white_cup_a""]","[{""category_id"": ""glass_spice_container"", ""category_name"": ""glass spice container"", ""instance"": ""B"", ""name"": ""glass spice container B"", ""object_id"": ""glass_spice_container_b"", ""orientation"": ""right_side_up"", ""state"": ""closed""}, {""category_id"": ""brown_cup"", ""category_name"": ""brown cup"", ""instance"": ""B"", ""name"": ""brown cup B"", ""object_id"": ""brown_cup_b"", ""orientation"": ""right_side_up"", ""state"": ""open""}, {""category_id"": ""white_cup"", ""category_name"": ""white cup"", ""instance"": ""A"", ""name"": ""white cup A"", ""object_id"": ""white_cup_a"", ""orientation"": ""right_side_up"", ""state"": ""open""}]",3,,,,,,,closed,right_side_up,closed_right_side_up,closed_right_side_up,seen,,semantic_reasoning,state_recognition.closed_right_side_up.3,Move the closed glass spice container that is right-side-up into the bowl.,9,train,[]
v1,justintiensmith/MT_State_Recognition_200:170,justintiensmith/MT_State_Recognition_200,168e12e735da9ad62716dca89cff660b53082cc3,170,Pick up a glass spice container and place it into the bowl.,654,state_recognition,21,home,glass_spice_container_a,glass spice container A,glass spice container,[],"[""glass_spice_container_a"", ""glass_spice_container_b"", ""brown_cup_b"", ""white_cup_a""]","[{""category_id"": ""glass_spice_container"", ""category_name"": ""glass spice container"", ""instance"": ""A"", ""name"": ""glass spice container A"", ""object_id"": ""glass_spice_container_a"", ""orientation"": ""right_side_up"", ""state"": ""open""}, {""category_id"": ""glass_spice_container"", ""category_name"": ""glass spice container"", ""instance"": ""B"", ""name"": ""glass spice container B"", ""object_id"": ""glass_spice_container_b"", ""orientation"": ""right_side_up"", ""state"": ""closed""}, {""category_id"": ""brown_cup"", ""category_name"": ""brown cup"", ""instance"": ""B"", ""name"": ""brown cup B"", ""object_id"": ""brown_cup_b"", ""orientation"": ""right_side_up"", ""state"": ""open""}, {""category_id"": ""white_cup"", ""category_name"": ""white cup"", ""instance"": ""A"", ""name"": ""white cup A"", ""object_id"": ""white_cup_a"", ""orientation"": ""right_side_up"", ""state"": ""open""}]",4,,,,,,,open,right_side_up,open_right_side_up,open_right_side_up,seen,,semantic_reasoning,state_recognition.open_right_side_up.2,"Pick up the glass spice container that is open and right-side-up, then place it in the bowl.",0,train,[]
v1,justintiensmith/MT_State_Recognition_200:171,justintiensmith/MT_State_Recognition_200,168e12e735da9ad62716dca89cff660b53082cc3,171,Pick up a glass spice container and place it into the bowl.,564,state_recognition,21,recovery,glass_spice_container_a,glass spice container A,glass spice container,[],"[""glass_spice_container_a"", ""glass_spice_container_b"", ""white_cup_a"", ""yellow_white_striped_cup_b""]","[{""category_id"": ""glass_spice_container"", ""category_name"": ""glass spice container"", ""instance"": ""A"", ""name"": ""glass spice container A"", ""object_id"": ""glass_spice_container_a"", ""orientation"": ""right_side_up"", ""state"": ""closed""}, {""category_id"": ""glass_spice_container"", ""category_name"": ""glass spice container"", ""instance"": ""B"", ""name"": ""glass spice container B"", ""object_id"": ""glass_spice_container_b"", ""orientation"": ""right_side_up"", ""state"": ""open""}, {""category_id"": ""white_cup"", ""category_name"": ""white cup"", ""instance"": ""A"", ""name"": ""white cup A"", ""object_id"": ""white_cup_a"", ""orientation"": ""right_side_up"", ""state"": ""open""}, {""category_id"": ""yellow_white_striped_cup"", ""category_name"": ""yellow-white striped cup"", ""instance"": ""B"", ""name"": ""yellow-white striped cup B"", ""object_id"": ""yellow_white_striped_cup_b"", ""orientation"": ""right_side_up"", ""state"": ""open""}]",4,,,,,,,closed,right_side_up,closed_right_side_up,closed_right_side_up,seen,,semantic_reasoning,state_recognition.closed_right_side_up.3,Move the closed glass spice container that is right-side-up into the bowl.,1,train,[]
v1,justintiensmith/MT_State_Recognition_200:172,justintiensmith/MT_State_Recognition_200,168e12e735da9ad62716dca89cff660b53082cc3,172,Pick up a glass spice container and place it into the bowl.,597,state_recognition,21,home,glass_spice_container_b,glass spice container B,glass spice container,[],"[""glass_spice_container_b"", ""white_cup_a"", ""yellow_white_striped_cup_a"", ""brown_cup_a""]","[{""category_id"": ""glass_spice_container"", ""category_name"": ""glass spice container"", ""instance"": ""B"", ""name"": ""glass spice container B"", ""object_id"": ""glass_spice_container_b"", ""orientation"": ""right_side_up"", ""state"": ""closed""}, {""category_id"": ""white_cup"", ""category_name"": ""white cup"", ""instance"": ""A"", ""name"": ""white cup A"", ""object_id"": ""white_cup_a"", ""orientation"": ""right_side_up"", ""state"": ""open""}, {""category_id"": ""yellow_white_striped_cup"", ""category_name"": ""yellow-white striped cup"", ""instance"": ""A"", ""name"": ""yellow-white striped cup A"", ""object_id"": ""yellow_white_striped_cup_a"", ""orientation"": ""right_side_up"", ""state"": ""open""}, {""category_id"": ""brown_cup"", ""category_name"": ""brown cup"", ""instance"": ""A"", ""name"": ""brown cup A"", ""object_id"": ""brown_cup_a"", ""orientation"": ""right_side_up"", ""state"": ""open""}]",4,,,,,,,closed,right_side_up,closed_right_side_up,closed_right_side_up,seen,,semantic_reasoning,state_recognition.closed_right_side_up.1,"Put the closed, right-side-up glass spice container in the bowl.",2,train,[]
v1,justintiensmith/MT_State_Recognition_200:173,justintiensmith/MT_State_Recognition_200,168e12e735da9ad62716dca89cff660b53082cc3,173,Pick up a glass spice container and place it into the bowl.,648,state_recognition,21,home,glass_spice_container_a,glass spice container A,glass spice container,[],"[""glass_spice_container_a"", ""glass_spice_container_b"", ""brown_cup_a""]","[{""category_id"": ""glass_spice_container"", ""category_name"": ""glass spice container"", ""instance"": ""A"", ""name"": ""glass spice container A"", ""object_id"": ""glass_spice_container_a"", ""orientation"": ""right_side_up"", ""state"": ""open""}, {""category_id"": ""glass_spice_container"", ""category_name"": ""glass spice container"", ""instance"": ""B"", ""name"": ""glass spice container B"", ""object_id"": ""glass_spice_container_b"", ""orientation"": ""right_side_up"", ""state"": ""closed""}, {""category_id"": ""brown_cup"", ""category_name"": ""brown cup"", ""instance"": ""A"", ""name"": ""brown cup A"", ""object_id"": ""brown_cup_a"", ""orientation"": ""right_side_up"", ""state"": ""open""}]",3,,,,,,,open,right_side_up,open_right_side_up,open_right_side_up,seen,,semantic_reasoning,state_recognition.open_right_side_up.3,Move the open glass spice container that is right-side-up into the bowl.,3,train,[]
v1,justintiensmith/MT_State_Recognition_200:174,justintiensmith/MT_State_Recognition_200,168e12e735da9ad62716dca89cff660b53082cc3,174,Pick up a glass spice container and place it into the bowl.,532,state_recognition,21,home,glass_spice_container_b,glass spice container B,glass spice container,[],"[""glass_spice_container_b"", ""glass_spice_container_a"", ""white_cup_b""]","[{""category_id"": ""glass_spice_container"", ""category_name"": ""glass spice container"", ""instance"": ""B"", ""name"": ""glass spice container B"", ""object_id"": ""glass_spice_container_b"", ""orientation"": ""right_side_up"", ""state"": ""closed""}, {""category_id"": ""glass_spice_container"", ""category_name"": ""glass spice container"", ""instance"": ""A"", ""name"": ""glass spice container A"", ""object_id"": ""glass_spice_container_a"", ""orientation"": ""right_side_up"", ""state"": ""open""}, {""category_id"": ""white_cup"", ""category_name"": ""white cup"", ""instance"": ""B"", ""name"": ""white cup B"", ""object_id"": ""white_cup_b"", ""orientation"": ""right_side_up"", ""state"": ""closed""}]",3,,,,,,,closed,right_side_up,closed_right_side_up,closed_right_side_up,seen,,semantic_reasoning,state_recognition.closed_right_side_up.3,Move the closed glass spice container that is right-side-up into the bowl.,4,train,[]
v1,justintiensmith/MT_State_Recognition_200:175,justintiensmith/MT_State_Recognition_200,168e12e735da9ad62716dca89cff660b53082cc3,175,Pick up a glass spice container and place it into the bowl.,625,state_recognition,21,home,glass_spice_container_b,glass spice container B,glass spice container,[],"[""glass_spice_container_b"", ""brown_cup_b"", ""white_cup_a"", ""yellow_white_striped_cup_a""]","[{""category_id"": ""glass_spice_container"", ""category_name"": ""glass spice container"", ""instance"": ""B"", ""name"": ""glass spice container B"", ""object_id"": ""glass_spice_container_b"", ""orientation"": ""upside_down"", ""state"": ""closed""}, {""category_id"": ""brown_cup"", ""category_name"": ""brown cup"", ""instance"": ""B"", ""name"": ""brown cup B"", ""object_id"": ""brown_cup_b"", ""orientation"": ""right_side_up"", ""state"": ""closed""}, {""category_id"": ""white_cup"", ""category_name"": ""white cup"", ""instance"": ""A"", ""name"": ""white cup A"", ""object_id"": ""white_cup_a"", ""orientation"": ""right_side_up"", ""state"": ""open""}, {""category_id"": ""yellow_white_striped_cup"", ""category_name"": ""yellow-white striped cup"", ""instance"": ""A"", ""name"": ""yellow-white striped cup A"", ""object_id"": ""yellow_white_striped_cup_a"", ""orientation"": ""right_side_up"", ""state"": ""closed""}]",4,,,,,,,closed,upside_down,closed_upside_down,upside_down,held_out,withhold closed+upside-down state conjunction,semantic_partial,state_recognition.upside_down.2,Pick up the glass spice container that is upside-down and place it in the bowl.,5,train,[]
v1,justintiensmith/MT_State_Recognition_200:176,justintiensmith/MT_State_Recognition_200,168e12e735da9ad62716dca89cff660b53082cc3,176,Pick up a glass spice container and place it into the bowl.,579,state_recognition,21,home,glass_spice_container_b,glass spice container B,glass spice container,[],"[""glass_spice_container_b"", ""glass_spice_container_a"", ""white_cup_b""]","[{""category_id"": ""glass_spice_container"", ""category_name"": ""glass spice container"", ""instance"": ""B"", ""name"": ""glass spice container B"", ""object_id"": ""glass_spice_container_b"", ""orientation"": ""upside_down"", ""state"": ""open""}, {""category_id"": ""glass_spice_container"", ""category_name"": ""glass spice container"", ""instance"": ""A"", ""name"": ""glass spice container A"", ""object_id"": ""glass_spice_container_a"", ""orientation"": ""right_side_up"", ""state"": ""closed""}, {""category_id"": ""white_cup"", ""category_name"": ""white cup"", ""instance"": ""B"", ""name"": ""white cup B"", ""object_id"": ""white_cup_b"", ""orientation"": ""right_side_up"", ""state"": ""open""}]",3,,,,,,,open,upside_down,open_upside_down,open_upside_down,seen,,semantic_reasoning,state_recognition.open_upside_down.2,"Pick up the glass spice container that is open and upside-down, then place it in the bowl.",6,train,[]
v1,justintiensmith/MT_State_Recognition_200:177,justintiensmith/MT_State_Recognition_200,168e12e735da9ad62716dca89cff660b53082cc3,177,Pick up a glass spice container and place it into the bowl.,451,state_recognition,21,recovery,glass_spice_container_a,glass spice container A,glass spice container,[],"[""glass_spice_container_a"", ""glass_spice_container_b"", ""yellow_white_striped_cup_a"", ""brown_cup_b""]","[{""category_id"": ""glass_spice_container"", ""category_name"": ""glass spice container"", ""instance"": ""A"", ""name"": ""glass spice container A"", ""object_id"": ""glass_spice_container_a"", ""orientation"": ""upside_down"", ""state"": ""closed""}, {""category_id"": ""glass_spice_container"", ""category_name"": ""glass spice container"", ""instance"": ""B"", ""name"": ""glass spice container B"", ""object_id"": ""glass_spice_container_b"", ""orientation"": ""right_side_up"", ""state"": ""closed""}, {""category_id"": ""yellow_white_striped_cup"", ""category_name"": ""yellow-white striped cup"", ""instance"": ""A"", ""name"": ""yellow-white striped cup A"", ""object_id"": ""yellow_white_striped_cup_a"", ""orientation"": ""upside_down"", ""state"": ""closed""}, {""category_id"": ""brown_cup"", ""category_name"": ""brown cup"", ""instance"": ""B"", ""name"": ""brown cup B"", ""object_id"": ""brown_cup_b"", ""orientation"": ""right_side_up"", ""state"": ""open""}]",4,,,,,,,closed,upside_down,closed_upside_down,upside_down,held_out,withhold closed+upside-down state conjunction,semantic_partial,state_recognition.upside_down.3,Move the inverted glass spice container into the bowl.,7,train,[]
v1,justintiensmith/MT_State_Recognition_200:178,justintiensmith/MT_State_Recognition_200,168e12e735da9ad62716dca89cff660b53082cc3,178,Pick up a glass spice container and place it into the bowl.,515,state_recognition,21,home,glass_spice_container_a,glass spice container A,glass spice container,[],"[""glass_spice_container_a"", ""white_cup_a"", ""yellow_white_striped_cup_a"", ""brown_cup_a""]","[{""category_id"": ""glass_spice_container"", ""category_name"": ""glass spice container"", ""instance"": ""A"", ""name"": ""glass spice container A"", ""object_id"": ""glass_spice_container_a"", ""orientation"": ""right_side_up"", ""state"": ""open""}, {""category_id"": ""white_cup"", ""category_name"": ""white cup"", ""instance"": ""A"", ""name"": ""white cup A"", ""object_id"": ""white_cup_a"", ""orientation"": ""upside_down"", ""state"": ""closed""}, {""category_id"": ""yellow_white_striped_cup"", ""category_name"": ""yellow-white striped cup"", ""instance"": ""A"", ""name"": ""yellow-white striped cup A"", ""object_id"": ""yellow_white_striped_cup_a"", ""orientation"": ""upside_down"", ""state"": ""open""}, {""category_id"": ""brown_cup"", ""category_name"": ""brown cup"", ""instance"": ""A"", ""name"": ""brown cup A"", ""object_id"": ""brown_cup_a"", ""orientation"": ""upside_down"", ""state"": ""closed""}]",4,,,,,,,open,right_side_up,open_right_side_up,open_right_side_up,seen,,semantic_reasoning,state_recognition.open_right_side_up.1,"Put the open, right-side-up glass spice container in the bowl.",8,train,[]
v1,justintiensmith/MT_State_Recognition_200:179,justintiensmith/MT_State_Recognition_200,168e12e735da9ad62716dca89cff660b53082cc3,179,Pick up a glass spice container and place it into the bowl.,557,state_recognition,21,home,glass_spice_container_b,glass spice container B,glass spice container,[],"[""glass_spice_container_b"", ""yellow_white_striped_cup_a"", ""brown_cup_a"", ""white_cup_b""]","[{""category_id"": ""glass_spice_container"", ""category_name"": ""glass spice container"", ""instance"": ""B"", ""name"": ""glass spice container B"", ""object_id"": ""glass_spice_container_b"", ""orientation"": ""right_side_up"", ""state"": ""closed""}, {""category_id"": ""yellow_white_striped_cup"", ""category_name"": ""yellow-white striped cup"", ""instance"": ""A"", ""name"": ""yellow-white striped cup A"", ""object_id"": ""yellow_white_striped_cup_a"", ""orientation"": ""upside_down"", ""state"": ""closed""}, {""category_id"": ""brown_cup"", ""category_name"": ""brown cup"", ""instance"": ""A"", ""name"": ""brown cup A"", ""object_id"": ""brown_cup_a"", ""orientation"": ""upside_down"", ""state"": ""open""}, {""category_id"": ""white_cup"", ""category_name"": ""white cup"", ""instance"": ""B"", ""name"": ""white cup B"", ""object_id"": ""white_cup_b"", ""orientation"": ""upside_down"", ""state"": ""closed""}]",4,,,,,,,closed,right_side_up,closed_right_side_up,closed_right_side_up,seen,,semantic_reasoning,state_recognition.closed_right_side_up.1,"Put the closed, right-side-up glass spice container in the bowl.",9,train,[]
v1,justintiensmith/MT_State_Recognition_200:180,justintiensmith/MT_State_Recognition_200,168e12e735da9ad62716dca89cff660b53082cc3,180,Pick up a glass spice container and place it into the bowl.,616,state_recognition,21,home,glass_spice_container_b,glass spice container B,glass spice container,[],"[""glass_spice_container_b"", ""glass_spice_container_a"", ""yellow_white_striped_cup_b""]","[{""category_id"": ""glass_spice_container"", ""category_name"": ""glass spice container"", ""instance"": ""B"", ""name"": ""glass spice container B"", ""object_id"": ""glass_spice_container_b"", ""orientation"": ""right_side_up"", ""state"": ""open""}, {""category_id"": ""glass_spice_container"", ""category_name"": ""glass spice container"", ""instance"": ""A"", ""name"": ""glass spice container A"", ""object_id"": ""glass_spice_container_a"", ""orientation"": ""upside_down"", ""state"": ""closed""}, {""category_id"": ""yellow_white_striped_cup"", ""category_name"": ""yellow-white striped cup"", ""instance"": ""B"", ""name"": ""yellow-white striped cup B"", ""object_id"": ""yellow_white_striped_cup_b"", ""orientation"": ""right_side_up"", ""state"": ""open""}]",3,,,,,,,open,right_side_up,open_right_side_up,open_right_side_up,seen,,semantic_reasoning,state_recognition.open_right_side_up.1,"Put the open, right-side-up glass spice container in the bowl.",0,train,[]
v1,justintiensmith/MT_State_Recognition_200:181,justintiensmith/MT_State_Recognition_200,168e12e735da9ad62716dca89cff660b53082cc3,181,Pick up a glass spice container and place it into the bowl.,619,state_recognition,21,home,glass_spice_container_a,glass spice container A,glass spice container,[],"[""glass_spice_container_a"", ""glass_spice_container_b"", ""brown_cup_a"", ""white_cup_b""]","[{""category_id"": ""glass_spice_container"", ""category_name"": ""glass spice container"", ""instance"": ""A"", ""name"": ""glass spice container A"", ""object_id"": ""glass_spice_container_a"", ""orientation"": ""upside_down"", ""state"": ""closed""}, {""category_id"": ""glass_spice_container"", ""category_name"": ""glass spice container"", ""instance"": ""B"", ""name"": ""glass spice container B"", ""object_id"": ""glass_spice_container_b"", ""orientation"": ""right_side_up"", ""state"": ""closed""}, {""category_id"": ""brown_cup"", ""category_name"": ""brown cup"", ""instance"": ""A"", ""name"": ""brown cup A"", ""object_id"": ""brown_cup_a"", ""orientation"": ""upside_down"", ""state"": ""closed""}, {""category_id"": ""white_cup"", ""category_name"": ""white cup"", ""instance"": ""B"", ""name"": ""white cup B"", ""object_id"": ""white_cup_b"", ""orientation"": ""right_side_up"", ""state"": ""open""}]",4,,,,,,,closed,upside_down,closed_upside_down,upside_down,held_out,withhold closed+upside-down state conjunction,semantic_partial,state_recognition.upside_down.2,Pick up the glass spice container that is upside-down and place it in the bowl.,1,train,[]
v1,justintiensmith/MT_State_Recognition_200:182,justintiensmith/MT_State_Recognition_200,168e12e735da9ad62716dca89cff660b53082cc3,182,Pick up a glass spice container and place it into the bowl.,427,state_recognition,21,recovery,glass_spice_container_b,glass spice container B,glass spice container,[],"[""glass_spice_container_b"", ""glass_spice_container_a"", ""white_cup_b""]","[{""category_id"": ""glass_spice_container"", ""category_name"": ""glass spice container"", ""instance"": ""B"", ""name"": ""glass spice container B"", ""object_id"": ""glass_spice_container_b"", ""orientation"": ""right_side_up"", ""state"": ""open""}, {""category_id"": ""glass_spice_container"", ""category_name"": ""glass spice container"", ""instance"": ""A"", ""name"": ""glass spice container A"", ""object_id"": ""glass_spice_container_a"", ""orientation"": ""upside_down"", ""state"": ""open""}, {""category_id"": ""white_cup"", ""category_name"": ""white cup"", ""instance"": ""B"", ""name"": ""white cup B"", ""object_id"": ""white_cup_b"", ""orientation"": ""upside_down"", ""state"": ""closed""}]",3,,,,,,,open,right_side_up,open_right_side_up,open_right_side_up,seen,,semantic_reasoning,state_recognition.open_right_side_up.3,Move the open glass spice container that is right-side-up into the bowl.,2,train,[]
v1,justintiensmith/MT_State_Recognition_200:183,justintiensmith/MT_State_Recognition_200,168e12e735da9ad62716dca89cff660b53082cc3,183,Pick up a glass spice container and place it into the bowl.,588,state_recognition,21,home,glass_spice_container_a,glass spice container A,glass spice container,[],"[""glass_spice_container_a"", ""glass_spice_container_b"", ""yellow_white_striped_cup_a"", ""brown_cup_b""]","[{""category_id"": ""glass_spice_container"", ""category_name"": ""glass spice container"", ""instance"": ""A"", ""name"": ""glass spice container A"", ""object_id"": ""glass_spice_container_a"", ""orientation"": ""right_side_up"", ""state"": ""closed""}, {""category_id"": ""glass_spice_container"", ""category_name"": ""glass spice container"", ""instance"": ""B"", ""name"": ""glass spice container B"", ""object_id"": ""glass_spice_container_b"", ""orientation"": ""upside_down"", ""state"": ""open""}, {""category_id"": ""yellow_white_striped_cup"", ""category_name"": ""yellow-white striped cup"", ""instance"": ""A"", ""name"": ""yellow-white striped cup A"", ""object_id"": ""yellow_white_striped_cup_a"", ""orientation"": ""upside_down"", ""state"": ""open""}, {""category_id"": ""brown_cup"", ""category_name"": ""brown cup"", ""instance"": ""B"", ""name"": ""brown cup B"", ""object_id"": ""brown_cup_b"", ""orientation"": ""upside_down"", ""state"": ""closed""}]",4,,,,,,,closed,right_side_up,closed_right_side_up,closed_right_side_up,seen,,semantic_reasoning,state_recognition.closed_right_side_up.3,Move the closed glass spice container that is right-side-up into the bowl.,3,train,[]
v1,justintiensmith/MT_State_Recognition_200:184,justintiensmith/MT_State_Recognition_200,168e12e735da9ad62716dca89cff660b53082cc3,184,Pick up a glass spice container and place it into the bowl.,547,state_recognition,22,home,glass_spice_container_b,glass spice container B,glass spice container,[],"[""glass_spice_container_b"", ""glass_spice_container_a"", ""brown_cup_b""]","[{""category_id"": ""glass_spice_container"", ""category_name"": ""glass spice container"", ""instance"": ""B"", ""name"": ""glass spice container B"", ""object_id"": ""glass_spice_container_b"", ""orientation"": ""upside_down"", ""state"": ""open""}, {""category_id"": ""glass_spice_container"", ""category_name"": ""glass spice container"", ""instance"": ""A"", ""name"": ""glass spice container A"", ""object_id"": ""glass_spice_container_a"", ""orientation"": ""right_side_up"", ""state"": ""closed""}, {""category_id"": ""brown_cup"", ""category_name"": ""brown cup"", ""instance"": ""B"", ""name"": ""brown cup B"", ""object_id"": ""brown_cup_b"", ""orientation"": ""right_side_up"", ""state"": ""open""}]",3,,,,,,,open,upside_down,open_upside_down,open_upside_down,seen,,semantic_reasoning,state_recognition.open_upside_down.2,"Pick up the glass spice container that is open and upside-down, then place it in the bowl.",4,train,[]
v1,justintiensmith/MT_State_Recognition_200:185,justintiensmith/MT_State_Recognition_200,168e12e735da9ad62716dca89cff660b53082cc3,185,Pick up a glass spice container and place it into the bowl.,519,state_recognition,22,home,glass_spice_container_a,glass spice container A,glass spice container,[],"[""glass_spice_container_a"", ""glass_spice_container_b"", ""white_cup_a""]","[{""category_id"": ""glass_spice_container"", ""category_name"": ""glass spice container"", ""instance"": ""A"", ""name"": ""glass spice container A"", ""object_id"": ""glass_spice_container_a"", ""orientation"": ""right_side_up"", ""state"": ""closed""}, {""category_id"": ""glass_spice_container"", ""category_name"": ""glass spice container"", ""instance"": ""B"", ""name"": ""glass spice container B"", ""object_id"": ""glass_spice_container_b"", ""orientation"": ""upside_down"", ""state"": ""closed""}, {""category_id"": ""white_cup"", ""category_name"": ""white cup"", ""instance"": ""A"", ""name"": ""white cup A"", ""object_id"": ""white_cup_a"", ""orientation"": ""right_side_up"", ""state"": ""closed""}]",3,,,,,,,closed,right_side_up,closed_right_side_up,closed_right_side_up,seen,,semantic_reasoning,state_recognition.closed_right_side_up.3,Move the closed glass spice container that is right-side-up into the bowl.,5,train,[]
v1,justintiensmith/MT_State_Recognition_200:186,justintiensmith/MT_State_Recognition_200,168e12e735da9ad62716dca89cff660b53082cc3,186,Pick up a glass spice container and place it into the bowl.,552,state_recognition,22,home,glass_spice_container_a,glass spice container A,glass spice container,[],"[""glass_spice_container_a"", ""glass_spice_container_b"", ""yellow_white_striped_cup_b"", ""brown_cup_a""]","[{""category_id"": ""glass_spice_container"", ""category_name"": ""glass spice container"", ""instance"": ""A"", ""name"": ""glass spice container A"", ""object_id"": ""glass_spice_container_a"", ""orientation"": ""upside_down"", ""state"": ""open""}, {""category_id"": ""glass_spice_container"", ""category_name"": ""glass spice container"", ""instance"": ""B"", ""name"": ""glass spice container B"", ""object_id"": ""glass_spice_container_b"", ""orientation"": ""right_side_up"", ""state"": ""open""}, {""category_id"": ""yellow_white_striped_cup"", ""category_name"": ""yellow-white striped cup"", ""instance"": ""B"", ""name"": ""yellow-white striped cup B"", ""object_id"": ""yellow_white_striped_cup_b"", ""orientation"": ""upside_down"", ""state"": ""closed""}, {""category_id"": ""brown_cup"", ""category_name"": ""brown cup"", ""instance"": ""A"", ""name"": ""brown cup A"", ""object_id"": ""brown_cup_a"", ""orientation"": ""upside_down"", ""state"": ""open""}]",4,,,,,,,open,upside_down,open_upside_down,open_upside_down,seen,,semantic_reasoning,state_recognition.open_upside_down.1,"Put the open, upside-down glass spice container in the bowl.",6,train,[]
v1,justintiensmith/MT_State_Recognition_200:187,justintiensmith/MT_State_Recognition_200,168e12e735da9ad62716dca89cff660b53082cc3,187,Pick up a glass spice container and place it into the bowl.,542,state_recognition,22,recovery,glass_spice_container_a,glass spice container A,glass spice container,[],"[""glass_spice_container_a"", ""glass_spice_container_b"", ""brown_cup_a"", ""white_cup_b""]","[{""category_id"": ""glass_spice_container"", ""category_name"": ""glass spice container"", ""instance"": ""A"", ""name"": ""glass spice container A"", ""object_id"": ""glass_spice_container_a"", ""orientation"": ""upside_down"", ""state"": ""closed""}, {""category_id"": ""glass_spice_container"", ""category_name"": ""glass spice container"", ""instance"": ""B"", ""name"": ""glass spice container B"", ""object_id"": ""glass_spice_container_b"", ""orientation"": ""right_side_up"", ""state"": ""open""}, {""category_id"": ""brown_cup"", ""category_name"": ""brown cup"", ""instance"": ""A"", ""name"": ""brown cup A"", ""object_id"": ""brown_cup_a"", ""orientation"": ""right_side_up"", ""state"": ""open""}, {""category_id"": ""white_cup"", ""category_name"": ""white cup"", ""instance"": ""B"", ""name"": ""white cup B"", ""object_id"": ""white_cup_b"", ""orientation"": ""right_side_up"", ""state"": ""closed""}]",4,,,,,,,closed,upside_down,closed_upside_down,closed,held_out,withhold closed+upside-down state conjunction,semantic_partial,state_recognition.closed.3,Move the closed glass spice container into the bowl.,7,train,[]
v1,justintiensmith/MT_State_Recognition_200:188,justintiensmith/MT_State_Recognition_200,168e12e735da9ad62716dca89cff660b53082cc3,188,Pick up a glass spice container and place it into the bowl.,647,state_recognition,22,home,glass_spice_container_b,glass spice container B,glass spice container,[],"[""glass_spice_container_b"", ""glass_spice_container_a"", ""white_cup_b""]","[{""category_id"": ""glass_spice_container"", ""category_name"": ""glass spice container"", ""instance"": ""B"", ""name"": ""glass spice container B"", ""object_id"": ""glass_spice_container_b"", ""orientation"": ""right_side_up"", ""state"": ""open""}, {""category_id"": ""glass_spice_container"", ""category_name"": ""glass spice container"", ""instance"": ""A"", ""name"": ""glass spice container A"", ""object_id"": ""glass_spice_container_a"", ""orientation"": ""upside_down"", ""state"": ""closed""}, {""category_id"": ""white_cup"", ""category_name"": ""white cup"", ""instance"": ""B"", ""name"": ""white cup B"", ""object_id"": ""white_cup_b"", ""orientation"": ""right_side_up"", ""state"": ""open""}]",3,,,,,,,open,right_side_up,open_right_side_up,open_right_side_up,seen,,semantic_reasoning,state_recognition.open_right_side_up.3,Move the open glass spice container that is right-side-up into the bowl.,8,train,[]
v1,justintiensmith/MT_State_Recognition_200:189,justintiensmith/MT_State_Recognition_200,168e12e735da9ad62716dca89cff660b53082cc3,189,Pick up a glass spice container and place it into the bowl.,610,state_recognition,22,home,glass_spice_container_a,glass spice container A,glass spice container,[],"[""glass_spice_container_a"", ""glass_spice_container_b"", ""yellow_white_striped_cup_a""]","[{""category_id"": ""glass_spice_container"", ""category_name"": ""glass spice container"", ""instance"": ""A"", ""name"": ""glass spice container A"", ""object_id"": ""glass_spice_container_a"", ""orientation"": ""upside_down"", ""state"": ""closed""}, {""category_id"": ""glass_spice_container"", ""category_name"": ""glass spice container"", ""instance"": ""B"", ""name"": ""glass spice container B"", ""object_id"": ""glass_spice_container_b"", ""orientation"": ""right_side_up"", ""state"": ""closed""}, {""category_id"": ""yellow_white_striped_cup"", ""category_name"": ""yellow-white striped cup"", ""instance"": ""A"", ""name"": ""yellow-white striped cup A"", ""object_id"": ""yellow_white_striped_cup_a"", ""orientation"": ""upside_down"", ""state"": ""closed""}]",3,,,,,,,closed,upside_down,closed_upside_down,upside_down,held_out,withhold closed+upside-down state conjunction,semantic_partial,state_recognition.upside_down.1,Put the upside-down glass spice container in the bowl.,9,train,[]
v1,justintiensmith/MT_State_Recognition_200:190,justintiensmith/MT_State_Recognition_200,168e12e735da9ad62716dca89cff660b53082cc3,190,Pick up a glass spice container and place it into the bowl.,643,state_recognition,22,home,glass_spice_container_b,glass spice container B,glass spice container,[],"[""glass_spice_container_b"", ""glass_spice_container_a"", ""brown_cup_b"", ""white_cup_a""]","[{""category_id"": ""glass_spice_container"", ""category_name"": ""glass spice container"", ""instance"": ""B"", ""name"": ""glass spice container B"", ""object_id"": ""glass_spice_container_b"", ""orientation"": ""upside_down"", ""state"": ""open""}, {""category_id"": ""glass_spice_container"", ""category_name"": ""glass spice container"", ""instance"": ""A"", ""name"": ""glass spice container A"", ""object_id"": ""glass_spice_container_a"", ""orientation"": ""right_side_up"", ""state"": ""open""}, {""category_id"": ""brown_cup"", ""category_name"": ""brown cup"", ""instance"": ""B"", ""name"": ""brown cup B"", ""object_id"": ""brown_cup_b"", ""orientation"": ""upside_down"", ""state"": ""closed""}, {""category_id"": ""white_cup"", ""category_name"": ""white cup"", ""instance"": ""A"", ""name"": ""white cup A"", ""object_id"": ""white_cup_a"", ""orientation"": ""upside_down"", ""state"": ""open""}]",4,,,,,,,open,upside_down,open_upside_down,open_upside_down,seen,,semantic_reasoning,state_recognition.open_upside_down.2,"Pick up the glass spice container that is open and upside-down, then place it in the bowl.",0,train,[]
v1,justintiensmith/MT_State_Recognition_200:191,justintiensmith/MT_State_Recognition_200,168e12e735da9ad62716dca89cff660b53082cc3,191,Pick up a glass spice container and place it into the bowl.,530,state_recognition,22,home,glass_spice_container_a,glass spice container A,glass spice container,[],"[""glass_spice_container_a"", ""brown_cup_a"", ""white_cup_b""]","[{""category_id"": ""glass_spice_container"", ""category_name"": ""glass spice container"", ""instance"": ""A"", ""name"": ""glass spice container A"", ""object_id"": ""glass_spice_container_a"", ""orientation"": ""right_side_up"", ""state"": ""closed""}, {""category_id"": ""brown_cup"", ""category_name"": ""brown cup"", ""instance"": ""A"", ""name"": ""brown cup A"", ""object_id"": ""brown_cup_a"", ""orientation"": ""upside_down"", ""state"": ""open""}, {""category_id"": ""white_cup"", ""category_name"": ""white cup"", ""instance"": ""B"", ""name"": ""white cup B"", ""object_id"": ""white_cup_b"", ""orientation"": ""upside_down"", ""state"": ""closed""}]",3,,,,,,,closed,right_side_up,closed_right_side_up,closed_right_side_up,seen,,semantic_reasoning,state_recognition.closed_right_side_up.2,"Pick up the glass spice container that is closed and right-side-up, then place it in the bowl.",1,train,[]
v1,justintiensmith/MT_State_Recognition_200:192,justintiensmith/MT_State_Recognition_200,168e12e735da9ad62716dca89cff660b53082cc3,192,Pick up a glass spice container and place it into the bowl.,531,state_recognition,22,home,glass_spice_container_b,glass spice container B,glass spice container,[],"[""glass_spice_container_b"", ""glass_spice_container_a"", ""yellow_white_striped_cup_b""]","[{""category_id"": ""glass_spice_container"", ""category_name"": ""glass spice container"", ""instance"": ""B"", ""name"": ""glass spice container B"", ""object_id"": ""glass_spice_container_b"", ""orientation"": ""upside_down"", ""state"": ""open""}, {""category_id"": ""glass_spice_container"", ""category_name"": ""glass spice container"", ""instance"": ""A"", ""name"": ""glass spice container A"", ""object_id"": ""glass_spice_container_a"", ""orientation"": ""right_side_up"", ""state"": ""closed""}, {""category_id"": ""yellow_white_striped_cup"", ""category_name"": ""yellow-white striped cup"", ""instance"": ""B"", ""name"": ""yellow-white striped cup B"", ""object_id"": ""yellow_white_striped_cup_b"", ""orientation"": ""upside_down"", ""state"": ""open""}]",3,,,,,,,open,upside_down,open_upside_down,open_upside_down,seen,,semantic_reasoning,state_recognition.open_upside_down.3,Move the open glass spice container that is upside-down into the bowl.,2,train,[]
v1,justintiensmith/MT_State_Recognition_200:193,justintiensmith/MT_State_Recognition_200,168e12e735da9ad62716dca89cff660b53082cc3,193,Pick up a glass spice container and place it into the bowl.,476,state_recognition,22,recovery,glass_spice_container_a,glass spice container A,glass spice container,[],"[""glass_spice_container_a"", ""white_cup_b"", ""yellow_white_striped_cup_b""]","[{""category_id"": ""glass_spice_container"", ""category_name"": ""glass spice container"", ""instance"": ""A"", ""name"": ""glass spice container A"", ""object_id"": ""glass_spice_container_a"", ""orientation"": ""right_side_up"", ""state"": ""closed""}, {""category_id"": ""white_cup"", ""category_name"": ""white cup"", ""instance"": ""B"", ""name"": ""white cup B"", ""object_id"": ""white_cup_b"", ""orientation"": ""upside_down"", ""state"": ""closed""}, {""category_id"": ""yellow_white_striped_cup"", ""category_name"": ""yellow-white striped cup"", ""instance"": ""B"", ""name"": ""yellow-white striped cup B"", ""object_id"": ""yellow_white_striped_cup_b"", ""orientation"": ""upside_down"", ""state"": ""open""}]",3,,,,,,,closed,right_side_up,closed_right_side_up,closed_right_side_up,seen,,semantic_reasoning,state_recognition.closed_right_side_up.1,"Put the closed, right-side-up glass spice container in the bowl.",3,train,[]
v1,justintiensmith/MT_State_Recognition_200:194,justintiensmith/MT_State_Recognition_200,168e12e735da9ad62716dca89cff660b53082cc3,194,Pick up a glass spice container and place it into the bowl.,513,state_recognition,22,home,glass_spice_container_b,glass spice container B,glass spice container,[],"[""glass_spice_container_b"", ""glass_spice_container_a"", ""white_cup_b"", ""yellow_white_striped_cup_a""]","[{""category_id"": ""glass_spice_container"", ""category_name"": ""glass spice container"", ""instance"": ""B"", ""name"": ""glass spice container B"", ""object_id"": ""glass_spice_container_b"", ""orientation"": ""right_side_up"", ""state"": ""open""}, {""category_id"": ""glass_spice_container"", ""category_name"": ""glass spice container"", ""instance"": ""A"", ""name"": ""glass spice container A"", ""object_id"": ""glass_spice_container_a"", ""orientation"": ""upside_down"", ""state"": ""open""}, {""category_id"": ""white_cup"", ""category_name"": ""white cup"", ""instance"": ""B"", ""name"": ""white cup B"", ""object_id"": ""white_cup_b"", ""orientation"": ""upside_down"", ""state"": ""closed""}, {""category_id"": ""yellow_white_striped_cup"", ""category_name"": ""yellow-white striped cup"", ""instance"": ""A"", ""name"": ""yellow-white striped cup A"", ""object_id"": ""yellow_white_striped_cup_a"", ""orientation"": ""upside_down"", ""state"": ""open""}]",4,,,,,,,open,right_side_up,open_right_side_up,open_right_side_up,seen,,semantic_reasoning,state_recognition.open_right_side_up.1,"Put the open, right-side-up glass spice container in the bowl.",4,train,[]
v1,justintiensmith/MT_State_Recognition_200:195,justintiensmith/MT_State_Recognition_200,168e12e735da9ad62716dca89cff660b53082cc3,195,Pick up a glass spice container and place it into the bowl.,609,state_recognition,22,home,glass_spice_container_a,glass spice container A,glass spice container,[],"[""glass_spice_container_a"", ""glass_spice_container_b"", ""yellow_white_striped_cup_a""]","[{""category_id"": ""glass_spice_container"", ""category_name"": ""glass spice container"", ""instance"": ""A"", ""name"": ""glass spice container A"", ""object_id"": ""glass_spice_container_a"", ""orientation"": ""right_side_up"", ""state"": ""closed""}, {""category_id"": ""glass_spice_container"", ""category_name"": ""glass spice container"", ""instance"": ""B"", ""name"": ""glass spice container B"", ""object_id"": ""glass_spice_container_b"", ""orientation"": ""upside_down"", ""state"": ""open""}, {""category_id"": ""yellow_white_striped_cup"", ""category_name"": ""yellow-white striped cup"", ""instance"": ""A"", ""name"": ""yellow-white striped cup A"", ""object_id"": ""yellow_white_striped_cup_a"", ""orientation"": ""right_side_up"", ""state"": ""open""}]",3,,,,,,,closed,right_side_up,closed_right_side_up,closed_right_side_up,seen,,semantic_reasoning,state_recognition.closed_right_side_up.1,"Put the closed, right-side-up glass spice container in the bowl.",5,train,[]
v1,justintiensmith/MT_State_Recognition_200:196,justintiensmith/MT_State_Recognition_200,168e12e735da9ad62716dca89cff660b53082cc3,196,Pick up a glass spice container and place it into the bowl.,542,state_recognition,22,home,glass_spice_container_a,glass spice container A,glass spice container,[],"[""glass_spice_container_a"", ""yellow_white_striped_cup_b"", ""brown_cup_b""]","[{""category_id"": ""glass_spice_container"", ""category_name"": ""glass spice container"", ""instance"": ""A"", ""name"": ""glass spice container A"", ""object_id"": ""glass_spice_container_a"", ""orientation"": ""upside_down"", ""state"": ""open""}, {""category_id"": ""yellow_white_striped_cup"", ""category_name"": ""yellow-white striped cup"", ""instance"": ""B"", ""name"": ""yellow-white striped cup B"", ""object_id"": ""yellow_white_striped_cup_b"", ""orientation"": ""right_side_up"", ""state"": ""closed""}, {""category_id"": ""brown_cup"", ""category_name"": ""brown cup"", ""instance"": ""B"", ""name"": ""brown cup B"", ""object_id"": ""brown_cup_b"", ""orientation"": ""right_side_up"", ""state"": ""open""}]",3,,,,,,,open,upside_down,open_upside_down,open_upside_down,seen,,semantic_reasoning,state_recognition.open_upside_down.2,"Pick up the glass spice container that is open and upside-down, then place it in the bowl.",6,train,[]
v1,justintiensmith/MT_State_Recognition_200:197,justintiensmith/MT_State_Recognition_200,168e12e735da9ad62716dca89cff660b53082cc3,197,Pick up a glass spice container and place it into the bowl.,487,state_recognition,22,home,glass_spice_container_b,glass spice container B,glass spice container,[],"[""glass_spice_container_b"", ""glass_spice_container_a"", ""white_cup_a"", ""yellow_white_striped_cup_b""]","[{""category_id"": ""glass_spice_container"", ""category_name"": ""glass spice container"", ""instance"": ""B"", ""name"": ""glass spice container B"", ""object_id"": ""glass_spice_container_b"", ""orientation"": ""right_side_up"", ""state"": ""closed""}, {""category_id"": ""glass_spice_container"", ""category_name"": ""glass spice container"", ""instance"": ""A"", ""name"": ""glass spice container A"", ""object_id"": ""glass_spice_container_a"", ""orientation"": ""upside_down"", ""state"": ""closed""}, {""category_id"": ""white_cup"", ""category_name"": ""white cup"", ""instance"": ""A"", ""name"": ""white cup A"", ""object_id"": ""white_cup_a"", ""orientation"": ""right_side_up"", ""state"": ""closed""}, {""category_id"": ""yellow_white_striped_cup"", ""category_name"": ""yellow-white striped cup"", ""instance"": ""B"", ""name"": ""yellow-white striped cup B"", ""object_id"": ""yellow_white_striped_cup_b"", ""orientation"": ""upside_down"", ""state"": ""open""}]",4,,,,,,,closed,right_side_up,closed_right_side_up,closed_right_side_up,seen,,semantic_reasoning,state_recognition.closed_right_side_up.2,"Pick up the glass spice container that is closed and right-side-up, then place it in the bowl.",7,train,[]
v1,justintiensmith/MT_State_Recognition_200:198,justintiensmith/MT_State_Recognition_200,168e12e735da9ad62716dca89cff660b53082cc3,198,Pick up a glass spice container and place it into the bowl.,601,state_recognition,22,home,glass_spice_container_b,glass spice container B,glass spice container,[],"[""glass_spice_container_b"", ""glass_spice_container_a"", ""yellow_white_striped_cup_b"", ""brown_cup_a""]","[{""category_id"": ""glass_spice_container"", ""category_name"": ""glass spice container"", ""instance"": ""B"", ""name"": ""glass spice container B"", ""object_id"": ""glass_spice_container_b"", ""orientation"": ""right_side_up"", ""state"": ""open""}, {""category_id"": ""glass_spice_container"", ""category_name"": ""glass spice container"", ""instance"": ""A"", ""name"": ""glass spice container A"", ""object_id"": ""glass_spice_container_a"", ""orientation"": ""upside_down"", ""state"": ""open""}, {""category_id"": ""yellow_white_striped_cup"", ""category_name"": ""yellow-white striped cup"", ""instance"": ""B"", ""name"": ""yellow-white striped cup B"", ""object_id"": ""yellow_white_striped_cup_b"", ""orientation"": ""right_side_up"", ""state"": ""closed""}, {""category_id"": ""brown_cup"", ""category_name"": ""brown cup"", ""instance"": ""A"", ""name"": ""brown cup A"", ""object_id"": ""brown_cup_a"", ""orientation"": ""right_side_up"", ""state"": ""open""}]",4,,,,,,,open,right_side_up,open_right_side_up,open_right_side_up,seen,,semantic_reasoning,state_recognition.open_right_side_up.1,"Put the open, right-side-up glass spice container in the bowl.",8,train,[]
v1,justintiensmith/MT_State_Recognition_200:199,justintiensmith/MT_State_Recognition_200,168e12e735da9ad62716dca89cff660b53082cc3,199,Pick up a glass spice container and place it into the bowl.,501,state_recognition,22,recovery,glass_spice_container_b,glass spice container B,glass spice container,[],"[""glass_spice_container_b"", ""glass_spice_container_a"", ""brown_cup_a"", ""white_cup_b""]","[{""category_id"": ""glass_spice_container"", ""category_name"": ""glass spice container"", ""instance"": ""B"", ""name"": ""glass spice container B"", ""object_id"": ""glass_spice_container_b"", ""orientation"": ""upside_down"", ""state"": ""closed""}, {""category_id"": ""glass_spice_container"", ""category_name"": ""glass spice container"", ""instance"": ""A"", ""name"": ""glass spice container A"", ""object_id"": ""glass_spice_container_a"", ""orientation"": ""right_side_up"", ""state"": ""open""}, {""category_id"": ""brown_cup"", ""category_name"": ""brown cup"", ""instance"": ""A"", ""name"": ""brown cup A"", ""object_id"": ""brown_cup_a"", ""orientation"": ""upside_down"", ""state"": ""open""}, {""category_id"": ""white_cup"", ""category_name"": ""white cup"", ""instance"": ""B"", ""name"": ""white cup B"", ""object_id"": ""white_cup_b"", ""orientation"": ""right_side_up"", ""state"": ""closed""}]",4,,,,,,,closed,upside_down,closed_upside_down,upside_down,held_out,withhold closed+upside-down state conjunction,semantic_partial,state_recognition.upside_down.1,Put the upside-down glass spice container in the bowl.,9,train,[]
v1,justintiensmith/SP_Relational_Placement_200:000,justintiensmith/SP_Relational_Placement_200,8eff46af18af7a9a6f763ed975f8b3357c673685,0,Pick up the green pen and place it back on the table.,587,relational_placement,24,home,green_pen,green pen,object,"[""red_block""]","[""green_pen"", ""red_block""]",[],2,,,,,,,,,front,front,seen,,semantic_reasoning,relational_placement.front.3,Put the green pen on the table in front of the red block.,0,train,[]
v1,justintiensmith/SP_Relational_Placement_200:001,justintiensmith/SP_Relational_Placement_200,8eff46af18af7a9a6f763ed975f8b3357c673685,1,Pick up the green pen and place it back on the table.,636,relational_placement,24,home,green_pen,green pen,object,"[""red_block""]","[""green_pen"", ""red_block"", ""pink_marker""]",[],3,,,,,,,,,front,front,seen,,semantic_reasoning,relational_placement.front.3,Put the green pen on the table in front of the red block.,1,train,[]
v1,justintiensmith/SP_Relational_Placement_200:002,justintiensmith/SP_Relational_Placement_200,8eff46af18af7a9a6f763ed975f8b3357c673685,2,Pick up the green pen and place it back on the table.,568,relational_placement,24,home,green_pen,green pen,object,"[""red_block""]","[""green_pen"", ""red_block"", ""pink_marker"", ""blue_block""]",[],4,,,,,,,,,front,front,seen,,semantic_reasoning,relational_placement.front.1,Place the green pen in front of the red block.,2,train,[]
v1,justintiensmith/SP_Relational_Placement_200:003,justintiensmith/SP_Relational_Placement_200,8eff46af18af7a9a6f763ed975f8b3357c673685,3,Pick up the green pen and place it back on the table.,421,relational_placement,24,recovery,green_pen,green pen,object,"[""red_block""]","[""green_pen"", ""red_block"", ""blue_block""]",[],3,,,,,,,,,front,front,seen,,semantic_reasoning,relational_placement.front.2,Move the green pen to the front of the red block.,3,train,[]
v1,justintiensmith/SP_Relational_Placement_200:004,justintiensmith/SP_Relational_Placement_200,8eff46af18af7a9a6f763ed975f8b3357c673685,4,Pick up the green pen and place it back on the table.,478,relational_placement,24,home,green_pen,green pen,object,"[""pink_marker""]","[""green_pen"", ""pink_marker""]",[],2,,,,,,,,,front,front,seen,,semantic_reasoning,relational_placement.front.2,Move the green pen to the front of the pink marker.,4,train,[]
v1,justintiensmith/SP_Relational_Placement_200:005,justintiensmith/SP_Relational_Placement_200,8eff46af18af7a9a6f763ed975f8b3357c673685,5,Pick up the green pen and place it back on the table.,626,relational_placement,24,home,green_pen,green pen,object,"[""pink_marker""]","[""green_pen"", ""pink_marker"", ""red_block""]",[],3,,,,,,,,,front,front,seen,,semantic_reasoning,relational_placement.front.3,Put the green pen on the table in front of the pink marker.,5,train,[]
v1,justintiensmith/SP_Relational_Placement_200:006,justintiensmith/SP_Relational_Placement_200,8eff46af18af7a9a6f763ed975f8b3357c673685,6,Pick up the green pen and place it back on the table.,601,relational_placement,24,home,green_pen,green pen,object,"[""pink_marker""]","[""green_pen"", ""red_block"", ""pink_marker"", ""blue_block""]",[],4,,,,,,,,,front,front,seen,,semantic_reasoning,relational_placement.front.3,Put the green pen on the table in front of the pink marker.,6,train,[]
v1,justintiensmith/SP_Relational_Placement_200:007,justintiensmith/SP_Relational_Placement_200,8eff46af18af7a9a6f763ed975f8b3357c673685,7,Pick up the green pen and place it back on the table.,544,relational_placement,24,recovery,green_pen,green pen,object,"[""pink_marker""]","[""green_pen"", ""pink_marker"", ""blue_block""]",[],3,,,,,,,,,front,front,seen,,semantic_reasoning,relational_placement.front.1,Place the green pen in front of the pink marker.,7,train,[]
v1,justintiensmith/SP_Relational_Placement_200:008,justintiensmith/SP_Relational_Placement_200,8eff46af18af7a9a6f763ed975f8b3357c673685,8,Pick up the green pen and place it back on the table.,508,relational_placement,24,home,green_pen,green pen,object,"[""blue_block""]","[""green_pen"", ""blue_block""]",[],2,,,,,,,,,front,front,seen,,semantic_reasoning,relational_placement.front.2,Move the green pen to the front of the blue block.,8,train,[]
v1,justintiensmith/SP_Relational_Placement_200:009,justintiensmith/SP_Relational_Placement_200,8eff46af18af7a9a6f763ed975f8b3357c673685,9,Pick up the green pen and place it back on the table.,475,relational_placement,24,home,green_pen,green pen,object,"[""blue_block""]","[""green_pen"", ""blue_block"", ""red_block""]",[],3,,,,,,,,,front,front,seen,,semantic_reasoning,relational_placement.front.3,Put the green pen on the table in front of the blue block.,9,train,[]
v1,justintiensmith/SP_Relational_Placement_200:010,justintiensmith/SP_Relational_Placement_200,8eff46af18af7a9a6f763ed975f8b3357c673685,10,Pick up the green pen and place it back on the table.,555,relational_placement,24,home,green_pen,green pen,object,"[""blue_block""]","[""green_pen"", ""red_block"", ""pink_marker"", ""blue_block""]",[],4,,,,,,,,,front,front,seen,,semantic_reasoning,relational_placement.front.1,Place the green pen in front of the blue block.,0,train,[]
v1,justintiensmith/SP_Relational_Placement_200:011,justintiensmith/SP_Relational_Placement_200,8eff46af18af7a9a6f763ed975f8b3357c673685,11,Pick up the green pen and place it back on the table.,566,relational_placement,24,home,green_pen,green pen,object,"[""blue_block""]","[""green_pen"", ""blue_block"", ""pink_marker""]",[],3,,,,,,,,,front,front,seen,,semantic_reasoning,relational_placement.front.1,Place the green pen in front of the blue block.,1,train,[]
v1,justintiensmith/SP_Relational_Placement_200:012,justintiensmith/SP_Relational_Placement_200,8eff46af18af7a9a6f763ed975f8b3357c673685,12,Pick up the green pen and place it back on the table.,750,relational_placement,24,home,green_pen,green pen,object,"[""red_block""]","[""green_pen"", ""red_block""]",[],2,,,,,,,,,behind,behind,seen,,semantic_reasoning,relational_placement.behind.2,Move the green pen to the back of the red block.,2,train,[]
v1,justintiensmith/SP_Relational_Placement_200:013,justintiensmith/SP_Relational_Placement_200,8eff46af18af7a9a6f763ed975f8b3357c673685,13,Pick up the green pen and place it back on the table.,584,relational_placement,24,home,green_pen,green pen,object,"[""red_block""]","[""green_pen"", ""red_block"", ""pink_marker""]",[],3,,,,,,,,,behind,behind,seen,,semantic_reasoning,relational_placement.behind.1,Place the green pen behind the red block.,3,train,[]
v1,justintiensmith/SP_Relational_Placement_200:014,justintiensmith/SP_Relational_Placement_200,8eff46af18af7a9a6f763ed975f8b3357c673685,14,Pick up the green pen and place it back on the table.,582,relational_placement,24,home,green_pen,green pen,object,"[""red_block""]","[""green_pen"", ""red_block"", ""pink_marker"", ""blue_block""]",[],4,,,,,,,,,behind,behind,seen,,semantic_reasoning,relational_placement.behind.1,Place the green pen behind the red block.,4,train,[]
v1,justintiensmith/SP_Relational_Placement_200:015,justintiensmith/SP_Relational_Placement_200,8eff46af18af7a9a6f763ed975f8b3357c673685,15,Pick up the green pen and place it back on the table.,552,relational_placement,24,recovery,green_pen,green pen,object,"[""red_block""]","[""green_pen"", ""red_block"", ""blue_block""]",[],3,,,,,,,,,behind,behind,seen,,semantic_reasoning,relational_placement.behind.3,Put the green pen on the table behind the red block.,5,train,[]
v1,justintiensmith/SP_Relational_Placement_200:016,justintiensmith/SP_Relational_Placement_200,8eff46af18af7a9a6f763ed975f8b3357c673685,16,Pick up the green pen and place it back on the table.,610,relational_placement,24,home,green_pen,green pen,object,"[""red_block""]","[""green_pen"", ""red_block"", ""pink_marker"", ""blue_block""]",[],4,,,,,,,,,behind,behind,seen,,semantic_reasoning,relational_placement.behind.1,Place the green pen behind the red block.,6,train,[]
v1,justintiensmith/SP_Relational_Placement_200:017,justintiensmith/SP_Relational_Placement_200,8eff46af18af7a9a6f763ed975f8b3357c673685,17,Pick up the green pen and place it back on the table.,676,relational_placement,24,home,green_pen,green pen,object,"[""pink_marker""]","[""green_pen"", ""pink_marker""]",[],2,,,,,,,,,behind,behind,seen,,semantic_reasoning,relational_placement.behind.2,Move the green pen to the back of the pink marker.,7,train,[]
v1,justintiensmith/SP_Relational_Placement_200:018,justintiensmith/SP_Relational_Placement_200,8eff46af18af7a9a6f763ed975f8b3357c673685,18,Pick up the green pen and place it back on the table.,494,relational_placement,24,home,green_pen,green pen,object,"[""pink_marker""]","[""green_pen"", ""pink_marker"", ""red_block""]",[],3,,,,,,,,,behind,behind,seen,,semantic_reasoning,relational_placement.behind.1,Place the green pen behind the pink marker.,8,train,[]
v1,justintiensmith/SP_Relational_Placement_200:019,justintiensmith/SP_Relational_Placement_200,8eff46af18af7a9a6f763ed975f8b3357c673685,19,Pick up the green pen and place it back on the table.,592,relational_placement,24,home,green_pen,green pen,object,"[""pink_marker""]","[""green_pen"", ""red_block"", ""pink_marker"", ""blue_block""]",[],4,,,,,,,,,behind,behind,seen,,semantic_reasoning,relational_placement.behind.1,Place the green pen behind the pink marker.,9,train,[]
v1,justintiensmith/SP_Relational_Placement_200:020,justintiensmith/SP_Relational_Placement_200,8eff46af18af7a9a6f763ed975f8b3357c673685,20,Pick up the green pen and place it back on the table.,499,relational_placement,24,recovery,green_pen,green pen,object,"[""pink_marker""]","[""green_pen"", ""pink_marker"", ""blue_block""]",[],3,,,,,,,,,behind,behind,seen,,semantic_reasoning,relational_placement.behind.1,Place the green pen behind the pink marker.,0,train,[]
v1,justintiensmith/SP_Relational_Placement_200:021,justintiensmith/SP_Relational_Placement_200,8eff46af18af7a9a6f763ed975f8b3357c673685,21,Pick up the green pen and place it back on the table.,497,relational_placement,24,home,green_pen,green pen,object,"[""blue_block""]","[""green_pen"", ""blue_block""]",[],2,,,,,,,,,behind,behind,seen,,semantic_reasoning,relational_placement.behind.2,Move the green pen to the back of the blue block.,1,train,[]
v1,justintiensmith/SP_Relational_Placement_200:022,justintiensmith/SP_Relational_Placement_200,8eff46af18af7a9a6f763ed975f8b3357c673685,22,Pick up the green pen and place it back on the table.,672,relational_placement,24,home,green_pen,green pen,object,"[""blue_block""]","[""green_pen"", ""blue_block"", ""red_block""]",[],3,,,,,,,,,behind,behind,seen,,semantic_reasoning,relational_placement.behind.2,Move the green pen to the back of the blue block.,2,train,[]
v1,justintiensmith/SP_Relational_Placement_200:023,justintiensmith/SP_Relational_Placement_200,8eff46af18af7a9a6f763ed975f8b3357c673685,23,Pick up the green pen and place it back on the table.,642,relational_placement,24,home,green_pen,green pen,object,"[""blue_block""]","[""green_pen"", ""red_block"", ""pink_marker"", ""blue_block""]",[],4,,,,,,,,,behind,behind,seen,,semantic_reasoning,relational_placement.behind.3,Put the green pen on the table behind the blue block.,3,train,[]
v1,justintiensmith/SP_Relational_Placement_200:024,justintiensmith/SP_Relational_Placement_200,8eff46af18af7a9a6f763ed975f8b3357c673685,24,Pick up the green pen and place it back on the table.,496,relational_placement,24,recovery,green_pen,green pen,object,"[""blue_block""]","[""green_pen"", ""blue_block"", ""pink_marker""]",[],3,,,,,,,,,behind,behind,seen,,semantic_reasoning,relational_placement.behind.3,Put the green pen on the table behind the blue block.,4,train,[]
v1,justintiensmith/SP_Relational_Placement_200:025,justintiensmith/SP_Relational_Placement_200,8eff46af18af7a9a6f763ed975f8b3357c673685,25,Pick up the green pen and place it back on the table.,487,relational_placement,24,home,green_pen,green pen,object,"[""red_block""]","[""green_pen"", ""red_block""]",[],2,,,,,,,,,left,next_to,held_out,withhold directed horizontal relation left,semantic_generic,relational_placement.next_to.3,Put the green pen on the table adjacent to the red block.,5,train,[]
v1,justintiensmith/SP_Relational_Placement_200:026,justintiensmith/SP_Relational_Placement_200,8eff46af18af7a9a6f763ed975f8b3357c673685,26,Pick up the green pen and place it back on the table.,599,relational_placement,24,home,green_pen,green pen,object,"[""red_block""]","[""green_pen"", ""red_block"", ""pink_marker""]",[],3,,,,,,,,,left,next_to,held_out,withhold directed horizontal relation left,semantic_generic,relational_placement.next_to.1,Place the green pen next to the red block.,6,train,[]
v1,justintiensmith/SP_Relational_Placement_200:027,justintiensmith/SP_Relational_Placement_200,8eff46af18af7a9a6f763ed975f8b3357c673685,27,Pick up the green pen and place it back on the table.,650,relational_placement,24,home,green_pen,green pen,object,"[""red_block""]","[""green_pen"", ""red_block"", ""pink_marker"", ""blue_block""]",[],4,,,,,,,,,left,next_to,held_out,withhold directed horizontal relation left,semantic_generic,relational_placement.next_to.1,Place the green pen next to the red block.,7,train,[]
v1,justintiensmith/SP_Relational_Placement_200:028,justintiensmith/SP_Relational_Placement_200,8eff46af18af7a9a6f763ed975f8b3357c673685,28,Pick up the green pen and place it back on the table.,519,relational_placement,24,home,green_pen,green pen,object,"[""red_block""]","[""green_pen"", ""red_block"", ""blue_block""]",[],3,,,,,,,,,left,next_to,held_out,withhold directed horizontal relation left,semantic_generic,relational_placement.next_to.1,Place the green pen next to the red block.,8,train,[]
v1,justintiensmith/SP_Relational_Placement_200:029,justintiensmith/SP_Relational_Placement_200,8eff46af18af7a9a6f763ed975f8b3357c673685,29,Pick up the green pen and place it back on the table.,509,relational_placement,24,home,green_pen,green pen,object,"[""pink_marker""]","[""green_pen"", ""pink_marker""]",[],2,,,,,,,,,left,next_to,held_out,withhold directed horizontal relation left,semantic_generic,relational_placement.next_to.2,Move the green pen beside the pink marker.,9,train,[]
v1,justintiensmith/SP_Relational_Placement_200:030,justintiensmith/SP_Relational_Placement_200,8eff46af18af7a9a6f763ed975f8b3357c673685,30,Pick up the green pen and place it back on the table.,593,relational_placement,24,home,green_pen,green pen,object,"[""pink_marker""]","[""green_pen"", ""pink_marker"", ""red_block""]",[],3,,,,,,,,,left,next_to,held_out,withhold directed horizontal relation left,semantic_generic,relational_placement.next_to.1,Place the green pen next to the pink marker.,0,train,[]
v1,justintiensmith/SP_Relational_Placement_200:031,justintiensmith/SP_Relational_Placement_200,8eff46af18af7a9a6f763ed975f8b3357c673685,31,Pick up the green pen and place it back on the table.,613,relational_placement,24,home,green_pen,green pen,object,"[""pink_marker""]","[""green_pen"", ""red_block"", ""pink_marker"", ""blue_block""]",[],4,,,,,,,,,left,next_to,held_out,withhold directed horizontal relation left,semantic_generic,relational_placement.next_to.1,Place the green pen next to the pink marker.,1,train,[]
v1,justintiensmith/SP_Relational_Placement_200:032,justintiensmith/SP_Relational_Placement_200,8eff46af18af7a9a6f763ed975f8b3357c673685,32,Pick up the green pen and place it back on the table.,677,relational_placement,24,recovery,green_pen,green pen,object,"[""pink_marker""]","[""green_pen"", ""pink_marker"", ""blue_block""]",[],3,,,,,,,,,left,next_to,held_out,withhold directed horizontal relation left,semantic_generic,relational_placement.next_to.1,Place the green pen next to the pink marker.,2,train,[]
v1,justintiensmith/SP_Relational_Placement_200:033,justintiensmith/SP_Relational_Placement_200,8eff46af18af7a9a6f763ed975f8b3357c673685,33,Pick up the green pen and place it back on the table.,572,relational_placement,24,home,green_pen,green pen,object,"[""blue_block""]","[""green_pen"", ""blue_block""]",[],2,,,,,,,,,left,next_to,held_out,withhold directed horizontal relation left,semantic_generic,relational_placement.next_to.1,Place the green pen next to the blue block.,3,train,[]
v1,justintiensmith/SP_Relational_Placement_200:034,justintiensmith/SP_Relational_Placement_200,8eff46af18af7a9a6f763ed975f8b3357c673685,34,Pick up the green pen and place it back on the table.,602,relational_placement,24,home,green_pen,green pen,object,"[""blue_block""]","[""green_pen"", ""blue_block"", ""red_block""]",[],3,,,,,,,,,left,next_to,held_out,withhold directed horizontal relation left,semantic_generic,relational_placement.next_to.3,Put the green pen on the table adjacent to the blue block.,4,train,[]
v1,justintiensmith/SP_Relational_Placement_200:035,justintiensmith/SP_Relational_Placement_200,8eff46af18af7a9a6f763ed975f8b3357c673685,35,Pick up the green pen and place it back on the table.,528,relational_placement,25,home,green_pen,green pen,object,"[""blue_block""]","[""green_pen"", ""red_block"", ""pink_marker"", ""blue_block""]",[],4,,,,,,,,,left,next_to,held_out,withhold directed horizontal relation left,semantic_generic,relational_placement.next_to.2,Move the green pen beside the blue block.,5,train,[]
v1,justintiensmith/SP_Relational_Placement_200:036,justintiensmith/SP_Relational_Placement_200,8eff46af18af7a9a6f763ed975f8b3357c673685,36,Pick up the green pen and place it back on the table.,523,relational_placement,25,recovery,green_pen,green pen,object,"[""blue_block""]","[""green_pen"", ""blue_block"", ""pink_marker""]",[],3,,,,,,,,,left,next_to,held_out,withhold directed horizontal relation left,semantic_generic,relational_placement.next_to.2,Move the green pen beside the blue block.,6,train,[]
v1,justintiensmith/SP_Relational_Placement_200:037,justintiensmith/SP_Relational_Placement_200,8eff46af18af7a9a6f763ed975f8b3357c673685,37,Pick up the green pen and place it back on the table.,556,relational_placement,25,home,green_pen,green pen,object,"[""red_block""]","[""green_pen"", ""red_block""]",[],2,,,,,,,,,right,next_to,held_out,withhold directed horizontal relation right,semantic_generic,relational_placement.next_to.1,Place the green pen next to the red block.,7,train,[]
v1,justintiensmith/SP_Relational_Placement_200:038,justintiensmith/SP_Relational_Placement_200,8eff46af18af7a9a6f763ed975f8b3357c673685,38,Pick up the green pen and place it back on the table.,512,relational_placement,25,home,green_pen,green pen,object,"[""red_block""]","[""green_pen"", ""red_block"", ""pink_marker""]",[],3,,,,,,,,,right,next_to,held_out,withhold directed horizontal relation right,semantic_generic,relational_placement.next_to.3,Put the green pen on the table adjacent to the red block.,8,train,[]
v1,justintiensmith/SP_Relational_Placement_200:039,justintiensmith/SP_Relational_Placement_200,8eff46af18af7a9a6f763ed975f8b3357c673685,39,Pick up the green pen and place it back on the table.,552,relational_placement,25,home,green_pen,green pen,object,"[""red_block""]","[""green_pen"", ""red_block"", ""pink_marker"", ""blue_block""]",[],4,,,,,,,,,right,next_to,held_out,withhold directed horizontal relation right,semantic_generic,relational_placement.next_to.1,Place the green pen next to the red block.,9,train,[]
v1,justintiensmith/SP_Relational_Placement_200:040,justintiensmith/SP_Relational_Placement_200,8eff46af18af7a9a6f763ed975f8b3357c673685,40,Pick up the green pen and place it back on the table.,598,relational_placement,25,recovery,green_pen,green pen,object,"[""red_block""]","[""green_pen"", ""red_block"", ""blue_block""]",[],3,,,,,,,,,right,next_to,held_out,withhold directed horizontal relation right,semantic_generic,relational_placement.next_to.2,Move the green pen beside the red block.,0,train,[]
v1,justintiensmith/SP_Relational_Placement_200:041,justintiensmith/SP_Relational_Placement_200,8eff46af18af7a9a6f763ed975f8b3357c673685,41,Pick up the green pen and place it back on the table.,585,relational_placement,25,home,green_pen,green pen,object,"[""red_block""]","[""green_pen"", ""red_block"", ""pink_marker"", ""blue_block""]",[],4,,,,,,,,,right,next_to,held_out,withhold directed horizontal relation right,semantic_generic,relational_placement.next_to.3,Put the green pen on the table adjacent to the red block.,1,train,[]
v1,justintiensmith/SP_Relational_Placement_200:042,justintiensmith/SP_Relational_Placement_200,8eff46af18af7a9a6f763ed975f8b3357c673685,42,Pick up the green pen and place it back on the table.,498,relational_placement,25,home,green_pen,green pen,object,"[""pink_marker""]","[""green_pen"", ""pink_marker""]",[],2,,,,,,,,,right,next_to,held_out,withhold directed horizontal relation right,semantic_generic,relational_placement.next_to.2,Move the green pen beside the pink marker.,2,train,[]
v1,justintiensmith/SP_Relational_Placement_200:043,justintiensmith/SP_Relational_Placement_200,8eff46af18af7a9a6f763ed975f8b3357c673685,43,Pick up the green pen and place it back on the table.,520,relational_placement,25,home,green_pen,green pen,object,"[""pink_marker""]","[""green_pen"", ""pink_marker"", ""red_block""]",[],3,,,,,,,,,right,next_to,held_out,withhold directed horizontal relation right,semantic_generic,relational_placement.next_to.3,Put the green pen on the table adjacent to the pink marker.,3,train,[]
v1,justintiensmith/SP_Relational_Placement_200:044,justintiensmith/SP_Relational_Placement_200,8eff46af18af7a9a6f763ed975f8b3357c673685,44,Pick up the green pen and place it back on the table.,570,relational_placement,25,home,green_pen,green pen,object,"[""pink_marker""]","[""green_pen"", ""red_block"", ""pink_marker"", ""blue_block""]",[],4,,,,,,,,,right,next_to,held_out,withhold directed horizontal relation right,semantic_generic,relational_placement.next_to.3,Put the green pen on the table adjacent to the pink marker.,4,train,[]
v1,justintiensmith/SP_Relational_Placement_200:045,justintiensmith/SP_Relational_Placement_200,8eff46af18af7a9a6f763ed975f8b3357c673685,45,Pick up the green pen and place it back on the table.,466,relational_placement,25,recovery,green_pen,green pen,object,"[""pink_marker""]","[""green_pen"", ""pink_marker"", ""blue_block""]",[],3,,,,,,,,,right,next_to,held_out,withhold directed horizontal relation right,semantic_generic,relational_placement.next_to.3,Put the green pen on the table adjacent to the pink marker.,5,train,[]
v1,justintiensmith/SP_Relational_Placement_200:046,justintiensmith/SP_Relational_Placement_200,8eff46af18af7a9a6f763ed975f8b3357c673685,46,Pick up the green pen and place it back on the table.,459,relational_placement,25,home,green_pen,green pen,object,"[""blue_block""]","[""green_pen"", ""blue_block""]",[],2,,,,,,,,,right,next_to,held_out,withhold directed horizontal relation right,semantic_generic,relational_placement.next_to.1,Place the green pen next to the blue block.,6,train,[]
v1,justintiensmith/SP_Relational_Placement_200:047,justintiensmith/SP_Relational_Placement_200,8eff46af18af7a9a6f763ed975f8b3357c673685,47,Pick up the green pen and place it back on the table.,509,relational_placement,25,home,green_pen,green pen,object,"[""blue_block""]","[""green_pen"", ""blue_block"", ""red_block""]",[],3,,,,,,,,,right,next_to,held_out,withhold directed horizontal relation right,semantic_generic,relational_placement.next_to.1,Place the green pen next to the blue block.,7,train,[]
v1,justintiensmith/SP_Relational_Placement_200:048,justintiensmith/SP_Relational_Placement_200,8eff46af18af7a9a6f763ed975f8b3357c673685,48,Pick up the green pen and place it back on the table.,463,relational_placement,25,home,green_pen,green pen,object,"[""blue_block""]","[""green_pen"", ""red_block"", ""pink_marker"", ""blue_block""]",[],4,,,,,,,,,right,next_to,held_out,withhold directed horizontal relation right,semantic_generic,relational_placement.next_to.3,Put the green pen on the table adjacent to the blue block.,8,train,[]
v1,justintiensmith/SP_Relational_Placement_200:049,justintiensmith/SP_Relational_Placement_200,8eff46af18af7a9a6f763ed975f8b3357c673685,49,Pick up the green pen and place it back on the table.,536,relational_placement,25,recovery,green_pen,green pen,object,"[""blue_block""]","[""green_pen"", ""blue_block"", ""pink_marker""]",[],3,,,,,,,,,right,next_to,held_out,withhold directed horizontal relation right,semantic_generic,relational_placement.next_to.1,Place the green pen next to the blue block.,9,train,[]
v1,justintiensmith/SP_Relational_Placement_200:050,justintiensmith/SP_Relational_Placement_200,8eff46af18af7a9a6f763ed975f8b3357c673685,50,Pick up the red block and place it back on the table.,576,relational_placement,25,home,red_block,red block,object,"[""pink_marker""]","[""red_block"", ""pink_marker""]",[],2,,,,,,,,,front,front,seen,,semantic_reasoning,relational_placement.front.2,Move the red block to the front of the pink marker.,0,train,[]
v1,justintiensmith/SP_Relational_Placement_200:051,justintiensmith/SP_Relational_Placement_200,8eff46af18af7a9a6f763ed975f8b3357c673685,51,Pick up the red block and place it back on the table.,565,relational_placement,25,home,red_block,red block,object,"[""pink_marker""]","[""red_block"", ""pink_marker"", ""blue_block""]",[],3,,,,,,,,,front,front,seen,,semantic_reasoning,relational_placement.front.3,Put the red block on the table in front of the pink marker.,1,train,[]
v1,justintiensmith/SP_Relational_Placement_200:052,justintiensmith/SP_Relational_Placement_200,8eff46af18af7a9a6f763ed975f8b3357c673685,52,Pick up the red block and place it back on the table.,472,relational_placement,25,home,red_block,red block,object,"[""pink_marker""]","[""green_pen"", ""red_block"", ""pink_marker"", ""blue_block""]",[],4,,,,,,,,,front,front,seen,,semantic_reasoning,relational_placement.front.2,Move the red block to the front of the pink marker.,2,train,[]
v1,justintiensmith/SP_Relational_Placement_200:053,justintiensmith/SP_Relational_Placement_200,8eff46af18af7a9a6f763ed975f8b3357c673685,53,Pick up the red block and place it back on the table.,442,relational_placement,25,recovery,red_block,red block,object,"[""pink_marker""]","[""red_block"", ""pink_marker"", ""green_pen""]",[],3,,,,,,,,,front,front,seen,,semantic_reasoning,relational_placement.front.1,Place the red block in front of the pink marker.,3,train,[]
v1,justintiensmith/SP_Relational_Placement_200:054,justintiensmith/SP_Relational_Placement_200,8eff46af18af7a9a6f763ed975f8b3357c673685,54,Pick up the red block and place it back on the table.,478,relational_placement,25,home,red_block,red block,object,"[""blue_block""]","[""red_block"", ""blue_block""]",[],2,,,,,,,,,front,front,seen,,semantic_reasoning,relational_placement.front.2,Move the red block to the front of the blue block.,4,train,[]
v1,justintiensmith/SP_Relational_Placement_200:055,justintiensmith/SP_Relational_Placement_200,8eff46af18af7a9a6f763ed975f8b3357c673685,55,Pick up the red block and place it back on the table.,467,relational_placement,25,home,red_block,red block,object,"[""blue_block""]","[""red_block"", ""blue_block"", ""pink_marker""]",[],3,,,,,,,,,front,front,seen,,semantic_reasoning,relational_placement.front.3,Put the red block on the table in front of the blue block.,5,train,[]
v1,justintiensmith/SP_Relational_Placement_200:056,justintiensmith/SP_Relational_Placement_200,8eff46af18af7a9a6f763ed975f8b3357c673685,56,Pick up the red block and place it back on the table.,516,relational_placement,25,home,red_block,red block,object,"[""blue_block""]","[""green_pen"", ""red_block"", ""pink_marker"", ""blue_block""]",[],4,,,,,,,,,front,front,seen,,semantic_reasoning,relational_placement.front.1,Place the red block in front of the blue block.,6,train,[]
v1,justintiensmith/SP_Relational_Placement_200:057,justintiensmith/SP_Relational_Placement_200,8eff46af18af7a9a6f763ed975f8b3357c673685,57,Pick up the red block and place it back on the table.,354,relational_placement,25,recovery,red_block,red block,object,"[""blue_block""]","[""red_block"", ""blue_block"", ""green_pen""]",[],3,,,,,,,,,front,front,seen,,semantic_reasoning,relational_placement.front.2,Move the red block to the front of the blue block.,7,train,[]
v1,justintiensmith/SP_Relational_Placement_200:058,justintiensmith/SP_Relational_Placement_200,8eff46af18af7a9a6f763ed975f8b3357c673685,58,Pick up the red block and place it back on the table.,447,relational_placement,25,home,red_block,red block,object,"[""green_pen""]","[""red_block"", ""green_pen""]",[],2,,,,,,,,,front,front,seen,,semantic_reasoning,relational_placement.front.1,Place the red block in front of the green pen.,8,train,[]
v1,justintiensmith/SP_Relational_Placement_200:059,justintiensmith/SP_Relational_Placement_200,8eff46af18af7a9a6f763ed975f8b3357c673685,59,Pick up the red block and place it back on the table.,541,relational_placement,25,home,red_block,red block,object,"[""green_pen""]","[""red_block"", ""green_pen"", ""pink_marker""]",[],3,,,,,,,,,front,front,seen,,semantic_reasoning,relational_placement.front.3,Put the red block on the table in front of the green pen.,9,train,[]
v1,justintiensmith/SP_Relational_Placement_200:060,justintiensmith/SP_Relational_Placement_200,8eff46af18af7a9a6f763ed975f8b3357c673685,60,Pick up the red block and place it back on the table.,437,relational_placement,25,home,red_block,red block,object,"[""green_pen""]","[""green_pen"", ""red_block"", ""pink_marker"", ""blue_block""]",[],4,,,,,,,,,front,front,seen,,semantic_reasoning,relational_placement.front.1,Place the red block in front of the green pen.,0,train,[]
v1,justintiensmith/SP_Relational_Placement_200:061,justintiensmith/SP_Relational_Placement_200,8eff46af18af7a9a6f763ed975f8b3357c673685,61,Pick up the red block and place it back on the table.,535,relational_placement,25,home,red_block,red block,object,"[""green_pen""]","[""red_block"", ""green_pen"", ""blue_block""]",[],3,,,,,,,,,front,front,seen,,semantic_reasoning,relational_placement.front.3,Put the red block on the table in front of the green pen.,1,train,[]
v1,justintiensmith/SP_Relational_Placement_200:062,justintiensmith/SP_Relational_Placement_200,8eff46af18af7a9a6f763ed975f8b3357c673685,62,Pick up the red block and place it back on the table.,561,relational_placement,25,home,red_block,red block,object,"[""pink_marker""]","[""red_block"", ""pink_marker""]",[],2,,,,,,,,,behind,behind,seen,,semantic_reasoning,relational_placement.behind.1,Place the red block behind the pink marker.,2,train,[]
v1,justintiensmith/SP_Relational_Placement_200:063,justintiensmith/SP_Relational_Placement_200,8eff46af18af7a9a6f763ed975f8b3357c673685,63,Pick up the red block and place it back on the table.,540,relational_placement,25,home,red_block,red block,object,"[""pink_marker""]","[""red_block"", ""pink_marker"", ""blue_block""]",[],3,,,,,,,,,behind,behind,seen,,semantic_reasoning,relational_placement.behind.1,Place the red block behind the pink marker.,3,train,[]
v1,justintiensmith/SP_Relational_Placement_200:064,justintiensmith/SP_Relational_Placement_200,8eff46af18af7a9a6f763ed975f8b3357c673685,64,Pick up the red block and place it back on the table.,483,relational_placement,25,home,red_block,red block,object,"[""pink_marker""]","[""green_pen"", ""red_block"", ""pink_marker"", ""blue_block""]",[],4,,,,,,,,,behind,behind,seen,,semantic_reasoning,relational_placement.behind.2,Move the red block to the back of the pink marker.,4,train,[]
v1,justintiensmith/SP_Relational_Placement_200:065,justintiensmith/SP_Relational_Placement_200,8eff46af18af7a9a6f763ed975f8b3357c673685,65,Pick up the red block and place it back on the table.,471,relational_placement,25,home,red_block,red block,object,"[""pink_marker""]","[""red_block"", ""pink_marker"", ""green_pen""]",[],3,,,,,,,,,behind,behind,seen,,semantic_reasoning,relational_placement.behind.3,Put the red block on the table behind the pink marker.,5,train,[]
v1,justintiensmith/SP_Relational_Placement_200:066,justintiensmith/SP_Relational_Placement_200,8eff46af18af7a9a6f763ed975f8b3357c673685,66,Pick up the red block and place it back on the table.,471,relational_placement,25,recovery,red_block,red block,object,"[""pink_marker""]","[""green_pen"", ""red_block"", ""pink_marker"", ""blue_block""]",[],4,,,,,,,,,behind,behind,seen,,semantic_reasoning,relational_placement.behind.3,Put the red block on the table behind the pink marker.,6,train,[]
v1,justintiensmith/SP_Relational_Placement_200:067,justintiensmith/SP_Relational_Placement_200,8eff46af18af7a9a6f763ed975f8b3357c673685,67,Pick up the red block and place it back on the table.,487,relational_placement,25,home,red_block,red block,object,"[""blue_block""]","[""red_block"", ""blue_block""]",[],2,,,,,,,,,behind,behind,seen,,semantic_reasoning,relational_placement.behind.1,Place the red block behind the blue block.,7,train,[]
v1,justintiensmith/SP_Relational_Placement_200:068,justintiensmith/SP_Relational_Placement_200,8eff46af18af7a9a6f763ed975f8b3357c673685,68,Pick up the red block and place it back on the table.,530,relational_placement,25,home,red_block,red block,object,"[""blue_block""]","[""red_block"", ""blue_block"", ""pink_marker""]",[],3,,,,,,,,,behind,behind,seen,,semantic_reasoning,relational_placement.behind.1,Place the red block behind the blue block.,8,train,[]
v1,justintiensmith/SP_Relational_Placement_200:069,justintiensmith/SP_Relational_Placement_200,8eff46af18af7a9a6f763ed975f8b3357c673685,69,Pick up the red block and place it back on the table.,533,relational_placement,25,home,red_block,red block,object,"[""blue_block""]","[""green_pen"", ""red_block"", ""pink_marker"", ""blue_block""]",[],4,,,,,,,,,behind,behind,seen,,semantic_reasoning,relational_placement.behind.2,Move the red block to the back of the blue block.,9,train,[]
v1,justintiensmith/SP_Relational_Placement_200:070,justintiensmith/SP_Relational_Placement_200,8eff46af18af7a9a6f763ed975f8b3357c673685,70,Pick up the red block and place it back on the table.,540,relational_placement,26,recovery,red_block,red block,object,"[""blue_block""]","[""red_block"", ""blue_block"", ""green_pen""]",[],3,,,,,,,,,behind,behind,seen,,semantic_reasoning,relational_placement.behind.3,Put the red block on the table behind the blue block.,0,train,[]
v1,justintiensmith/SP_Relational_Placement_200:071,justintiensmith/SP_Relational_Placement_200,8eff46af18af7a9a6f763ed975f8b3357c673685,71,Pick up the red block and place it back on the table.,540,relational_placement,26,home,red_block,red block,object,"[""green_pen""]","[""red_block"", ""green_pen""]",[],2,,,,,,,,,behind,behind,seen,,semantic_reasoning,relational_placement.behind.3,Put the red block on the table behind the green pen.,1,train,[]
v1,justintiensmith/SP_Relational_Placement_200:072,justintiensmith/SP_Relational_Placement_200,8eff46af18af7a9a6f763ed975f8b3357c673685,72,Pick up the red block and place it back on the table.,489,relational_placement,26,home,red_block,red block,object,"[""green_pen""]","[""red_block"", ""green_pen"", ""pink_marker""]",[],3,,,,,,,,,behind,behind,seen,,semantic_reasoning,relational_placement.behind.1,Place the red block behind the green pen.,2,train,[]
v1,justintiensmith/SP_Relational_Placement_200:073,justintiensmith/SP_Relational_Placement_200,8eff46af18af7a9a6f763ed975f8b3357c673685,73,Pick up the red block and place it back on the table.,431,relational_placement,26,home,red_block,red block,object,"[""green_pen""]","[""green_pen"", ""red_block"", ""pink_marker"", ""blue_block""]",[],4,,,,,,,,,behind,behind,seen,,semantic_reasoning,relational_placement.behind.1,Place the red block behind the green pen.,3,train,[]
v1,justintiensmith/SP_Relational_Placement_200:074,justintiensmith/SP_Relational_Placement_200,8eff46af18af7a9a6f763ed975f8b3357c673685,74,Pick up the red block and place it back on the table.,511,relational_placement,26,recovery,red_block,red block,object,"[""green_pen""]","[""red_block"", ""green_pen"", ""blue_block""]",[],3,,,,,,,,,behind,behind,seen,,semantic_reasoning,relational_placement.behind.2,Move the red block to the back of the green pen.,4,train,[]
v1,justintiensmith/SP_Relational_Placement_200:075,justintiensmith/SP_Relational_Placement_200,8eff46af18af7a9a6f763ed975f8b3357c673685,75,Pick up the red block and place it back on the table.,500,relational_placement,26,home,red_block,red block,object,"[""pink_marker""]","[""red_block"", ""pink_marker""]",[],2,,,,,,,,,left,next_to,held_out,withhold directed horizontal relation left,semantic_generic,relational_placement.next_to.2,Move the red block beside the pink marker.,5,train,[]
v1,justintiensmith/SP_Relational_Placement_200:076,justintiensmith/SP_Relational_Placement_200,8eff46af18af7a9a6f763ed975f8b3357c673685,76,Pick up the red block and place it back on the table.,570,relational_placement,26,home,red_block,red block,object,"[""pink_marker""]","[""red_block"", ""pink_marker"", ""blue_block""]",[],3,,,,,,,,,left,next_to,held_out,withhold directed horizontal relation left,semantic_generic,relational_placement.next_to.2,Move the red block beside the pink marker.,6,train,[]
v1,justintiensmith/SP_Relational_Placement_200:077,justintiensmith/SP_Relational_Placement_200,8eff46af18af7a9a6f763ed975f8b3357c673685,77,Pick up the red block and place it back on the table.,615,relational_placement,26,home,red_block,red block,object,"[""pink_marker""]","[""green_pen"", ""red_block"", ""pink_marker"", ""blue_block""]",[],4,,,,,,,,,left,next_to,held_out,withhold directed horizontal relation left,semantic_generic,relational_placement.next_to.1,Place the red block next to the pink marker.,7,train,[]
v1,justintiensmith/SP_Relational_Placement_200:078,justintiensmith/SP_Relational_Placement_200,8eff46af18af7a9a6f763ed975f8b3357c673685,78,Pick up the red block and place it back on the table.,501,relational_placement,26,home,red_block,red block,object,"[""pink_marker""]","[""red_block"", ""pink_marker"", ""green_pen""]",[],3,,,,,,,,,left,next_to,held_out,withhold directed horizontal relation left,semantic_generic,relational_placement.next_to.1,Place the red block next to the pink marker.,8,train,[]
v1,justintiensmith/SP_Relational_Placement_200:079,justintiensmith/SP_Relational_Placement_200,8eff46af18af7a9a6f763ed975f8b3357c673685,79,Pick up the red block and place it back on the table.,556,relational_placement,26,home,red_block,red block,object,"[""blue_block""]","[""red_block"", ""blue_block""]",[],2,,,,,,,,,left,next_to,held_out,withhold directed horizontal relation left,semantic_generic,relational_placement.next_to.1,Place the red block next to the blue block.,9,train,[]
v1,justintiensmith/SP_Relational_Placement_200:080,justintiensmith/SP_Relational_Placement_200,8eff46af18af7a9a6f763ed975f8b3357c673685,80,Pick up the red block and place it back on the table.,495,relational_placement,26,home,red_block,red block,object,"[""blue_block""]","[""red_block"", ""blue_block"", ""pink_marker""]",[],3,,,,,,,,,left,next_to,held_out,withhold directed horizontal relation left,semantic_generic,relational_placement.next_to.2,Move the red block beside the blue block.,0,train,[]
v1,justintiensmith/SP_Relational_Placement_200:081,justintiensmith/SP_Relational_Placement_200,8eff46af18af7a9a6f763ed975f8b3357c673685,81,Pick up the red block and place it back on the table.,527,relational_placement,26,home,red_block,red block,object,"[""blue_block""]","[""green_pen"", ""red_block"", ""pink_marker"", ""blue_block""]",[],4,,,,,,,,,left,next_to,held_out,withhold directed horizontal relation left,semantic_generic,relational_placement.next_to.2,Move the red block beside the blue block.,1,train,[]
v1,justintiensmith/SP_Relational_Placement_200:082,justintiensmith/SP_Relational_Placement_200,8eff46af18af7a9a6f763ed975f8b3357c673685,82,Pick up the red block and place it back on the table.,494,relational_placement,26,recovery,red_block,red block,object,"[""blue_block""]","[""red_block"", ""blue_block"", ""green_pen""]",[],3,,,,,,,,,left,next_to,held_out,withhold directed horizontal relation left,semantic_generic,relational_placement.next_to.2,Move the red block beside the blue block.,2,train,[]
v1,justintiensmith/SP_Relational_Placement_200:083,justintiensmith/SP_Relational_Placement_200,8eff46af18af7a9a6f763ed975f8b3357c673685,83,Pick up the red block and place it back on the table.,500,relational_placement,26,home,red_block,red block,object,"[""green_pen""]","[""red_block"", ""green_pen""]",[],2,,,,,,,,,left,next_to,held_out,withhold directed horizontal relation left,semantic_generic,relational_placement.next_to.1,Place the red block next to the green pen.,3,train,[]
v1,justintiensmith/SP_Relational_Placement_200:084,justintiensmith/SP_Relational_Placement_200,8eff46af18af7a9a6f763ed975f8b3357c673685,84,Pick up the red block and place it back on the table.,499,relational_placement,26,home,red_block,red block,object,"[""green_pen""]","[""red_block"", ""green_pen"", ""pink_marker""]",[],3,,,,,,,,,left,next_to,held_out,withhold directed horizontal relation left,semantic_generic,relational_placement.next_to.3,Put the red block on the table adjacent to the green pen.,4,train,[]
v1,justintiensmith/SP_Relational_Placement_200:085,justintiensmith/SP_Relational_Placement_200,8eff46af18af7a9a6f763ed975f8b3357c673685,85,Pick up the red block and place it back on the table.,659,relational_placement,26,home,red_block,red block,object,"[""green_pen""]","[""green_pen"", ""red_block"", ""pink_marker"", ""blue_block""]",[],4,,,,,,,,,left,next_to,held_out,withhold directed horizontal relation left,semantic_generic,relational_placement.next_to.3,Put the red block on the table adjacent to the green pen.,5,train,[]
v1,justintiensmith/SP_Relational_Placement_200:086,justintiensmith/SP_Relational_Placement_200,8eff46af18af7a9a6f763ed975f8b3357c673685,86,Pick up the red block and place it back on the table.,492,relational_placement,26,recovery,red_block,red block,object,"[""green_pen""]","[""red_block"", ""green_pen"", ""blue_block""]",[],3,,,,,,,,,left,next_to,held_out,withhold directed horizontal relation left,semantic_generic,relational_placement.next_to.3,Put the red block on the table adjacent to the green pen.,6,train,[]
v1,justintiensmith/SP_Relational_Placement_200:087,justintiensmith/SP_Relational_Placement_200,8eff46af18af7a9a6f763ed975f8b3357c673685,87,Pick up the red block and place it back on the table.,490,relational_placement,26,home,red_block,red block,object,"[""pink_marker""]","[""red_block"", ""pink_marker""]",[],2,,,,,,,,,right,next_to,held_out,withhold directed horizontal relation right,semantic_generic,relational_placement.next_to.1,Place the red block next to the pink marker.,7,train,[]
v1,justintiensmith/SP_Relational_Placement_200:088,justintiensmith/SP_Relational_Placement_200,8eff46af18af7a9a6f763ed975f8b3357c673685,88,Pick up the red block and place it back on the table.,511,relational_placement,26,home,red_block,red block,object,"[""pink_marker""]","[""red_block"", ""pink_marker"", ""blue_block""]",[],3,,,,,,,,,right,next_to,held_out,withhold directed horizontal relation right,semantic_generic,relational_placement.next_to.3,Put the red block on the table adjacent to the pink marker.,8,train,[]
v1,justintiensmith/SP_Relational_Placement_200:089,justintiensmith/SP_Relational_Placement_200,8eff46af18af7a9a6f763ed975f8b3357c673685,89,Pick up the red block and place it back on the table.,574,relational_placement,26,home,red_block,red block,object,"[""pink_marker""]","[""green_pen"", ""red_block"", ""pink_marker"", ""blue_block""]",[],4,,,,,,,,,right,next_to,held_out,withhold directed horizontal relation right,semantic_generic,relational_placement.next_to.1,Place the red block next to the pink marker.,9,train,[]
v1,justintiensmith/SP_Relational_Placement_200:090,justintiensmith/SP_Relational_Placement_200,8eff46af18af7a9a6f763ed975f8b3357c673685,90,Pick up the red block and place it back on the table.,529,relational_placement,26,recovery,red_block,red block,object,"[""pink_marker""]","[""red_block"", ""pink_marker"", ""green_pen""]",[],3,,,,,,,,,right,next_to,held_out,withhold directed horizontal relation right,semantic_generic,relational_placement.next_to.3,Put the red block on the table adjacent to the pink marker.,0,train,[]
v1,justintiensmith/SP_Relational_Placement_200:091,justintiensmith/SP_Relational_Placement_200,8eff46af18af7a9a6f763ed975f8b3357c673685,91,Pick up the red block and place it back on the table.,500,relational_placement,26,home,red_block,red block,object,"[""pink_marker""]","[""green_pen"", ""red_block"", ""pink_marker"", ""blue_block""]",[],4,,,,,,,,,right,next_to,held_out,withhold directed horizontal relation right,semantic_generic,relational_placement.next_to.1,Place the red block next to the pink marker.,1,train,[]
v1,justintiensmith/SP_Relational_Placement_200:092,justintiensmith/SP_Relational_Placement_200,8eff46af18af7a9a6f763ed975f8b3357c673685,92,Pick up the red block and place it back on the table.,531,relational_placement,26,home,red_block,red block,object,"[""blue_block""]","[""red_block"", ""blue_block""]",[],2,,,,,,,,,right,next_to,held_out,withhold directed horizontal relation right,semantic_generic,relational_placement.next_to.3,Put the red block on the table adjacent to the blue block.,2,train,[]
v1,justintiensmith/SP_Relational_Placement_200:093,justintiensmith/SP_Relational_Placement_200,8eff46af18af7a9a6f763ed975f8b3357c673685,93,Pick up the red block and place it back on the table.,476,relational_placement,26,home,red_block,red block,object,"[""blue_block""]","[""red_block"", ""blue_block"", ""pink_marker""]",[],3,,,,,,,,,right,next_to,held_out,withhold directed horizontal relation right,semantic_generic,relational_placement.next_to.2,Move the red block beside the blue block.,3,train,[]
v1,justintiensmith/SP_Relational_Placement_200:094,justintiensmith/SP_Relational_Placement_200,8eff46af18af7a9a6f763ed975f8b3357c673685,94,Pick up the red block and place it back on the table.,608,relational_placement,26,home,red_block,red block,object,"[""blue_block""]","[""green_pen"", ""red_block"", ""pink_marker"", ""blue_block""]",[],4,,,,,,,,,right,next_to,held_out,withhold directed horizontal relation right,semantic_generic,relational_placement.next_to.2,Move the red block beside the blue block.,4,train,[]
v1,justintiensmith/SP_Relational_Placement_200:095,justintiensmith/SP_Relational_Placement_200,8eff46af18af7a9a6f763ed975f8b3357c673685,95,Pick up the red block and place it back on the table.,377,relational_placement,26,recovery,red_block,red block,object,"[""blue_block""]","[""red_block"", ""blue_block"", ""green_pen""]",[],3,,,,,,,,,right,next_to,held_out,withhold directed horizontal relation right,semantic_generic,relational_placement.next_to.2,Move the red block beside the blue block.,5,train,[]
v1,justintiensmith/SP_Relational_Placement_200:096,justintiensmith/SP_Relational_Placement_200,8eff46af18af7a9a6f763ed975f8b3357c673685,96,Pick up the red block and place it back on the table.,630,relational_placement,26,home,red_block,red block,object,"[""green_pen""]","[""red_block"", ""green_pen""]",[],2,,,,,,,,,right,next_to,held_out,withhold directed horizontal relation right,semantic_generic,relational_placement.next_to.2,Move the red block beside the green pen.,6,train,[]
v1,justintiensmith/SP_Relational_Placement_200:097,justintiensmith/SP_Relational_Placement_200,8eff46af18af7a9a6f763ed975f8b3357c673685,97,Pick up the red block and place it back on the table.,538,relational_placement,26,home,red_block,red block,object,"[""green_pen""]","[""red_block"", ""green_pen"", ""pink_marker""]",[],3,,,,,,,,,right,next_to,held_out,withhold directed horizontal relation right,semantic_generic,relational_placement.next_to.2,Move the red block beside the green pen.,7,train,[]
v1,justintiensmith/SP_Relational_Placement_200:098,justintiensmith/SP_Relational_Placement_200,8eff46af18af7a9a6f763ed975f8b3357c673685,98,Pick up the red block and place it back on the table.,516,relational_placement,26,home,red_block,red block,object,"[""green_pen""]","[""green_pen"", ""red_block"", ""pink_marker"", ""blue_block""]",[],4,,,,,,,,,right,next_to,held_out,withhold directed horizontal relation right,semantic_generic,relational_placement.next_to.3,Put the red block on the table adjacent to the green pen.,8,train,[]
v1,justintiensmith/SP_Relational_Placement_200:099,justintiensmith/SP_Relational_Placement_200,8eff46af18af7a9a6f763ed975f8b3357c673685,99,Pick up the red block and place it back on the table.,466,relational_placement,26,recovery,red_block,red block,object,"[""green_pen""]","[""red_block"", ""green_pen"", ""blue_block""]",[],3,,,,,,,,,right,next_to,held_out,withhold directed horizontal relation right,semantic_generic,relational_placement.next_to.1,Place the red block next to the green pen.,9,train,[]
v1,justintiensmith/SP_Relational_Placement_200:100,justintiensmith/SP_Relational_Placement_200,8eff46af18af7a9a6f763ed975f8b3357c673685,100,Pick up the pink marker and place it back on the table.,563,relational_placement,26,home,pink_marker,pink marker,object,"[""blue_block""]","[""pink_marker"", ""blue_block""]",[],2,,,,,,,,,front,front,seen,,semantic_reasoning,relational_placement.front.2,Move the pink marker to the front of the blue block.,0,train,[]
v1,justintiensmith/SP_Relational_Placement_200:101,justintiensmith/SP_Relational_Placement_200,8eff46af18af7a9a6f763ed975f8b3357c673685,101,Pick up the pink marker and place it back on the table.,765,relational_placement,26,home,pink_marker,pink marker,object,"[""blue_block""]","[""pink_marker"", ""blue_block"", ""green_pen""]",[],3,,,,,,,,,front,front,seen,,semantic_reasoning,relational_placement.front.3,Put the pink marker on the table in front of the blue block.,1,train,[]
v1,justintiensmith/SP_Relational_Placement_200:102,justintiensmith/SP_Relational_Placement_200,8eff46af18af7a9a6f763ed975f8b3357c673685,102,Pick up the pink marker and place it back on the table.,556,relational_placement,26,home,pink_marker,pink marker,object,"[""blue_block""]","[""green_pen"", ""red_block"", ""pink_marker"", ""blue_block""]",[],4,,,,,,,,,front,front,seen,,semantic_reasoning,relational_placement.front.2,Move the pink marker to the front of the blue block.,2,train,[]
v1,justintiensmith/SP_Relational_Placement_200:103,justintiensmith/SP_Relational_Placement_200,8eff46af18af7a9a6f763ed975f8b3357c673685,103,Pick up the pink marker and place it back on the table.,516,relational_placement,26,recovery,pink_marker,pink marker,object,"[""blue_block""]","[""pink_marker"", ""blue_block"", ""red_block""]",[],3,,,,,,,,,front,front,seen,,semantic_reasoning,relational_placement.front.3,Put the pink marker on the table in front of the blue block.,3,train,[]
v1,justintiensmith/SP_Relational_Placement_200:104,justintiensmith/SP_Relational_Placement_200,8eff46af18af7a9a6f763ed975f8b3357c673685,104,Pick up the pink marker and place it back on the table.,624,relational_placement,26,home,pink_marker,pink marker,object,"[""green_pen""]","[""pink_marker"", ""green_pen""]",[],2,,,,,,,,,front,front,seen,,semantic_reasoning,relational_placement.front.3,Put the pink marker on the table in front of the green pen.,4,train,[]
v1,justintiensmith/SP_Relational_Placement_200:105,justintiensmith/SP_Relational_Placement_200,8eff46af18af7a9a6f763ed975f8b3357c673685,105,Pick up the pink marker and place it back on the table.,704,relational_placement,27,home,pink_marker,pink marker,object,"[""green_pen""]","[""pink_marker"", ""green_pen"", ""blue_block""]",[],3,,,,,,,,,front,front,seen,,semantic_reasoning,relational_placement.front.2,Move the pink marker to the front of the green pen.,5,train,[]
v1,justintiensmith/SP_Relational_Placement_200:106,justintiensmith/SP_Relational_Placement_200,8eff46af18af7a9a6f763ed975f8b3357c673685,106,Pick up the pink marker and place it back on the table.,693,relational_placement,27,home,pink_marker,pink marker,object,"[""green_pen""]","[""green_pen"", ""red_block"", ""pink_marker"", ""blue_block""]",[],4,,,,,,,,,front,front,seen,,semantic_reasoning,relational_placement.front.1,Place the pink marker in front of the green pen.,6,train,[]
v1,justintiensmith/SP_Relational_Placement_200:107,justintiensmith/SP_Relational_Placement_200,8eff46af18af7a9a6f763ed975f8b3357c673685,107,Pick up the pink marker and place it back on the table.,553,relational_placement,27,recovery,pink_marker,pink marker,object,"[""green_pen""]","[""pink_marker"", ""green_pen"", ""red_block""]",[],3,,,,,,,,,front,front,seen,,semantic_reasoning,relational_placement.front.1,Place the pink marker in front of the green pen.,7,train,[]
v1,justintiensmith/SP_Relational_Placement_200:108,justintiensmith/SP_Relational_Placement_200,8eff46af18af7a9a6f763ed975f8b3357c673685,108,Pick up the pink marker and place it back on the table.,639,relational_placement,27,home,pink_marker,pink marker,object,"[""red_block""]","[""pink_marker"", ""red_block""]",[],2,,,,,,,,,front,front,seen,,semantic_reasoning,relational_placement.front.2,Move the pink marker to the front of the red block.,8,train,[]
v1,justintiensmith/SP_Relational_Placement_200:109,justintiensmith/SP_Relational_Placement_200,8eff46af18af7a9a6f763ed975f8b3357c673685,109,Pick up the pink marker and place it back on the table.,492,relational_placement,27,home,pink_marker,pink marker,object,"[""red_block""]","[""pink_marker"", ""red_block"", ""blue_block""]",[],3,,,,,,,,,front,front,seen,,semantic_reasoning,relational_placement.front.1,Place the pink marker in front of the red block.,9,train,[]
v1,justintiensmith/SP_Relational_Placement_200:110,justintiensmith/SP_Relational_Placement_200,8eff46af18af7a9a6f763ed975f8b3357c673685,110,Pick up the pink marker and place it back on the table.,458,relational_placement,27,home,pink_marker,pink marker,object,"[""red_block""]","[""green_pen"", ""red_block"", ""pink_marker"", ""blue_block""]",[],4,,,,,,,,,front,front,seen,,semantic_reasoning,relational_placement.front.1,Place the pink marker in front of the red block.,0,train,[]
v1,justintiensmith/SP_Relational_Placement_200:111,justintiensmith/SP_Relational_Placement_200,8eff46af18af7a9a6f763ed975f8b3357c673685,111,Pick up the pink marker and place it back on the table.,486,relational_placement,27,home,pink_marker,pink marker,object,"[""red_block""]","[""pink_marker"", ""red_block"", ""green_pen""]",[],3,,,,,,,,,front,front,seen,,semantic_reasoning,relational_placement.front.2,Move the pink marker to the front of the red block.,1,train,[]
v1,justintiensmith/SP_Relational_Placement_200:112,justintiensmith/SP_Relational_Placement_200,8eff46af18af7a9a6f763ed975f8b3357c673685,112,Pick up the pink marker and place it back on the table.,494,relational_placement,27,home,pink_marker,pink marker,object,"[""blue_block""]","[""pink_marker"", ""blue_block""]",[],2,,,,,,,,,behind,behind,seen,,semantic_reasoning,relational_placement.behind.2,Move the pink marker to the back of the blue block.,2,train,[]
v1,justintiensmith/SP_Relational_Placement_200:113,justintiensmith/SP_Relational_Placement_200,8eff46af18af7a9a6f763ed975f8b3357c673685,113,Pick up the pink marker and place it back on the table.,469,relational_placement,27,home,pink_marker,pink marker,object,"[""blue_block""]","[""pink_marker"", ""blue_block"", ""green_pen""]",[],3,,,,,,,,,behind,behind,seen,,semantic_reasoning,relational_placement.behind.2,Move the pink marker to the back of the blue block.,3,train,[]
v1,justintiensmith/SP_Relational_Placement_200:114,justintiensmith/SP_Relational_Placement_200,8eff46af18af7a9a6f763ed975f8b3357c673685,114,Pick up the pink marker and place it back on the table.,542,relational_placement,27,home,pink_marker,pink marker,object,"[""blue_block""]","[""green_pen"", ""red_block"", ""pink_marker"", ""blue_block""]",[],4,,,,,,,,,behind,behind,seen,,semantic_reasoning,relational_placement.behind.2,Move the pink marker to the back of the blue block.,4,train,[]
v1,justintiensmith/SP_Relational_Placement_200:115,justintiensmith/SP_Relational_Placement_200,8eff46af18af7a9a6f763ed975f8b3357c673685,115,Pick up the pink marker and place it back on the table.,496,relational_placement,27,recovery,pink_marker,pink marker,object,"[""blue_block""]","[""pink_marker"", ""blue_block"", ""red_block""]",[],3,,,,,,,,,behind,behind,seen,,semantic_reasoning,relational_placement.behind.2,Move the pink marker to the back of the blue block.,5,train,[]
v1,justintiensmith/SP_Relational_Placement_200:116,justintiensmith/SP_Relational_Placement_200,8eff46af18af7a9a6f763ed975f8b3357c673685,116,Pick up the pink marker and place it back on the table.,562,relational_placement,27,home,pink_marker,pink marker,object,"[""blue_block""]","[""green_pen"", ""red_block"", ""pink_marker"", ""blue_block""]",[],4,,,,,,,,,behind,behind,seen,,semantic_reasoning,relational_placement.behind.3,Put the pink marker on the table behind the blue block.,6,train,[]
v1,justintiensmith/SP_Relational_Placement_200:117,justintiensmith/SP_Relational_Placement_200,8eff46af18af7a9a6f763ed975f8b3357c673685,117,Pick up the pink marker and place it back on the table.,521,relational_placement,27,home,pink_marker,pink marker,object,"[""green_pen""]","[""pink_marker"", ""green_pen""]",[],2,,,,,,,,,behind,behind,seen,,semantic_reasoning,relational_placement.behind.2,Move the pink marker to the back of the green pen.,7,train,[]
v1,justintiensmith/SP_Relational_Placement_200:118,justintiensmith/SP_Relational_Placement_200,8eff46af18af7a9a6f763ed975f8b3357c673685,118,Pick up the pink marker and place it back on the table.,538,relational_placement,27,home,pink_marker,pink marker,object,"[""green_pen""]","[""pink_marker"", ""green_pen"", ""blue_block""]",[],3,,,,,,,,,behind,behind,seen,,semantic_reasoning,relational_placement.behind.2,Move the pink marker to the back of the green pen.,8,train,[]
v1,justintiensmith/SP_Relational_Placement_200:119,justintiensmith/SP_Relational_Placement_200,8eff46af18af7a9a6f763ed975f8b3357c673685,119,Pick up the pink marker and place it back on the table.,530,relational_placement,27,home,pink_marker,pink marker,object,"[""green_pen""]","[""green_pen"", ""red_block"", ""pink_marker"", ""blue_block""]",[],4,,,,,,,,,behind,behind,seen,,semantic_reasoning,relational_placement.behind.2,Move the pink marker to the back of the green pen.,9,train,[]
v1,justintiensmith/SP_Relational_Placement_200:120,justintiensmith/SP_Relational_Placement_200,8eff46af18af7a9a6f763ed975f8b3357c673685,120,Pick up the pink marker and place it back on the table.,496,relational_placement,27,recovery,pink_marker,pink marker,object,"[""green_pen""]","[""pink_marker"", ""green_pen"", ""red_block""]",[],3,,,,,,,,,behind,behind,seen,,semantic_reasoning,relational_placement.behind.3,Put the pink marker on the table behind the green pen.,0,train,[]
v1,justintiensmith/SP_Relational_Placement_200:121,justintiensmith/SP_Relational_Placement_200,8eff46af18af7a9a6f763ed975f8b3357c673685,121,Pick up the pink marker and place it back on the table.,541,relational_placement,27,home,pink_marker,pink marker,object,"[""red_block""]","[""pink_marker"", ""red_block""]",[],2,,,,,,,,,behind,behind,seen,,semantic_reasoning,relational_placement.behind.3,Put the pink marker on the table behind the red block.,1,train,[]
v1,justintiensmith/SP_Relational_Placement_200:122,justintiensmith/SP_Relational_Placement_200,8eff46af18af7a9a6f763ed975f8b3357c673685,122,Pick up the pink marker and place it back on the table.,430,relational_placement,27,home,pink_marker,pink marker,object,"[""red_block""]","[""pink_marker"", ""red_block"", ""blue_block""]",[],3,,,,,,,,,behind,behind,seen,,semantic_reasoning,relational_placement.behind.1,Place the pink marker behind the red block.,2,train,[]
v1,justintiensmith/SP_Relational_Placement_200:123,justintiensmith/SP_Relational_Placement_200,8eff46af18af7a9a6f763ed975f8b3357c673685,123,Pick up the pink marker and place it back on the table.,486,relational_placement,27,home,pink_marker,pink marker,object,"[""red_block""]","[""green_pen"", ""red_block"", ""pink_marker"", ""blue_block""]",[],4,,,,,,,,,behind,behind,seen,,semantic_reasoning,relational_placement.behind.3,Put the pink marker on the table behind the red block.,3,train,[]
v1,justintiensmith/SP_Relational_Placement_200:124,justintiensmith/SP_Relational_Placement_200,8eff46af18af7a9a6f763ed975f8b3357c673685,124,Pick up the pink marker and place it back on the table.,488,relational_placement,27,recovery,pink_marker,pink marker,object,"[""red_block""]","[""pink_marker"", ""red_block"", ""green_pen""]",[],3,,,,,,,,,behind,behind,seen,,semantic_reasoning,relational_placement.behind.3,Put the pink marker on the table behind the red block.,4,train,[]
v1,justintiensmith/SP_Relational_Placement_200:125,justintiensmith/SP_Relational_Placement_200,8eff46af18af7a9a6f763ed975f8b3357c673685,125,Pick up the pink marker and place it back on the table.,514,relational_placement,27,home,pink_marker,pink marker,object,"[""blue_block""]","[""pink_marker"", ""blue_block""]",[],2,,,,,,,,,left,next_to,held_out,withhold directed horizontal relation left,semantic_generic,relational_placement.next_to.2,Move the pink marker beside the blue block.,5,train,[]
v1,justintiensmith/SP_Relational_Placement_200:126,justintiensmith/SP_Relational_Placement_200,8eff46af18af7a9a6f763ed975f8b3357c673685,126,Pick up the pink marker and place it back on the table.,526,relational_placement,27,home,pink_marker,pink marker,object,"[""blue_block""]","[""pink_marker"", ""blue_block"", ""green_pen""]",[],3,,,,,,,,,left,next_to,held_out,withhold directed horizontal relation left,semantic_generic,relational_placement.next_to.1,Place the pink marker next to the blue block.,6,train,[]
v1,justintiensmith/SP_Relational_Placement_200:127,justintiensmith/SP_Relational_Placement_200,8eff46af18af7a9a6f763ed975f8b3357c673685,127,Pick up the pink marker and place it back on the table.,575,relational_placement,27,home,pink_marker,pink marker,object,"[""blue_block""]","[""green_pen"", ""red_block"", ""pink_marker"", ""blue_block""]",[],4,,,,,,,,,left,next_to,held_out,withhold directed horizontal relation left,semantic_generic,relational_placement.next_to.3,Put the pink marker on the table adjacent to the blue block.,7,train,[]
v1,justintiensmith/SP_Relational_Placement_200:128,justintiensmith/SP_Relational_Placement_200,8eff46af18af7a9a6f763ed975f8b3357c673685,128,Pick up the pink marker and place it back on the table.,498,relational_placement,27,home,pink_marker,pink marker,object,"[""blue_block""]","[""pink_marker"", ""blue_block"", ""red_block""]",[],3,,,,,,,,,left,next_to,held_out,withhold directed horizontal relation left,semantic_generic,relational_placement.next_to.2,Move the pink marker beside the blue block.,8,train,[]
v1,justintiensmith/SP_Relational_Placement_200:129,justintiensmith/SP_Relational_Placement_200,8eff46af18af7a9a6f763ed975f8b3357c673685,129,Pick up the pink marker and place it back on the table.,474,relational_placement,27,home,pink_marker,pink marker,object,"[""green_pen""]","[""pink_marker"", ""green_pen""]",[],2,,,,,,,,,left,next_to,held_out,withhold directed horizontal relation left,semantic_generic,relational_placement.next_to.1,Place the pink marker next to the green pen.,9,train,[]
v1,justintiensmith/SP_Relational_Placement_200:130,justintiensmith/SP_Relational_Placement_200,8eff46af18af7a9a6f763ed975f8b3357c673685,130,Pick up the pink marker and place it back on the table.,563,relational_placement,27,home,pink_marker,pink marker,object,"[""green_pen""]","[""pink_marker"", ""green_pen"", ""blue_block""]",[],3,,,,,,,,,left,next_to,held_out,withhold directed horizontal relation left,semantic_generic,relational_placement.next_to.3,Put the pink marker on the table adjacent to the green pen.,0,train,[]
v1,justintiensmith/SP_Relational_Placement_200:131,justintiensmith/SP_Relational_Placement_200,8eff46af18af7a9a6f763ed975f8b3357c673685,131,Pick up the pink marker and place it back on the table.,523,relational_placement,27,home,pink_marker,pink marker,object,"[""green_pen""]","[""green_pen"", ""red_block"", ""pink_marker"", ""blue_block""]",[],4,,,,,,,,,left,next_to,held_out,withhold directed horizontal relation left,semantic_generic,relational_placement.next_to.2,Move the pink marker beside the green pen.,1,train,[]
v1,justintiensmith/SP_Relational_Placement_200:132,justintiensmith/SP_Relational_Placement_200,8eff46af18af7a9a6f763ed975f8b3357c673685,132,Pick up the pink marker and place it back on the table.,454,relational_placement,27,recovery,pink_marker,pink marker,object,"[""green_pen""]","[""pink_marker"", ""green_pen"", ""red_block""]",[],3,,,,,,,,,left,next_to,held_out,withhold directed horizontal relation left,semantic_generic,relational_placement.next_to.3,Put the pink marker on the table adjacent to the green pen.,2,train,[]
v1,justintiensmith/SP_Relational_Placement_200:133,justintiensmith/SP_Relational_Placement_200,8eff46af18af7a9a6f763ed975f8b3357c673685,133,Pick up the pink marker and place it back on the table.,516,relational_placement,27,home,pink_marker,pink marker,object,"[""red_block""]","[""pink_marker"", ""red_block""]",[],2,,,,,,,,,left,next_to,held_out,withhold directed horizontal relation left,semantic_generic,relational_placement.next_to.3,Put the pink marker on the table adjacent to the red block.,3,train,[]
v1,justintiensmith/SP_Relational_Placement_200:134,justintiensmith/SP_Relational_Placement_200,8eff46af18af7a9a6f763ed975f8b3357c673685,134,Pick up the pink marker and place it back on the table.,477,relational_placement,27,home,pink_marker,pink marker,object,"[""red_block""]","[""pink_marker"", ""red_block"", ""blue_block""]",[],3,,,,,,,,,left,next_to,held_out,withhold directed horizontal relation left,semantic_generic,relational_placement.next_to.2,Move the pink marker beside the red block.,4,train,[]
v1,justintiensmith/SP_Relational_Placement_200:135,justintiensmith/SP_Relational_Placement_200,8eff46af18af7a9a6f763ed975f8b3357c673685,135,Pick up the pink marker and place it back on the table.,461,relational_placement,27,home,pink_marker,pink marker,object,"[""red_block""]","[""green_pen"", ""red_block"", ""pink_marker"", ""blue_block""]",[],4,,,,,,,,,left,next_to,held_out,withhold directed horizontal relation left,semantic_generic,relational_placement.next_to.2,Move the pink marker beside the red block.,5,train,[]
v1,justintiensmith/SP_Relational_Placement_200:136,justintiensmith/SP_Relational_Placement_200,8eff46af18af7a9a6f763ed975f8b3357c673685,136,Pick up the pink marker and place it back on the table.,445,relational_placement,27,recovery,pink_marker,pink marker,object,"[""red_block""]","[""pink_marker"", ""red_block"", ""green_pen""]",[],3,,,,,,,,,left,next_to,held_out,withhold directed horizontal relation left,semantic_generic,relational_placement.next_to.1,Place the pink marker next to the red block.,6,train,[]
v1,justintiensmith/SP_Relational_Placement_200:137,justintiensmith/SP_Relational_Placement_200,8eff46af18af7a9a6f763ed975f8b3357c673685,137,Pick up the pink marker and place it back on the table.,512,relational_placement,27,home,pink_marker,pink marker,object,"[""blue_block""]","[""pink_marker"", ""blue_block""]",[],2,,,,,,,,,right,next_to,held_out,withhold directed horizontal relation right,semantic_generic,relational_placement.next_to.2,Move the pink marker beside the blue block.,7,train,[]
v1,justintiensmith/SP_Relational_Placement_200:138,justintiensmith/SP_Relational_Placement_200,8eff46af18af7a9a6f763ed975f8b3357c673685,138,Pick up the pink marker and place it back on the table.,489,relational_placement,27,home,pink_marker,pink marker,object,"[""blue_block""]","[""pink_marker"", ""blue_block"", ""green_pen""]",[],3,,,,,,,,,right,next_to,held_out,withhold directed horizontal relation right,semantic_generic,relational_placement.next_to.3,Put the pink marker on the table adjacent to the blue block.,8,train,[]
v1,justintiensmith/SP_Relational_Placement_200:139,justintiensmith/SP_Relational_Placement_200,8eff46af18af7a9a6f763ed975f8b3357c673685,139,Pick up the pink marker and place it back on the table.,491,relational_placement,27,home,pink_marker,pink marker,object,"[""blue_block""]","[""green_pen"", ""red_block"", ""pink_marker"", ""blue_block""]",[],4,,,,,,,,,right,next_to,held_out,withhold directed horizontal relation right,semantic_generic,relational_placement.next_to.1,Place the pink marker next to the blue block.,9,train,[]
v1,justintiensmith/SP_Relational_Placement_200:140,justintiensmith/SP_Relational_Placement_200,8eff46af18af7a9a6f763ed975f8b3357c673685,140,Pick up the pink marker and place it back on the table.,458,relational_placement,27,recovery,pink_marker,pink marker,object,"[""blue_block""]","[""pink_marker"", ""blue_block"", ""red_block""]",[],3,,,,,,,,,right,next_to,held_out,withhold directed horizontal relation right,semantic_generic,relational_placement.next_to.1,Place the pink marker next to the blue block.,0,train,[]
v1,justintiensmith/SP_Relational_Placement_200:141,justintiensmith/SP_Relational_Placement_200,8eff46af18af7a9a6f763ed975f8b3357c673685,141,Pick up the pink marker and place it back on the table.,462,relational_placement,27,home,pink_marker,pink marker,object,"[""blue_block""]","[""green_pen"", ""red_block"", ""pink_marker"", ""blue_block""]",[],4,,,,,,,,,right,next_to,held_out,withhold directed horizontal relation right,semantic_generic,relational_placement.next_to.2,Move the pink marker beside the blue block.,1,train,[]
v1,justintiensmith/SP_Relational_Placement_200:142,justintiensmith/SP_Relational_Placement_200,8eff46af18af7a9a6f763ed975f8b3357c673685,142,Pick up the pink marker and place it back on the table.,667,relational_placement,27,home,pink_marker,pink marker,object,"[""green_pen""]","[""pink_marker"", ""green_pen""]",[],2,,,,,,,,,right,next_to,held_out,withhold directed horizontal relation right,semantic_generic,relational_placement.next_to.1,Place the pink marker next to the green pen.,2,train,[]
v1,justintiensmith/SP_Relational_Placement_200:143,justintiensmith/SP_Relational_Placement_200,8eff46af18af7a9a6f763ed975f8b3357c673685,143,Pick up the pink marker and place it back on the table.,481,relational_placement,27,home,pink_marker,pink marker,object,"[""green_pen""]","[""pink_marker"", ""green_pen"", ""blue_block""]",[],3,,,,,,,,,right,next_to,held_out,withhold directed horizontal relation right,semantic_generic,relational_placement.next_to.1,Place the pink marker next to the green pen.,3,train,[]
v1,justintiensmith/SP_Relational_Placement_200:144,justintiensmith/SP_Relational_Placement_200,8eff46af18af7a9a6f763ed975f8b3357c673685,144,Pick up the pink marker and place it back on the table.,507,relational_placement,27,home,pink_marker,pink marker,object,"[""green_pen""]","[""green_pen"", ""red_block"", ""pink_marker"", ""blue_block""]",[],4,,,,,,,,,right,next_to,held_out,withhold directed horizontal relation right,semantic_generic,relational_placement.next_to.2,Move the pink marker beside the green pen.,4,train,[]
v1,justintiensmith/SP_Relational_Placement_200:145,justintiensmith/SP_Relational_Placement_200,8eff46af18af7a9a6f763ed975f8b3357c673685,145,Pick up the pink marker and place it back on the table.,478,relational_placement,28,recovery,pink_marker,pink marker,object,"[""green_pen""]","[""pink_marker"", ""green_pen"", ""red_block""]",[],3,,,,,,,,,right,next_to,held_out,withhold directed horizontal relation right,semantic_generic,relational_placement.next_to.3,Put the pink marker on the table adjacent to the green pen.,5,train,[]
v1,justintiensmith/SP_Relational_Placement_200:146,justintiensmith/SP_Relational_Placement_200,8eff46af18af7a9a6f763ed975f8b3357c673685,146,Pick up the pink marker and place it back on the table.,485,relational_placement,28,home,pink_marker,pink marker,object,"[""red_block""]","[""pink_marker"", ""red_block""]",[],2,,,,,,,,,right,next_to,held_out,withhold directed horizontal relation right,semantic_generic,relational_placement.next_to.3,Put the pink marker on the table adjacent to the red block.,6,train,[]
v1,justintiensmith/SP_Relational_Placement_200:147,justintiensmith/SP_Relational_Placement_200,8eff46af18af7a9a6f763ed975f8b3357c673685,147,Pick up the pink marker and place it back on the table.,449,relational_placement,28,home,pink_marker,pink marker,object,"[""red_block""]","[""pink_marker"", ""red_block"", ""blue_block""]",[],3,,,,,,,,,right,next_to,held_out,withhold directed horizontal relation right,semantic_generic,relational_placement.next_to.3,Put the pink marker on the table adjacent to the red block.,7,train,[]
v1,justintiensmith/SP_Relational_Placement_200:148,justintiensmith/SP_Relational_Placement_200,8eff46af18af7a9a6f763ed975f8b3357c673685,148,Pick up the pink marker and place it back on the table.,525,relational_placement,28,home,pink_marker,pink marker,object,"[""red_block""]","[""green_pen"", ""red_block"", ""pink_marker"", ""blue_block""]",[],4,,,,,,,,,right,next_to,held_out,withhold directed horizontal relation right,semantic_generic,relational_placement.next_to.3,Put the pink marker on the table adjacent to the red block.,8,train,[]
v1,justintiensmith/SP_Relational_Placement_200:149,justintiensmith/SP_Relational_Placement_200,8eff46af18af7a9a6f763ed975f8b3357c673685,149,Pick up the pink marker and place it back on the table.,549,relational_placement,28,recovery,pink_marker,pink marker,object,"[""red_block""]","[""pink_marker"", ""red_block"", ""green_pen""]",[],3,,,,,,,,,right,next_to,held_out,withhold directed horizontal relation right,semantic_generic,relational_placement.next_to.3,Put the pink marker on the table adjacent to the red block.,9,train,[]
v1,justintiensmith/SP_Relational_Placement_200:150,justintiensmith/SP_Relational_Placement_200,8eff46af18af7a9a6f763ed975f8b3357c673685,150,Pick up the blue block and place it back on the table.,553,relational_placement,28,home,blue_block,blue block,object,"[""green_pen""]","[""blue_block"", ""green_pen""]",[],2,,,,,,,,,front,front,seen,,semantic_reasoning,relational_placement.front.3,Put the blue block on the table in front of the green pen.,0,train,[]
v1,justintiensmith/SP_Relational_Placement_200:151,justintiensmith/SP_Relational_Placement_200,8eff46af18af7a9a6f763ed975f8b3357c673685,151,Pick up the blue block and place it back on the table.,473,relational_placement,28,home,blue_block,blue block,object,"[""green_pen""]","[""blue_block"", ""green_pen"", ""red_block""]",[],3,,,,,,,,,front,front,seen,,semantic_reasoning,relational_placement.front.2,Move the blue block to the front of the green pen.,1,train,[]
v1,justintiensmith/SP_Relational_Placement_200:152,justintiensmith/SP_Relational_Placement_200,8eff46af18af7a9a6f763ed975f8b3357c673685,152,Pick up the blue block and place it back on the table.,439,relational_placement,28,home,blue_block,blue block,object,"[""green_pen""]","[""green_pen"", ""red_block"", ""pink_marker"", ""blue_block""]",[],4,,,,,,,,,front,front,seen,,semantic_reasoning,relational_placement.front.1,Place the blue block in front of the green pen.,2,train,[]
v1,justintiensmith/SP_Relational_Placement_200:153,justintiensmith/SP_Relational_Placement_200,8eff46af18af7a9a6f763ed975f8b3357c673685,153,Pick up the blue block and place it back on the table.,498,relational_placement,28,recovery,blue_block,blue block,object,"[""green_pen""]","[""blue_block"", ""green_pen"", ""pink_marker""]",[],3,,,,,,,,,front,front,seen,,semantic_reasoning,relational_placement.front.2,Move the blue block to the front of the green pen.,3,train,[]
v1,justintiensmith/SP_Relational_Placement_200:154,justintiensmith/SP_Relational_Placement_200,8eff46af18af7a9a6f763ed975f8b3357c673685,154,Pick up the blue block and place it back on the table.,457,relational_placement,28,home,blue_block,blue block,object,"[""red_block""]","[""blue_block"", ""red_block""]",[],2,,,,,,,,,front,front,seen,,semantic_reasoning,relational_placement.front.1,Place the blue block in front of the red block.,4,train,[]
v1,justintiensmith/SP_Relational_Placement_200:155,justintiensmith/SP_Relational_Placement_200,8eff46af18af7a9a6f763ed975f8b3357c673685,155,Pick up the blue block and place it back on the table.,478,relational_placement,28,home,blue_block,blue block,object,"[""red_block""]","[""blue_block"", ""red_block"", ""green_pen""]",[],3,,,,,,,,,front,front,seen,,semantic_reasoning,relational_placement.front.3,Put the blue block on the table in front of the red block.,5,train,[]
v1,justintiensmith/SP_Relational_Placement_200:156,justintiensmith/SP_Relational_Placement_200,8eff46af18af7a9a6f763ed975f8b3357c673685,156,Pick up the blue block and place it back on the table.,352,relational_placement,28,home,blue_block,blue block,object,"[""red_block""]","[""green_pen"", ""red_block"", ""pink_marker"", ""blue_block""]",[],4,,,,,,,,,front,front,seen,,semantic_reasoning,relational_placement.front.1,Place the blue block in front of the red block.,6,train,[]
v1,justintiensmith/SP_Relational_Placement_200:157,justintiensmith/SP_Relational_Placement_200,8eff46af18af7a9a6f763ed975f8b3357c673685,157,Pick up the blue block and place it back on the table.,524,relational_placement,28,recovery,blue_block,blue block,object,"[""red_block""]","[""blue_block"", ""red_block"", ""pink_marker""]",[],3,,,,,,,,,front,front,seen,,semantic_reasoning,relational_placement.front.2,Move the blue block to the front of the red block.,7,train,[]
v1,justintiensmith/SP_Relational_Placement_200:158,justintiensmith/SP_Relational_Placement_200,8eff46af18af7a9a6f763ed975f8b3357c673685,158,Pick up the blue block and place it back on the table.,405,relational_placement,28,home,blue_block,blue block,object,"[""pink_marker""]","[""blue_block"", ""pink_marker""]",[],2,,,,,,,,,front,front,seen,,semantic_reasoning,relational_placement.front.3,Put the blue block on the table in front of the pink marker.,8,train,[]
v1,justintiensmith/SP_Relational_Placement_200:159,justintiensmith/SP_Relational_Placement_200,8eff46af18af7a9a6f763ed975f8b3357c673685,159,Pick up the blue block and place it back on the table.,383,relational_placement,28,home,blue_block,blue block,object,"[""pink_marker""]","[""blue_block"", ""pink_marker"", ""green_pen""]",[],3,,,,,,,,,front,front,seen,,semantic_reasoning,relational_placement.front.1,Place the blue block in front of the pink marker.,9,train,[]
v1,justintiensmith/SP_Relational_Placement_200:160,justintiensmith/SP_Relational_Placement_200,8eff46af18af7a9a6f763ed975f8b3357c673685,160,Pick up the blue block and place it back on the table.,472,relational_placement,28,home,blue_block,blue block,object,"[""pink_marker""]","[""green_pen"", ""red_block"", ""pink_marker"", ""blue_block""]",[],4,,,,,,,,,front,front,seen,,semantic_reasoning,relational_placement.front.3,Put the blue block on the table in front of the pink marker.,0,train,[]
v1,justintiensmith/SP_Relational_Placement_200:161,justintiensmith/SP_Relational_Placement_200,8eff46af18af7a9a6f763ed975f8b3357c673685,161,Pick up the blue block and place it back on the table.,466,relational_placement,28,home,blue_block,blue block,object,"[""pink_marker""]","[""blue_block"", ""pink_marker"", ""red_block""]",[],3,,,,,,,,,front,front,seen,,semantic_reasoning,relational_placement.front.2,Move the blue block to the front of the pink marker.,1,train,[]
v1,justintiensmith/SP_Relational_Placement_200:162,justintiensmith/SP_Relational_Placement_200,8eff46af18af7a9a6f763ed975f8b3357c673685,162,Pick up the blue block and place it back on the table.,470,relational_placement,28,home,blue_block,blue block,object,"[""green_pen""]","[""blue_block"", ""green_pen""]",[],2,,,,,,,,,behind,behind,seen,,semantic_reasoning,relational_placement.behind.3,Put the blue block on the table behind the green pen.,2,train,[]
v1,justintiensmith/SP_Relational_Placement_200:163,justintiensmith/SP_Relational_Placement_200,8eff46af18af7a9a6f763ed975f8b3357c673685,163,Pick up the blue block and place it back on the table.,529,relational_placement,28,home,blue_block,blue block,object,"[""green_pen""]","[""blue_block"", ""green_pen"", ""red_block""]",[],3,,,,,,,,,behind,behind,seen,,semantic_reasoning,relational_placement.behind.1,Place the blue block behind the green pen.,3,train,[]
v1,justintiensmith/SP_Relational_Placement_200:164,justintiensmith/SP_Relational_Placement_200,8eff46af18af7a9a6f763ed975f8b3357c673685,164,Pick up the blue block and place it back on the table.,540,relational_placement,28,home,blue_block,blue block,object,"[""green_pen""]","[""green_pen"", ""red_block"", ""pink_marker"", ""blue_block""]",[],4,,,,,,,,,behind,behind,seen,,semantic_reasoning,relational_placement.behind.1,Place the blue block behind the green pen.,4,train,[]
v1,justintiensmith/SP_Relational_Placement_200:165,justintiensmith/SP_Relational_Placement_200,8eff46af18af7a9a6f763ed975f8b3357c673685,165,Pick up the blue block and place it back on the table.,450,relational_placement,28,recovery,blue_block,blue block,object,"[""green_pen""]","[""blue_block"", ""green_pen"", ""pink_marker""]",[],3,,,,,,,,,behind,behind,seen,,semantic_reasoning,relational_placement.behind.3,Put the blue block on the table behind the green pen.,5,train,[]
v1,justintiensmith/SP_Relational_Placement_200:166,justintiensmith/SP_Relational_Placement_200,8eff46af18af7a9a6f763ed975f8b3357c673685,166,Pick up the blue block and place it back on the table.,435,relational_placement,28,home,blue_block,blue block,object,"[""green_pen""]","[""green_pen"", ""red_block"", ""pink_marker"", ""blue_block""]",[],4,,,,,,,,,behind,behind,seen,,semantic_reasoning,relational_placement.behind.2,Move the blue block to the back of the green pen.,6,train,[]
v1,justintiensmith/SP_Relational_Placement_200:167,justintiensmith/SP_Relational_Placement_200,8eff46af18af7a9a6f763ed975f8b3357c673685,167,Pick up the blue block and place it back on the table.,521,relational_placement,28,home,blue_block,blue block,object,"[""red_block""]","[""blue_block"", ""red_block""]",[],2,,,,,,,,,behind,behind,seen,,semantic_reasoning,relational_placement.behind.1,Place the blue block behind the red block.,7,train,[]
v1,justintiensmith/SP_Relational_Placement_200:168,justintiensmith/SP_Relational_Placement_200,8eff46af18af7a9a6f763ed975f8b3357c673685,168,Pick up the blue block and place it back on the table.,601,relational_placement,28,home,blue_block,blue block,object,"[""red_block""]","[""blue_block"", ""red_block"", ""green_pen""]",[],3,,,,,,,,,behind,behind,seen,,semantic_reasoning,relational_placement.behind.1,Place the blue block behind the red block.,8,train,[]
v1,justintiensmith/SP_Relational_Placement_200:169,justintiensmith/SP_Relational_Placement_200,8eff46af18af7a9a6f763ed975f8b3357c673685,169,Pick up the blue block and place it back on the table.,561,relational_placement,28,home,blue_block,blue block,object,"[""red_block""]","[""green_pen"", ""red_block"", ""pink_marker"", ""blue_block""]",[],4,,,,,,,,,behind,behind,seen,,semantic_reasoning,relational_placement.behind.3,Put the blue block on the table behind the red block.,9,train,[]
v1,justintiensmith/SP_Relational_Placement_200:170,justintiensmith/SP_Relational_Placement_200,8eff46af18af7a9a6f763ed975f8b3357c673685,170,Pick up the blue block and place it back on the table.,414,relational_placement,28,recovery,blue_block,blue block,object,"[""red_block""]","[""blue_block"", ""red_block"", ""pink_marker""]",[],3,,,,,,,,,behind,behind,seen,,semantic_reasoning,relational_placement.behind.1,Place the blue block behind the red block.,0,train,[]
v1,justintiensmith/SP_Relational_Placement_200:171,justintiensmith/SP_Relational_Placement_200,8eff46af18af7a9a6f763ed975f8b3357c673685,171,Pick up the blue block and place it back on the table.,504,relational_placement,28,home,blue_block,blue block,object,"[""pink_marker""]","[""blue_block"", ""pink_marker""]",[],2,,,,,,,,,behind,behind,seen,,semantic_reasoning,relational_placement.behind.2,Move the blue block to the back of the pink marker.,1,train,[]
v1,justintiensmith/SP_Relational_Placement_200:172,justintiensmith/SP_Relational_Placement_200,8eff46af18af7a9a6f763ed975f8b3357c673685,172,Pick up the blue block and place it back on the table.,553,relational_placement,28,home,blue_block,blue block,object,"[""pink_marker""]","[""blue_block"", ""pink_marker"", ""red_block""]",[],3,,,,,,,,,behind,behind,seen,,semantic_reasoning,relational_placement.behind.3,Put the blue block on the table behind the pink marker.,2,train,[]
v1,justintiensmith/SP_Relational_Placement_200:173,justintiensmith/SP_Relational_Placement_200,8eff46af18af7a9a6f763ed975f8b3357c673685,173,Pick up the blue block and place it back on the table.,589,relational_placement,28,home,blue_block,blue block,object,"[""pink_marker""]","[""green_pen"", ""red_block"", ""pink_marker"", ""blue_block""]",[],4,,,,,,,,,behind,behind,seen,,semantic_reasoning,relational_placement.behind.2,Move the blue block to the back of the pink marker.,3,train,[]
v1,justintiensmith/SP_Relational_Placement_200:174,justintiensmith/SP_Relational_Placement_200,8eff46af18af7a9a6f763ed975f8b3357c673685,174,Pick up the blue block and place it back on the table.,499,relational_placement,28,recovery,blue_block,blue block,object,"[""pink_marker""]","[""blue_block"", ""pink_marker"", ""green_pen""]",[],3,,,,,,,,,behind,behind,seen,,semantic_reasoning,relational_placement.behind.3,Put the blue block on the table behind the pink marker.,4,train,[]
v1,justintiensmith/SP_Relational_Placement_200:175,justintiensmith/SP_Relational_Placement_200,8eff46af18af7a9a6f763ed975f8b3357c673685,175,Pick up the blue block and place it back on the table.,487,relational_placement,28,home,blue_block,blue block,object,"[""green_pen""]","[""blue_block"", ""green_pen""]",[],2,,,,,,,,,left,next_to,held_out,withhold directed horizontal relation left,semantic_generic,relational_placement.next_to.3,Put the blue block on the table adjacent to the green pen.,5,train,[]
v1,justintiensmith/SP_Relational_Placement_200:176,justintiensmith/SP_Relational_Placement_200,8eff46af18af7a9a6f763ed975f8b3357c673685,176,Pick up the blue block and place it back on the table.,531,relational_placement,28,home,blue_block,blue block,object,"[""green_pen""]","[""blue_block"", ""green_pen"", ""red_block""]",[],3,,,,,,,,,left,next_to,held_out,withhold directed horizontal relation left,semantic_generic,relational_placement.next_to.2,Move the blue block beside the green pen.,6,train,[]
v1,justintiensmith/SP_Relational_Placement_200:177,justintiensmith/SP_Relational_Placement_200,8eff46af18af7a9a6f763ed975f8b3357c673685,177,Pick up the blue block and place it back on the table.,438,relational_placement,28,home,blue_block,blue block,object,"[""green_pen""]","[""green_pen"", ""red_block"", ""pink_marker"", ""blue_block""]",[],4,,,,,,,,,left,next_to,held_out,withhold directed horizontal relation left,semantic_generic,relational_placement.next_to.1,Place the blue block next to the green pen.,7,train,[]
v1,justintiensmith/SP_Relational_Placement_200:178,justintiensmith/SP_Relational_Placement_200,8eff46af18af7a9a6f763ed975f8b3357c673685,178,Pick up the blue block and place it back on the table.,412,relational_placement,28,home,blue_block,blue block,object,"[""green_pen""]","[""blue_block"", ""green_pen"", ""pink_marker""]",[],3,,,,,,,,,left,next_to,held_out,withhold directed horizontal relation left,semantic_generic,relational_placement.next_to.2,Move the blue block beside the green pen.,8,train,[]
v1,justintiensmith/SP_Relational_Placement_200:179,justintiensmith/SP_Relational_Placement_200,8eff46af18af7a9a6f763ed975f8b3357c673685,179,Pick up the blue block and place it back on the table.,489,relational_placement,28,home,blue_block,blue block,object,"[""red_block""]","[""blue_block"", ""red_block""]",[],2,,,,,,,,,left,next_to,held_out,withhold directed horizontal relation left,semantic_generic,relational_placement.next_to.1,Place the blue block next to the red block.,9,train,[]
v1,justintiensmith/SP_Relational_Placement_200:180,justintiensmith/SP_Relational_Placement_200,8eff46af18af7a9a6f763ed975f8b3357c673685,180,Pick up the blue block and place it back on the table.,494,relational_placement,29,home,blue_block,blue block,object,"[""red_block""]","[""blue_block"", ""red_block"", ""green_pen""]",[],3,,,,,,,,,left,next_to,held_out,withhold directed horizontal relation left,semantic_generic,relational_placement.next_to.2,Move the blue block beside the red block.,0,train,[]
v1,justintiensmith/SP_Relational_Placement_200:181,justintiensmith/SP_Relational_Placement_200,8eff46af18af7a9a6f763ed975f8b3357c673685,181,Pick up the blue block and place it back on the table.,497,relational_placement,29,home,blue_block,blue block,object,"[""red_block""]","[""green_pen"", ""red_block"", ""pink_marker"", ""blue_block""]",[],4,,,,,,,,,left,next_to,held_out,withhold directed horizontal relation left,semantic_generic,relational_placement.next_to.2,Move the blue block beside the red block.,1,train,[]
v1,justintiensmith/SP_Relational_Placement_200:182,justintiensmith/SP_Relational_Placement_200,8eff46af18af7a9a6f763ed975f8b3357c673685,182,Pick up the blue block and place it back on the table.,393,relational_placement,29,recovery,blue_block,blue block,object,"[""red_block""]","[""blue_block"", ""red_block"", ""pink_marker""]",[],3,,,,,,,,,left,next_to,held_out,withhold directed horizontal relation left,semantic_generic,relational_placement.next_to.1,Place the blue block next to the red block.,2,train,[]
v1,justintiensmith/SP_Relational_Placement_200:183,justintiensmith/SP_Relational_Placement_200,8eff46af18af7a9a6f763ed975f8b3357c673685,183,Pick up the blue block and place it back on the table.,433,relational_placement,29,home,blue_block,blue block,object,"[""pink_marker""]","[""blue_block"", ""pink_marker""]",[],2,,,,,,,,,left,next_to,held_out,withhold directed horizontal relation left,semantic_generic,relational_placement.next_to.1,Place the blue block next to the pink marker.,3,train,[]
v1,justintiensmith/SP_Relational_Placement_200:184,justintiensmith/SP_Relational_Placement_200,8eff46af18af7a9a6f763ed975f8b3357c673685,184,Pick up the blue block and place it back on the table.,443,relational_placement,29,home,blue_block,blue block,object,"[""pink_marker""]","[""blue_block"", ""pink_marker"", ""green_pen""]",[],3,,,,,,,,,left,next_to,held_out,withhold directed horizontal relation left,semantic_generic,relational_placement.next_to.3,Put the blue block on the table adjacent to the pink marker.,4,train,[]
v1,justintiensmith/SP_Relational_Placement_200:185,justintiensmith/SP_Relational_Placement_200,8eff46af18af7a9a6f763ed975f8b3357c673685,185,Pick up the blue block and place it back on the table.,534,relational_placement,29,home,blue_block,blue block,object,"[""pink_marker""]","[""green_pen"", ""red_block"", ""pink_marker"", ""blue_block""]",[],4,,,,,,,,,left,next_to,held_out,withhold directed horizontal relation left,semantic_generic,relational_placement.next_to.3,Put the blue block on the table adjacent to the pink marker.,5,train,[]
v1,justintiensmith/SP_Relational_Placement_200:186,justintiensmith/SP_Relational_Placement_200,8eff46af18af7a9a6f763ed975f8b3357c673685,186,Pick up the blue block and place it back on the table.,516,relational_placement,29,recovery,blue_block,blue block,object,"[""pink_marker""]","[""blue_block"", ""pink_marker"", ""red_block""]",[],3,,,,,,,,,left,next_to,held_out,withhold directed horizontal relation left,semantic_generic,relational_placement.next_to.3,Put the blue block on the table adjacent to the pink marker.,6,train,[]
v1,justintiensmith/SP_Relational_Placement_200:187,justintiensmith/SP_Relational_Placement_200,8eff46af18af7a9a6f763ed975f8b3357c673685,187,Pick up the blue block and place it back on the table.,531,relational_placement,29,home,blue_block,blue block,object,"[""green_pen""]","[""blue_block"", ""green_pen""]",[],2,,,,,,,,,right,next_to,held_out,withhold directed horizontal relation right,semantic_generic,relational_placement.next_to.2,Move the blue block beside the green pen.,7,train,[]
v1,justintiensmith/SP_Relational_Placement_200:188,justintiensmith/SP_Relational_Placement_200,8eff46af18af7a9a6f763ed975f8b3357c673685,188,Pick up the blue block and place it back on the table.,561,relational_placement,29,home,blue_block,blue block,object,"[""green_pen""]","[""blue_block"", ""green_pen"", ""red_block""]",[],3,,,,,,,,,right,next_to,held_out,withhold directed horizontal relation right,semantic_generic,relational_placement.next_to.3,Put the blue block on the table adjacent to the green pen.,8,train,[]
v1,justintiensmith/SP_Relational_Placement_200:189,justintiensmith/SP_Relational_Placement_200,8eff46af18af7a9a6f763ed975f8b3357c673685,189,Pick up the blue block and place it back on the table.,568,relational_placement,29,home,blue_block,blue block,object,"[""green_pen""]","[""green_pen"", ""red_block"", ""pink_marker"", ""blue_block""]",[],4,,,,,,,,,right,next_to,held_out,withhold directed horizontal relation right,semantic_generic,relational_placement.next_to.1,Place the blue block next to the green pen.,9,train,[]
v1,justintiensmith/SP_Relational_Placement_200:190,justintiensmith/SP_Relational_Placement_200,8eff46af18af7a9a6f763ed975f8b3357c673685,190,Pick up the blue block and place it back on the table.,473,relational_placement,29,recovery,blue_block,blue block,object,"[""green_pen""]","[""blue_block"", ""green_pen"", ""pink_marker""]",[],3,,,,,,,,,right,next_to,held_out,withhold directed horizontal relation right,semantic_generic,relational_placement.next_to.3,Put the blue block on the table adjacent to the green pen.,0,train,[]
v1,justintiensmith/SP_Relational_Placement_200:191,justintiensmith/SP_Relational_Placement_200,8eff46af18af7a9a6f763ed975f8b3357c673685,191,Pick up the blue block and place it back on the table.,497,relational_placement,29,home,blue_block,blue block,object,"[""green_pen""]","[""green_pen"", ""red_block"", ""pink_marker"", ""blue_block""]",[],4,,,,,,,,,right,next_to,held_out,withhold directed horizontal relation right,semantic_generic,relational_placement.next_to.2,Move the blue block beside the green pen.,1,train,[]
v1,justintiensmith/SP_Relational_Placement_200:192,justintiensmith/SP_Relational_Placement_200,8eff46af18af7a9a6f763ed975f8b3357c673685,192,Pick up the blue block and place it back on the table.,487,relational_placement,29,home,blue_block,blue block,object,"[""red_block""]","[""blue_block"", ""red_block""]",[],2,,,,,,,,,right,next_to,held_out,withhold directed horizontal relation right,semantic_generic,relational_placement.next_to.2,Move the blue block beside the red block.,2,train,[]
v1,justintiensmith/SP_Relational_Placement_200:193,justintiensmith/SP_Relational_Placement_200,8eff46af18af7a9a6f763ed975f8b3357c673685,193,Pick up the blue block and place it back on the table.,566,relational_placement,29,home,blue_block,blue block,object,"[""red_block""]","[""blue_block"", ""red_block"", ""green_pen""]",[],3,,,,,,,,,right,next_to,held_out,withhold directed horizontal relation right,semantic_generic,relational_placement.next_to.1,Place the blue block next to the red block.,3,train,[]
v1,justintiensmith/SP_Relational_Placement_200:194,justintiensmith/SP_Relational_Placement_200,8eff46af18af7a9a6f763ed975f8b3357c673685,194,Pick up the blue block and place it back on the table.,541,relational_placement,29,home,blue_block,blue block,object,"[""red_block""]","[""green_pen"", ""red_block"", ""pink_marker"", ""blue_block""]",[],4,,,,,,,,,right,next_to,held_out,withhold directed horizontal relation right,semantic_generic,relational_placement.next_to.2,Move the blue block beside the red block.,4,train,[]
v1,justintiensmith/SP_Relational_Placement_200:195,justintiensmith/SP_Relational_Placement_200,8eff46af18af7a9a6f763ed975f8b3357c673685,195,Pick up the blue block and place it back on the table.,380,relational_placement,29,recovery,blue_block,blue block,object,"[""red_block""]","[""blue_block"", ""red_block"", ""pink_marker""]",[],3,,,,,,,,,right,next_to,held_out,withhold directed horizontal relation right,semantic_generic,relational_placement.next_to.3,Put the blue block on the table adjacent to the red block.,5,train,[]
v1,justintiensmith/SP_Relational_Placement_200:196,justintiensmith/SP_Relational_Placement_200,8eff46af18af7a9a6f763ed975f8b3357c673685,196,Pick up the blue block and place it back on the table.,457,relational_placement,29,home,blue_block,blue block,object,"[""pink_marker""]","[""blue_block"", ""pink_marker""]",[],2,,,,,,,,,right,next_to,held_out,withhold directed horizontal relation right,semantic_generic,relational_placement.next_to.1,Place the blue block next to the pink marker.,6,train,[]
v1,justintiensmith/SP_Relational_Placement_200:197,justintiensmith/SP_Relational_Placement_200,8eff46af18af7a9a6f763ed975f8b3357c673685,197,Pick up the blue block and place it back on the table.,488,relational_placement,29,home,blue_block,blue block,object,"[""pink_marker""]","[""blue_block"", ""pink_marker"", ""red_block""]",[],3,,,,,,,,,right,next_to,held_out,withhold directed horizontal relation right,semantic_generic,relational_placement.next_to.3,Put the blue block on the table adjacent to the pink marker.,7,train,[]
v1,justintiensmith/SP_Relational_Placement_200:198,justintiensmith/SP_Relational_Placement_200,8eff46af18af7a9a6f763ed975f8b3357c673685,198,Pick up the blue block and place it back on the table.,524,relational_placement,29,home,blue_block,blue block,object,"[""pink_marker""]","[""green_pen"", ""red_block"", ""pink_marker"", ""blue_block""]",[],4,,,,,,,,,right,next_to,held_out,withhold directed horizontal relation right,semantic_generic,relational_placement.next_to.2,Move the blue block beside the pink marker.,8,train,[]
v1,justintiensmith/SP_Relational_Placement_200:199,justintiensmith/SP_Relational_Placement_200,8eff46af18af7a9a6f763ed975f8b3357c673685,199,Pick up the blue block and place it back on the table.,417,relational_placement,29,recovery,blue_block,blue block,object,"[""pink_marker""]","[""blue_block"", ""pink_marker"", ""green_pen""]",[],3,,,,,,,,,right,next_to,held_out,withhold directed horizontal relation right,semantic_generic,relational_placement.next_to.2,Move the blue block beside the pink marker.,9,train,[]
v1,justintiensmith/SP_Referential_Disambiguation_200:000,justintiensmith/SP_Referential_Disambiguation_200,2642784f74a0c91bc118702b7993895aacd311f5,0,Pick up a soda can and place it into the bowl.,444,referential_disambiguation,30,home,crushed_coke_can,crushed Coke can,crushed soda can,"[""green_pencil_sharpener""]","[""crushed_coke_can"", ""crushed_pepsi_can"", ""green_pencil_sharpener""]",[],3,Easy|3obj|correct_l,,,,,,,,closest,closest,seen,,semantic_reasoning,referential_disambiguation.closest.2,Pick up the crushed soda can nearest to the green pencil sharpener and place it in the bowl.,0,train,[]
v1,justintiensmith/SP_Referential_Disambiguation_200:001,justintiensmith/SP_Referential_Disambiguation_200,2642784f74a0c91bc118702b7993895aacd311f5,1,Pick up a soda can and place it into the bowl.,648,referential_disambiguation,31,home,crushed_pepsi_can,crushed Pepsi can,crushed soda can,"[""red_pencil_sharpener""]","[""crushed_coke_can"", ""crushed_pepsi_can"", ""red_pencil_sharpener"", ""yellow_pen""]",[],4,Easy|4obj-E|correct_r,,,,,,,,closest,closest,seen,,semantic_reasoning,referential_disambiguation.closest.2,Pick up the crushed soda can nearest to the red pencil sharpener and place it in the bowl.,1,train,[]
v1,justintiensmith/SP_Referential_Disambiguation_200:002,justintiensmith/SP_Referential_Disambiguation_200,2642784f74a0c91bc118702b7993895aacd311f5,2,Pick up a soda can and place it into the bowl.,507,referential_disambiguation,31,home,crushed_coke_can,crushed Coke can,crushed soda can,"[""green_pen""]","[""crushed_coke_can"", ""crushed_pepsi_can"", ""green_pen""]",[],3,Medium|3obj|correct_l,,,,,,,,closest,closest,seen,,semantic_reasoning,referential_disambiguation.closest.1,Put the crushed soda can closest to the green pen in the bowl.,2,train,[]
v1,justintiensmith/SP_Referential_Disambiguation_200:003,justintiensmith/SP_Referential_Disambiguation_200,2642784f74a0c91bc118702b7993895aacd311f5,3,Pick up a soda can and place it into the bowl.,584,referential_disambiguation,31,home,crushed_pepsi_can,crushed Pepsi can,crushed soda can,"[""yellow_pen""]","[""crushed_coke_can"", ""crushed_pepsi_can"", ""yellow_pen"", ""airplane_without_propellers""]",[],4,Easy|4obj-E|correct_r,,,,,,,,closest,closest,seen,,semantic_reasoning,referential_disambiguation.closest.2,Pick up the crushed soda can nearest to the yellow pen and place it in the bowl.,3,train,[]
v1,justintiensmith/SP_Referential_Disambiguation_200:004,justintiensmith/SP_Referential_Disambiguation_200,2642784f74a0c91bc118702b7993895aacd311f5,4,Pick up a soda can and place it into the bowl.,536,referential_disambiguation,31,recovery,crushed_coke_can,crushed Coke can,crushed soda can,"[""airplane_with_propellers""]","[""crushed_coke_can"", ""crushed_pepsi_can"", ""airplane_with_propellers""]",[],3,Easy|3obj|correct_l,,,,,,,,closest,closest,seen,,semantic_reasoning,referential_disambiguation.closest.2,Pick up the crushed soda can nearest to the airplane toy with propellers and place it in the bowl.,4,train,[]
v1,justintiensmith/SP_Referential_Disambiguation_200:005,justintiensmith/SP_Referential_Disambiguation_200,2642784f74a0c91bc118702b7993895aacd311f5,5,Pick up a soda can and place it into the bowl.,592,referential_disambiguation,31,home,crushed_pepsi_can,crushed Pepsi can,crushed soda can,"[""airplane_without_propellers""]","[""crushed_coke_can"", ""crushed_pepsi_can"", ""airplane_without_propellers"", ""red_pencil_sharpener""]",[],4,Medium|4obj-E|correct_r,,,,,,,,closest,closest,seen,,semantic_reasoning,referential_disambiguation.closest.3,Move the crushed soda can that is closest to the airplane toy without propellers into the bowl.,5,train,[]
v1,justintiensmith/SP_Referential_Disambiguation_200:006,justintiensmith/SP_Referential_Disambiguation_200,2642784f74a0c91bc118702b7993895aacd311f5,6,Pick up a soda can and place it into the bowl.,543,referential_disambiguation,31,home,crushed_coke_can,crushed Coke can,crushed soda can,"[""green_pencil_sharpener""]","[""crushed_coke_can"", ""crushed_pepsi_can"", ""green_pencil_sharpener""]",[],3,Easy|3obj|correct_l,,,,,,,,closest,closest,seen,,semantic_reasoning,referential_disambiguation.closest.1,Put the crushed soda can closest to the green pencil sharpener in the bowl.,6,train,[]
v1,justintiensmith/SP_Referential_Disambiguation_200:007,justintiensmith/SP_Referential_Disambiguation_200,2642784f74a0c91bc118702b7993895aacd311f5,7,Pick up a soda can and place it into the bowl.,445,referential_disambiguation,31,home,crushed_pepsi_can,crushed Pepsi can,crushed soda can,"[""red_pencil_sharpener""]","[""crushed_coke_can"", ""crushed_pepsi_can"", ""red_pencil_sharpener"", ""green_pencil_sharpener""]",[],4,Easy|4obj-H|correct_r,,,,,,,,closest,closest,seen,,semantic_reasoning,referential_disambiguation.closest.1,Put the crushed soda can closest to the red pencil sharpener in the bowl.,7,train,[]
v1,justintiensmith/SP_Referential_Disambiguation_200:008,justintiensmith/SP_Referential_Disambiguation_200,2642784f74a0c91bc118702b7993895aacd311f5,8,Pick up a soda can and place it into the bowl.,657,referential_disambiguation,31,home,crushed_coke_can,crushed Coke can,crushed soda can,"[""green_pen""]","[""crushed_coke_can"", ""crushed_pepsi_can"", ""green_pen""]",[],3,Medium|3obj|correct_l,,,,,,,,closest,closest,seen,,semantic_reasoning,referential_disambiguation.closest.2,Pick up the crushed soda can nearest to the green pen and place it in the bowl.,8,train,[]
v1,justintiensmith/SP_Referential_Disambiguation_200:009,justintiensmith/SP_Referential_Disambiguation_200,2642784f74a0c91bc118702b7993895aacd311f5,9,Pick up a soda can and place it into the bowl.,554,referential_disambiguation,31,recovery,crushed_pepsi_can,crushed Pepsi can,crushed soda can,"[""yellow_pen""]","[""crushed_coke_can"", ""crushed_pepsi_can"", ""yellow_pen"", ""red_pencil_sharpener""]",[],4,Easy|4obj-E|correct_r,,,,,,,,closest,closest,seen,,semantic_reasoning,referential_disambiguation.closest.2,Pick up the crushed soda can nearest to the yellow pen and place it in the bowl.,9,train,[]
v1,justintiensmith/SP_Referential_Disambiguation_200:010,justintiensmith/SP_Referential_Disambiguation_200,2642784f74a0c91bc118702b7993895aacd311f5,10,Pick up a soda can and place it into the bowl.,612,referential_disambiguation,31,home,crushed_coke_can,crushed Coke can,crushed soda can,"[""airplane_with_propellers""]","[""crushed_coke_can"", ""crushed_pepsi_can"", ""airplane_with_propellers""]",[],3,Easy|3obj|correct_l,,,,,,,,closest,closest,seen,,semantic_reasoning,referential_disambiguation.closest.2,Pick up the crushed soda can nearest to the airplane toy with propellers and place it in the bowl.,0,train,[]
v1,justintiensmith/SP_Referential_Disambiguation_200:011,justintiensmith/SP_Referential_Disambiguation_200,2642784f74a0c91bc118702b7993895aacd311f5,11,Pick up a soda can and place it into the bowl.,504,referential_disambiguation,31,home,crushed_pepsi_can,crushed Pepsi can,crushed soda can,"[""airplane_without_propellers""]","[""crushed_coke_can"", ""crushed_pepsi_can"", ""airplane_without_propellers"", ""yellow_pen""]",[],4,Medium|4obj-E|correct_r,,,,,,,,closest,closest,seen,,semantic_reasoning,referential_disambiguation.closest.3,Move the crushed soda can that is closest to the airplane toy without propellers into the bowl.,1,train,[]
v1,justintiensmith/SP_Referential_Disambiguation_200:012,justintiensmith/SP_Referential_Disambiguation_200,2642784f74a0c91bc118702b7993895aacd311f5,12,Pick up a soda can and place it into the bowl.,639,referential_disambiguation,31,home,crushed_coke_can,crushed Coke can,crushed soda can,"[""green_pencil_sharpener""]","[""crushed_coke_can"", ""crushed_pepsi_can"", ""green_pencil_sharpener""]",[],3,Easy|3obj|correct_l,,,,,,,,closest,closest,seen,,semantic_reasoning,referential_disambiguation.closest.2,Pick up the crushed soda can nearest to the green pencil sharpener and place it in the bowl.,2,train,[]
v1,justintiensmith/SP_Referential_Disambiguation_200:013,justintiensmith/SP_Referential_Disambiguation_200,2642784f74a0c91bc118702b7993895aacd311f5,13,Pick up a soda can and place it into the bowl.,519,referential_disambiguation,31,home,crushed_pepsi_can,crushed Pepsi can,crushed soda can,"[""red_pencil_sharpener""]","[""crushed_coke_can"", ""crushed_pepsi_can"", ""red_pencil_sharpener"", ""yellow_pen""]",[],4,Easy|4obj-E|correct_r,,,,,,,,closest,closest,seen,,semantic_reasoning,referential_disambiguation.closest.2,Pick up the crushed soda can nearest to the red pencil sharpener and place it in the bowl.,3,train,[]
v1,justintiensmith/SP_Referential_Disambiguation_200:014,justintiensmith/SP_Referential_Disambiguation_200,2642784f74a0c91bc118702b7993895aacd311f5,14,Pick up a soda can and place it into the bowl.,544,referential_disambiguation,31,recovery,crushed_coke_can,crushed Coke can,crushed soda can,"[""green_pen""]","[""crushed_coke_can"", ""crushed_pepsi_can"", ""green_pen"", ""yellow_pen""]",[],4,Medium|4obj-H|correct_l,,,,,,,,closest,closest,seen,,semantic_reasoning,referential_disambiguation.closest.2,Pick up the crushed soda can nearest to the green pen and place it in the bowl.,4,train,[]
v1,justintiensmith/SP_Referential_Disambiguation_200:015,justintiensmith/SP_Referential_Disambiguation_200,2642784f74a0c91bc118702b7993895aacd311f5,15,Pick up a soda can and place it into the bowl.,558,referential_disambiguation,31,home,crushed_pepsi_can,crushed Pepsi can,crushed soda can,"[""green_pen""]","[""crushed_coke_can"", ""crushed_pepsi_can"", ""green_pen""]",[],3,Easy|3obj|correct_r,,,,,,,,furthest,object_identity,held_out,withhold furthest relation,identity,referential_disambiguation.object_identity.3,Move the crushed Pepsi can into the bowl.,5,train,[]
v1,justintiensmith/SP_Referential_Disambiguation_200:016,justintiensmith/SP_Referential_Disambiguation_200,2642784f74a0c91bc118702b7993895aacd311f5,16,Pick up a soda can and place it into the bowl.,486,referential_disambiguation,31,home,crushed_coke_can,crushed Coke can,crushed soda can,"[""yellow_pen""]","[""crushed_coke_can"", ""crushed_pepsi_can"", ""yellow_pen"", ""airplane_with_propellers""]",[],4,Medium|4obj-E|correct_l,,,,,,,,furthest,object_identity,held_out,withhold furthest relation,identity,referential_disambiguation.object_identity.1,Put the crushed Coke can in the bowl.,6,train,[]
v1,justintiensmith/SP_Referential_Disambiguation_200:017,justintiensmith/SP_Referential_Disambiguation_200,2642784f74a0c91bc118702b7993895aacd311f5,17,Pick up a soda can and place it into the bowl.,574,referential_disambiguation,32,home,crushed_pepsi_can,crushed Pepsi can,crushed soda can,"[""airplane_with_propellers""]","[""crushed_coke_can"", ""crushed_pepsi_can"", ""airplane_with_propellers""]",[],3,Easy|3obj|correct_r,,,,,,,,furthest,object_identity,held_out,withhold furthest relation,identity,referential_disambiguation.object_identity.2,Pick up the crushed Pepsi can and place it in the bowl.,7,train,[]
v1,justintiensmith/SP_Referential_Disambiguation_200:018,justintiensmith/SP_Referential_Disambiguation_200,2642784f74a0c91bc118702b7993895aacd311f5,18,Pick up a soda can and place it into the bowl.,575,referential_disambiguation,32,recovery,crushed_coke_can,crushed Coke can,crushed soda can,"[""airplane_without_propellers""]","[""crushed_coke_can"", ""crushed_pepsi_can"", ""airplane_without_propellers"", ""green_pencil_sharpener""]",[],4,Easy|4obj-E|correct_l,,,,,,,,furthest,object_identity,held_out,withhold furthest relation,identity,referential_disambiguation.object_identity.1,Put the crushed Coke can in the bowl.,8,train,[]
v1,justintiensmith/SP_Referential_Disambiguation_200:019,justintiensmith/SP_Referential_Disambiguation_200,2642784f74a0c91bc118702b7993895aacd311f5,19,Pick up a soda can and place it into the bowl.,586,referential_disambiguation,32,home,crushed_pepsi_can,crushed Pepsi can,crushed soda can,"[""green_pencil_sharpener""]","[""crushed_coke_can"", ""crushed_pepsi_can"", ""green_pencil_sharpener""]",[],3,Medium|3obj|correct_r,,,,,,,,furthest,object_identity,held_out,withhold furthest relation,identity,referential_disambiguation.object_identity.1,Put the crushed Pepsi can in the bowl.,9,train,[]
v1,justintiensmith/SP_Referential_Disambiguation_200:020,justintiensmith/SP_Referential_Disambiguation_200,2642784f74a0c91bc118702b7993895aacd311f5,20,Pick up a soda can and place it into the bowl.,438,referential_disambiguation,32,home,crushed_coke_can,crushed Coke can,crushed soda can,"[""red_pencil_sharpener""]","[""crushed_coke_can"", ""crushed_pepsi_can"", ""red_pencil_sharpener"", ""green_pencil_sharpener""]",[],4,Easy|4obj-H|correct_l,,,,,,,,furthest,object_identity,held_out,withhold furthest relation,identity,referential_disambiguation.object_identity.3,Move the crushed Coke can into the bowl.,0,train,[]
v1,justintiensmith/SP_Referential_Disambiguation_200:021,justintiensmith/SP_Referential_Disambiguation_200,2642784f74a0c91bc118702b7993895aacd311f5,21,Pick up a soda can and place it into the bowl.,486,referential_disambiguation,32,home,crushed_pepsi_can,crushed Pepsi can,crushed soda can,"[""green_pen""]","[""crushed_coke_can"", ""crushed_pepsi_can"", ""green_pen""]",[],3,Easy|3obj|correct_r,,,,,,,,furthest,object_identity,held_out,withhold furthest relation,identity,referential_disambiguation.object_identity.1,Put the crushed Pepsi can in the bowl.,1,train,[]
v1,justintiensmith/SP_Referential_Disambiguation_200:022,justintiensmith/SP_Referential_Disambiguation_200,2642784f74a0c91bc118702b7993895aacd311f5,22,Pick up a soda can and place it into the bowl.,496,referential_disambiguation,32,home,crushed_coke_can,crushed Coke can,crushed soda can,"[""yellow_pen""]","[""crushed_coke_can"", ""crushed_pepsi_can"", ""yellow_pen"", ""green_pencil_sharpener""]",[],4,Medium|4obj-E|correct_l,,,,,,,,furthest,object_identity,held_out,withhold furthest relation,identity,referential_disambiguation.object_identity.2,Pick up the crushed Coke can and place it in the bowl.,2,train,[]
v1,justintiensmith/SP_Referential_Disambiguation_200:023,justintiensmith/SP_Referential_Disambiguation_200,2642784f74a0c91bc118702b7993895aacd311f5,23,Pick up a soda can and place it into the bowl.,552,referential_disambiguation,32,recovery,crushed_pepsi_can,crushed Pepsi can,crushed soda can,"[""airplane_with_propellers""]","[""crushed_coke_can"", ""crushed_pepsi_can"", ""airplane_with_propellers""]",[],3,Easy|3obj|correct_r,,,,,,,,furthest,object_identity,held_out,withhold furthest relation,identity,referential_disambiguation.object_identity.1,Put the crushed Pepsi can in the bowl.,3,train,[]
v1,justintiensmith/SP_Referential_Disambiguation_200:024,justintiensmith/SP_Referential_Disambiguation_200,2642784f74a0c91bc118702b7993895aacd311f5,24,Pick up a soda can and place it into the bowl.,516,referential_disambiguation,32,home,crushed_coke_can,crushed Coke can,crushed soda can,"[""airplane_without_propellers""]","[""crushed_coke_can"", ""crushed_pepsi_can"", ""airplane_without_propellers"", ""green_pen""]",[],4,Easy|4obj-E|correct_l,,,,,,,,furthest,object_identity,held_out,withhold furthest relation,identity,referential_disambiguation.object_identity.2,Pick up the crushed Coke can and place it in the bowl.,4,train,[]
v1,justintiensmith/SP_Referential_Disambiguation_200:025,justintiensmith/SP_Referential_Disambiguation_200,2642784f74a0c91bc118702b7993895aacd311f5,25,Pick up a soda can and place it into the bowl.,500,referential_disambiguation,32,home,crushed_pepsi_can,crushed Pepsi can,crushed soda can,"[""green_pencil_sharpener""]","[""crushed_coke_can"", ""crushed_pepsi_can"", ""green_pencil_sharpener""]",[],3,Medium|3obj|correct_r,,,,,,,,furthest,object_identity,held_out,withhold furthest relation,identity,referential_disambiguation.object_identity.3,Move the crushed Pepsi can into the bowl.,5,train,[]
v1,justintiensmith/SP_Referential_Disambiguation_200:026,justintiensmith/SP_Referential_Disambiguation_200,2642784f74a0c91bc118702b7993895aacd311f5,26,Pick up a soda can and place it into the bowl.,594,referential_disambiguation,32,home,crushed_coke_can,crushed Coke can,crushed soda can,"[""red_pencil_sharpener""]","[""crushed_coke_can"", ""crushed_pepsi_can"", ""red_pencil_sharpener"", ""green_pen""]",[],4,Easy|4obj-E|correct_l,,,,,,,,furthest,object_identity,held_out,withhold furthest relation,identity,referential_disambiguation.object_identity.3,Move the crushed Coke can into the bowl.,6,train,[]
v1,justintiensmith/SP_Referential_Disambiguation_200:027,justintiensmith/SP_Referential_Disambiguation_200,2642784f74a0c91bc118702b7993895aacd311f5,27,Pick up a soda can and place it into the bowl.,482,referential_disambiguation,32,home,crushed_pepsi_can,crushed Pepsi can,crushed soda can,"[""green_pen""]","[""crushed_coke_can"", ""crushed_pepsi_can"", ""green_pen""]",[],3,Easy|3obj|correct_r,,,,,,,,furthest,object_identity,held_out,withhold furthest relation,identity,referential_disambiguation.object_identity.2,Pick up the crushed Pepsi can and place it in the bowl.,7,train,[]
v1,justintiensmith/SP_Referential_Disambiguation_200:028,justintiensmith/SP_Referential_Disambiguation_200,2642784f74a0c91bc118702b7993895aacd311f5,28,Pick up a soda can and place it into the bowl.,407,referential_disambiguation,32,recovery,crushed_coke_can,crushed Coke can,crushed soda can,"[""yellow_pen""]","[""crushed_coke_can"", ""crushed_pepsi_can"", ""yellow_pen"", ""green_pen""]",[],4,Medium|4obj-H|correct_l,,,,,,,,furthest,object_identity,held_out,withhold furthest relation,identity,referential_disambiguation.object_identity.1,Put the crushed Coke can in the bowl.,8,train,[]
v1,justintiensmith/SP_Referential_Disambiguation_200:029,justintiensmith/SP_Referential_Disambiguation_200,2642784f74a0c91bc118702b7993895aacd311f5,29,Pick up a soda can and place it into the bowl.,533,referential_disambiguation,32,home,crushed_pepsi_can,crushed Pepsi can,crushed soda can,"[""airplane_with_propellers""]","[""crushed_coke_can"", ""crushed_pepsi_can"", ""airplane_with_propellers""]",[],3,Easy|3obj|correct_r,,,,,,,,furthest,object_identity,held_out,withhold furthest relation,identity,referential_disambiguation.object_identity.2,Pick up the crushed Pepsi can and place it in the bowl.,9,train,[]
v1,justintiensmith/SP_Referential_Disambiguation_200:030,justintiensmith/SP_Referential_Disambiguation_200,2642784f74a0c91bc118702b7993895aacd311f5,30,Pick up a soda can and place it into the bowl.,456,referential_disambiguation,32,home,crushed_coke_can,crushed Coke can,crushed soda can,"[""green_pencil_sharpener"", ""green_pen""]","[""crushed_coke_can"", ""crushed_pepsi_can"", ""green_pencil_sharpener"", ""green_pen""]",[],4,H|4obj|correct_l,,,,,,,,between,between,seen,,semantic_reasoning,referential_disambiguation.between.3,Move the crushed soda can lying between the green pencil sharpener and the green pen into the bowl.,0,train,[]
v1,justintiensmith/SP_Referential_Disambiguation_200:031,justintiensmith/SP_Referential_Disambiguation_200,2642784f74a0c91bc118702b7993895aacd311f5,31,Pick up a soda can and place it into the bowl.,508,referential_disambiguation,32,home,crushed_coke_can,crushed Coke can,crushed soda can,"[""airplane_with_propellers"", ""green_pencil_sharpener""]","[""crushed_coke_can"", ""crushed_pepsi_can"", ""airplane_with_propellers"", ""green_pencil_sharpener""]",[],4,V|4obj|correct_r,,,,,,,,between,between,seen,,semantic_reasoning,referential_disambiguation.between.2,"Pick up the crushed soda can positioned between the airplane toy with propellers and the green pencil sharpener, then place it in the bowl.",1,train,[]
v1,justintiensmith/SP_Referential_Disambiguation_200:032,justintiensmith/SP_Referential_Disambiguation_200,2642784f74a0c91bc118702b7993895aacd311f5,32,Pick up a soda can and place it into the bowl.,450,referential_disambiguation,32,home,crushed_pepsi_can,crushed Pepsi can,crushed soda can,"[""airplane_with_propellers"", ""green_pen""]","[""crushed_coke_can"", ""crushed_pepsi_can"", ""airplane_with_propellers"", ""green_pen"", ""green_pencil_sharpener""]",[],5,D1|5obj-E|correct_r,,,,,,,,between,between,seen,,semantic_reasoning,referential_disambiguation.between.2,"Pick up the crushed soda can positioned between the airplane toy with propellers and the green pen, then place it in the bowl.",2,train,[]
v1,justintiensmith/SP_Referential_Disambiguation_200:033,justintiensmith/SP_Referential_Disambiguation_200,2642784f74a0c91bc118702b7993895aacd311f5,33,Pick up a soda can and place it into the bowl.,532,referential_disambiguation,33,recovery,crushed_pepsi_can,crushed Pepsi can,crushed soda can,"[""green_pencil_sharpener"", ""yellow_pen""]","[""crushed_coke_can"", ""crushed_pepsi_can"", ""green_pencil_sharpener"", ""yellow_pen"", ""green_pen""]",[],5,D2|5obj-H|correct_l,,,,,,,,between,between,seen,,semantic_reasoning,referential_disambiguation.between.3,Move the crushed soda can lying between the green pencil sharpener and the yellow pen into the bowl.,3,train,[]
v1,justintiensmith/SP_Referential_Disambiguation_200:034,justintiensmith/SP_Referential_Disambiguation_200,2642784f74a0c91bc118702b7993895aacd311f5,34,Pick up a soda can and place it into the bowl.,525,referential_disambiguation,33,home,crushed_coke_can,crushed Coke can,crushed soda can,"[""red_pencil_sharpener"", ""airplane_with_propellers""]","[""crushed_coke_can"", ""crushed_pepsi_can"", ""red_pencil_sharpener"", ""airplane_with_propellers""]",[],4,H|4obj|correct_r,,,,,,,,between,between,seen,,semantic_reasoning,referential_disambiguation.between.3,Move the crushed soda can lying between the red pencil sharpener and the airplane toy with propellers into the bowl.,4,train,[]
v1,justintiensmith/SP_Referential_Disambiguation_200:035,justintiensmith/SP_Referential_Disambiguation_200,2642784f74a0c91bc118702b7993895aacd311f5,35,Pick up a soda can and place it into the bowl.,389,referential_disambiguation,33,recovery,crushed_pepsi_can,crushed Pepsi can,crushed soda can,"[""airplane_without_propellers"", ""yellow_pen""]","[""crushed_coke_can"", ""crushed_pepsi_can"", ""airplane_without_propellers"", ""yellow_pen"", ""red_pencil_sharpener""]",[],5,V|5obj-E|correct_l,,,,,,,,between,between,seen,,semantic_reasoning,referential_disambiguation.between.2,"Pick up the crushed soda can positioned between the airplane toy without propellers and the yellow pen, then place it in the bowl.",5,train,[]
v1,justintiensmith/SP_Referential_Disambiguation_200:036,justintiensmith/SP_Referential_Disambiguation_200,2642784f74a0c91bc118702b7993895aacd311f5,36,Pick up a soda can and place it into the bowl.,543,referential_disambiguation,33,home,crushed_coke_can,crushed Coke can,crushed soda can,"[""green_pen"", ""red_pencil_sharpener""]","[""crushed_coke_can"", ""crushed_pepsi_can"", ""green_pen"", ""red_pencil_sharpener"", ""green_pencil_sharpener""]",[],5,D1|5obj-H|correct_l,,,,,,,,between,between,seen,,semantic_reasoning,referential_disambiguation.between.2,"Pick up the crushed soda can positioned between the green pen and the red pencil sharpener, then place it in the bowl.",6,train,[]
v1,justintiensmith/SP_Referential_Disambiguation_200:037,justintiensmith/SP_Referential_Disambiguation_200,2642784f74a0c91bc118702b7993895aacd311f5,37,Pick up a soda can and place it into the bowl.,489,referential_disambiguation,33,home,crushed_pepsi_can,crushed Pepsi can,crushed soda can,"[""red_pencil_sharpener"", ""airplane_without_propellers""]","[""crushed_coke_can"", ""crushed_pepsi_can"", ""red_pencil_sharpener"", ""airplane_without_propellers""]",[],4,D2|4obj|correct_r,,,,,,,,between,between,seen,,semantic_reasoning,referential_disambiguation.between.1,Put the crushed soda can between the red pencil sharpener and the airplane toy without propellers in the bowl.,7,train,[]
v1,justintiensmith/SP_Referential_Disambiguation_200:038,justintiensmith/SP_Referential_Disambiguation_200,2642784f74a0c91bc118702b7993895aacd311f5,38,Pick up a soda can and place it into the bowl.,521,referential_disambiguation,33,home,crushed_coke_can,crushed Coke can,crushed soda can,"[""green_pen"", ""airplane_without_propellers""]","[""crushed_coke_can"", ""crushed_pepsi_can"", ""green_pen"", ""airplane_without_propellers"", ""airplane_with_propellers""]",[],5,H|5obj-H|correct_l,,,,,,,,between,between,seen,,semantic_reasoning,referential_disambiguation.between.1,Put the crushed soda can between the green pen and the airplane toy without propellers in the bowl.,8,train,[]
v1,justintiensmith/SP_Referential_Disambiguation_200:039,justintiensmith/SP_Referential_Disambiguation_200,2642784f74a0c91bc118702b7993895aacd311f5,39,Pick up a soda can and place it into the bowl.,574,referential_disambiguation,33,home,crushed_pepsi_can,crushed Pepsi can,crushed soda can,"[""yellow_pen"", ""red_pencil_sharpener""]","[""crushed_coke_can"", ""crushed_pepsi_can"", ""yellow_pen"", ""red_pencil_sharpener""]",[],4,V|4obj|correct_r,,,,,,,,between,between,seen,,semantic_reasoning,referential_disambiguation.between.3,Move the crushed soda can lying between the yellow pen and the red pencil sharpener into the bowl.,9,train,[]
v1,justintiensmith/SP_Referential_Disambiguation_200:040,justintiensmith/SP_Referential_Disambiguation_200,2642784f74a0c91bc118702b7993895aacd311f5,40,Pick up a soda can and place it into the bowl.,492,referential_disambiguation,33,home,crushed_pepsi_can,crushed Pepsi can,crushed soda can,"[""airplane_without_propellers"", ""green_pencil_sharpener""]","[""crushed_coke_can"", ""crushed_pepsi_can"", ""airplane_without_propellers"", ""green_pencil_sharpener""]",[],4,D1|4obj|correct_l,,,,,,,,between,between,seen,,semantic_reasoning,referential_disambiguation.between.1,Put the crushed soda can between the airplane toy without propellers and the green pencil sharpener in the bowl.,0,train,[]
v1,justintiensmith/SP_Referential_Disambiguation_200:041,justintiensmith/SP_Referential_Disambiguation_200,2642784f74a0c91bc118702b7993895aacd311f5,41,Pick up a soda can and place it into the bowl.,530,referential_disambiguation,33,home,crushed_coke_can,crushed Coke can,crushed soda can,"[""yellow_pen"", ""airplane_with_propellers""]","[""crushed_coke_can"", ""crushed_pepsi_can"", ""yellow_pen"", ""airplane_with_propellers"", ""red_pencil_sharpener""]",[],5,D2|5obj-E|correct_r,,,,,,,,between,between,seen,,semantic_reasoning,referential_disambiguation.between.3,Move the crushed soda can lying between the yellow pen and the airplane toy with propellers into the bowl.,1,train,[]
v1,justintiensmith/SP_Referential_Disambiguation_200:042,justintiensmith/SP_Referential_Disambiguation_200,2642784f74a0c91bc118702b7993895aacd311f5,42,Pick up a soda can and place it into the bowl.,488,referential_disambiguation,33,home,crushed_pepsi_can,crushed Pepsi can,crushed soda can,"[""green_pencil_sharpener"", ""green_pen""]","[""crushed_coke_can"", ""crushed_pepsi_can"", ""green_pencil_sharpener"", ""green_pen"", ""airplane_without_propellers""]",[],5,H|5obj-E|correct_r,,,,,,,,between,between,seen,,semantic_reasoning,referential_disambiguation.between.2,"Pick up the crushed soda can positioned between the green pencil sharpener and the green pen, then place it in the bowl.",2,train,[]
v1,justintiensmith/SP_Referential_Disambiguation_200:043,justintiensmith/SP_Referential_Disambiguation_200,2642784f74a0c91bc118702b7993895aacd311f5,43,Pick up a soda can and place it into the bowl.,529,referential_disambiguation,33,home,crushed_coke_can,crushed Coke can,crushed soda can,"[""airplane_with_propellers"", ""green_pencil_sharpener""]","[""crushed_coke_can"", ""crushed_pepsi_can"", ""airplane_with_propellers"", ""green_pencil_sharpener"", ""green_pen""]",[],5,V|5obj-E|correct_l,,,,,,,,between,between,seen,,semantic_reasoning,referential_disambiguation.between.2,"Pick up the crushed soda can positioned between the airplane toy with propellers and the green pencil sharpener, then place it in the bowl.",3,train,[]
v1,justintiensmith/SP_Referential_Disambiguation_200:044,justintiensmith/SP_Referential_Disambiguation_200,2642784f74a0c91bc118702b7993895aacd311f5,44,Pick up a soda can and place it into the bowl.,531,referential_disambiguation,33,recovery,crushed_coke_can,crushed Coke can,crushed soda can,"[""airplane_with_propellers"", ""green_pen""]","[""crushed_coke_can"", ""crushed_pepsi_can"", ""airplane_with_propellers"", ""green_pen""]",[],4,D1|4obj|correct_r,,,,,,,,between,between,seen,,semantic_reasoning,referential_disambiguation.between.3,Move the crushed soda can lying between the airplane toy with propellers and the green pen into the bowl.,4,train,[]
v1,justintiensmith/SP_Referential_Disambiguation_200:045,justintiensmith/SP_Referential_Disambiguation_200,2642784f74a0c91bc118702b7993895aacd311f5,45,Pick up a soda can and place it into the bowl.,504,referential_disambiguation,33,home,crushed_pepsi_can,crushed Pepsi can,crushed soda can,"[""green_pencil_sharpener"", ""yellow_pen""]","[""crushed_coke_can"", ""crushed_pepsi_can"", ""green_pencil_sharpener"", ""yellow_pen""]",[],4,D2|4obj|correct_l,,,,,,,,between,between,seen,,semantic_reasoning,referential_disambiguation.between.3,Move the crushed soda can lying between the green pencil sharpener and the yellow pen into the bowl.,5,train,[]
v1,justintiensmith/SP_Referential_Disambiguation_200:046,justintiensmith/SP_Referential_Disambiguation_200,2642784f74a0c91bc118702b7993895aacd311f5,46,Pick up a soda can and place it into the bowl.,734,referential_disambiguation,33,home,crushed_pepsi_can,crushed Pepsi can,crushed soda can,"[""red_pencil_sharpener"", ""airplane_with_propellers""]","[""crushed_coke_can"", ""crushed_pepsi_can"", ""red_pencil_sharpener"", ""airplane_with_propellers""]",[],4,H|4obj|correct_r,,,,,,,,between,between,seen,,semantic_reasoning,referential_disambiguation.between.2,"Pick up the crushed soda can positioned between the red pencil sharpener and the airplane toy with propellers, then place it in the bowl.",6,train,[]
v1,justintiensmith/SP_Referential_Disambiguation_200:047,justintiensmith/SP_Referential_Disambiguation_200,2642784f74a0c91bc118702b7993895aacd311f5,47,Pick up a soda can and place it into the bowl.,493,referential_disambiguation,34,recovery,crushed_pepsi_can,crushed Pepsi can,crushed soda can,"[""airplane_without_propellers"", ""yellow_pen""]","[""crushed_coke_can"", ""crushed_pepsi_can"", ""airplane_without_propellers"", ""yellow_pen"", ""green_pen""]",[],5,V|5obj-H|correct_l,,,,,,,,between,between,seen,,semantic_reasoning,referential_disambiguation.between.3,Move the crushed soda can lying between the airplane toy without propellers and the yellow pen into the bowl.,7,train,[]
v1,justintiensmith/SP_Referential_Disambiguation_200:048,justintiensmith/SP_Referential_Disambiguation_200,2642784f74a0c91bc118702b7993895aacd311f5,48,Pick up a soda can and place it into the bowl.,531,referential_disambiguation,34,home,crushed_coke_can,crushed Coke can,crushed soda can,"[""green_pen"", ""red_pencil_sharpener""]","[""crushed_coke_can"", ""crushed_pepsi_can"", ""green_pen"", ""red_pencil_sharpener""]",[],4,D1|4obj|correct_l,,,,,,,,between,between,seen,,semantic_reasoning,referential_disambiguation.between.1,Put the crushed soda can between the green pen and the red pencil sharpener in the bowl.,8,train,[]
v1,justintiensmith/SP_Referential_Disambiguation_200:049,justintiensmith/SP_Referential_Disambiguation_200,2642784f74a0c91bc118702b7993895aacd311f5,49,Pick up a soda can and place it into the bowl.,572,referential_disambiguation,34,home,crushed_coke_can,crushed Coke can,crushed soda can,"[""red_pencil_sharpener"", ""airplane_without_propellers""]","[""crushed_coke_can"", ""crushed_pepsi_can"", ""red_pencil_sharpener"", ""airplane_without_propellers"", ""yellow_pen""]",[],5,D2|5obj-E|correct_r,,,,,,,,between,between,seen,,semantic_reasoning,referential_disambiguation.between.2,"Pick up the crushed soda can positioned between the red pencil sharpener and the airplane toy without propellers, then place it in the bowl.",9,train,[]
v1,justintiensmith/SP_Referential_Disambiguation_200:050,justintiensmith/SP_Referential_Disambiguation_200,2642784f74a0c91bc118702b7993895aacd311f5,50,Pick up a pencil sharpener and place it into the bowl.,512,referential_disambiguation,34,home,green_pencil_sharpener,green pencil sharpener,pencil sharpener,"[""crushed_coke_can""]","[""green_pencil_sharpener"", ""red_pencil_sharpener"", ""crushed_coke_can""]",[],3,Easy|3obj|correct_l,,,,,,,,closest,closest,seen,,semantic_reasoning,referential_disambiguation.closest.2,Pick up the pencil sharpener nearest to the crushed Coke can and place it in the bowl.,0,train,[]
v1,justintiensmith/SP_Referential_Disambiguation_200:051,justintiensmith/SP_Referential_Disambiguation_200,2642784f74a0c91bc118702b7993895aacd311f5,51,Pick up a pencil sharpener and place it into the bowl.,547,referential_disambiguation,34,home,red_pencil_sharpener,red pencil sharpener,pencil sharpener,"[""crushed_pepsi_can""]","[""green_pencil_sharpener"", ""red_pencil_sharpener"", ""crushed_pepsi_can"", ""airplane_with_propellers""]",[],4,Easy|4obj-E|correct_r,,,,,,,,closest,closest,seen,,semantic_reasoning,referential_disambiguation.closest.3,Move the pencil sharpener that is closest to the crushed Pepsi can into the bowl.,1,train,[]
v1,justintiensmith/SP_Referential_Disambiguation_200:052,justintiensmith/SP_Referential_Disambiguation_200,2642784f74a0c91bc118702b7993895aacd311f5,52,Pick up a pencil sharpener and place it into the bowl.,517,referential_disambiguation,34,home,green_pencil_sharpener,green pencil sharpener,pencil sharpener,"[""green_pen""]","[""green_pencil_sharpener"", ""red_pencil_sharpener"", ""green_pen""]",[],3,Medium|3obj|correct_l,,,,,,,,closest,closest,seen,,semantic_reasoning,referential_disambiguation.closest.3,Move the pencil sharpener that is closest to the green pen into the bowl.,2,train,[]
v1,justintiensmith/SP_Referential_Disambiguation_200:053,justintiensmith/SP_Referential_Disambiguation_200,2642784f74a0c91bc118702b7993895aacd311f5,53,Pick up a pencil sharpener and place it into the bowl.,489,referential_disambiguation,34,home,red_pencil_sharpener,red pencil sharpener,pencil sharpener,"[""yellow_pen""]","[""green_pencil_sharpener"", ""red_pencil_sharpener"", ""yellow_pen"", ""crushed_coke_can""]",[],4,Easy|4obj-E|correct_r,,,,,,,,closest,closest,seen,,semantic_reasoning,referential_disambiguation.closest.1,Put the pencil sharpener closest to the yellow pen in the bowl.,3,train,[]
v1,justintiensmith/SP_Referential_Disambiguation_200:054,justintiensmith/SP_Referential_Disambiguation_200,2642784f74a0c91bc118702b7993895aacd311f5,54,Pick up a pencil sharpener and place it into the bowl.,385,referential_disambiguation,34,recovery,green_pencil_sharpener,green pencil sharpener,pencil sharpener,"[""airplane_with_propellers""]","[""green_pencil_sharpener"", ""red_pencil_sharpener"", ""airplane_with_propellers""]",[],3,Easy|3obj|correct_l,,,,,,,,closest,closest,seen,,semantic_reasoning,referential_disambiguation.closest.1,Put the pencil sharpener closest to the airplane toy with propellers in the bowl.,4,train,[]
v1,justintiensmith/SP_Referential_Disambiguation_200:055,justintiensmith/SP_Referential_Disambiguation_200,2642784f74a0c91bc118702b7993895aacd311f5,55,Pick up a pencil sharpener and place it into the bowl.,521,referential_disambiguation,34,home,red_pencil_sharpener,red pencil sharpener,pencil sharpener,"[""airplane_without_propellers""]","[""green_pencil_sharpener"", ""red_pencil_sharpener"", ""airplane_without_propellers"", ""green_pen""]",[],4,Medium|4obj-E|correct_r,,,,,,,,closest,closest,seen,,semantic_reasoning,referential_disambiguation.closest.3,Move the pencil sharpener that is closest to the airplane toy without propellers into the bowl.,5,train,[]
v1,justintiensmith/SP_Referential_Disambiguation_200:056,justintiensmith/SP_Referential_Disambiguation_200,2642784f74a0c91bc118702b7993895aacd311f5,56,Pick up a pencil sharpener and place it into the bowl.,589,referential_disambiguation,34,home,green_pencil_sharpener,green pencil sharpener,pencil sharpener,"[""crushed_coke_can""]","[""green_pencil_sharpener"", ""red_pencil_sharpener"", ""crushed_coke_can""]",[],3,Easy|3obj|correct_l,,,,,,,,closest,closest,seen,,semantic_reasoning,referential_disambiguation.closest.3,Move the pencil sharpener that is closest to the crushed Coke can into the bowl.,6,train,[]
v1,justintiensmith/SP_Referential_Disambiguation_200:057,justintiensmith/SP_Referential_Disambiguation_200,2642784f74a0c91bc118702b7993895aacd311f5,57,Pick up a pencil sharpener and place it into the bowl.,392,referential_disambiguation,34,home,red_pencil_sharpener,red pencil sharpener,pencil sharpener,"[""crushed_pepsi_can""]","[""green_pencil_sharpener"", ""red_pencil_sharpener"", ""crushed_pepsi_can"", ""crushed_coke_can""]",[],4,Easy|4obj-H|correct_r,,,,,,,,closest,closest,seen,,semantic_reasoning,referential_disambiguation.closest.1,Put the pencil sharpener closest to the crushed Pepsi can in the bowl.,7,train,[]
v1,justintiensmith/SP_Referential_Disambiguation_200:058,justintiensmith/SP_Referential_Disambiguation_200,2642784f74a0c91bc118702b7993895aacd311f5,58,Pick up a pencil sharpener and place it into the bowl.,548,referential_disambiguation,34,home,green_pencil_sharpener,green pencil sharpener,pencil sharpener,"[""green_pen""]","[""green_pencil_sharpener"", ""red_pencil_sharpener"", ""green_pen""]",[],3,Medium|3obj|correct_l,,,,,,,,closest,closest,seen,,semantic_reasoning,referential_disambiguation.closest.3,Move the pencil sharpener that is closest to the green pen into the bowl.,8,train,[]
v1,justintiensmith/SP_Referential_Disambiguation_200:059,justintiensmith/SP_Referential_Disambiguation_200,2642784f74a0c91bc118702b7993895aacd311f5,59,Pick up a pencil sharpener and place it into the bowl.,449,referential_disambiguation,34,recovery,red_pencil_sharpener,red pencil sharpener,pencil sharpener,"[""yellow_pen""]","[""green_pencil_sharpener"", ""red_pencil_sharpener"", ""yellow_pen"", ""airplane_with_propellers""]",[],4,Easy|4obj-E|correct_r,,,,,,,,closest,closest,seen,,semantic_reasoning,referential_disambiguation.closest.1,Put the pencil sharpener closest to the yellow pen in the bowl.,9,train,[]
v1,justintiensmith/SP_Referential_Disambiguation_200:060,justintiensmith/SP_Referential_Disambiguation_200,2642784f74a0c91bc118702b7993895aacd311f5,60,Pick up a pencil sharpener and place it into the bowl.,455,referential_disambiguation,35,home,green_pencil_sharpener,green pencil sharpener,pencil sharpener,"[""airplane_with_propellers""]","[""green_pencil_sharpener"", ""red_pencil_sharpener"", ""airplane_with_propellers""]",[],3,Easy|3obj|correct_l,,,,,,,,closest,closest,seen,,semantic_reasoning,referential_disambiguation.closest.2,Pick up the pencil sharpener nearest to the airplane toy with propellers and place it in the bowl.,0,train,[]
v1,justintiensmith/SP_Referential_Disambiguation_200:061,justintiensmith/SP_Referential_Disambiguation_200,2642784f74a0c91bc118702b7993895aacd311f5,61,Pick up a pencil sharpener and place it into the bowl.,442,referential_disambiguation,35,home,red_pencil_sharpener,red pencil sharpener,pencil sharpener,"[""airplane_without_propellers""]","[""green_pencil_sharpener"", ""red_pencil_sharpener"", ""airplane_without_propellers"", ""crushed_coke_can""]",[],4,Medium|4obj-E|correct_r,,,,,,,,closest,closest,seen,,semantic_reasoning,referential_disambiguation.closest.2,Pick up the pencil sharpener nearest to the airplane toy without propellers and place it in the bowl.,1,train,[]
v1,justintiensmith/SP_Referential_Disambiguation_200:062,justintiensmith/SP_Referential_Disambiguation_200,2642784f74a0c91bc118702b7993895aacd311f5,62,Pick up a pencil sharpener and place it into the bowl.,424,referential_disambiguation,35,home,green_pencil_sharpener,green pencil sharpener,pencil sharpener,"[""crushed_coke_can""]","[""green_pencil_sharpener"", ""red_pencil_sharpener"", ""crushed_coke_can""]",[],3,Easy|3obj|correct_l,,,,,,,,closest,closest,seen,,semantic_reasoning,referential_disambiguation.closest.1,Put the pencil sharpener closest to the crushed Coke can in the bowl.,2,train,[]
v1,justintiensmith/SP_Referential_Disambiguation_200:063,justintiensmith/SP_Referential_Disambiguation_200,2642784f74a0c91bc118702b7993895aacd311f5,63,Pick up a pencil sharpener and place it into the bowl.,564,referential_disambiguation,35,home,red_pencil_sharpener,red pencil sharpener,pencil sharpener,"[""crushed_pepsi_can""]","[""green_pencil_sharpener"", ""red_pencil_sharpener"", ""crushed_pepsi_can"", ""airplane_with_propellers""]",[],4,Easy|4obj-E|correct_r,,,,,,,,closest,closest,seen,,semantic_reasoning,referential_disambiguation.closest.2,Pick up the pencil sharpener nearest to the crushed Pepsi can and place it in the bowl.,3,train,[]
v1,justintiensmith/SP_Referential_Disambiguation_200:064,justintiensmith/SP_Referential_Disambiguation_200,2642784f74a0c91bc118702b7993895aacd311f5,64,Pick up a pencil sharpener and place it into the bowl.,555,referential_disambiguation,35,recovery,green_pencil_sharpener,green pencil sharpener,pencil sharpener,"[""green_pen""]","[""green_pencil_sharpener"", ""red_pencil_sharpener"", ""green_pen"", ""yellow_pen""]",[],4,Medium|4obj-H|correct_l,,,,,,,,closest,closest,seen,,semantic_reasoning,referential_disambiguation.closest.3,Move the pencil sharpener that is closest to the green pen into the bowl.,4,train,[]
v1,justintiensmith/SP_Referential_Disambiguation_200:065,justintiensmith/SP_Referential_Disambiguation_200,2642784f74a0c91bc118702b7993895aacd311f5,65,Pick up a pencil sharpener and place it into the bowl.,543,referential_disambiguation,35,home,red_pencil_sharpener,red pencil sharpener,pencil sharpener,"[""green_pen""]","[""green_pencil_sharpener"", ""red_pencil_sharpener"", ""green_pen""]",[],3,Easy|3obj|correct_r,,,,,,,,furthest,object_identity,held_out,withhold furthest relation,identity,referential_disambiguation.object_identity.2,Pick up the red pencil sharpener and place it in the bowl.,5,train,[]
v1,justintiensmith/SP_Referential_Disambiguation_200:066,justintiensmith/SP_Referential_Disambiguation_200,2642784f74a0c91bc118702b7993895aacd311f5,66,Pick up a pencil sharpener and place it into the bowl.,536,referential_disambiguation,35,home,green_pencil_sharpener,green pencil sharpener,pencil sharpener,"[""yellow_pen""]","[""green_pencil_sharpener"", ""red_pencil_sharpener"", ""yellow_pen"", ""airplane_without_propellers""]",[],4,Medium|4obj-E|correct_l,,,,,,,,furthest,object_identity,held_out,withhold furthest relation,identity,referential_disambiguation.object_identity.3,Move the green pencil sharpener into the bowl.,6,train,[]
v1,justintiensmith/SP_Referential_Disambiguation_200:067,justintiensmith/SP_Referential_Disambiguation_200,2642784f74a0c91bc118702b7993895aacd311f5,67,Pick up a pencil sharpener and place it into the bowl.,474,referential_disambiguation,35,home,red_pencil_sharpener,red pencil sharpener,pencil sharpener,"[""airplane_with_propellers""]","[""green_pencil_sharpener"", ""red_pencil_sharpener"", ""airplane_with_propellers""]",[],3,Easy|3obj|correct_r,,,,,,,,furthest,object_identity,held_out,withhold furthest relation,identity,referential_disambiguation.object_identity.3,Move the red pencil sharpener into the bowl.,7,train,[]
v1,justintiensmith/SP_Referential_Disambiguation_200:068,justintiensmith/SP_Referential_Disambiguation_200,2642784f74a0c91bc118702b7993895aacd311f5,68,Pick up a pencil sharpener and place it into the bowl.,507,referential_disambiguation,35,recovery,green_pencil_sharpener,green pencil sharpener,pencil sharpener,"[""airplane_without_propellers""]","[""green_pencil_sharpener"", ""red_pencil_sharpener"", ""airplane_without_propellers"", ""crushed_pepsi_can""]",[],4,Easy|4obj-E|correct_l,,,,,,,,furthest,object_identity,held_out,withhold furthest relation,identity,referential_disambiguation.object_identity.3,Move the green pencil sharpener into the bowl.,8,train,[]
v1,justintiensmith/SP_Referential_Disambiguation_200:069,justintiensmith/SP_Referential_Disambiguation_200,2642784f74a0c91bc118702b7993895aacd311f5,69,Pick up a pencil sharpener and place it into the bowl.,434,referential_disambiguation,35,home,red_pencil_sharpener,red pencil sharpener,pencil sharpener,"[""crushed_coke_can""]","[""green_pencil_sharpener"", ""red_pencil_sharpener"", ""crushed_coke_can""]",[],3,Medium|3obj|correct_r,,,,,,,,furthest,object_identity,held_out,withhold furthest relation,identity,referential_disambiguation.object_identity.1,Put the red pencil sharpener in the bowl.,9,train,[]
v1,justintiensmith/SP_Referential_Disambiguation_200:070,justintiensmith/SP_Referential_Disambiguation_200,2642784f74a0c91bc118702b7993895aacd311f5,70,Pick up a pencil sharpener and place it into the bowl.,525,referential_disambiguation,35,home,green_pencil_sharpener,green pencil sharpener,pencil sharpener,"[""crushed_pepsi_can""]","[""green_pencil_sharpener"", ""red_pencil_sharpener"", ""crushed_pepsi_can"", ""crushed_coke_can""]",[],4,Easy|4obj-H|correct_l,,,,,,,,furthest,object_identity,held_out,withhold furthest relation,identity,referential_disambiguation.object_identity.2,Pick up the green pencil sharpener and place it in the bowl.,0,train,[]
v1,justintiensmith/SP_Referential_Disambiguation_200:071,justintiensmith/SP_Referential_Disambiguation_200,2642784f74a0c91bc118702b7993895aacd311f5,71,Pick up a pencil sharpener and place it into the bowl.,530,referential_disambiguation,35,home,red_pencil_sharpener,red pencil sharpener,pencil sharpener,"[""green_pen""]","[""green_pencil_sharpener"", ""red_pencil_sharpener"", ""green_pen""]",[],3,Easy|3obj|correct_r,,,,,,,,furthest,object_identity,held_out,withhold furthest relation,identity,referential_disambiguation.object_identity.1,Put the red pencil sharpener in the bowl.,1,train,[]
v1,justintiensmith/SP_Referential_Disambiguation_200:072,justintiensmith/SP_Referential_Disambiguation_200,2642784f74a0c91bc118702b7993895aacd311f5,72,Pick up a pencil sharpener and place it into the bowl.,460,referential_disambiguation,35,home,green_pencil_sharpener,green pencil sharpener,pencil sharpener,"[""yellow_pen""]","[""green_pencil_sharpener"", ""red_pencil_sharpener"", ""yellow_pen"", ""crushed_pepsi_can""]",[],4,Medium|4obj-E|correct_l,,,,,,,,furthest,object_identity,held_out,withhold furthest relation,identity,referential_disambiguation.object_identity.1,Put the green pencil sharpener in the bowl.,2,train,[]
v1,justintiensmith/SP_Referential_Disambiguation_200:073,justintiensmith/SP_Referential_Disambiguation_200,2642784f74a0c91bc118702b7993895aacd311f5,73,Pick up a pencil sharpener and place it into the bowl.,555,referential_disambiguation,35,recovery,red_pencil_sharpener,red pencil sharpener,pencil sharpener,"[""airplane_with_propellers""]","[""green_pencil_sharpener"", ""red_pencil_sharpener"", ""airplane_with_propellers""]",[],3,Easy|3obj|correct_r,,,,,,,,furthest,object_identity,held_out,withhold furthest relation,identity,referential_disambiguation.object_identity.2,Pick up the red pencil sharpener and place it in the bowl.,3,train,[]
v1,justintiensmith/SP_Referential_Disambiguation_200:074,justintiensmith/SP_Referential_Disambiguation_200,2642784f74a0c91bc118702b7993895aacd311f5,74,Pick up a pencil sharpener and place it into the bowl.,471,referential_disambiguation,35,home,green_pencil_sharpener,green pencil sharpener,pencil sharpener,"[""airplane_without_propellers""]","[""green_pencil_sharpener"", ""red_pencil_sharpener"", ""airplane_without_propellers"", ""yellow_pen""]",[],4,Easy|4obj-E|correct_l,,,,,,,,furthest,object_identity,held_out,withhold furthest relation,identity,referential_disambiguation.object_identity.2,Pick up the green pencil sharpener and place it in the bowl.,4,train,[]
v1,justintiensmith/SP_Referential_Disambiguation_200:075,justintiensmith/SP_Referential_Disambiguation_200,2642784f74a0c91bc118702b7993895aacd311f5,75,Pick up a pencil sharpener and place it into the bowl.,581,referential_disambiguation,35,home,red_pencil_sharpener,red pencil sharpener,pencil sharpener,"[""crushed_coke_can""]","[""green_pencil_sharpener"", ""red_pencil_sharpener"", ""crushed_coke_can""]",[],3,Medium|3obj|correct_r,,,,,,,,furthest,object_identity,held_out,withhold furthest relation,identity,referential_disambiguation.object_identity.2,Pick up the red pencil sharpener and place it in the bowl.,5,train,[]
v1,justintiensmith/SP_Referential_Disambiguation_200:076,justintiensmith/SP_Referential_Disambiguation_200,2642784f74a0c91bc118702b7993895aacd311f5,76,Pick up a pencil sharpener and place it into the bowl.,404,referential_disambiguation,36,home,green_pencil_sharpener,green pencil sharpener,pencil sharpener,"[""crushed_pepsi_can""]","[""green_pencil_sharpener"", ""red_pencil_sharpener"", ""crushed_pepsi_can"", ""yellow_pen""]",[],4,Easy|4obj-E|correct_l,,,,,,,,furthest,object_identity,held_out,withhold furthest relation,identity,referential_disambiguation.object_identity.1,Put the green pencil sharpener in the bowl.,6,train,[]
v1,justintiensmith/SP_Referential_Disambiguation_200:077,justintiensmith/SP_Referential_Disambiguation_200,2642784f74a0c91bc118702b7993895aacd311f5,77,Pick up a pencil sharpener and place it into the bowl.,534,referential_disambiguation,36,home,red_pencil_sharpener,red pencil sharpener,pencil sharpener,"[""green_pen""]","[""green_pencil_sharpener"", ""red_pencil_sharpener"", ""green_pen""]",[],3,Easy|3obj|correct_r,,,,,,,,furthest,object_identity,held_out,withhold furthest relation,identity,referential_disambiguation.object_identity.3,Move the red pencil sharpener into the bowl.,7,train,[]
v1,justintiensmith/SP_Referential_Disambiguation_200:078,justintiensmith/SP_Referential_Disambiguation_200,2642784f74a0c91bc118702b7993895aacd311f5,78,Pick up a pencil sharpener and place it into the bowl.,439,referential_disambiguation,36,recovery,green_pencil_sharpener,green pencil sharpener,pencil sharpener,"[""yellow_pen""]","[""green_pencil_sharpener"", ""red_pencil_sharpener"", ""yellow_pen"", ""green_pen""]",[],4,Medium|4obj-H|correct_l,,,,,,,,furthest,object_identity,held_out,withhold furthest relation,identity,referential_disambiguation.object_identity.1,Put the green pencil sharpener in the bowl.,8,train,[]
v1,justintiensmith/SP_Referential_Disambiguation_200:079,justintiensmith/SP_Referential_Disambiguation_200,2642784f74a0c91bc118702b7993895aacd311f5,79,Pick up a pencil sharpener and place it into the bowl.,491,referential_disambiguation,36,home,red_pencil_sharpener,red pencil sharpener,pencil sharpener,"[""airplane_with_propellers""]","[""green_pencil_sharpener"", ""red_pencil_sharpener"", ""airplane_with_propellers""]",[],3,Easy|3obj|correct_r,,,,,,,,furthest,object_identity,held_out,withhold furthest relation,identity,referential_disambiguation.object_identity.1,Put the red pencil sharpener in the bowl.,9,train,[]
v1,justintiensmith/SP_Referential_Disambiguation_200:080,justintiensmith/SP_Referential_Disambiguation_200,2642784f74a0c91bc118702b7993895aacd311f5,80,Pick up a pencil sharpener and place it into the bowl.,474,referential_disambiguation,36,home,red_pencil_sharpener,red pencil sharpener,pencil sharpener,"[""airplane_without_propellers"", ""yellow_pen""]","[""green_pencil_sharpener"", ""red_pencil_sharpener"", ""airplane_without_propellers"", ""yellow_pen"", ""crushed_pepsi_can""]",[],5,H|5obj-E|correct_l,,,,,,,,between,between,seen,,semantic_reasoning,referential_disambiguation.between.1,Put the pencil sharpener between the airplane toy without propellers and the yellow pen in the bowl.,0,train,[]
v1,justintiensmith/SP_Referential_Disambiguation_200:081,justintiensmith/SP_Referential_Disambiguation_200,2642784f74a0c91bc118702b7993895aacd311f5,81,Pick up a pencil sharpener and place it into the bowl.,468,referential_disambiguation,36,home,red_pencil_sharpener,red pencil sharpener,pencil sharpener,"[""green_pen"", ""crushed_pepsi_can""]","[""green_pencil_sharpener"", ""red_pencil_sharpener"", ""green_pen"", ""crushed_pepsi_can"", ""airplane_with_propellers""]",[],5,V|5obj-E|correct_r,,,,,,,,between,between,seen,,semantic_reasoning,referential_disambiguation.between.3,Move the pencil sharpener lying between the green pen and the crushed Pepsi can into the bowl.,1,train,[]
v1,justintiensmith/SP_Referential_Disambiguation_200:082,justintiensmith/SP_Referential_Disambiguation_200,2642784f74a0c91bc118702b7993895aacd311f5,82,Pick up a pencil sharpener and place it into the bowl.,511,referential_disambiguation,36,home,green_pencil_sharpener,green pencil sharpener,pencil sharpener,"[""crushed_pepsi_can"", ""airplane_without_propellers""]","[""green_pencil_sharpener"", ""red_pencil_sharpener"", ""crushed_pepsi_can"", ""airplane_without_propellers""]",[],4,D1|4obj|correct_r,,,,,,,,between,between,seen,,semantic_reasoning,referential_disambiguation.between.1,Put the pencil sharpener between the crushed Pepsi can and the airplane toy without propellers in the bowl.,2,train,[]
v1,justintiensmith/SP_Referential_Disambiguation_200:083,justintiensmith/SP_Referential_Disambiguation_200,2642784f74a0c91bc118702b7993895aacd311f5,83,Pick up a pencil sharpener and place it into the bowl.,369,referential_disambiguation,36,recovery,green_pencil_sharpener,green pencil sharpener,pencil sharpener,"[""green_pen"", ""airplane_without_propellers""]","[""green_pencil_sharpener"", ""red_pencil_sharpener"", ""green_pen"", ""airplane_without_propellers""]",[],4,D2|4obj|correct_l,,,,,,,,between,between,seen,,semantic_reasoning,referential_disambiguation.between.3,Move the pencil sharpener lying between the green pen and the airplane toy without propellers into the bowl.,3,train,[]
v1,justintiensmith/SP_Referential_Disambiguation_200:084,justintiensmith/SP_Referential_Disambiguation_200,2642784f74a0c91bc118702b7993895aacd311f5,84,Pick up a pencil sharpener and place it into the bowl.,669,referential_disambiguation,36,recovery,red_pencil_sharpener,red pencil sharpener,pencil sharpener,"[""yellow_pen"", ""crushed_pepsi_can""]","[""green_pencil_sharpener"", ""red_pencil_sharpener"", ""yellow_pen"", ""crushed_pepsi_can"", ""green_pen""]",[],5,H|5obj-H|correct_r,,,,,,,,between,between,seen,,semantic_reasoning,referential_disambiguation.between.1,Put the pencil sharpener between the yellow pen and the crushed Pepsi can in the bowl.,4,train,[]
v1,justintiensmith/SP_Referential_Disambiguation_200:085,justintiensmith/SP_Referential_Disambiguation_200,2642784f74a0c91bc118702b7993895aacd311f5,85,Pick up a pencil sharpener and place it into the bowl.,699,referential_disambiguation,36,home,green_pencil_sharpener,green pencil sharpener,pencil sharpener,"[""airplane_without_propellers"", ""crushed_coke_can""]","[""green_pencil_sharpener"", ""red_pencil_sharpener"", ""airplane_without_propellers"", ""crushed_coke_can""]",[],4,V|4obj|correct_l,,,,,,,,between,between,seen,,semantic_reasoning,referential_disambiguation.between.1,Put the pencil sharpener between the airplane toy without propellers and the crushed Coke can in the bowl.,5,train,[]
v1,justintiensmith/SP_Referential_Disambiguation_200:086,justintiensmith/SP_Referential_Disambiguation_200,2642784f74a0c91bc118702b7993895aacd311f5,86,Pick up a pencil sharpener and place it into the bowl.,499,referential_disambiguation,36,home,red_pencil_sharpener,red pencil sharpener,pencil sharpener,"[""yellow_pen"", ""airplane_with_propellers""]","[""green_pencil_sharpener"", ""red_pencil_sharpener"", ""yellow_pen"", ""airplane_with_propellers""]",[],4,D1|4obj|correct_l,,,,,,,,between,between,seen,,semantic_reasoning,referential_disambiguation.between.1,Put the pencil sharpener between the yellow pen and the airplane toy with propellers in the bowl.,6,train,[]
v1,justintiensmith/SP_Referential_Disambiguation_200:087,justintiensmith/SP_Referential_Disambiguation_200,2642784f74a0c91bc118702b7993895aacd311f5,87,Pick up a pencil sharpener and place it into the bowl.,510,referential_disambiguation,36,home,green_pencil_sharpener,green pencil sharpener,pencil sharpener,"[""crushed_coke_can"", ""green_pen""]","[""green_pencil_sharpener"", ""red_pencil_sharpener"", ""crushed_coke_can"", ""green_pen"", ""crushed_pepsi_can""]",[],5,D2|5obj-H|correct_r,,,,,,,,between,between,seen,,semantic_reasoning,referential_disambiguation.between.1,Put the pencil sharpener between the crushed Coke can and the green pen in the bowl.,7,train,[]
v1,justintiensmith/SP_Referential_Disambiguation_200:088,justintiensmith/SP_Referential_Disambiguation_200,2642784f74a0c91bc118702b7993895aacd311f5,88,Pick up a pencil sharpener and place it into the bowl.,539,referential_disambiguation,36,home,red_pencil_sharpener,red pencil sharpener,pencil sharpener,"[""airplane_with_propellers"", ""crushed_coke_can""]","[""green_pencil_sharpener"", ""red_pencil_sharpener"", ""airplane_with_propellers"", ""crushed_coke_can""]",[],4,H|4obj|correct_l,,,,,,,,between,between,seen,,semantic_reasoning,referential_disambiguation.between.2,"Pick up the pencil sharpener positioned between the airplane toy with propellers and the crushed Coke can, then place it in the bowl.",8,train,[]
v1,justintiensmith/SP_Referential_Disambiguation_200:089,justintiensmith/SP_Referential_Disambiguation_200,2642784f74a0c91bc118702b7993895aacd311f5,89,Pick up a pencil sharpener and place it into the bowl.,482,referential_disambiguation,36,home,green_pencil_sharpener,green pencil sharpener,pencil sharpener,"[""airplane_with_propellers"", ""green_pen""]","[""green_pencil_sharpener"", ""red_pencil_sharpener"", ""airplane_with_propellers"", ""green_pen"", ""yellow_pen""]",[],5,V|5obj-H|correct_r,,,,,,,,between,between,seen,,semantic_reasoning,referential_disambiguation.between.2,"Pick up the pencil sharpener positioned between the airplane toy with propellers and the green pen, then place it in the bowl.",9,train,[]
v1,justintiensmith/SP_Referential_Disambiguation_200:090,justintiensmith/SP_Referential_Disambiguation_200,2642784f74a0c91bc118702b7993895aacd311f5,90,Pick up a pencil sharpener and place it into the bowl.,480,referential_disambiguation,37,home,green_pencil_sharpener,green pencil sharpener,pencil sharpener,"[""crushed_coke_can"", ""yellow_pen""]","[""green_pencil_sharpener"", ""red_pencil_sharpener"", ""crushed_coke_can"", ""yellow_pen"", ""airplane_with_propellers""]",[],5,D1|5obj-E|correct_l,,,,,,,,between,between,seen,,semantic_reasoning,referential_disambiguation.between.1,Put the pencil sharpener between the crushed Coke can and the yellow pen in the bowl.,0,train,[]
v1,justintiensmith/SP_Referential_Disambiguation_200:091,justintiensmith/SP_Referential_Disambiguation_200,2642784f74a0c91bc118702b7993895aacd311f5,91,Pick up a pencil sharpener and place it into the bowl.,456,referential_disambiguation,37,home,red_pencil_sharpener,red pencil sharpener,pencil sharpener,"[""crushed_pepsi_can"", ""airplane_with_propellers""]","[""green_pencil_sharpener"", ""red_pencil_sharpener"", ""crushed_pepsi_can"", ""airplane_with_propellers""]",[],4,D2|4obj|correct_r,,,,,,,,between,between,seen,,semantic_reasoning,referential_disambiguation.between.1,Put the pencil sharpener between the crushed Pepsi can and the airplane toy with propellers in the bowl.,1,train,[]
v1,justintiensmith/SP_Referential_Disambiguation_200:092,justintiensmith/SP_Referential_Disambiguation_200,2642784f74a0c91bc118702b7993895aacd311f5,92,Pick up a pencil sharpener and place it into the bowl.,449,referential_disambiguation,37,home,green_pencil_sharpener,green pencil sharpener,pencil sharpener,"[""airplane_without_propellers"", ""yellow_pen""]","[""green_pencil_sharpener"", ""red_pencil_sharpener"", ""airplane_without_propellers"", ""yellow_pen""]",[],4,H|4obj|correct_r,,,,,,,,between,between,seen,,semantic_reasoning,referential_disambiguation.between.2,"Pick up the pencil sharpener positioned between the airplane toy without propellers and the yellow pen, then place it in the bowl.",2,train,[]
v1,justintiensmith/SP_Referential_Disambiguation_200:093,justintiensmith/SP_Referential_Disambiguation_200,2642784f74a0c91bc118702b7993895aacd311f5,93,Pick up a pencil sharpener and place it into the bowl.,514,referential_disambiguation,37,home,red_pencil_sharpener,red pencil sharpener,pencil sharpener,"[""green_pen"", ""crushed_pepsi_can""]","[""green_pencil_sharpener"", ""red_pencil_sharpener"", ""green_pen"", ""crushed_pepsi_can""]",[],4,V|4obj|correct_l,,,,,,,,between,between,seen,,semantic_reasoning,referential_disambiguation.between.1,Put the pencil sharpener between the green pen and the crushed Pepsi can in the bowl.,3,train,[]
v1,justintiensmith/SP_Referential_Disambiguation_200:094,justintiensmith/SP_Referential_Disambiguation_200,2642784f74a0c91bc118702b7993895aacd311f5,94,Pick up a pencil sharpener and place it into the bowl.,461,referential_disambiguation,37,recovery,red_pencil_sharpener,red pencil sharpener,pencil sharpener,"[""crushed_pepsi_can"", ""airplane_without_propellers""]","[""green_pencil_sharpener"", ""red_pencil_sharpener"", ""crushed_pepsi_can"", ""airplane_without_propellers"", ""crushed_coke_can""]",[],5,D1|5obj-H|correct_r,,,,,,,,between,between,seen,,semantic_reasoning,referential_disambiguation.between.1,Put the pencil sharpener between the crushed Pepsi can and the airplane toy without propellers in the bowl.,4,train,[]
v1,justintiensmith/SP_Referential_Disambiguation_200:095,justintiensmith/SP_Referential_Disambiguation_200,2642784f74a0c91bc118702b7993895aacd311f5,95,Pick up a pencil sharpener and place it into the bowl.,429,referential_disambiguation,37,home,green_pencil_sharpener,green pencil sharpener,pencil sharpener,"[""crushed_coke_can"", ""green_pen""]","[""green_pencil_sharpener"", ""red_pencil_sharpener"", ""crushed_coke_can"", ""green_pen"", ""airplane_without_propellers""]",[],5,D2|5obj-E|correct_l,,,,,,,,between,between,seen,,semantic_reasoning,referential_disambiguation.between.2,"Pick up the pencil sharpener positioned between the crushed Coke can and the green pen, then place it in the bowl.",5,train,[]
v1,justintiensmith/SP_Referential_Disambiguation_200:096,justintiensmith/SP_Referential_Disambiguation_200,2642784f74a0c91bc118702b7993895aacd311f5,96,Pick up a pencil sharpener and place it into the bowl.,533,referential_disambiguation,37,home,green_pencil_sharpener,green pencil sharpener,pencil sharpener,"[""airplane_with_propellers"", ""crushed_coke_can""]","[""green_pencil_sharpener"", ""red_pencil_sharpener"", ""airplane_with_propellers"", ""crushed_coke_can"", ""green_pen""]",[],5,H|5obj-E|correct_r,,,,,,,,between,between,seen,,semantic_reasoning,referential_disambiguation.between.1,Put the pencil sharpener between the airplane toy with propellers and the crushed Coke can in the bowl.,6,train,[]
v1,justintiensmith/SP_Referential_Disambiguation_200:097,justintiensmith/SP_Referential_Disambiguation_200,2642784f74a0c91bc118702b7993895aacd311f5,97,Pick up a pencil sharpener and place it into the bowl.,420,referential_disambiguation,37,recovery,green_pencil_sharpener,green pencil sharpener,pencil sharpener,"[""airplane_with_propellers"", ""green_pen""]","[""green_pencil_sharpener"", ""red_pencil_sharpener"", ""airplane_with_propellers"", ""green_pen""]",[],4,V|4obj|correct_l,,,,,,,,between,between,seen,,semantic_reasoning,referential_disambiguation.between.3,Move the pencil sharpener lying between the airplane toy with propellers and the green pen into the bowl.,7,train,[]
v1,justintiensmith/SP_Referential_Disambiguation_200:098,justintiensmith/SP_Referential_Disambiguation_200,2642784f74a0c91bc118702b7993895aacd311f5,98,Pick up a pencil sharpener and place it into the bowl.,465,referential_disambiguation,37,home,red_pencil_sharpener,red pencil sharpener,pencil sharpener,"[""crushed_coke_can"", ""yellow_pen""]","[""green_pencil_sharpener"", ""red_pencil_sharpener"", ""crushed_coke_can"", ""yellow_pen"", ""airplane_without_propellers""]",[],5,D1|5obj-E|correct_l,,,,,,,,between,between,seen,,semantic_reasoning,referential_disambiguation.between.2,"Pick up the pencil sharpener positioned between the crushed Coke can and the yellow pen, then place it in the bowl.",8,train,[]
v1,justintiensmith/SP_Referential_Disambiguation_200:099,justintiensmith/SP_Referential_Disambiguation_200,2642784f74a0c91bc118702b7993895aacd311f5,99,Pick up a pencil sharpener and place it into the bowl.,446,referential_disambiguation,37,home,red_pencil_sharpener,red pencil sharpener,pencil sharpener,"[""crushed_pepsi_can"", ""airplane_with_propellers""]","[""green_pencil_sharpener"", ""red_pencil_sharpener"", ""crushed_pepsi_can"", ""airplane_with_propellers""]",[],4,D2|4obj|correct_r,,,,,,,,between,between,seen,,semantic_reasoning,referential_disambiguation.between.1,Put the pencil sharpener between the crushed Pepsi can and the airplane toy with propellers in the bowl.,9,train,[]
v1,justintiensmith/SP_Referential_Disambiguation_200:100,justintiensmith/SP_Referential_Disambiguation_200,2642784f74a0c91bc118702b7993895aacd311f5,100,Pick up a pen and place it into the bowl.,431,referential_disambiguation,37,home,green_pen,green pen,pen,"[""green_pencil_sharpener""]","[""green_pen"", ""yellow_pen"", ""green_pencil_sharpener""]",[],3,Easy|3obj|correct_l,,,,,,,,closest,closest,seen,,semantic_reasoning,referential_disambiguation.closest.2,Pick up the pen nearest to the green pencil sharpener and place it in the bowl.,0,train,[]
v1,justintiensmith/SP_Referential_Disambiguation_200:101,justintiensmith/SP_Referential_Disambiguation_200,2642784f74a0c91bc118702b7993895aacd311f5,101,Pick up a pen and place it into the bowl.,534,referential_disambiguation,37,home,yellow_pen,yellow pen,pen,"[""red_pencil_sharpener""]","[""green_pen"", ""yellow_pen"", ""red_pencil_sharpener"", ""airplane_without_propellers""]",[],4,Easy|4obj-E|correct_r,,,,,,,,closest,closest,seen,,semantic_reasoning,referential_disambiguation.closest.1,Put the pen closest to the red pencil sharpener in the bowl.,1,train,[]
v1,justintiensmith/SP_Referential_Disambiguation_200:102,justintiensmith/SP_Referential_Disambiguation_200,2642784f74a0c91bc118702b7993895aacd311f5,102,Pick up a pen and place it into the bowl.,477,referential_disambiguation,37,home,green_pen,green pen,pen,"[""crushed_coke_can""]","[""green_pen"", ""yellow_pen"", ""crushed_coke_can""]",[],3,Medium|3obj|correct_l,,,,,,,,closest,closest,seen,,semantic_reasoning,referential_disambiguation.closest.2,Pick up the pen nearest to the crushed Coke can and place it in the bowl.,2,train,[]
v1,justintiensmith/SP_Referential_Disambiguation_200:103,justintiensmith/SP_Referential_Disambiguation_200,2642784f74a0c91bc118702b7993895aacd311f5,103,Pick up a pen and place it into the bowl.,460,referential_disambiguation,38,home,yellow_pen,yellow pen,pen,"[""crushed_pepsi_can""]","[""green_pen"", ""yellow_pen"", ""crushed_pepsi_can"", ""red_pencil_sharpener""]",[],4,Easy|4obj-E|correct_r,,,,,,,,closest,closest,seen,,semantic_reasoning,referential_disambiguation.closest.1,Put the pen closest to the crushed Pepsi can in the bowl.,3,train,[]
v1,justintiensmith/SP_Referential_Disambiguation_200:104,justintiensmith/SP_Referential_Disambiguation_200,2642784f74a0c91bc118702b7993895aacd311f5,104,Pick up a pen and place it into the bowl.,480,referential_disambiguation,38,recovery,green_pen,green pen,pen,"[""airplane_with_propellers""]","[""green_pen"", ""yellow_pen"", ""airplane_with_propellers""]",[],3,Easy|3obj|correct_l,,,,,,,,closest,closest,seen,,semantic_reasoning,referential_disambiguation.closest.2,Pick up the pen nearest to the airplane toy with propellers and place it in the bowl.,4,train,[]
v1,justintiensmith/SP_Referential_Disambiguation_200:105,justintiensmith/SP_Referential_Disambiguation_200,2642784f74a0c91bc118702b7993895aacd311f5,105,Pick up a pen and place it into the bowl.,468,referential_disambiguation,38,home,yellow_pen,yellow pen,pen,"[""airplane_without_propellers""]","[""green_pen"", ""yellow_pen"", ""airplane_without_propellers"", ""crushed_pepsi_can""]",[],4,Medium|4obj-E|correct_r,,,,,,,,closest,closest,seen,,semantic_reasoning,referential_disambiguation.closest.3,Move the pen that is closest to the airplane toy without propellers into the bowl.,5,train,[]
v1,justintiensmith/SP_Referential_Disambiguation_200:106,justintiensmith/SP_Referential_Disambiguation_200,2642784f74a0c91bc118702b7993895aacd311f5,106,Pick up a pen and place it into the bowl.,627,referential_disambiguation,38,home,green_pen,green pen,pen,"[""green_pencil_sharpener""]","[""green_pen"", ""yellow_pen"", ""green_pencil_sharpener""]",[],3,Easy|3obj|correct_l,,,,,,,,closest,closest,seen,,semantic_reasoning,referential_disambiguation.closest.3,Move the pen that is closest to the green pencil sharpener into the bowl.,6,train,[]
v1,justintiensmith/SP_Referential_Disambiguation_200:107,justintiensmith/SP_Referential_Disambiguation_200,2642784f74a0c91bc118702b7993895aacd311f5,107,Pick up a pen and place it into the bowl.,431,referential_disambiguation,38,home,yellow_pen,yellow pen,pen,"[""red_pencil_sharpener""]","[""green_pen"", ""yellow_pen"", ""red_pencil_sharpener"", ""green_pencil_sharpener""]",[],4,Easy|4obj-H|correct_r,,,,,,,,closest,closest,seen,,semantic_reasoning,referential_disambiguation.closest.3,Move the pen that is closest to the red pencil sharpener into the bowl.,7,train,[]
v1,justintiensmith/SP_Referential_Disambiguation_200:108,justintiensmith/SP_Referential_Disambiguation_200,2642784f74a0c91bc118702b7993895aacd311f5,108,Pick up a pen and place it into the bowl.,453,referential_disambiguation,38,home,green_pen,green pen,pen,"[""crushed_coke_can""]","[""green_pen"", ""yellow_pen"", ""crushed_coke_can""]",[],3,Medium|3obj|correct_l,,,,,,,,closest,closest,seen,,semantic_reasoning,referential_disambiguation.closest.1,Put the pen closest to the crushed Coke can in the bowl.,8,train,[]
v1,justintiensmith/SP_Referential_Disambiguation_200:109,justintiensmith/SP_Referential_Disambiguation_200,2642784f74a0c91bc118702b7993895aacd311f5,109,Pick up a pen and place it into the bowl.,438,referential_disambiguation,38,recovery,yellow_pen,yellow pen,pen,"[""crushed_pepsi_can""]","[""green_pen"", ""yellow_pen"", ""crushed_pepsi_can"", ""airplane_without_propellers""]",[],4,Easy|4obj-E|correct_r,,,,,,,,closest,closest,seen,,semantic_reasoning,referential_disambiguation.closest.3,Move the pen that is closest to the crushed Pepsi can into the bowl.,9,train,[]
v1,justintiensmith/SP_Referential_Disambiguation_200:110,justintiensmith/SP_Referential_Disambiguation_200,2642784f74a0c91bc118702b7993895aacd311f5,110,Pick up a pen and place it into the bowl.,544,referential_disambiguation,38,home,green_pen,green pen,pen,"[""airplane_with_propellers""]","[""green_pen"", ""yellow_pen"", ""airplane_with_propellers""]",[],3,Easy|3obj|correct_l,,,,,,,,closest,closest,seen,,semantic_reasoning,referential_disambiguation.closest.1,Put the pen closest to the airplane toy with propellers in the bowl.,0,train,[]
v1,justintiensmith/SP_Referential_Disambiguation_200:111,justintiensmith/SP_Referential_Disambiguation_200,2642784f74a0c91bc118702b7993895aacd311f5,111,Pick up a pen and place it into the bowl.,423,referential_disambiguation,38,home,yellow_pen,yellow pen,pen,"[""airplane_without_propellers""]","[""green_pen"", ""yellow_pen"", ""airplane_without_propellers"", ""red_pencil_sharpener""]",[],4,Medium|4obj-E|correct_r,,,,,,,,closest,closest,seen,,semantic_reasoning,referential_disambiguation.closest.1,Put the pen closest to the airplane toy without propellers in the bowl.,1,train,[]
v1,justintiensmith/SP_Referential_Disambiguation_200:112,justintiensmith/SP_Referential_Disambiguation_200,2642784f74a0c91bc118702b7993895aacd311f5,112,Pick up a pen and place it into the bowl.,508,referential_disambiguation,38,home,green_pen,green pen,pen,"[""green_pencil_sharpener""]","[""green_pen"", ""yellow_pen"", ""green_pencil_sharpener""]",[],3,Easy|3obj|correct_l,,,,,,,,closest,closest,seen,,semantic_reasoning,referential_disambiguation.closest.3,Move the pen that is closest to the green pencil sharpener into the bowl.,2,train,[]
v1,justintiensmith/SP_Referential_Disambiguation_200:113,justintiensmith/SP_Referential_Disambiguation_200,2642784f74a0c91bc118702b7993895aacd311f5,113,Pick up a pen and place it into the bowl.,503,referential_disambiguation,38,home,yellow_pen,yellow pen,pen,"[""red_pencil_sharpener""]","[""green_pen"", ""yellow_pen"", ""red_pencil_sharpener"", ""airplane_without_propellers""]",[],4,Easy|4obj-E|correct_r,,,,,,,,closest,closest,seen,,semantic_reasoning,referential_disambiguation.closest.1,Put the pen closest to the red pencil sharpener in the bowl.,3,train,[]
v1,justintiensmith/SP_Referential_Disambiguation_200:114,justintiensmith/SP_Referential_Disambiguation_200,2642784f74a0c91bc118702b7993895aacd311f5,114,Pick up a pen and place it into the bowl.,298,referential_disambiguation,38,recovery,green_pen,green pen,pen,"[""crushed_coke_can""]","[""green_pen"", ""yellow_pen"", ""crushed_coke_can"", ""crushed_pepsi_can""]",[],4,Medium|4obj-H|correct_l,,,,,,,,closest,closest,seen,,semantic_reasoning,referential_disambiguation.closest.1,Put the pen closest to the crushed Coke can in the bowl.,4,train,[]
v1,justintiensmith/SP_Referential_Disambiguation_200:115,justintiensmith/SP_Referential_Disambiguation_200,2642784f74a0c91bc118702b7993895aacd311f5,115,Pick up a pen and place it into the bowl.,442,referential_disambiguation,38,home,yellow_pen,yellow pen,pen,"[""crushed_coke_can""]","[""green_pen"", ""yellow_pen"", ""crushed_coke_can""]",[],3,Easy|3obj|correct_r,,,,,,,,furthest,object_identity,held_out,withhold furthest relation,identity,referential_disambiguation.object_identity.3,Move the yellow pen into the bowl.,5,train,[]
v1,justintiensmith/SP_Referential_Disambiguation_200:116,justintiensmith/SP_Referential_Disambiguation_200,2642784f74a0c91bc118702b7993895aacd311f5,116,Pick up a pen and place it into the bowl.,381,referential_disambiguation,38,home,green_pen,green pen,pen,"[""crushed_pepsi_can""]","[""green_pen"", ""yellow_pen"", ""crushed_pepsi_can"", ""green_pencil_sharpener""]",[],4,Medium|4obj-E|correct_l,,,,,,,,furthest,object_identity,held_out,withhold furthest relation,identity,referential_disambiguation.object_identity.1,Put the green pen in the bowl.,6,train,[]
v1,justintiensmith/SP_Referential_Disambiguation_200:117,justintiensmith/SP_Referential_Disambiguation_200,2642784f74a0c91bc118702b7993895aacd311f5,117,Pick up a pen and place it into the bowl.,473,referential_disambiguation,38,home,yellow_pen,yellow pen,pen,"[""airplane_with_propellers""]","[""green_pen"", ""yellow_pen"", ""airplane_with_propellers""]",[],3,Easy|3obj|correct_r,,,,,,,,furthest,object_identity,held_out,withhold furthest relation,identity,referential_disambiguation.object_identity.1,Put the yellow pen in the bowl.,7,train,[]
v1,justintiensmith/SP_Referential_Disambiguation_200:118,justintiensmith/SP_Referential_Disambiguation_200,2642784f74a0c91bc118702b7993895aacd311f5,118,Pick up a pen and place it into the bowl.,462,referential_disambiguation,38,recovery,green_pen,green pen,pen,"[""airplane_without_propellers""]","[""green_pen"", ""yellow_pen"", ""airplane_without_propellers"", ""crushed_coke_can""]",[],4,Easy|4obj-E|correct_l,,,,,,,,furthest,object_identity,held_out,withhold furthest relation,identity,referential_disambiguation.object_identity.2,Pick up the green pen and place it in the bowl.,8,train,[]
v1,justintiensmith/SP_Referential_Disambiguation_200:119,justintiensmith/SP_Referential_Disambiguation_200,2642784f74a0c91bc118702b7993895aacd311f5,119,Pick up a pen and place it into the bowl.,494,referential_disambiguation,38,home,yellow_pen,yellow pen,pen,"[""green_pencil_sharpener""]","[""green_pen"", ""yellow_pen"", ""green_pencil_sharpener""]",[],3,Medium|3obj|correct_r,,,,,,,,furthest,object_identity,held_out,withhold furthest relation,identity,referential_disambiguation.object_identity.1,Put the yellow pen in the bowl.,9,train,[]
v1,justintiensmith/SP_Referential_Disambiguation_200:120,justintiensmith/SP_Referential_Disambiguation_200,2642784f74a0c91bc118702b7993895aacd311f5,120,Pick up a pen and place it into the bowl.,467,referential_disambiguation,39,home,green_pen,green pen,pen,"[""red_pencil_sharpener""]","[""green_pen"", ""yellow_pen"", ""red_pencil_sharpener"", ""green_pencil_sharpener""]",[],4,Easy|4obj-H|correct_l,,,,,,,,furthest,object_identity,held_out,withhold furthest relation,identity,referential_disambiguation.object_identity.1,Put the green pen in the bowl.,0,train,[]
v1,justintiensmith/SP_Referential_Disambiguation_200:121,justintiensmith/SP_Referential_Disambiguation_200,2642784f74a0c91bc118702b7993895aacd311f5,121,Pick up a pen and place it into the bowl.,513,referential_disambiguation,39,home,yellow_pen,yellow pen,pen,"[""crushed_coke_can""]","[""green_pen"", ""yellow_pen"", ""crushed_coke_can""]",[],3,Easy|3obj|correct_r,,,,,,,,furthest,object_identity,held_out,withhold furthest relation,identity,referential_disambiguation.object_identity.1,Put the yellow pen in the bowl.,1,train,[]
v1,justintiensmith/SP_Referential_Disambiguation_200:122,justintiensmith/SP_Referential_Disambiguation_200,2642784f74a0c91bc118702b7993895aacd311f5,122,Pick up a pen and place it into the bowl.,457,referential_disambiguation,39,home,green_pen,green pen,pen,"[""crushed_pepsi_can""]","[""green_pen"", ""yellow_pen"", ""crushed_pepsi_can"", ""airplane_with_propellers""]",[],4,Medium|4obj-E|correct_l,,,,,,,,furthest,object_identity,held_out,withhold furthest relation,identity,referential_disambiguation.object_identity.3,Move the green pen into the bowl.,2,train,[]
v1,justintiensmith/SP_Referential_Disambiguation_200:123,justintiensmith/SP_Referential_Disambiguation_200,2642784f74a0c91bc118702b7993895aacd311f5,123,Pick up a pen and place it into the bowl.,461,referential_disambiguation,39,recovery,yellow_pen,yellow pen,pen,"[""airplane_with_propellers""]","[""green_pen"", ""yellow_pen"", ""airplane_with_propellers""]",[],3,Easy|3obj|correct_r,,,,,,,,furthest,object_identity,held_out,withhold furthest relation,identity,referential_disambiguation.object_identity.2,Pick up the yellow pen and place it in the bowl.,3,train,[]
v1,justintiensmith/SP_Referential_Disambiguation_200:124,justintiensmith/SP_Referential_Disambiguation_200,2642784f74a0c91bc118702b7993895aacd311f5,124,Pick up a pen and place it into the bowl.,515,referential_disambiguation,39,home,green_pen,green pen,pen,"[""airplane_without_propellers""]","[""green_pen"", ""yellow_pen"", ""airplane_without_propellers"", ""green_pencil_sharpener""]",[],4,Easy|4obj-E|correct_l,,,,,,,,furthest,object_identity,held_out,withhold furthest relation,identity,referential_disambiguation.object_identity.2,Pick up the green pen and place it in the bowl.,4,train,[]
v1,justintiensmith/SP_Referential_Disambiguation_200:125,justintiensmith/SP_Referential_Disambiguation_200,2642784f74a0c91bc118702b7993895aacd311f5,125,Pick up a pen and place it into the bowl.,473,referential_disambiguation,39,home,yellow_pen,yellow pen,pen,"[""green_pencil_sharpener""]","[""green_pen"", ""yellow_pen"", ""green_pencil_sharpener""]",[],3,Medium|3obj|correct_r,,,,,,,,furthest,object_identity,held_out,withhold furthest relation,identity,referential_disambiguation.object_identity.2,Pick up the yellow pen and place it in the bowl.,5,train,[]
v1,justintiensmith/SP_Referential_Disambiguation_200:126,justintiensmith/SP_Referential_Disambiguation_200,2642784f74a0c91bc118702b7993895aacd311f5,126,Pick up a pen and place it into the bowl.,489,referential_disambiguation,39,home,green_pen,green pen,pen,"[""red_pencil_sharpener""]","[""green_pen"", ""yellow_pen"", ""red_pencil_sharpener"", ""airplane_with_propellers""]",[],4,Easy|4obj-E|correct_l,,,,,,,,furthest,object_identity,held_out,withhold furthest relation,identity,referential_disambiguation.object_identity.1,Put the green pen in the bowl.,6,train,[]
v1,justintiensmith/SP_Referential_Disambiguation_200:127,justintiensmith/SP_Referential_Disambiguation_200,2642784f74a0c91bc118702b7993895aacd311f5,127,Pick up a pen and place it into the bowl.,466,referential_disambiguation,39,home,yellow_pen,yellow pen,pen,"[""crushed_coke_can""]","[""green_pen"", ""yellow_pen"", ""crushed_coke_can""]",[],3,Easy|3obj|correct_r,,,,,,,,furthest,object_identity,held_out,withhold furthest relation,identity,referential_disambiguation.object_identity.3,Move the yellow pen into the bowl.,7,train,[]
v1,justintiensmith/SP_Referential_Disambiguation_200:128,justintiensmith/SP_Referential_Disambiguation_200,2642784f74a0c91bc118702b7993895aacd311f5,128,Pick up a pen and place it into the bowl.,388,referential_disambiguation,39,recovery,green_pen,green pen,pen,"[""crushed_pepsi_can""]","[""green_pen"", ""yellow_pen"", ""crushed_pepsi_can"", ""crushed_coke_can""]",[],4,Medium|4obj-H|correct_l,,,,,,,,furthest,object_identity,held_out,withhold furthest relation,identity,referential_disambiguation.object_identity.3,Move the green pen into the bowl.,8,train,[]
v1,justintiensmith/SP_Referential_Disambiguation_200:129,justintiensmith/SP_Referential_Disambiguation_200,2642784f74a0c91bc118702b7993895aacd311f5,129,Pick up a pen and place it into the bowl.,443,referential_disambiguation,39,home,yellow_pen,yellow pen,pen,"[""airplane_with_propellers""]","[""green_pen"", ""yellow_pen"", ""airplane_with_propellers""]",[],3,Easy|3obj|correct_r,,,,,,,,furthest,object_identity,held_out,withhold furthest relation,identity,referential_disambiguation.object_identity.2,Pick up the yellow pen and place it in the bowl.,9,train,[]
v1,justintiensmith/SP_Referential_Disambiguation_200:130,justintiensmith/SP_Referential_Disambiguation_200,2642784f74a0c91bc118702b7993895aacd311f5,130,Pick up a pen and place it into the bowl.,486,referential_disambiguation,39,home,green_pen,green pen,pen,"[""airplane_without_propellers"", ""green_pencil_sharpener""]","[""green_pen"", ""yellow_pen"", ""airplane_without_propellers"", ""green_pencil_sharpener""]",[],4,H|4obj|correct_l,,,,,,,,between,between,seen,,semantic_reasoning,referential_disambiguation.between.2,"Pick up the pen positioned between the airplane toy without propellers and the green pencil sharpener, then place it in the bowl.",0,train,[]
v1,justintiensmith/SP_Referential_Disambiguation_200:131,justintiensmith/SP_Referential_Disambiguation_200,2642784f74a0c91bc118702b7993895aacd311f5,131,Pick up a pen and place it into the bowl.,485,referential_disambiguation,39,home,green_pen,green pen,pen,"[""crushed_pepsi_can"", ""airplane_with_propellers""]","[""green_pen"", ""yellow_pen"", ""crushed_pepsi_can"", ""airplane_with_propellers""]",[],4,V|4obj|correct_r,,,,,,,,between,between,seen,,semantic_reasoning,referential_disambiguation.between.3,Move the pen lying between the crushed Pepsi can and the airplane toy with propellers into the bowl.,1,train,[]
v1,justintiensmith/SP_Referential_Disambiguation_200:132,justintiensmith/SP_Referential_Disambiguation_200,2642784f74a0c91bc118702b7993895aacd311f5,132,Pick up a pen and place it into the bowl.,517,referential_disambiguation,39,home,yellow_pen,yellow pen,pen,"[""green_pencil_sharpener"", ""crushed_coke_can""]","[""green_pen"", ""yellow_pen"", ""green_pencil_sharpener"", ""crushed_coke_can"", ""airplane_with_propellers""]",[],5,D1|5obj-E|correct_r,,,,,,,,between,between,seen,,semantic_reasoning,referential_disambiguation.between.1,Put the pen between the green pencil sharpener and the crushed Coke can in the bowl.,2,train,[]
v1,justintiensmith/SP_Referential_Disambiguation_200:133,justintiensmith/SP_Referential_Disambiguation_200,2642784f74a0c91bc118702b7993895aacd311f5,133,Pick up a pen and place it into the bowl.,456,referential_disambiguation,39,recovery,yellow_pen,yellow pen,pen,"[""airplane_with_propellers"", ""green_pencil_sharpener""]","[""green_pen"", ""yellow_pen"", ""airplane_with_propellers"", ""green_pencil_sharpener"", ""red_pencil_sharpener""]",[],5,D2|5obj-H|correct_l,,,,,,,,between,between,seen,,semantic_reasoning,referential_disambiguation.between.2,"Pick up the pen positioned between the airplane toy with propellers and the green pencil sharpener, then place it in the bowl.",3,train,[]
v1,justintiensmith/SP_Referential_Disambiguation_200:134,justintiensmith/SP_Referential_Disambiguation_200,2642784f74a0c91bc118702b7993895aacd311f5,134,Pick up a pen and place it into the bowl.,493,referential_disambiguation,39,home,green_pen,green pen,pen,"[""airplane_with_propellers"", ""crushed_coke_can""]","[""green_pen"", ""yellow_pen"", ""airplane_with_propellers"", ""crushed_coke_can""]",[],4,H|4obj|correct_r,,,,,,,,between,between,seen,,semantic_reasoning,referential_disambiguation.between.2,"Pick up the pen positioned between the airplane toy with propellers and the crushed Coke can, then place it in the bowl.",4,train,[]
v1,justintiensmith/SP_Referential_Disambiguation_200:135,justintiensmith/SP_Referential_Disambiguation_200,2642784f74a0c91bc118702b7993895aacd311f5,135,Pick up a pen and place it into the bowl.,379,referential_disambiguation,39,recovery,yellow_pen,yellow pen,pen,"[""green_pencil_sharpener"", ""crushed_pepsi_can""]","[""green_pen"", ""yellow_pen"", ""green_pencil_sharpener"", ""crushed_pepsi_can"", ""airplane_without_propellers""]",[],5,V|5obj-E|correct_l,,,,,,,,between,between,seen,,semantic_reasoning,referential_disambiguation.between.1,Put the pen between the green pencil sharpener and the crushed Pepsi can in the bowl.,5,train,[]
v1,justintiensmith/SP_Referential_Disambiguation_200:136,justintiensmith/SP_Referential_Disambiguation_200,2642784f74a0c91bc118702b7993895aacd311f5,136,Pick up a pen and place it into the bowl.,513,referential_disambiguation,40,home,green_pen,green pen,pen,"[""red_pencil_sharpener"", ""airplane_with_propellers""]","[""green_pen"", ""yellow_pen"", ""red_pencil_sharpener"", ""airplane_with_propellers"", ""green_pencil_sharpener""]",[],5,H|5obj-H|correct_l,,,,,,,,between,between,seen,,semantic_reasoning,referential_disambiguation.between.3,Move the pen lying between the red pencil sharpener and the airplane toy with propellers into the bowl.,6,train,[]
v1,justintiensmith/SP_Referential_Disambiguation_200:137,justintiensmith/SP_Referential_Disambiguation_200,2642784f74a0c91bc118702b7993895aacd311f5,137,Pick up a pen and place it into the bowl.,357,referential_disambiguation,40,home,yellow_pen,yellow pen,pen,"[""airplane_without_propellers"", ""crushed_pepsi_can""]","[""green_pen"", ""yellow_pen"", ""airplane_without_propellers"", ""crushed_pepsi_can""]",[],4,D2|4obj|correct_r,,,,,,,,between,between,seen,,semantic_reasoning,referential_disambiguation.between.1,Put the pen between the airplane toy without propellers and the crushed Pepsi can in the bowl.,7,train,[]
v1,justintiensmith/SP_Referential_Disambiguation_200:138,justintiensmith/SP_Referential_Disambiguation_200,2642784f74a0c91bc118702b7993895aacd311f5,138,Pick up a pen and place it into the bowl.,532,referential_disambiguation,40,home,green_pen,green pen,pen,"[""crushed_coke_can"", ""red_pencil_sharpener""]","[""green_pen"", ""yellow_pen"", ""crushed_coke_can"", ""red_pencil_sharpener"", ""crushed_pepsi_can""]",[],5,D1|5obj-H|correct_l,,,,,,,,between,between,seen,,semantic_reasoning,referential_disambiguation.between.3,Move the pen lying between the crushed Coke can and the red pencil sharpener into the bowl.,8,train,[]
v1,justintiensmith/SP_Referential_Disambiguation_200:139,justintiensmith/SP_Referential_Disambiguation_200,2642784f74a0c91bc118702b7993895aacd311f5,139,Pick up a pen and place it into the bowl.,376,referential_disambiguation,40,home,yellow_pen,yellow pen,pen,"[""red_pencil_sharpener"", ""airplane_without_propellers""]","[""green_pen"", ""yellow_pen"", ""red_pencil_sharpener"", ""airplane_without_propellers""]",[],4,V|4obj|correct_r,,,,,,,,between,between,seen,,semantic_reasoning,referential_disambiguation.between.3,Move the pen lying between the red pencil sharpener and the airplane toy without propellers into the bowl.,9,train,[]
v1,justintiensmith/SP_Referential_Disambiguation_200:140,justintiensmith/SP_Referential_Disambiguation_200,2642784f74a0c91bc118702b7993895aacd311f5,140,Pick up a pen and place it into the bowl.,467,referential_disambiguation,40,home,yellow_pen,yellow pen,pen,"[""green_pencil_sharpener"", ""crushed_coke_can""]","[""green_pen"", ""yellow_pen"", ""green_pencil_sharpener"", ""crushed_coke_can""]",[],4,D1|4obj|correct_l,,,,,,,,between,between,seen,,semantic_reasoning,referential_disambiguation.between.3,Move the pen lying between the green pencil sharpener and the crushed Coke can into the bowl.,0,train,[]
v1,justintiensmith/SP_Referential_Disambiguation_200:141,justintiensmith/SP_Referential_Disambiguation_200,2642784f74a0c91bc118702b7993895aacd311f5,141,Pick up a pen and place it into the bowl.,443,referential_disambiguation,40,home,green_pen,green pen,pen,"[""airplane_with_propellers"", ""green_pencil_sharpener""]","[""green_pen"", ""yellow_pen"", ""airplane_with_propellers"", ""green_pencil_sharpener"", ""crushed_coke_can""]",[],5,D2|5obj-E|correct_r,,,,,,,,between,between,seen,,semantic_reasoning,referential_disambiguation.between.1,Put the pen between the airplane toy with propellers and the green pencil sharpener in the bowl.,1,train,[]
v1,justintiensmith/SP_Referential_Disambiguation_200:142,justintiensmith/SP_Referential_Disambiguation_200,2642784f74a0c91bc118702b7993895aacd311f5,142,Pick up a pen and place it into the bowl.,476,referential_disambiguation,40,home,yellow_pen,yellow pen,pen,"[""airplane_with_propellers"", ""crushed_coke_can""]","[""green_pen"", ""yellow_pen"", ""airplane_with_propellers"", ""crushed_coke_can"", ""red_pencil_sharpener""]",[],5,H|5obj-E|correct_r,,,,,,,,between,between,seen,,semantic_reasoning,referential_disambiguation.between.3,Move the pen lying between the airplane toy with propellers and the crushed Coke can into the bowl.,2,train,[]
v1,justintiensmith/SP_Referential_Disambiguation_200:143,justintiensmith/SP_Referential_Disambiguation_200,2642784f74a0c91bc118702b7993895aacd311f5,143,Pick up a pen and place it into the bowl.,481,referential_disambiguation,40,home,green_pen,green pen,pen,"[""green_pencil_sharpener"", ""crushed_pepsi_can""]","[""green_pen"", ""yellow_pen"", ""green_pencil_sharpener"", ""crushed_pepsi_can"", ""airplane_with_propellers""]",[],5,V|5obj-E|correct_l,,,,,,,,between,between,seen,,semantic_reasoning,referential_disambiguation.between.2,"Pick up the pen positioned between the green pencil sharpener and the crushed Pepsi can, then place it in the bowl.",3,train,[]
v1,justintiensmith/SP_Referential_Disambiguation_200:144,justintiensmith/SP_Referential_Disambiguation_200,2642784f74a0c91bc118702b7993895aacd311f5,144,Pick up a pen and place it into the bowl.,440,referential_disambiguation,40,recovery,green_pen,green pen,pen,"[""red_pencil_sharpener"", ""airplane_with_propellers""]","[""green_pen"", ""yellow_pen"", ""red_pencil_sharpener"", ""airplane_with_propellers""]",[],4,D1|4obj|correct_r,,,,,,,,between,between,seen,,semantic_reasoning,referential_disambiguation.between.2,"Pick up the pen positioned between the red pencil sharpener and the airplane toy with propellers, then place it in the bowl.",4,train,[]
v1,justintiensmith/SP_Referential_Disambiguation_200:145,justintiensmith/SP_Referential_Disambiguation_200,2642784f74a0c91bc118702b7993895aacd311f5,145,Pick up a pen and place it into the bowl.,496,referential_disambiguation,40,home,yellow_pen,yellow pen,pen,"[""airplane_without_propellers"", ""crushed_pepsi_can""]","[""green_pen"", ""yellow_pen"", ""airplane_without_propellers"", ""crushed_pepsi_can""]",[],4,D2|4obj|correct_l,,,,,,,,between,between,seen,,semantic_reasoning,referential_disambiguation.between.3,Move the pen lying between the airplane toy without propellers and the crushed Pepsi can into the bowl.,5,train,[]
v1,justintiensmith/SP_Referential_Disambiguation_200:146,justintiensmith/SP_Referential_Disambiguation_200,2642784f74a0c91bc118702b7993895aacd311f5,146,Pick up a pen and place it into the bowl.,513,referential_disambiguation,40,home,yellow_pen,yellow pen,pen,"[""crushed_coke_can"", ""red_pencil_sharpener""]","[""green_pen"", ""yellow_pen"", ""crushed_coke_can"", ""red_pencil_sharpener""]",[],4,H|4obj|correct_r,,,,,,,,between,between,seen,,semantic_reasoning,referential_disambiguation.between.3,Move the pen lying between the crushed Coke can and the red pencil sharpener into the bowl.,6,train,[]
v1,justintiensmith/SP_Referential_Disambiguation_200:147,justintiensmith/SP_Referential_Disambiguation_200,2642784f74a0c91bc118702b7993895aacd311f5,147,Pick up a pen and place it into the bowl.,355,referential_disambiguation,40,recovery,yellow_pen,yellow pen,pen,"[""red_pencil_sharpener"", ""airplane_without_propellers""]","[""green_pen"", ""yellow_pen"", ""red_pencil_sharpener"", ""airplane_without_propellers"", ""green_pencil_sharpener""]",[],5,V|5obj-H|correct_l,,,,,,,,between,between,seen,,semantic_reasoning,referential_disambiguation.between.2,"Pick up the pen positioned between the red pencil sharpener and the airplane toy without propellers, then place it in the bowl.",7,train,[]
v1,justintiensmith/SP_Referential_Disambiguation_200:148,justintiensmith/SP_Referential_Disambiguation_200,2642784f74a0c91bc118702b7993895aacd311f5,148,Pick up a pen and place it into the bowl.,452,referential_disambiguation,40,home,green_pen,green pen,pen,"[""crushed_coke_can"", ""airplane_without_propellers""]","[""green_pen"", ""yellow_pen"", ""crushed_coke_can"", ""airplane_without_propellers""]",[],4,D1|4obj|correct_l,,,,,,,,between,between,seen,,semantic_reasoning,referential_disambiguation.between.1,Put the pen between the crushed Coke can and the airplane toy without propellers in the bowl.,8,train,[]
v1,justintiensmith/SP_Referential_Disambiguation_200:149,justintiensmith/SP_Referential_Disambiguation_200,2642784f74a0c91bc118702b7993895aacd311f5,149,Pick up a pen and place it into the bowl.,417,referential_disambiguation,40,home,green_pen,green pen,pen,"[""crushed_pepsi_can"", ""red_pencil_sharpener""]","[""green_pen"", ""yellow_pen"", ""crushed_pepsi_can"", ""red_pencil_sharpener"", ""airplane_without_propellers""]",[],5,D2|5obj-E|correct_r,,,,,,,,between,between,seen,,semantic_reasoning,referential_disambiguation.between.1,Put the pen between the crushed Pepsi can and the red pencil sharpener in the bowl.,9,train,[]
v1,justintiensmith/SP_Referential_Disambiguation_200:150,justintiensmith/SP_Referential_Disambiguation_200,2642784f74a0c91bc118702b7993895aacd311f5,150,Pick up an airplane toy and place it into the bowl.,500,referential_disambiguation,41,home,airplane_with_propellers,airplane toy with propellers,airplane toy,"[""green_pen""]","[""airplane_with_propellers"", ""airplane_without_propellers"", ""green_pen""]",[],3,Easy|3obj|correct_l,,,,,,,,closest,closest,seen,,semantic_reasoning,referential_disambiguation.closest.1,Put the airplane toy closest to the green pen in the bowl.,0,train,[]
v1,justintiensmith/SP_Referential_Disambiguation_200:151,justintiensmith/SP_Referential_Disambiguation_200,2642784f74a0c91bc118702b7993895aacd311f5,151,Pick up an airplane toy and place it into the bowl.,545,referential_disambiguation,41,home,airplane_without_propellers,airplane toy without propellers,airplane toy,"[""yellow_pen""]","[""airplane_with_propellers"", ""airplane_without_propellers"", ""yellow_pen"", ""green_pencil_sharpener""]",[],4,Easy|4obj-E|correct_r,,,,,,,,closest,closest,seen,,semantic_reasoning,referential_disambiguation.closest.2,Pick up the airplane toy nearest to the yellow pen and place it in the bowl.,1,train,[]
v1,justintiensmith/SP_Referential_Disambiguation_200:152,justintiensmith/SP_Referential_Disambiguation_200,2642784f74a0c91bc118702b7993895aacd311f5,152,Pick up an airplane toy and place it into the bowl.,472,referential_disambiguation,41,home,airplane_with_propellers,airplane toy with propellers,airplane toy,"[""green_pencil_sharpener""]","[""airplane_with_propellers"", ""airplane_without_propellers"", ""green_pencil_sharpener""]",[],3,Medium|3obj|correct_l,,,,,,,,closest,closest,seen,,semantic_reasoning,referential_disambiguation.closest.1,Put the airplane toy closest to the green pencil sharpener in the bowl.,2,train,[]
v1,justintiensmith/SP_Referential_Disambiguation_200:153,justintiensmith/SP_Referential_Disambiguation_200,2642784f74a0c91bc118702b7993895aacd311f5,153,Pick up an airplane toy and place it into the bowl.,458,referential_disambiguation,41,home,airplane_without_propellers,airplane toy without propellers,airplane toy,"[""red_pencil_sharpener""]","[""airplane_with_propellers"", ""airplane_without_propellers"", ""red_pencil_sharpener"", ""crushed_coke_can""]",[],4,Easy|4obj-E|correct_r,,,,,,,,closest,closest,seen,,semantic_reasoning,referential_disambiguation.closest.1,Put the airplane toy closest to the red pencil sharpener in the bowl.,3,train,[]
v1,justintiensmith/SP_Referential_Disambiguation_200:154,justintiensmith/SP_Referential_Disambiguation_200,2642784f74a0c91bc118702b7993895aacd311f5,154,Pick up an airplane toy and place it into the bowl.,685,referential_disambiguation,41,recovery,airplane_with_propellers,airplane toy with propellers,airplane toy,"[""crushed_coke_can""]","[""airplane_with_propellers"", ""airplane_without_propellers"", ""crushed_coke_can""]",[],3,Easy|3obj|correct_l,,,,,,,,closest,closest,seen,,semantic_reasoning,referential_disambiguation.closest.3,Move the airplane toy that is closest to the crushed Coke can into the bowl.,4,train,[]
v1,justintiensmith/SP_Referential_Disambiguation_200:155,justintiensmith/SP_Referential_Disambiguation_200,2642784f74a0c91bc118702b7993895aacd311f5,155,Pick up an airplane toy and place it into the bowl.,584,referential_disambiguation,41,home,airplane_without_propellers,airplane toy without propellers,airplane toy,"[""crushed_pepsi_can""]","[""airplane_with_propellers"", ""airplane_without_propellers"", ""crushed_pepsi_can"", ""green_pen""]",[],4,Medium|4obj-E|correct_r,,,,,,,,closest,closest,seen,,semantic_reasoning,referential_disambiguation.closest.3,Move the airplane toy that is closest to the crushed Pepsi can into the bowl.,5,train,[]
v1,justintiensmith/SP_Referential_Disambiguation_200:156,justintiensmith/SP_Referential_Disambiguation_200,2642784f74a0c91bc118702b7993895aacd311f5,156,Pick up an airplane toy and place it into the bowl.,438,referential_disambiguation,41,home,airplane_with_propellers,airplane toy with propellers,airplane toy,"[""green_pen""]","[""airplane_with_propellers"", ""airplane_without_propellers"", ""green_pen""]",[],3,Easy|3obj|correct_l,,,,,,,,closest,closest,seen,,semantic_reasoning,referential_disambiguation.closest.3,Move the airplane toy that is closest to the green pen into the bowl.,6,train,[]
v1,justintiensmith/SP_Referential_Disambiguation_200:157,justintiensmith/SP_Referential_Disambiguation_200,2642784f74a0c91bc118702b7993895aacd311f5,157,Pick up an airplane toy and place it into the bowl.,606,referential_disambiguation,41,home,airplane_without_propellers,airplane toy without propellers,airplane toy,"[""yellow_pen""]","[""airplane_with_propellers"", ""airplane_without_propellers"", ""yellow_pen"", ""green_pen""]",[],4,Easy|4obj-H|correct_r,,,,,,,,closest,closest,seen,,semantic_reasoning,referential_disambiguation.closest.2,Pick up the airplane toy nearest to the yellow pen and place it in the bowl.,7,train,[]
v1,justintiensmith/SP_Referential_Disambiguation_200:158,justintiensmith/SP_Referential_Disambiguation_200,2642784f74a0c91bc118702b7993895aacd311f5,158,Pick up an airplane toy and place it into the bowl.,521,referential_disambiguation,41,home,airplane_with_propellers,airplane toy with propellers,airplane toy,"[""green_pencil_sharpener""]","[""airplane_with_propellers"", ""airplane_without_propellers"", ""green_pencil_sharpener""]",[],3,Medium|3obj|correct_l,,,,,,,,closest,closest,seen,,semantic_reasoning,referential_disambiguation.closest.3,Move the airplane toy that is closest to the green pencil sharpener into the bowl.,8,train,[]
v1,justintiensmith/SP_Referential_Disambiguation_200:159,justintiensmith/SP_Referential_Disambiguation_200,2642784f74a0c91bc118702b7993895aacd311f5,159,Pick up an airplane toy and place it into the bowl.,363,referential_disambiguation,41,recovery,airplane_without_propellers,airplane toy without propellers,airplane toy,"[""red_pencil_sharpener""]","[""airplane_with_propellers"", ""airplane_without_propellers"", ""red_pencil_sharpener"", ""green_pen""]",[],4,Easy|4obj-E|correct_r,,,,,,,,closest,closest,seen,,semantic_reasoning,referential_disambiguation.closest.1,Put the airplane toy closest to the red pencil sharpener in the bowl.,9,train,[]
v1,justintiensmith/SP_Referential_Disambiguation_200:160,justintiensmith/SP_Referential_Disambiguation_200,2642784f74a0c91bc118702b7993895aacd311f5,160,Pick up an airplane toy and place it into the bowl.,489,referential_disambiguation,41,home,airplane_with_propellers,airplane toy with propellers,airplane toy,"[""crushed_coke_can""]","[""airplane_with_propellers"", ""airplane_without_propellers"", ""crushed_coke_can""]",[],3,Easy|3obj|correct_l,,,,,,,,closest,closest,seen,,semantic_reasoning,referential_disambiguation.closest.3,Move the airplane toy that is closest to the crushed Coke can into the bowl.,0,train,[]
v1,justintiensmith/SP_Referential_Disambiguation_200:161,justintiensmith/SP_Referential_Disambiguation_200,2642784f74a0c91bc118702b7993895aacd311f5,161,Pick up an airplane toy and place it into the bowl.,463,referential_disambiguation,41,home,airplane_without_propellers,airplane toy without propellers,airplane toy,"[""crushed_pepsi_can""]","[""airplane_with_propellers"", ""airplane_without_propellers"", ""crushed_pepsi_can"", ""green_pencil_sharpener""]",[],4,Medium|4obj-E|correct_r,,,,,,,,closest,closest,seen,,semantic_reasoning,referential_disambiguation.closest.2,Pick up the airplane toy nearest to the crushed Pepsi can and place it in the bowl.,1,train,[]
v1,justintiensmith/SP_Referential_Disambiguation_200:162,justintiensmith/SP_Referential_Disambiguation_200,2642784f74a0c91bc118702b7993895aacd311f5,162,Pick up an airplane toy and place it into the bowl.,482,referential_disambiguation,41,home,airplane_with_propellers,airplane toy with propellers,airplane toy,"[""green_pen""]","[""airplane_with_propellers"", ""airplane_without_propellers"", ""green_pen""]",[],3,Easy|3obj|correct_l,,,,,,,,closest,closest,seen,,semantic_reasoning,referential_disambiguation.closest.3,Move the airplane toy that is closest to the green pen into the bowl.,2,train,[]
v1,justintiensmith/SP_Referential_Disambiguation_200:163,justintiensmith/SP_Referential_Disambiguation_200,2642784f74a0c91bc118702b7993895aacd311f5,163,Pick up an airplane toy and place it into the bowl.,434,referential_disambiguation,41,home,airplane_without_propellers,airplane toy without propellers,airplane toy,"[""yellow_pen""]","[""airplane_with_propellers"", ""airplane_without_propellers"", ""yellow_pen"", ""green_pencil_sharpener""]",[],4,Easy|4obj-E|correct_r,,,,,,,,closest,closest,seen,,semantic_reasoning,referential_disambiguation.closest.3,Move the airplane toy that is closest to the yellow pen into the bowl.,3,train,[]
v1,justintiensmith/SP_Referential_Disambiguation_200:164,justintiensmith/SP_Referential_Disambiguation_200,2642784f74a0c91bc118702b7993895aacd311f5,164,Pick up an airplane toy and place it into the bowl.,439,referential_disambiguation,41,recovery,airplane_with_propellers,airplane toy with propellers,airplane toy,"[""green_pencil_sharpener""]","[""airplane_with_propellers"", ""airplane_without_propellers"", ""green_pencil_sharpener"", ""red_pencil_sharpener""]",[],4,Medium|4obj-H|correct_l,,,,,,,,closest,closest,seen,,semantic_reasoning,referential_disambiguation.closest.1,Put the airplane toy closest to the green pencil sharpener in the bowl.,4,train,[]
v1,justintiensmith/SP_Referential_Disambiguation_200:165,justintiensmith/SP_Referential_Disambiguation_200,2642784f74a0c91bc118702b7993895aacd311f5,165,Pick up an airplane toy and place it into the bowl.,415,referential_disambiguation,42,home,airplane_without_propellers,airplane toy without propellers,airplane toy,"[""green_pencil_sharpener""]","[""airplane_with_propellers"", ""airplane_without_propellers"", ""green_pencil_sharpener""]",[],3,Easy|3obj|correct_r,,,,,,,,furthest,object_identity,held_out,withhold furthest relation,identity,referential_disambiguation.object_identity.2,Pick up the airplane toy without propellers and place it in the bowl.,5,train,[]
v1,justintiensmith/SP_Referential_Disambiguation_200:166,justintiensmith/SP_Referential_Disambiguation_200,2642784f74a0c91bc118702b7993895aacd311f5,166,Pick up an airplane toy and place it into the bowl.,442,referential_disambiguation,42,home,airplane_with_propellers,airplane toy with propellers,airplane toy,"[""red_pencil_sharpener""]","[""airplane_with_propellers"", ""airplane_without_propellers"", ""red_pencil_sharpener"", ""yellow_pen""]",[],4,Medium|4obj-E|correct_l,,,,,,,,furthest,object_identity,held_out,withhold furthest relation,identity,referential_disambiguation.object_identity.1,Put the airplane toy with propellers in the bowl.,6,train,[]
v1,justintiensmith/SP_Referential_Disambiguation_200:167,justintiensmith/SP_Referential_Disambiguation_200,2642784f74a0c91bc118702b7993895aacd311f5,167,Pick up an airplane toy and place it into the bowl.,457,referential_disambiguation,42,home,airplane_without_propellers,airplane toy without propellers,airplane toy,"[""crushed_coke_can""]","[""airplane_with_propellers"", ""airplane_without_propellers"", ""crushed_coke_can""]",[],3,Easy|3obj|correct_r,,,,,,,,furthest,object_identity,held_out,withhold furthest relation,identity,referential_disambiguation.object_identity.1,Put the airplane toy without propellers in the bowl.,7,train,[]
v1,justintiensmith/SP_Referential_Disambiguation_200:168,justintiensmith/SP_Referential_Disambiguation_200,2642784f74a0c91bc118702b7993895aacd311f5,168,Pick up an airplane toy and place it into the bowl.,349,referential_disambiguation,42,recovery,airplane_with_propellers,airplane toy with propellers,airplane toy,"[""crushed_pepsi_can""]","[""airplane_with_propellers"", ""airplane_without_propellers"", ""crushed_pepsi_can"", ""red_pencil_sharpener""]",[],4,Easy|4obj-E|correct_l,,,,,,,,furthest,object_identity,held_out,withhold furthest relation,identity,referential_disambiguation.object_identity.3,Move the airplane toy with propellers into the bowl.,8,train,[]
v1,justintiensmith/SP_Referential_Disambiguation_200:169,justintiensmith/SP_Referential_Disambiguation_200,2642784f74a0c91bc118702b7993895aacd311f5,169,Pick up an airplane toy and place it into the bowl.,460,referential_disambiguation,42,home,airplane_without_propellers,airplane toy without propellers,airplane toy,"[""green_pen""]","[""airplane_with_propellers"", ""airplane_without_propellers"", ""green_pen""]",[],3,Medium|3obj|correct_r,,,,,,,,furthest,object_identity,held_out,withhold furthest relation,identity,referential_disambiguation.object_identity.1,Put the airplane toy without propellers in the bowl.,9,train,[]
v1,justintiensmith/SP_Referential_Disambiguation_200:170,justintiensmith/SP_Referential_Disambiguation_200,2642784f74a0c91bc118702b7993895aacd311f5,170,Pick up an airplane toy and place it into the bowl.,487,referential_disambiguation,42,home,airplane_with_propellers,airplane toy with propellers,airplane toy,"[""yellow_pen""]","[""airplane_with_propellers"", ""airplane_without_propellers"", ""yellow_pen"", ""green_pen""]",[],4,Easy|4obj-H|correct_l,,,,,,,,furthest,object_identity,held_out,withhold furthest relation,identity,referential_disambiguation.object_identity.1,Put the airplane toy with propellers in the bowl.,0,train,[]
v1,justintiensmith/SP_Referential_Disambiguation_200:171,justintiensmith/SP_Referential_Disambiguation_200,2642784f74a0c91bc118702b7993895aacd311f5,171,Pick up an airplane toy and place it into the bowl.,386,referential_disambiguation,42,home,airplane_without_propellers,airplane toy without propellers,airplane toy,"[""green_pencil_sharpener""]","[""airplane_with_propellers"", ""airplane_without_propellers"", ""green_pencil_sharpener""]",[],3,Easy|3obj|correct_r,,,,,,,,furthest,object_identity,held_out,withhold furthest relation,identity,referential_disambiguation.object_identity.3,Move the airplane toy without propellers into the bowl.,1,train,[]
v1,justintiensmith/SP_Referential_Disambiguation_200:172,justintiensmith/SP_Referential_Disambiguation_200,2642784f74a0c91bc118702b7993895aacd311f5,172,Pick up an airplane toy and place it into the bowl.,631,referential_disambiguation,42,home,airplane_with_propellers,airplane toy with propellers,airplane toy,"[""red_pencil_sharpener""]","[""airplane_with_propellers"", ""airplane_without_propellers"", ""red_pencil_sharpener"", ""crushed_pepsi_can""]",[],4,Medium|4obj-E|correct_l,,,,,,,,furthest,object_identity,held_out,withhold furthest relation,identity,referential_disambiguation.object_identity.3,Move the airplane toy with propellers into the bowl.,2,train,[]
v1,justintiensmith/SP_Referential_Disambiguation_200:173,justintiensmith/SP_Referential_Disambiguation_200,2642784f74a0c91bc118702b7993895aacd311f5,173,Pick up an airplane toy and place it into the bowl.,462,referential_disambiguation,42,recovery,airplane_without_propellers,airplane toy without propellers,airplane toy,"[""crushed_coke_can""]","[""airplane_with_propellers"", ""airplane_without_propellers"", ""crushed_coke_can""]",[],3,Easy|3obj|correct_r,,,,,,,,furthest,object_identity,held_out,withhold furthest relation,identity,referential_disambiguation.object_identity.1,Put the airplane toy without propellers in the bowl.,3,train,[]
v1,justintiensmith/SP_Referential_Disambiguation_200:174,justintiensmith/SP_Referential_Disambiguation_200,2642784f74a0c91bc118702b7993895aacd311f5,174,Pick up an airplane toy and place it into the bowl.,456,referential_disambiguation,42,home,airplane_with_propellers,airplane toy with propellers,airplane toy,"[""crushed_pepsi_can""]","[""airplane_with_propellers"", ""airplane_without_propellers"", ""crushed_pepsi_can"", ""yellow_pen""]",[],4,Easy|4obj-E|correct_l,,,,,,,,furthest,object_identity,held_out,withhold furthest relation,identity,referential_disambiguation.object_identity.1,Put the airplane toy with propellers in the bowl.,4,train,[]
v1,justintiensmith/SP_Referential_Disambiguation_200:175,justintiensmith/SP_Referential_Disambiguation_200,2642784f74a0c91bc118702b7993895aacd311f5,175,Pick up an airplane toy and place it into the bowl.,486,referential_disambiguation,42,home,airplane_without_propellers,airplane toy without propellers,airplane toy,"[""green_pen""]","[""airplane_with_propellers"", ""airplane_without_propellers"", ""green_pen""]",[],3,Medium|3obj|correct_r,,,,,,,,furthest,object_identity,held_out,withhold furthest relation,identity,referential_disambiguation.object_identity.2,Pick up the airplane toy without propellers and place it in the bowl.,5,train,[]
v1,justintiensmith/SP_Referential_Disambiguation_200:176,justintiensmith/SP_Referential_Disambiguation_200,2642784f74a0c91bc118702b7993895aacd311f5,176,Pick up an airplane toy and place it into the bowl.,490,referential_disambiguation,42,home,airplane_with_propellers,airplane toy with propellers,airplane toy,"[""yellow_pen""]","[""airplane_with_propellers"", ""airplane_without_propellers"", ""yellow_pen"", ""crushed_pepsi_can""]",[],4,Easy|4obj-E|correct_l,,,,,,,,furthest,object_identity,held_out,withhold furthest relation,identity,referential_disambiguation.object_identity.2,Pick up the airplane toy with propellers and place it in the bowl.,6,train,[]
v1,justintiensmith/SP_Referential_Disambiguation_200:177,justintiensmith/SP_Referential_Disambiguation_200,2642784f74a0c91bc118702b7993895aacd311f5,177,Pick up an airplane toy and place it into the bowl.,574,referential_disambiguation,42,home,airplane_without_propellers,airplane toy without propellers,airplane toy,"[""green_pencil_sharpener""]","[""airplane_with_propellers"", ""airplane_without_propellers"", ""green_pencil_sharpener""]",[],3,Easy|3obj|correct_r,,,,,,,,furthest,object_identity,held_out,withhold furthest relation,identity,referential_disambiguation.object_identity.3,Move the airplane toy without propellers into the bowl.,7,train,[]
v1,justintiensmith/SP_Referential_Disambiguation_200:178,justintiensmith/SP_Referential_Disambiguation_200,2642784f74a0c91bc118702b7993895aacd311f5,178,Pick up an airplane toy and place it into the bowl.,402,referential_disambiguation,42,recovery,airplane_with_propellers,airplane toy with propellers,airplane toy,"[""red_pencil_sharpener""]","[""airplane_with_propellers"", ""airplane_without_propellers"", ""red_pencil_sharpener"", ""green_pencil_sharpener""]",[],4,Medium|4obj-H|correct_l,,,,,,,,furthest,object_identity,held_out,withhold furthest relation,identity,referential_disambiguation.object_identity.2,Pick up the airplane toy with propellers and place it in the bowl.,8,train,[]
v1,justintiensmith/SP_Referential_Disambiguation_200:179,justintiensmith/SP_Referential_Disambiguation_200,2642784f74a0c91bc118702b7993895aacd311f5,179,Pick up an airplane toy and place it into the bowl.,582,referential_disambiguation,42,home,airplane_without_propellers,airplane toy without propellers,airplane toy,"[""crushed_coke_can""]","[""airplane_with_propellers"", ""airplane_without_propellers"", ""crushed_coke_can""]",[],3,Easy|3obj|correct_r,,,,,,,,furthest,object_identity,held_out,withhold furthest relation,identity,referential_disambiguation.object_identity.2,Pick up the airplane toy without propellers and place it in the bowl.,9,train,[]
v1,justintiensmith/SP_Referential_Disambiguation_200:180,justintiensmith/SP_Referential_Disambiguation_200,2642784f74a0c91bc118702b7993895aacd311f5,180,Pick up an airplane toy and place it into the bowl.,556,referential_disambiguation,43,home,airplane_without_propellers,airplane toy without propellers,airplane toy,"[""green_pen"", ""red_pencil_sharpener""]","[""airplane_with_propellers"", ""airplane_without_propellers"", ""green_pen"", ""red_pencil_sharpener"", ""crushed_pepsi_can""]",[],5,H|5obj-E|correct_l,,,,,,,,between,between,seen,,semantic_reasoning,referential_disambiguation.between.2,"Pick up the airplane toy positioned between the green pen and the red pencil sharpener, then place it in the bowl.",0,train,[]
v1,justintiensmith/SP_Referential_Disambiguation_200:181,justintiensmith/SP_Referential_Disambiguation_200,2642784f74a0c91bc118702b7993895aacd311f5,181,Pick up an airplane toy and place it into the bowl.,574,referential_disambiguation,43,home,airplane_without_propellers,airplane toy without propellers,airplane toy,"[""yellow_pen"", ""crushed_coke_can""]","[""airplane_with_propellers"", ""airplane_without_propellers"", ""yellow_pen"", ""crushed_coke_can"", ""green_pencil_sharpener""]",[],5,V|5obj-E|correct_r,,,,,,,,between,between,seen,,semantic_reasoning,referential_disambiguation.between.2,"Pick up the airplane toy positioned between the yellow pen and the crushed Coke can, then place it in the bowl.",1,train,[]
v1,justintiensmith/SP_Referential_Disambiguation_200:182,justintiensmith/SP_Referential_Disambiguation_200,2642784f74a0c91bc118702b7993895aacd311f5,182,Pick up an airplane toy and place it into the bowl.,487,referential_disambiguation,43,home,airplane_with_propellers,airplane toy with propellers,airplane toy,"[""crushed_pepsi_can"", ""red_pencil_sharpener""]","[""airplane_with_propellers"", ""airplane_without_propellers"", ""crushed_pepsi_can"", ""red_pencil_sharpener""]",[],4,D1|4obj|correct_r,,,,,,,,between,between,seen,,semantic_reasoning,referential_disambiguation.between.3,Move the airplane toy lying between the crushed Pepsi can and the red pencil sharpener into the bowl.,2,train,[]
v1,justintiensmith/SP_Referential_Disambiguation_200:183,justintiensmith/SP_Referential_Disambiguation_200,2642784f74a0c91bc118702b7993895aacd311f5,183,Pick up an airplane toy and place it into the bowl.,511,referential_disambiguation,43,recovery,airplane_with_propellers,airplane toy with propellers,airplane toy,"[""green_pencil_sharpener"", ""yellow_pen""]","[""airplane_with_propellers"", ""airplane_without_propellers"", ""green_pencil_sharpener"", ""yellow_pen""]",[],4,D2|4obj|correct_l,,,,,,,,between,between,seen,,semantic_reasoning,referential_disambiguation.between.2,"Pick up the airplane toy positioned between the green pencil sharpener and the yellow pen, then place it in the bowl.",3,train,[]
v1,justintiensmith/SP_Referential_Disambiguation_200:184,justintiensmith/SP_Referential_Disambiguation_200,2642784f74a0c91bc118702b7993895aacd311f5,184,Pick up an airplane toy and place it into the bowl.,422,referential_disambiguation,43,recovery,airplane_without_propellers,airplane toy without propellers,airplane toy,"[""yellow_pen"", ""crushed_pepsi_can""]","[""airplane_with_propellers"", ""airplane_without_propellers"", ""yellow_pen"", ""crushed_pepsi_can"", ""crushed_coke_can""]",[],5,H|5obj-H|correct_r,,,,,,,,between,between,seen,,semantic_reasoning,referential_disambiguation.between.2,"Pick up the airplane toy positioned between the yellow pen and the crushed Pepsi can, then place it in the bowl.",4,train,[]
v1,justintiensmith/SP_Referential_Disambiguation_200:185,justintiensmith/SP_Referential_Disambiguation_200,2642784f74a0c91bc118702b7993895aacd311f5,185,Pick up an airplane toy and place it into the bowl.,572,referential_disambiguation,43,home,airplane_with_propellers,airplane toy with propellers,airplane toy,"[""green_pen"", ""green_pencil_sharpener""]","[""airplane_with_propellers"", ""airplane_without_propellers"", ""green_pen"", ""green_pencil_sharpener""]",[],4,V|4obj|correct_l,,,,,,,,between,between,seen,,semantic_reasoning,referential_disambiguation.between.3,Move the airplane toy lying between the green pen and the green pencil sharpener into the bowl.,5,train,[]
v1,justintiensmith/SP_Referential_Disambiguation_200:186,justintiensmith/SP_Referential_Disambiguation_200,2642784f74a0c91bc118702b7993895aacd311f5,186,Pick up an airplane toy and place it into the bowl.,505,referential_disambiguation,43,home,airplane_without_propellers,airplane toy without propellers,airplane toy,"[""crushed_coke_can"", ""green_pen""]","[""airplane_with_propellers"", ""airplane_without_propellers"", ""crushed_coke_can"", ""green_pen""]",[],4,D1|4obj|correct_l,,,,,,,,between,between,seen,,semantic_reasoning,referential_disambiguation.between.1,Put the airplane toy between the crushed Coke can and the green pen in the bowl.,6,train,[]
v1,justintiensmith/SP_Referential_Disambiguation_200:187,justintiensmith/SP_Referential_Disambiguation_200,2642784f74a0c91bc118702b7993895aacd311f5,187,Pick up an airplane toy and place it into the bowl.,518,referential_disambiguation,43,home,airplane_with_propellers,airplane toy with propellers,airplane toy,"[""crushed_coke_can"", ""green_pencil_sharpener""]","[""airplane_with_propellers"", ""airplane_without_propellers"", ""crushed_coke_can"", ""green_pencil_sharpener"", ""red_pencil_sharpener""]",[],5,D2|5obj-H|correct_r,,,,,,,,between,between,seen,,semantic_reasoning,referential_disambiguation.between.3,Move the airplane toy lying between the crushed Coke can and the green pencil sharpener into the bowl.,7,train,[]
v1,justintiensmith/SP_Referential_Disambiguation_200:188,justintiensmith/SP_Referential_Disambiguation_200,2642784f74a0c91bc118702b7993895aacd311f5,188,Pick up an airplane toy and place it into the bowl.,492,referential_disambiguation,43,home,airplane_without_propellers,airplane toy without propellers,airplane toy,"[""green_pen"", ""red_pencil_sharpener""]","[""airplane_with_propellers"", ""airplane_without_propellers"", ""green_pen"", ""red_pencil_sharpener""]",[],4,H|4obj|correct_l,,,,,,,,between,between,seen,,semantic_reasoning,referential_disambiguation.between.3,Move the airplane toy lying between the green pen and the red pencil sharpener into the bowl.,8,train,[]
v1,justintiensmith/SP_Referential_Disambiguation_200:189,justintiensmith/SP_Referential_Disambiguation_200,2642784f74a0c91bc118702b7993895aacd311f5,189,Pick up an airplane toy and place it into the bowl.,556,referential_disambiguation,43,home,airplane_with_propellers,airplane toy with propellers,airplane toy,"[""yellow_pen"", ""crushed_coke_can""]","[""airplane_with_propellers"", ""airplane_without_propellers"", ""yellow_pen"", ""crushed_coke_can"", ""crushed_pepsi_can""]",[],5,V|5obj-H|correct_r,,,,,,,,between,between,seen,,semantic_reasoning,referential_disambiguation.between.2,"Pick up the airplane toy positioned between the yellow pen and the crushed Coke can, then place it in the bowl.",9,train,[]
v1,justintiensmith/SP_Referential_Disambiguation_200:190,justintiensmith/SP_Referential_Disambiguation_200,2642784f74a0c91bc118702b7993895aacd311f5,190,Pick up an airplane toy and place it into the bowl.,552,referential_disambiguation,43,home,airplane_with_propellers,airplane toy with propellers,airplane toy,"[""crushed_pepsi_can"", ""red_pencil_sharpener""]","[""airplane_with_propellers"", ""airplane_without_propellers"", ""crushed_pepsi_can"", ""red_pencil_sharpener"", ""green_pen""]",[],5,D1|5obj-E|correct_l,,,,,,,,between,between,seen,,semantic_reasoning,referential_disambiguation.between.1,Put the airplane toy between the crushed Pepsi can and the red pencil sharpener in the bowl.,0,train,[]
v1,justintiensmith/SP_Referential_Disambiguation_200:191,justintiensmith/SP_Referential_Disambiguation_200,2642784f74a0c91bc118702b7993895aacd311f5,191,Pick up an airplane toy and place it into the bowl.,541,referential_disambiguation,43,home,airplane_without_propellers,airplane toy without propellers,airplane toy,"[""green_pencil_sharpener"", ""yellow_pen""]","[""airplane_with_propellers"", ""airplane_without_propellers"", ""green_pencil_sharpener"", ""yellow_pen""]",[],4,D2|4obj|correct_r,,,,,,,,between,between,seen,,semantic_reasoning,referential_disambiguation.between.1,Put the airplane toy between the green pencil sharpener and the yellow pen in the bowl.,1,train,[]
v1,justintiensmith/SP_Referential_Disambiguation_200:192,justintiensmith/SP_Referential_Disambiguation_200,2642784f74a0c91bc118702b7993895aacd311f5,192,Pick up an airplane toy and place it into the bowl.,601,referential_disambiguation,43,home,airplane_with_propellers,airplane toy with propellers,airplane toy,"[""yellow_pen"", ""crushed_pepsi_can""]","[""airplane_with_propellers"", ""airplane_without_propellers"", ""yellow_pen"", ""crushed_pepsi_can""]",[],4,H|4obj|correct_r,,,,,,,,between,between,seen,,semantic_reasoning,referential_disambiguation.between.2,"Pick up the airplane toy positioned between the yellow pen and the crushed Pepsi can, then place it in the bowl.",2,train,[]
v1,justintiensmith/SP_Referential_Disambiguation_200:193,justintiensmith/SP_Referential_Disambiguation_200,2642784f74a0c91bc118702b7993895aacd311f5,193,Pick up an airplane toy and place it into the bowl.,487,referential_disambiguation,43,home,airplane_without_propellers,airplane toy without propellers,airplane toy,"[""green_pencil_sharpener"", ""crushed_pepsi_can""]","[""airplane_with_propellers"", ""airplane_without_propellers"", ""green_pencil_sharpener"", ""crushed_pepsi_can""]",[],4,V|4obj|correct_l,,,,,,,,between,between,seen,,semantic_reasoning,referential_disambiguation.between.1,Put the airplane toy between the green pencil sharpener and the crushed Pepsi can in the bowl.,3,train,[]
v1,justintiensmith/SP_Referential_Disambiguation_200:194,justintiensmith/SP_Referential_Disambiguation_200,2642784f74a0c91bc118702b7993895aacd311f5,194,Pick up an airplane toy and place it into the bowl.,367,referential_disambiguation,43,recovery,airplane_without_propellers,airplane toy without propellers,airplane toy,"[""red_pencil_sharpener"", ""yellow_pen""]","[""airplane_with_propellers"", ""airplane_without_propellers"", ""red_pencil_sharpener"", ""yellow_pen"", ""green_pen""]",[],5,D1|5obj-H|correct_r,,,,,,,,between,between,seen,,semantic_reasoning,referential_disambiguation.between.3,Move the airplane toy lying between the red pencil sharpener and the yellow pen into the bowl.,4,train,[]
v1,justintiensmith/SP_Referential_Disambiguation_200:195,justintiensmith/SP_Referential_Disambiguation_200,2642784f74a0c91bc118702b7993895aacd311f5,195,Pick up an airplane toy and place it into the bowl.,431,referential_disambiguation,44,home,airplane_with_propellers,airplane toy with propellers,airplane toy,"[""crushed_pepsi_can"", ""green_pen""]","[""airplane_with_propellers"", ""airplane_without_propellers"", ""crushed_pepsi_can"", ""green_pen"", ""green_pencil_sharpener""]",[],5,D2|5obj-E|correct_l,,,,,,,,between,between,seen,,semantic_reasoning,referential_disambiguation.between.3,Move the airplane toy lying between the crushed Pepsi can and the green pen into the bowl.,5,train,[]
v1,justintiensmith/SP_Referential_Disambiguation_200:196,justintiensmith/SP_Referential_Disambiguation_200,2642784f74a0c91bc118702b7993895aacd311f5,196,Pick up an airplane toy and place it into the bowl.,385,referential_disambiguation,44,home,airplane_with_propellers,airplane toy with propellers,airplane toy,"[""red_pencil_sharpener"", ""crushed_coke_can""]","[""airplane_with_propellers"", ""airplane_without_propellers"", ""red_pencil_sharpener"", ""crushed_coke_can"", ""yellow_pen""]",[],5,V|5obj-E|correct_r,,,,,,,,between,between,seen,,semantic_reasoning,referential_disambiguation.between.2,"Pick up the airplane toy positioned between the red pencil sharpener and the crushed Coke can, then place it in the bowl.",6,train,[]
v1,justintiensmith/SP_Referential_Disambiguation_200:197,justintiensmith/SP_Referential_Disambiguation_200,2642784f74a0c91bc118702b7993895aacd311f5,197,Pick up an airplane toy and place it into the bowl.,402,referential_disambiguation,44,recovery,airplane_with_propellers,airplane toy with propellers,airplane toy,"[""green_pen"", ""green_pencil_sharpener""]","[""airplane_with_propellers"", ""airplane_without_propellers"", ""green_pen"", ""green_pencil_sharpener""]",[],4,H|4obj|correct_l,,,,,,,,between,between,seen,,semantic_reasoning,referential_disambiguation.between.2,"Pick up the airplane toy positioned between the green pen and the green pencil sharpener, then place it in the bowl.",7,train,[]
v1,justintiensmith/SP_Referential_Disambiguation_200:198,justintiensmith/SP_Referential_Disambiguation_200,2642784f74a0c91bc118702b7993895aacd311f5,198,Pick up an airplane toy and place it into the bowl.,483,referential_disambiguation,44,home,airplane_without_propellers,airplane toy without propellers,airplane toy,"[""crushed_coke_can"", ""green_pen""]","[""airplane_with_propellers"", ""airplane_without_propellers"", ""crushed_coke_can"", ""green_pen"", ""red_pencil_sharpener""]",[],5,D1|5obj-E|correct_l,,,,,,,,between,between,seen,,semantic_reasoning,referential_disambiguation.between.1,Put the airplane toy between the crushed Coke can and the green pen in the bowl.,8,train,[]
v1,justintiensmith/SP_Referential_Disambiguation_200:199,justintiensmith/SP_Referential_Disambiguation_200,2642784f74a0c91bc118702b7993895aacd311f5,199,Pick up an airplane toy and place it into the bowl.,441,referential_disambiguation,44,home,airplane_without_propellers,airplane toy without propellers,airplane toy,"[""crushed_coke_can"", ""green_pencil_sharpener""]","[""airplane_with_propellers"", ""airplane_without_propellers"", ""crushed_coke_can"", ""green_pencil_sharpener""]",[],4,D2|4obj|correct_r,,,,,,,,between,between,seen,,semantic_reasoning,referential_disambiguation.between.3,Move the airplane toy lying between the crushed Coke can and the green pencil sharpener into the bowl.,9,train,[]
v1,justintiensmith/SP_Sequencing_200:000,justintiensmith/SP_Sequencing_200,1cda4c4c3c6ae1fa4b5dc6d2cf4c887bb9f1da4e,0,Pick up the airplane toy and place it into the bowl.,510,ordering,45,home,airplane_with_propellers,airplane toy with propellers,object,[],"[""airplane_with_propellers"", ""blue_tape_ball"", ""green_highlighter"", ""yellow_pen""]",[],4,,,,,1,4,,,first_from_left,fourth_from_right,seen,,semantic_reasoning,ordering.fourth_from_right.2,Pick up the object that is fourth from the right and place it in the bowl.,0,train,[]
v1,justintiensmith/SP_Sequencing_200:001,justintiensmith/SP_Sequencing_200,1cda4c4c3c6ae1fa4b5dc6d2cf4c887bb9f1da4e,1,Pick up the airplane toy and place it into the bowl.,555,ordering,45,home,airplane_with_propellers,airplane toy with propellers,object,[],"[""airplane_with_propellers"", ""blue_tape_ball"", ""yellow_pen"", ""green_highlighter""]",[],4,,,,,1,4,,,first_from_left,first_from_left,seen,,semantic_reasoning,ordering.first_from_left.1,Put the first object from the left in the bowl.,1,train,[]
v1,justintiensmith/SP_Sequencing_200:002,justintiensmith/SP_Sequencing_200,1cda4c4c3c6ae1fa4b5dc6d2cf4c887bb9f1da4e,2,Pick up the airplane toy and place it into the bowl.,518,ordering,45,home,airplane_with_propellers,airplane toy with propellers,object,[],"[""airplane_with_propellers"", ""green_highlighter"", ""blue_tape_ball"", ""yellow_pen""]",[],4,,,,,1,4,,,first_from_left,fourth_from_right,seen,,semantic_reasoning,ordering.fourth_from_right.2,Pick up the object that is fourth from the right and place it in the bowl.,2,train,[]
v1,justintiensmith/SP_Sequencing_200:003,justintiensmith/SP_Sequencing_200,1cda4c4c3c6ae1fa4b5dc6d2cf4c887bb9f1da4e,3,Pick up the airplane toy and place it into the bowl.,591,ordering,45,home,airplane_with_propellers,airplane toy with propellers,object,[],"[""airplane_with_propellers"", ""green_highlighter"", ""yellow_pen"", ""blue_tape_ball""]",[],4,,,,,1,4,,,first_from_left,first_from_left,seen,,semantic_reasoning,ordering.first_from_left.3,Move the first item counted from the left into the bowl.,3,train,[]
v1,justintiensmith/SP_Sequencing_200:004,justintiensmith/SP_Sequencing_200,1cda4c4c3c6ae1fa4b5dc6d2cf4c887bb9f1da4e,4,Pick up the airplane toy and place it into the bowl.,535,ordering,45,home,airplane_with_propellers,airplane toy with propellers,object,[],"[""airplane_with_propellers"", ""yellow_pen"", ""blue_tape_ball""]",[],3,,,,,1,3,,,third_from_right,third_from_right,seen,,semantic_reasoning,ordering.third_from_right.1,Put the third object from the right in the bowl.,4,train,[]
v1,justintiensmith/SP_Sequencing_200:005,justintiensmith/SP_Sequencing_200,1cda4c4c3c6ae1fa4b5dc6d2cf4c887bb9f1da4e,5,Pick up the airplane toy and place it into the bowl.,522,ordering,45,home,airplane_with_propellers,airplane toy with propellers,object,[],"[""airplane_with_propellers"", ""yellow_pen"", ""green_highlighter""]",[],3,,,,,1,3,,,third_from_right,third_from_right,seen,,semantic_reasoning,ordering.third_from_right.1,Put the third object from the right in the bowl.,5,train,[]
v1,justintiensmith/SP_Sequencing_200:006,justintiensmith/SP_Sequencing_200,1cda4c4c3c6ae1fa4b5dc6d2cf4c887bb9f1da4e,6,Pick up the airplane toy and place it into the bowl.,482,ordering,45,home,airplane_with_propellers,airplane toy with propellers,object,[],"[""airplane_with_propellers"", ""blue_tape_ball"", ""green_highlighter""]",[],3,,,,,1,3,,,third_from_right,third_from_right,seen,,semantic_reasoning,ordering.third_from_right.2,Pick up the object that is third from the right and place it in the bowl.,6,train,[]
v1,justintiensmith/SP_Sequencing_200:007,justintiensmith/SP_Sequencing_200,1cda4c4c3c6ae1fa4b5dc6d2cf4c887bb9f1da4e,7,Pick up the airplane toy and place it into the bowl.,602,ordering,45,home,airplane_with_propellers,airplane toy with propellers,object,[],"[""airplane_with_propellers"", ""green_highlighter"", ""blue_tape_ball""]",[],3,,,,,1,3,,,third_from_right,first_from_left,seen,,semantic_reasoning,ordering.first_from_left.3,Move the first item counted from the left into the bowl.,7,train,[]
v1,justintiensmith/SP_Sequencing_200:008,justintiensmith/SP_Sequencing_200,1cda4c4c3c6ae1fa4b5dc6d2cf4c887bb9f1da4e,8,Pick up the airplane toy and place it into the bowl.,613,ordering,45,home,airplane_with_propellers,airplane toy with propellers,object,[],"[""airplane_with_propellers"", ""blue_tape_ball""]",[],2,,,,,1,2,,,first_from_left,second_from_right,seen,,semantic_reasoning,ordering.second_from_right.3,Move the second item counted from the right into the bowl.,8,train,[]
v1,justintiensmith/SP_Sequencing_200:009,justintiensmith/SP_Sequencing_200,1cda4c4c3c6ae1fa4b5dc6d2cf4c887bb9f1da4e,9,Pick up the airplane toy and place it into the bowl.,544,ordering,45,home,airplane_with_propellers,airplane toy with propellers,object,[],"[""airplane_with_propellers"", ""green_highlighter""]",[],2,,,,,1,2,,,first_from_left,second_from_right,seen,,semantic_reasoning,ordering.second_from_right.2,Pick up the object that is second from the right and place it in the bowl.,9,train,[]
v1,justintiensmith/SP_Sequencing_200:010,justintiensmith/SP_Sequencing_200,1cda4c4c3c6ae1fa4b5dc6d2cf4c887bb9f1da4e,10,Pick up the airplane toy and place it into the bowl.,458,ordering,45,recovery,airplane_with_propellers,airplane toy with propellers,object,[],"[""airplane_with_propellers"", ""yellow_pen""]",[],2,,,,,1,2,,,first_from_left,second_from_right,seen,,semantic_reasoning,ordering.second_from_right.2,Pick up the object that is second from the right and place it in the bowl.,0,train,[]
v1,justintiensmith/SP_Sequencing_200:011,justintiensmith/SP_Sequencing_200,1cda4c4c3c6ae1fa4b5dc6d2cf4c887bb9f1da4e,11,Pick up the airplane toy and place it into the bowl.,502,ordering,45,recovery,airplane_with_propellers,airplane toy with propellers,object,[],"[""airplane_with_propellers"", ""blue_tape_ball""]",[],2,,,,,1,2,,,first_from_left,first_from_left,seen,,semantic_reasoning,ordering.first_from_left.2,Pick up the object that is first from the left and place it in the bowl.,1,train,[]
v1,justintiensmith/SP_Sequencing_200:012,justintiensmith/SP_Sequencing_200,1cda4c4c3c6ae1fa4b5dc6d2cf4c887bb9f1da4e,12,Pick up the airplane toy and place it into the bowl.,484,ordering,45,recovery,airplane_with_propellers,airplane toy with propellers,object,[],"[""airplane_with_propellers"", ""green_highlighter""]",[],2,,,,,1,2,,,first_from_left,second_from_right,seen,,semantic_reasoning,ordering.second_from_right.2,Pick up the object that is second from the right and place it in the bowl.,2,train,[]
v1,justintiensmith/SP_Sequencing_200:013,justintiensmith/SP_Sequencing_200,1cda4c4c3c6ae1fa4b5dc6d2cf4c887bb9f1da4e,13,Pick up the airplane toy and place it into the bowl.,503,ordering,45,home,airplane_with_propellers,airplane toy with propellers,object,[],"[""blue_tape_ball"", ""airplane_with_propellers"", ""green_highlighter"", ""yellow_pen""]",[],4,,,,,2,3,,,third_from_right,second_from_left,seen,,semantic_reasoning,ordering.second_from_left.2,Pick up the object that is second from the left and place it in the bowl.,3,train,[]
v1,justintiensmith/SP_Sequencing_200:014,justintiensmith/SP_Sequencing_200,1cda4c4c3c6ae1fa4b5dc6d2cf4c887bb9f1da4e,14,Pick up the airplane toy and place it into the bowl.,538,ordering,45,home,airplane_with_propellers,airplane toy with propellers,object,[],"[""blue_tape_ball"", ""airplane_with_propellers"", ""yellow_pen"", ""green_highlighter""]",[],4,,,,,2,3,,,third_from_right,second_from_left,seen,,semantic_reasoning,ordering.second_from_left.1,Put the second object from the left in the bowl.,4,train,[]
v1,justintiensmith/SP_Sequencing_200:015,justintiensmith/SP_Sequencing_200,1cda4c4c3c6ae1fa4b5dc6d2cf4c887bb9f1da4e,15,Pick up the airplane toy and place it into the bowl.,565,ordering,45,home,airplane_with_propellers,airplane toy with propellers,object,[],"[""green_highlighter"", ""airplane_with_propellers"", ""blue_tape_ball"", ""yellow_pen""]",[],4,,,,,2,3,,,third_from_right,second_from_left,seen,,semantic_reasoning,ordering.second_from_left.3,Move the second item counted from the left into the bowl.,5,train,[]
v1,justintiensmith/SP_Sequencing_200:016,justintiensmith/SP_Sequencing_200,1cda4c4c3c6ae1fa4b5dc6d2cf4c887bb9f1da4e,16,Pick up the airplane toy and place it into the bowl.,494,ordering,45,home,airplane_with_propellers,airplane toy with propellers,object,[],"[""green_highlighter"", ""airplane_with_propellers"", ""yellow_pen"", ""blue_tape_ball""]",[],4,,,,,2,3,,,third_from_right,second_from_left,seen,,semantic_reasoning,ordering.second_from_left.3,Move the second item counted from the left into the bowl.,6,train,[]
v1,justintiensmith/SP_Sequencing_200:017,justintiensmith/SP_Sequencing_200,1cda4c4c3c6ae1fa4b5dc6d2cf4c887bb9f1da4e,17,Pick up the airplane toy and place it into the bowl.,512,ordering,45,home,airplane_with_propellers,airplane toy with propellers,object,[],"[""yellow_pen"", ""airplane_with_propellers"", ""blue_tape_ball"", ""green_highlighter""]",[],4,,,,,2,3,,,third_from_right,third_from_right,seen,,semantic_reasoning,ordering.third_from_right.2,Pick up the object that is third from the right and place it in the bowl.,7,train,[]
v1,justintiensmith/SP_Sequencing_200:018,justintiensmith/SP_Sequencing_200,1cda4c4c3c6ae1fa4b5dc6d2cf4c887bb9f1da4e,18,Pick up the airplane toy and place it into the bowl.,610,ordering,45,home,airplane_with_propellers,airplane toy with propellers,object,[],"[""yellow_pen"", ""airplane_with_propellers"", ""green_highlighter"", ""blue_tape_ball""]",[],4,,,,,2,3,,,third_from_right,third_from_right,seen,,semantic_reasoning,ordering.third_from_right.2,Pick up the object that is third from the right and place it in the bowl.,8,train,[]
v1,justintiensmith/SP_Sequencing_200:019,justintiensmith/SP_Sequencing_200,1cda4c4c3c6ae1fa4b5dc6d2cf4c887bb9f1da4e,19,Pick up the airplane toy and place it into the bowl.,510,ordering,45,home,airplane_with_propellers,airplane toy with propellers,object,[],"[""blue_tape_ball"", ""airplane_with_propellers""]",[],2,,,,,2,1,,,first_from_right,second_from_left,held_out,withhold ordinal-direction composition first_from_right,semantic_equivalent,ordering.second_from_left.1,Put the second object from the left in the bowl.,9,train,[]
v1,justintiensmith/SP_Sequencing_200:020,justintiensmith/SP_Sequencing_200,1cda4c4c3c6ae1fa4b5dc6d2cf4c887bb9f1da4e,20,Pick up the airplane toy and place it into the bowl.,628,ordering,46,home,airplane_with_propellers,airplane toy with propellers,object,[],"[""green_highlighter"", ""airplane_with_propellers""]",[],2,,,,,2,1,,,first_from_right,second_from_left,held_out,withhold ordinal-direction composition first_from_right,semantic_equivalent,ordering.second_from_left.1,Put the second object from the left in the bowl.,0,train,[]
v1,justintiensmith/SP_Sequencing_200:021,justintiensmith/SP_Sequencing_200,1cda4c4c3c6ae1fa4b5dc6d2cf4c887bb9f1da4e,21,Pick up the airplane toy and place it into the bowl.,539,ordering,46,home,airplane_with_propellers,airplane toy with propellers,object,[],"[""yellow_pen"", ""airplane_with_propellers""]",[],2,,,,,2,1,,,first_from_right,second_from_left,held_out,withhold ordinal-direction composition first_from_right,semantic_equivalent,ordering.second_from_left.2,Pick up the object that is second from the left and place it in the bowl.,1,train,[]
v1,justintiensmith/SP_Sequencing_200:022,justintiensmith/SP_Sequencing_200,1cda4c4c3c6ae1fa4b5dc6d2cf4c887bb9f1da4e,22,Pick up the airplane toy and place it into the bowl.,610,ordering,46,home,airplane_with_propellers,airplane toy with propellers,object,[],"[""blue_tape_ball"", ""airplane_with_propellers""]",[],2,,,,,2,1,,,first_from_right,second_from_left,held_out,withhold ordinal-direction composition first_from_right,semantic_equivalent,ordering.second_from_left.2,Pick up the object that is second from the left and place it in the bowl.,2,train,[]
v1,justintiensmith/SP_Sequencing_200:023,justintiensmith/SP_Sequencing_200,1cda4c4c3c6ae1fa4b5dc6d2cf4c887bb9f1da4e,23,Pick up the airplane toy and place it into the bowl.,541,ordering,46,recovery,airplane_with_propellers,airplane toy with propellers,object,[],"[""green_highlighter"", ""airplane_with_propellers""]",[],2,,,,,2,1,,,first_from_right,second_from_left,held_out,withhold ordinal-direction composition first_from_right,semantic_equivalent,ordering.second_from_left.3,Move the second item counted from the left into the bowl.,3,train,[]
v1,justintiensmith/SP_Sequencing_200:024,justintiensmith/SP_Sequencing_200,1cda4c4c3c6ae1fa4b5dc6d2cf4c887bb9f1da4e,24,Pick up the airplane toy and place it into the bowl.,457,ordering,46,recovery,airplane_with_propellers,airplane toy with propellers,object,[],"[""yellow_pen"", ""airplane_with_propellers""]",[],2,,,,,2,1,,,first_from_right,second_from_left,held_out,withhold ordinal-direction composition first_from_right,semantic_equivalent,ordering.second_from_left.3,Move the second item counted from the left into the bowl.,4,train,[]
v1,justintiensmith/SP_Sequencing_200:025,justintiensmith/SP_Sequencing_200,1cda4c4c3c6ae1fa4b5dc6d2cf4c887bb9f1da4e,25,Pick up the airplane toy and place it into the bowl.,644,ordering,46,home,airplane_with_propellers,airplane toy with propellers,object,[],"[""blue_tape_ball"", ""green_highlighter"", ""airplane_with_propellers"", ""yellow_pen""]",[],4,,,,,3,2,,,third_from_left,second_from_right,held_out,withhold ordinal-direction composition third_from_left,semantic_equivalent,ordering.second_from_right.3,Move the second item counted from the right into the bowl.,5,train,[]
v1,justintiensmith/SP_Sequencing_200:026,justintiensmith/SP_Sequencing_200,1cda4c4c3c6ae1fa4b5dc6d2cf4c887bb9f1da4e,26,Pick up the airplane toy and place it into the bowl.,535,ordering,46,home,airplane_with_propellers,airplane toy with propellers,object,[],"[""blue_tape_ball"", ""yellow_pen"", ""airplane_with_propellers"", ""green_highlighter""]",[],4,,,,,3,2,,,third_from_left,second_from_right,held_out,withhold ordinal-direction composition third_from_left,semantic_equivalent,ordering.second_from_right.3,Move the second item counted from the right into the bowl.,6,train,[]
v1,justintiensmith/SP_Sequencing_200:027,justintiensmith/SP_Sequencing_200,1cda4c4c3c6ae1fa4b5dc6d2cf4c887bb9f1da4e,27,Pick up the airplane toy and place it into the bowl.,516,ordering,46,home,airplane_with_propellers,airplane toy with propellers,object,[],"[""green_highlighter"", ""blue_tape_ball"", ""airplane_with_propellers"", ""yellow_pen""]",[],4,,,,,3,2,,,third_from_left,second_from_right,held_out,withhold ordinal-direction composition third_from_left,semantic_equivalent,ordering.second_from_right.1,Put the second object from the right in the bowl.,7,train,[]
v1,justintiensmith/SP_Sequencing_200:028,justintiensmith/SP_Sequencing_200,1cda4c4c3c6ae1fa4b5dc6d2cf4c887bb9f1da4e,28,Pick up the airplane toy and place it into the bowl.,566,ordering,46,home,airplane_with_propellers,airplane toy with propellers,object,[],"[""green_highlighter"", ""yellow_pen"", ""airplane_with_propellers"", ""blue_tape_ball""]",[],4,,,,,3,2,,,third_from_left,second_from_right,held_out,withhold ordinal-direction composition third_from_left,semantic_equivalent,ordering.second_from_right.1,Put the second object from the right in the bowl.,8,train,[]
v1,justintiensmith/SP_Sequencing_200:029,justintiensmith/SP_Sequencing_200,1cda4c4c3c6ae1fa4b5dc6d2cf4c887bb9f1da4e,29,Pick up the airplane toy and place it into the bowl.,647,ordering,46,home,airplane_with_propellers,airplane toy with propellers,object,[],"[""blue_tape_ball"", ""green_highlighter"", ""airplane_with_propellers""]",[],3,,,,,3,1,,,first_from_right,object_identity,held_out,withhold ordinal-direction composition first_from_right,identity,ordering.object_identity.2,Pick up the airplane toy with propellers and place it in the bowl.,9,train,[]
v1,justintiensmith/SP_Sequencing_200:030,justintiensmith/SP_Sequencing_200,1cda4c4c3c6ae1fa4b5dc6d2cf4c887bb9f1da4e,30,Pick up the airplane toy and place it into the bowl.,640,ordering,46,home,airplane_with_propellers,airplane toy with propellers,object,[],"[""blue_tape_ball"", ""yellow_pen"", ""airplane_with_propellers""]",[],3,,,,,3,1,,,first_from_right,object_identity,held_out,withhold ordinal-direction composition first_from_right,identity,ordering.object_identity.3,Move the airplane toy with propellers into the bowl.,0,train,[]
v1,justintiensmith/SP_Sequencing_200:031,justintiensmith/SP_Sequencing_200,1cda4c4c3c6ae1fa4b5dc6d2cf4c887bb9f1da4e,31,Pick up the airplane toy and place it into the bowl.,562,ordering,46,home,airplane_with_propellers,airplane toy with propellers,object,[],"[""green_highlighter"", ""blue_tape_ball"", ""airplane_with_propellers""]",[],3,,,,,3,1,,,first_from_right,object_identity,held_out,withhold ordinal-direction composition first_from_right,identity,ordering.object_identity.1,Put the airplane toy with propellers in the bowl.,1,train,[]
v1,justintiensmith/SP_Sequencing_200:032,justintiensmith/SP_Sequencing_200,1cda4c4c3c6ae1fa4b5dc6d2cf4c887bb9f1da4e,32,Pick up the airplane toy and place it into the bowl.,484,ordering,46,home,airplane_with_propellers,airplane toy with propellers,object,[],"[""green_highlighter"", ""yellow_pen"", ""airplane_with_propellers""]",[],3,,,,,3,1,,,first_from_right,object_identity,held_out,withhold ordinal-direction composition first_from_right,identity,ordering.object_identity.2,Pick up the airplane toy with propellers and place it in the bowl.,2,train,[]
v1,justintiensmith/SP_Sequencing_200:033,justintiensmith/SP_Sequencing_200,1cda4c4c3c6ae1fa4b5dc6d2cf4c887bb9f1da4e,33,Pick up the airplane toy and place it into the bowl.,588,ordering,46,home,airplane_with_propellers,airplane toy with propellers,object,[],"[""yellow_pen"", ""blue_tape_ball"", ""airplane_with_propellers""]",[],3,,,,,3,1,,,first_from_right,object_identity,held_out,withhold ordinal-direction composition first_from_right,identity,ordering.object_identity.1,Put the airplane toy with propellers in the bowl.,3,train,[]
v1,justintiensmith/SP_Sequencing_200:034,justintiensmith/SP_Sequencing_200,1cda4c4c3c6ae1fa4b5dc6d2cf4c887bb9f1da4e,34,Pick up the airplane toy and place it into the bowl.,573,ordering,46,home,airplane_with_propellers,airplane toy with propellers,object,[],"[""yellow_pen"", ""green_highlighter"", ""airplane_with_propellers""]",[],3,,,,,3,1,,,first_from_right,object_identity,held_out,withhold ordinal-direction composition first_from_right,identity,ordering.object_identity.3,Move the airplane toy with propellers into the bowl.,4,train,[]
v1,justintiensmith/SP_Sequencing_200:035,justintiensmith/SP_Sequencing_200,1cda4c4c3c6ae1fa4b5dc6d2cf4c887bb9f1da4e,35,Pick up the airplane toy and place it into the bowl.,531,ordering,46,recovery,airplane_with_propellers,airplane toy with propellers,object,[],"[""yellow_pen"", ""blue_tape_ball"", ""airplane_with_propellers"", ""green_highlighter""]",[],4,,,,,3,2,,,third_from_left,second_from_right,held_out,withhold ordinal-direction composition third_from_left,semantic_equivalent,ordering.second_from_right.2,Pick up the object that is second from the right and place it in the bowl.,5,train,[]
v1,justintiensmith/SP_Sequencing_200:036,justintiensmith/SP_Sequencing_200,1cda4c4c3c6ae1fa4b5dc6d2cf4c887bb9f1da4e,36,Pick up the airplane toy and place it into the bowl.,449,ordering,46,recovery,airplane_with_propellers,airplane toy with propellers,object,[],"[""yellow_pen"", ""green_highlighter"", ""airplane_with_propellers"", ""blue_tape_ball""]",[],4,,,,,3,2,,,third_from_left,second_from_right,held_out,withhold ordinal-direction composition third_from_left,semantic_equivalent,ordering.second_from_right.2,Pick up the object that is second from the right and place it in the bowl.,6,train,[]
v1,justintiensmith/SP_Sequencing_200:037,justintiensmith/SP_Sequencing_200,1cda4c4c3c6ae1fa4b5dc6d2cf4c887bb9f1da4e,37,Pick up the airplane toy and place it into the bowl.,545,ordering,46,recovery,airplane_with_propellers,airplane toy with propellers,object,[],"[""blue_tape_ball"", ""green_highlighter"", ""airplane_with_propellers"", ""yellow_pen""]",[],4,,,,,3,2,,,third_from_left,second_from_right,held_out,withhold ordinal-direction composition third_from_left,semantic_equivalent,ordering.second_from_right.3,Move the second item counted from the right into the bowl.,7,train,[]
v1,justintiensmith/SP_Sequencing_200:038,justintiensmith/SP_Sequencing_200,1cda4c4c3c6ae1fa4b5dc6d2cf4c887bb9f1da4e,38,Pick up the airplane toy and place it into the bowl.,602,ordering,46,home,airplane_with_propellers,airplane toy with propellers,object,[],"[""blue_tape_ball"", ""green_highlighter"", ""yellow_pen"", ""airplane_with_propellers""]",[],4,,,,,4,1,,,first_from_right,fourth_from_left,held_out,withhold ordinal-direction composition first_from_right,semantic_equivalent,ordering.fourth_from_left.2,Pick up the object that is fourth from the left and place it in the bowl.,8,train,[]
v1,justintiensmith/SP_Sequencing_200:039,justintiensmith/SP_Sequencing_200,1cda4c4c3c6ae1fa4b5dc6d2cf4c887bb9f1da4e,39,Pick up the airplane toy and place it into the bowl.,541,ordering,46,home,airplane_with_propellers,airplane toy with propellers,object,[],"[""blue_tape_ball"", ""yellow_pen"", ""green_highlighter"", ""airplane_with_propellers""]",[],4,,,,,4,1,,,first_from_right,fourth_from_left,held_out,withhold ordinal-direction composition first_from_right,semantic_equivalent,ordering.fourth_from_left.2,Pick up the object that is fourth from the left and place it in the bowl.,9,train,[]
v1,justintiensmith/SP_Sequencing_200:040,justintiensmith/SP_Sequencing_200,1cda4c4c3c6ae1fa4b5dc6d2cf4c887bb9f1da4e,40,Pick up the airplane toy and place it into the bowl.,507,ordering,46,home,airplane_with_propellers,airplane toy with propellers,object,[],"[""green_highlighter"", ""blue_tape_ball"", ""yellow_pen"", ""airplane_with_propellers""]",[],4,,,,,4,1,,,first_from_right,fourth_from_left,held_out,withhold ordinal-direction composition first_from_right,semantic_equivalent,ordering.fourth_from_left.2,Pick up the object that is fourth from the left and place it in the bowl.,0,train,[]
v1,justintiensmith/SP_Sequencing_200:041,justintiensmith/SP_Sequencing_200,1cda4c4c3c6ae1fa4b5dc6d2cf4c887bb9f1da4e,41,Pick up the airplane toy and place it into the bowl.,577,ordering,46,home,airplane_with_propellers,airplane toy with propellers,object,[],"[""green_highlighter"", ""yellow_pen"", ""blue_tape_ball"", ""airplane_with_propellers""]",[],4,,,,,4,1,,,first_from_right,fourth_from_left,held_out,withhold ordinal-direction composition first_from_right,semantic_equivalent,ordering.fourth_from_left.3,Move the fourth item counted from the left into the bowl.,1,train,[]
v1,justintiensmith/SP_Sequencing_200:042,justintiensmith/SP_Sequencing_200,1cda4c4c3c6ae1fa4b5dc6d2cf4c887bb9f1da4e,42,Pick up the airplane toy and place it into the bowl.,537,ordering,46,home,airplane_with_propellers,airplane toy with propellers,object,[],"[""yellow_pen"", ""blue_tape_ball"", ""green_highlighter"", ""airplane_with_propellers""]",[],4,,,,,4,1,,,first_from_right,fourth_from_left,held_out,withhold ordinal-direction composition first_from_right,semantic_equivalent,ordering.fourth_from_left.1,Put the fourth object from the left in the bowl.,2,train,[]
v1,justintiensmith/SP_Sequencing_200:043,justintiensmith/SP_Sequencing_200,1cda4c4c3c6ae1fa4b5dc6d2cf4c887bb9f1da4e,43,Pick up the airplane toy and place it into the bowl.,559,ordering,47,home,airplane_with_propellers,airplane toy with propellers,object,[],"[""yellow_pen"", ""green_highlighter"", ""blue_tape_ball"", ""airplane_with_propellers""]",[],4,,,,,4,1,,,first_from_right,fourth_from_left,held_out,withhold ordinal-direction composition first_from_right,semantic_equivalent,ordering.fourth_from_left.1,Put the fourth object from the left in the bowl.,3,train,[]
v1,justintiensmith/SP_Sequencing_200:044,justintiensmith/SP_Sequencing_200,1cda4c4c3c6ae1fa4b5dc6d2cf4c887bb9f1da4e,44,Pick up the airplane toy and place it into the bowl.,599,ordering,47,home,airplane_with_propellers,airplane toy with propellers,object,[],"[""blue_tape_ball"", ""green_highlighter"", ""yellow_pen"", ""airplane_with_propellers""]",[],4,,,,,4,1,,,first_from_right,fourth_from_left,held_out,withhold ordinal-direction composition first_from_right,semantic_equivalent,ordering.fourth_from_left.1,Put the fourth object from the left in the bowl.,4,train,[]
v1,justintiensmith/SP_Sequencing_200:045,justintiensmith/SP_Sequencing_200,1cda4c4c3c6ae1fa4b5dc6d2cf4c887bb9f1da4e,45,Pick up the airplane toy and place it into the bowl.,545,ordering,47,home,airplane_with_propellers,airplane toy with propellers,object,[],"[""blue_tape_ball"", ""yellow_pen"", ""green_highlighter"", ""airplane_with_propellers""]",[],4,,,,,4,1,,,first_from_right,fourth_from_left,held_out,withhold ordinal-direction composition first_from_right,semantic_equivalent,ordering.fourth_from_left.2,Pick up the object that is fourth from the left and place it in the bowl.,5,train,[]
v1,justintiensmith/SP_Sequencing_200:046,justintiensmith/SP_Sequencing_200,1cda4c4c3c6ae1fa4b5dc6d2cf4c887bb9f1da4e,46,Pick up the airplane toy and place it into the bowl.,589,ordering,47,home,airplane_with_propellers,airplane toy with propellers,object,[],"[""green_highlighter"", ""blue_tape_ball"", ""yellow_pen"", ""airplane_with_propellers""]",[],4,,,,,4,1,,,first_from_right,fourth_from_left,held_out,withhold ordinal-direction composition first_from_right,semantic_equivalent,ordering.fourth_from_left.1,Put the fourth object from the left in the bowl.,6,train,[]
v1,justintiensmith/SP_Sequencing_200:047,justintiensmith/SP_Sequencing_200,1cda4c4c3c6ae1fa4b5dc6d2cf4c887bb9f1da4e,47,Pick up the airplane toy and place it into the bowl.,559,ordering,47,home,airplane_with_propellers,airplane toy with propellers,object,[],"[""green_highlighter"", ""yellow_pen"", ""blue_tape_ball"", ""airplane_with_propellers""]",[],4,,,,,4,1,,,first_from_right,fourth_from_left,held_out,withhold ordinal-direction composition first_from_right,semantic_equivalent,ordering.fourth_from_left.1,Put the fourth object from the left in the bowl.,7,train,[]
v1,justintiensmith/SP_Sequencing_200:048,justintiensmith/SP_Sequencing_200,1cda4c4c3c6ae1fa4b5dc6d2cf4c887bb9f1da4e,48,Pick up the airplane toy and place it into the bowl.,565,ordering,47,recovery,airplane_with_propellers,airplane toy with propellers,object,[],"[""yellow_pen"", ""blue_tape_ball"", ""green_highlighter"", ""airplane_with_propellers""]",[],4,,,,,4,1,,,first_from_right,fourth_from_left,held_out,withhold ordinal-direction composition first_from_right,semantic_equivalent,ordering.fourth_from_left.3,Move the fourth item counted from the left into the bowl.,8,train,[]
v1,justintiensmith/SP_Sequencing_200:049,justintiensmith/SP_Sequencing_200,1cda4c4c3c6ae1fa4b5dc6d2cf4c887bb9f1da4e,49,Pick up the airplane toy and place it into the bowl.,564,ordering,47,recovery,airplane_with_propellers,airplane toy with propellers,object,[],"[""yellow_pen"", ""green_highlighter"", ""blue_tape_ball"", ""airplane_with_propellers""]",[],4,,,,,4,1,,,first_from_right,fourth_from_left,held_out,withhold ordinal-direction composition first_from_right,semantic_equivalent,ordering.fourth_from_left.1,Put the fourth object from the left in the bowl.,9,train,[]
v1,justintiensmith/SP_Sequencing_200:050,justintiensmith/SP_Sequencing_200,1cda4c4c3c6ae1fa4b5dc6d2cf4c887bb9f1da4e,50,Pick up the ball of blue tape and place it into the bowl.,499,ordering,47,home,blue_tape_ball,blue tape ball,object,[],"[""blue_tape_ball"", ""airplane_with_propellers"", ""green_highlighter"", ""yellow_pen""]",[],4,,,,,1,4,,,first_from_left,fourth_from_right,seen,,semantic_reasoning,ordering.fourth_from_right.3,Move the fourth item counted from the right into the bowl.,0,train,[]
v1,justintiensmith/SP_Sequencing_200:051,justintiensmith/SP_Sequencing_200,1cda4c4c3c6ae1fa4b5dc6d2cf4c887bb9f1da4e,51,Pick up the ball of blue tape and place it into the bowl.,526,ordering,47,home,blue_tape_ball,blue tape ball,object,[],"[""blue_tape_ball"", ""airplane_with_propellers"", ""yellow_pen"", ""green_highlighter""]",[],4,,,,,1,4,,,first_from_left,first_from_left,seen,,semantic_reasoning,ordering.first_from_left.2,Pick up the object that is first from the left and place it in the bowl.,1,train,[]
v1,justintiensmith/SP_Sequencing_200:052,justintiensmith/SP_Sequencing_200,1cda4c4c3c6ae1fa4b5dc6d2cf4c887bb9f1da4e,52,Pick up the ball of blue tape and place it into the bowl.,445,ordering,47,home,blue_tape_ball,blue tape ball,object,[],"[""blue_tape_ball"", ""green_highlighter"", ""airplane_with_propellers"", ""yellow_pen""]",[],4,,,,,1,4,,,first_from_left,fourth_from_right,seen,,semantic_reasoning,ordering.fourth_from_right.1,Put the fourth object from the right in the bowl.,2,train,[]
v1,justintiensmith/SP_Sequencing_200:053,justintiensmith/SP_Sequencing_200,1cda4c4c3c6ae1fa4b5dc6d2cf4c887bb9f1da4e,53,Pick up the ball of blue tape and place it into the bowl.,566,ordering,47,home,blue_tape_ball,blue tape ball,object,[],"[""blue_tape_ball"", ""green_highlighter"", ""yellow_pen"", ""airplane_with_propellers""]",[],4,,,,,1,4,,,first_from_left,first_from_left,seen,,semantic_reasoning,ordering.first_from_left.2,Pick up the object that is first from the left and place it in the bowl.,3,train,[]
v1,justintiensmith/SP_Sequencing_200:054,justintiensmith/SP_Sequencing_200,1cda4c4c3c6ae1fa4b5dc6d2cf4c887bb9f1da4e,54,Pick up the ball of blue tape and place it into the bowl.,437,ordering,47,home,blue_tape_ball,blue tape ball,object,[],"[""blue_tape_ball"", ""yellow_pen"", ""airplane_with_propellers""]",[],3,,,,,1,3,,,third_from_right,third_from_right,seen,,semantic_reasoning,ordering.third_from_right.1,Put the third object from the right in the bowl.,4,train,[]
v1,justintiensmith/SP_Sequencing_200:055,justintiensmith/SP_Sequencing_200,1cda4c4c3c6ae1fa4b5dc6d2cf4c887bb9f1da4e,55,Pick up the ball of blue tape and place it into the bowl.,558,ordering,47,home,blue_tape_ball,blue tape ball,object,[],"[""blue_tape_ball"", ""yellow_pen"", ""green_highlighter""]",[],3,,,,,1,3,,,third_from_right,third_from_right,seen,,semantic_reasoning,ordering.third_from_right.2,Pick up the object that is third from the right and place it in the bowl.,5,train,[]
v1,justintiensmith/SP_Sequencing_200:056,justintiensmith/SP_Sequencing_200,1cda4c4c3c6ae1fa4b5dc6d2cf4c887bb9f1da4e,56,Pick up the ball of blue tape and place it into the bowl.,521,ordering,47,home,blue_tape_ball,blue tape ball,object,[],"[""blue_tape_ball"", ""airplane_with_propellers"", ""green_highlighter""]",[],3,,,,,1,3,,,third_from_right,first_from_left,seen,,semantic_reasoning,ordering.first_from_left.2,Pick up the object that is first from the left and place it in the bowl.,6,train,[]
v1,justintiensmith/SP_Sequencing_200:057,justintiensmith/SP_Sequencing_200,1cda4c4c3c6ae1fa4b5dc6d2cf4c887bb9f1da4e,57,Pick up the ball of blue tape and place it into the bowl.,478,ordering,47,home,blue_tape_ball,blue tape ball,object,[],"[""blue_tape_ball"", ""green_highlighter"", ""airplane_with_propellers""]",[],3,,,,,1,3,,,third_from_right,third_from_right,seen,,semantic_reasoning,ordering.third_from_right.1,Put the third object from the right in the bowl.,7,train,[]
v1,justintiensmith/SP_Sequencing_200:058,justintiensmith/SP_Sequencing_200,1cda4c4c3c6ae1fa4b5dc6d2cf4c887bb9f1da4e,58,Pick up the ball of blue tape and place it into the bowl.,582,ordering,47,home,blue_tape_ball,blue tape ball,object,[],"[""blue_tape_ball"", ""airplane_with_propellers""]",[],2,,,,,1,2,,,first_from_left,second_from_right,seen,,semantic_reasoning,ordering.second_from_right.1,Put the second object from the right in the bowl.,8,train,[]
v1,justintiensmith/SP_Sequencing_200:059,justintiensmith/SP_Sequencing_200,1cda4c4c3c6ae1fa4b5dc6d2cf4c887bb9f1da4e,59,Pick up the ball of blue tape and place it into the bowl.,536,ordering,47,home,blue_tape_ball,blue tape ball,object,[],"[""blue_tape_ball"", ""green_highlighter""]",[],2,,,,,1,2,,,first_from_left,second_from_right,seen,,semantic_reasoning,ordering.second_from_right.2,Pick up the object that is second from the right and place it in the bowl.,9,train,[]
v1,justintiensmith/SP_Sequencing_200:060,justintiensmith/SP_Sequencing_200,1cda4c4c3c6ae1fa4b5dc6d2cf4c887bb9f1da4e,60,Pick up the ball of blue tape and place it into the bowl.,417,ordering,47,recovery,blue_tape_ball,blue tape ball,object,[],"[""blue_tape_ball"", ""yellow_pen""]",[],2,,,,,1,2,,,first_from_left,second_from_right,seen,,semantic_reasoning,ordering.second_from_right.1,Put the second object from the right in the bowl.,0,train,[]
v1,justintiensmith/SP_Sequencing_200:061,justintiensmith/SP_Sequencing_200,1cda4c4c3c6ae1fa4b5dc6d2cf4c887bb9f1da4e,61,Pick up the ball of blue tape and place it into the bowl.,720,ordering,47,recovery,blue_tape_ball,blue tape ball,object,[],"[""blue_tape_ball"", ""airplane_with_propellers""]",[],2,,,,,1,2,,,first_from_left,first_from_left,seen,,semantic_reasoning,ordering.first_from_left.1,Put the first object from the left in the bowl.,1,train,[]
v1,justintiensmith/SP_Sequencing_200:062,justintiensmith/SP_Sequencing_200,1cda4c4c3c6ae1fa4b5dc6d2cf4c887bb9f1da4e,62,Pick up the ball of blue tape and place it into the bowl.,477,ordering,47,home,blue_tape_ball,blue tape ball,object,[],"[""airplane_with_propellers"", ""blue_tape_ball"", ""green_highlighter"", ""yellow_pen""]",[],4,,,,,2,3,,,third_from_right,second_from_left,seen,,semantic_reasoning,ordering.second_from_left.2,Pick up the object that is second from the left and place it in the bowl.,2,train,[]
v1,justintiensmith/SP_Sequencing_200:063,justintiensmith/SP_Sequencing_200,1cda4c4c3c6ae1fa4b5dc6d2cf4c887bb9f1da4e,63,Pick up the ball of blue tape and place it into the bowl.,509,ordering,47,home,blue_tape_ball,blue tape ball,object,[],"[""airplane_with_propellers"", ""blue_tape_ball"", ""yellow_pen"", ""green_highlighter""]",[],4,,,,,2,3,,,third_from_right,second_from_left,seen,,semantic_reasoning,ordering.second_from_left.3,Move the second item counted from the left into the bowl.,3,train,[]
v1,justintiensmith/SP_Sequencing_200:064,justintiensmith/SP_Sequencing_200,1cda4c4c3c6ae1fa4b5dc6d2cf4c887bb9f1da4e,64,Pick up the ball of blue tape and place it into the bowl.,499,ordering,48,home,blue_tape_ball,blue tape ball,object,[],"[""green_highlighter"", ""blue_tape_ball"", ""airplane_with_propellers"", ""yellow_pen""]",[],4,,,,,2,3,,,third_from_right,second_from_left,seen,,semantic_reasoning,ordering.second_from_left.3,Move the second item counted from the left into the bowl.,4,train,[]
v1,justintiensmith/SP_Sequencing_200:065,justintiensmith/SP_Sequencing_200,1cda4c4c3c6ae1fa4b5dc6d2cf4c887bb9f1da4e,65,Pick up the ball of blue tape and place it into the bowl.,542,ordering,48,home,blue_tape_ball,blue tape ball,object,[],"[""green_highlighter"", ""blue_tape_ball"", ""yellow_pen"", ""airplane_with_propellers""]",[],4,,,,,2,3,,,third_from_right,second_from_left,seen,,semantic_reasoning,ordering.second_from_left.2,Pick up the object that is second from the left and place it in the bowl.,5,train,[]
v1,justintiensmith/SP_Sequencing_200:066,justintiensmith/SP_Sequencing_200,1cda4c4c3c6ae1fa4b5dc6d2cf4c887bb9f1da4e,66,Pick up the ball of blue tape and place it into the bowl.,484,ordering,48,home,blue_tape_ball,blue tape ball,object,[],"[""yellow_pen"", ""blue_tape_ball"", ""airplane_with_propellers"", ""green_highlighter""]",[],4,,,,,2,3,,,third_from_right,third_from_right,seen,,semantic_reasoning,ordering.third_from_right.2,Pick up the object that is third from the right and place it in the bowl.,6,train,[]
v1,justintiensmith/SP_Sequencing_200:067,justintiensmith/SP_Sequencing_200,1cda4c4c3c6ae1fa4b5dc6d2cf4c887bb9f1da4e,67,Pick up the ball of blue tape and place it into the bowl.,480,ordering,48,home,blue_tape_ball,blue tape ball,object,[],"[""yellow_pen"", ""blue_tape_ball"", ""green_highlighter"", ""airplane_with_propellers""]",[],4,,,,,2,3,,,third_from_right,second_from_left,seen,,semantic_reasoning,ordering.second_from_left.3,Move the second item counted from the left into the bowl.,7,train,[]
v1,justintiensmith/SP_Sequencing_200:068,justintiensmith/SP_Sequencing_200,1cda4c4c3c6ae1fa4b5dc6d2cf4c887bb9f1da4e,68,Pick up the ball of blue tape and place it into the bowl.,555,ordering,48,home,blue_tape_ball,blue tape ball,object,[],"[""airplane_with_propellers"", ""blue_tape_ball""]",[],2,,,,,2,1,,,first_from_right,second_from_left,held_out,withhold ordinal-direction composition first_from_right,semantic_equivalent,ordering.second_from_left.1,Put the second object from the left in the bowl.,8,train,[]
v1,justintiensmith/SP_Sequencing_200:069,justintiensmith/SP_Sequencing_200,1cda4c4c3c6ae1fa4b5dc6d2cf4c887bb9f1da4e,69,Pick up the ball of blue tape and place it into the bowl.,564,ordering,48,home,blue_tape_ball,blue tape ball,object,[],"[""green_highlighter"", ""blue_tape_ball""]",[],2,,,,,2,1,,,first_from_right,second_from_left,held_out,withhold ordinal-direction composition first_from_right,semantic_equivalent,ordering.second_from_left.2,Pick up the object that is second from the left and place it in the bowl.,9,train,[]
v1,justintiensmith/SP_Sequencing_200:070,justintiensmith/SP_Sequencing_200,1cda4c4c3c6ae1fa4b5dc6d2cf4c887bb9f1da4e,70,Pick up the ball of blue tape and place it into the bowl.,493,ordering,48,home,blue_tape_ball,blue tape ball,object,[],"[""yellow_pen"", ""blue_tape_ball""]",[],2,,,,,2,1,,,first_from_right,second_from_left,held_out,withhold ordinal-direction composition first_from_right,semantic_equivalent,ordering.second_from_left.3,Move the second item counted from the left into the bowl.,0,train,[]
v1,justintiensmith/SP_Sequencing_200:071,justintiensmith/SP_Sequencing_200,1cda4c4c3c6ae1fa4b5dc6d2cf4c887bb9f1da4e,71,Pick up the ball of blue tape and place it into the bowl.,650,ordering,48,home,blue_tape_ball,blue tape ball,object,[],"[""airplane_with_propellers"", ""blue_tape_ball""]",[],2,,,,,2,1,,,first_from_right,second_from_left,held_out,withhold ordinal-direction composition first_from_right,semantic_equivalent,ordering.second_from_left.1,Put the second object from the left in the bowl.,1,train,[]
v1,justintiensmith/SP_Sequencing_200:072,justintiensmith/SP_Sequencing_200,1cda4c4c3c6ae1fa4b5dc6d2cf4c887bb9f1da4e,72,Pick up the ball of blue tape and place it into the bowl.,487,ordering,48,recovery,blue_tape_ball,blue tape ball,object,[],"[""green_highlighter"", ""blue_tape_ball""]",[],2,,,,,2,1,,,first_from_right,second_from_left,held_out,withhold ordinal-direction composition first_from_right,semantic_equivalent,ordering.second_from_left.1,Put the second object from the left in the bowl.,2,train,[]
v1,justintiensmith/SP_Sequencing_200:073,justintiensmith/SP_Sequencing_200,1cda4c4c3c6ae1fa4b5dc6d2cf4c887bb9f1da4e,73,Pick up the ball of blue tape and place it into the bowl.,435,ordering,48,recovery,blue_tape_ball,blue tape ball,object,[],"[""yellow_pen"", ""blue_tape_ball""]",[],2,,,,,2,1,,,first_from_right,second_from_left,held_out,withhold ordinal-direction composition first_from_right,semantic_equivalent,ordering.second_from_left.2,Pick up the object that is second from the left and place it in the bowl.,3,train,[]
v1,justintiensmith/SP_Sequencing_200:074,justintiensmith/SP_Sequencing_200,1cda4c4c3c6ae1fa4b5dc6d2cf4c887bb9f1da4e,74,Pick up the ball of blue tape and place it into the bowl.,419,ordering,48,recovery,blue_tape_ball,blue tape ball,object,[],"[""airplane_with_propellers"", ""blue_tape_ball"", ""green_highlighter"", ""yellow_pen""]",[],4,,,,,2,3,,,third_from_right,third_from_right,seen,,semantic_reasoning,ordering.third_from_right.3,Move the third item counted from the right into the bowl.,4,train,[]
v1,justintiensmith/SP_Sequencing_200:075,justintiensmith/SP_Sequencing_200,1cda4c4c3c6ae1fa4b5dc6d2cf4c887bb9f1da4e,75,Pick up the ball of blue tape and place it into the bowl.,506,ordering,48,home,blue_tape_ball,blue tape ball,object,[],"[""airplane_with_propellers"", ""green_highlighter"", ""blue_tape_ball"", ""yellow_pen""]",[],4,,,,,3,2,,,third_from_left,second_from_right,held_out,withhold ordinal-direction composition third_from_left,semantic_equivalent,ordering.second_from_right.2,Pick up the object that is second from the right and place it in the bowl.,5,train,[]
v1,justintiensmith/SP_Sequencing_200:076,justintiensmith/SP_Sequencing_200,1cda4c4c3c6ae1fa4b5dc6d2cf4c887bb9f1da4e,76,Pick up the ball of blue tape and place it into the bowl.,472,ordering,48,home,blue_tape_ball,blue tape ball,object,[],"[""airplane_with_propellers"", ""yellow_pen"", ""blue_tape_ball"", ""green_highlighter""]",[],4,,,,,3,2,,,third_from_left,second_from_right,held_out,withhold ordinal-direction composition third_from_left,semantic_equivalent,ordering.second_from_right.3,Move the second item counted from the right into the bowl.,6,train,[]
v1,justintiensmith/SP_Sequencing_200:077,justintiensmith/SP_Sequencing_200,1cda4c4c3c6ae1fa4b5dc6d2cf4c887bb9f1da4e,77,Pick up the ball of blue tape and place it into the bowl.,416,ordering,48,home,blue_tape_ball,blue tape ball,object,[],"[""green_highlighter"", ""airplane_with_propellers"", ""blue_tape_ball"", ""yellow_pen""]",[],4,,,,,3,2,,,third_from_left,second_from_right,held_out,withhold ordinal-direction composition third_from_left,semantic_equivalent,ordering.second_from_right.3,Move the second item counted from the right into the bowl.,7,train,[]
v1,justintiensmith/SP_Sequencing_200:078,justintiensmith/SP_Sequencing_200,1cda4c4c3c6ae1fa4b5dc6d2cf4c887bb9f1da4e,78,Pick up the ball of blue tape and place it into the bowl.,469,ordering,48,home,blue_tape_ball,blue tape ball,object,[],"[""green_highlighter"", ""yellow_pen"", ""blue_tape_ball"", ""airplane_with_propellers""]",[],4,,,,,3,2,,,third_from_left,second_from_right,held_out,withhold ordinal-direction composition third_from_left,semantic_equivalent,ordering.second_from_right.1,Put the second object from the right in the bowl.,8,train,[]
v1,justintiensmith/SP_Sequencing_200:079,justintiensmith/SP_Sequencing_200,1cda4c4c3c6ae1fa4b5dc6d2cf4c887bb9f1da4e,79,Pick up the ball of blue tape and place it into the bowl.,415,ordering,48,home,blue_tape_ball,blue tape ball,object,[],"[""airplane_with_propellers"", ""green_highlighter"", ""blue_tape_ball""]",[],3,,,,,3,1,,,first_from_right,object_identity,held_out,withhold ordinal-direction composition first_from_right,identity,ordering.object_identity.2,Pick up the blue tape ball and place it in the bowl.,9,train,[]
v1,justintiensmith/SP_Sequencing_200:080,justintiensmith/SP_Sequencing_200,1cda4c4c3c6ae1fa4b5dc6d2cf4c887bb9f1da4e,80,Pick up the ball of blue tape and place it into the bowl.,507,ordering,48,home,blue_tape_ball,blue tape ball,object,[],"[""airplane_with_propellers"", ""yellow_pen"", ""blue_tape_ball""]",[],3,,,,,3,1,,,first_from_right,object_identity,held_out,withhold ordinal-direction composition first_from_right,identity,ordering.object_identity.3,Move the blue tape ball into the bowl.,0,train,[]
v1,justintiensmith/SP_Sequencing_200:081,justintiensmith/SP_Sequencing_200,1cda4c4c3c6ae1fa4b5dc6d2cf4c887bb9f1da4e,81,Pick up the ball of blue tape and place it into the bowl.,460,ordering,48,home,blue_tape_ball,blue tape ball,object,[],"[""green_highlighter"", ""airplane_with_propellers"", ""blue_tape_ball""]",[],3,,,,,3,1,,,first_from_right,object_identity,held_out,withhold ordinal-direction composition first_from_right,identity,ordering.object_identity.3,Move the blue tape ball into the bowl.,1,train,[]
v1,justintiensmith/SP_Sequencing_200:082,justintiensmith/SP_Sequencing_200,1cda4c4c3c6ae1fa4b5dc6d2cf4c887bb9f1da4e,82,Pick up the ball of blue tape and place it into the bowl.,524,ordering,48,home,blue_tape_ball,blue tape ball,object,[],"[""green_highlighter"", ""yellow_pen"", ""blue_tape_ball""]",[],3,,,,,3,1,,,first_from_right,object_identity,held_out,withhold ordinal-direction composition first_from_right,identity,ordering.object_identity.2,Pick up the blue tape ball and place it in the bowl.,2,train,[]
v1,justintiensmith/SP_Sequencing_200:083,justintiensmith/SP_Sequencing_200,1cda4c4c3c6ae1fa4b5dc6d2cf4c887bb9f1da4e,83,Pick up the ball of blue tape and place it into the bowl.,538,ordering,48,home,blue_tape_ball,blue tape ball,object,[],"[""yellow_pen"", ""airplane_with_propellers"", ""blue_tape_ball""]",[],3,,,,,3,1,,,first_from_right,object_identity,held_out,withhold ordinal-direction composition first_from_right,identity,ordering.object_identity.1,Put the blue tape ball in the bowl.,3,train,[]
v1,justintiensmith/SP_Sequencing_200:084,justintiensmith/SP_Sequencing_200,1cda4c4c3c6ae1fa4b5dc6d2cf4c887bb9f1da4e,84,Pick up the ball of blue tape and place it into the bowl.,560,ordering,48,home,blue_tape_ball,blue tape ball,object,[],"[""yellow_pen"", ""green_highlighter"", ""blue_tape_ball""]",[],3,,,,,3,1,,,first_from_right,object_identity,held_out,withhold ordinal-direction composition first_from_right,identity,ordering.object_identity.1,Put the blue tape ball in the bowl.,4,train,[]
v1,justintiensmith/SP_Sequencing_200:085,justintiensmith/SP_Sequencing_200,1cda4c4c3c6ae1fa4b5dc6d2cf4c887bb9f1da4e,85,Pick up the ball of blue tape and place it into the bowl.,472,ordering,48,recovery,blue_tape_ball,blue tape ball,object,[],"[""yellow_pen"", ""airplane_with_propellers"", ""blue_tape_ball"", ""green_highlighter""]",[],4,,,,,3,2,,,third_from_left,second_from_right,held_out,withhold ordinal-direction composition third_from_left,semantic_equivalent,ordering.second_from_right.2,Pick up the object that is second from the right and place it in the bowl.,5,train,[]
v1,justintiensmith/SP_Sequencing_200:086,justintiensmith/SP_Sequencing_200,1cda4c4c3c6ae1fa4b5dc6d2cf4c887bb9f1da4e,86,Pick up the ball of blue tape and place it into the bowl.,457,ordering,48,recovery,blue_tape_ball,blue tape ball,object,[],"[""yellow_pen"", ""green_highlighter"", ""blue_tape_ball"", ""airplane_with_propellers""]",[],4,,,,,3,2,,,third_from_left,second_from_right,held_out,withhold ordinal-direction composition third_from_left,semantic_equivalent,ordering.second_from_right.1,Put the second object from the right in the bowl.,6,train,[]
v1,justintiensmith/SP_Sequencing_200:087,justintiensmith/SP_Sequencing_200,1cda4c4c3c6ae1fa4b5dc6d2cf4c887bb9f1da4e,87,Pick up the ball of blue tape and place it into the bowl.,498,ordering,49,home,blue_tape_ball,blue tape ball,object,[],"[""airplane_with_propellers"", ""green_highlighter"", ""yellow_pen"", ""blue_tape_ball""]",[],4,,,,,4,1,,,first_from_right,fourth_from_left,held_out,withhold ordinal-direction composition first_from_right,semantic_equivalent,ordering.fourth_from_left.2,Pick up the object that is fourth from the left and place it in the bowl.,7,train,[]
v1,justintiensmith/SP_Sequencing_200:088,justintiensmith/SP_Sequencing_200,1cda4c4c3c6ae1fa4b5dc6d2cf4c887bb9f1da4e,88,Pick up the ball of blue tape and place it into the bowl.,545,ordering,49,home,blue_tape_ball,blue tape ball,object,[],"[""airplane_with_propellers"", ""yellow_pen"", ""green_highlighter"", ""blue_tape_ball""]",[],4,,,,,4,1,,,first_from_right,fourth_from_left,held_out,withhold ordinal-direction composition first_from_right,semantic_equivalent,ordering.fourth_from_left.2,Pick up the object that is fourth from the left and place it in the bowl.,8,train,[]
v1,justintiensmith/SP_Sequencing_200:089,justintiensmith/SP_Sequencing_200,1cda4c4c3c6ae1fa4b5dc6d2cf4c887bb9f1da4e,89,Pick up the ball of blue tape and place it into the bowl.,562,ordering,49,home,blue_tape_ball,blue tape ball,object,[],"[""green_highlighter"", ""airplane_with_propellers"", ""yellow_pen"", ""blue_tape_ball""]",[],4,,,,,4,1,,,first_from_right,fourth_from_left,held_out,withhold ordinal-direction composition first_from_right,semantic_equivalent,ordering.fourth_from_left.3,Move the fourth item counted from the left into the bowl.,9,train,[]
v1,justintiensmith/SP_Sequencing_200:090,justintiensmith/SP_Sequencing_200,1cda4c4c3c6ae1fa4b5dc6d2cf4c887bb9f1da4e,90,Pick up the ball of blue tape and place it into the bowl.,549,ordering,49,home,blue_tape_ball,blue tape ball,object,[],"[""green_highlighter"", ""yellow_pen"", ""airplane_with_propellers"", ""blue_tape_ball""]",[],4,,,,,4,1,,,first_from_right,fourth_from_left,held_out,withhold ordinal-direction composition first_from_right,semantic_equivalent,ordering.fourth_from_left.3,Move the fourth item counted from the left into the bowl.,0,train,[]
v1,justintiensmith/SP_Sequencing_200:091,justintiensmith/SP_Sequencing_200,1cda4c4c3c6ae1fa4b5dc6d2cf4c887bb9f1da4e,91,Pick up the ball of blue tape and place it into the bowl.,591,ordering,49,home,blue_tape_ball,blue tape ball,object,[],"[""yellow_pen"", ""airplane_with_propellers"", ""green_highlighter"", ""blue_tape_ball""]",[],4,,,,,4,1,,,first_from_right,fourth_from_left,held_out,withhold ordinal-direction composition first_from_right,semantic_equivalent,ordering.fourth_from_left.2,Pick up the object that is fourth from the left and place it in the bowl.,1,train,[]
v1,justintiensmith/SP_Sequencing_200:092,justintiensmith/SP_Sequencing_200,1cda4c4c3c6ae1fa4b5dc6d2cf4c887bb9f1da4e,92,Pick up the ball of blue tape and place it into the bowl.,525,ordering,49,home,blue_tape_ball,blue tape ball,object,[],"[""yellow_pen"", ""green_highlighter"", ""airplane_with_propellers"", ""blue_tape_ball""]",[],4,,,,,4,1,,,first_from_right,fourth_from_left,held_out,withhold ordinal-direction composition first_from_right,semantic_equivalent,ordering.fourth_from_left.2,Pick up the object that is fourth from the left and place it in the bowl.,2,train,[]
v1,justintiensmith/SP_Sequencing_200:093,justintiensmith/SP_Sequencing_200,1cda4c4c3c6ae1fa4b5dc6d2cf4c887bb9f1da4e,93,Pick up the ball of blue tape and place it into the bowl.,576,ordering,49,home,blue_tape_ball,blue tape ball,object,[],"[""airplane_with_propellers"", ""green_highlighter"", ""yellow_pen"", ""blue_tape_ball""]",[],4,,,,,4,1,,,first_from_right,fourth_from_left,held_out,withhold ordinal-direction composition first_from_right,semantic_equivalent,ordering.fourth_from_left.3,Move the fourth item counted from the left into the bowl.,3,train,[]
v1,justintiensmith/SP_Sequencing_200:094,justintiensmith/SP_Sequencing_200,1cda4c4c3c6ae1fa4b5dc6d2cf4c887bb9f1da4e,94,Pick up the ball of blue tape and place it into the bowl.,530,ordering,49,home,blue_tape_ball,blue tape ball,object,[],"[""airplane_with_propellers"", ""yellow_pen"", ""green_highlighter"", ""blue_tape_ball""]",[],4,,,,,4,1,,,first_from_right,fourth_from_left,held_out,withhold ordinal-direction composition first_from_right,semantic_equivalent,ordering.fourth_from_left.3,Move the fourth item counted from the left into the bowl.,4,train,[]
v1,justintiensmith/SP_Sequencing_200:095,justintiensmith/SP_Sequencing_200,1cda4c4c3c6ae1fa4b5dc6d2cf4c887bb9f1da4e,95,Pick up the ball of blue tape and place it into the bowl.,548,ordering,49,home,blue_tape_ball,blue tape ball,object,[],"[""green_highlighter"", ""airplane_with_propellers"", ""yellow_pen"", ""blue_tape_ball""]",[],4,,,,,4,1,,,first_from_right,fourth_from_left,held_out,withhold ordinal-direction composition first_from_right,semantic_equivalent,ordering.fourth_from_left.2,Pick up the object that is fourth from the left and place it in the bowl.,5,train,[]
v1,justintiensmith/SP_Sequencing_200:096,justintiensmith/SP_Sequencing_200,1cda4c4c3c6ae1fa4b5dc6d2cf4c887bb9f1da4e,96,Pick up the ball of blue tape and place it into the bowl.,489,ordering,49,home,blue_tape_ball,blue tape ball,object,[],"[""green_highlighter"", ""yellow_pen"", ""airplane_with_propellers"", ""blue_tape_ball""]",[],4,,,,,4,1,,,first_from_right,fourth_from_left,held_out,withhold ordinal-direction composition first_from_right,semantic_equivalent,ordering.fourth_from_left.1,Put the fourth object from the left in the bowl.,6,train,[]
v1,justintiensmith/SP_Sequencing_200:097,justintiensmith/SP_Sequencing_200,1cda4c4c3c6ae1fa4b5dc6d2cf4c887bb9f1da4e,97,Pick up the ball of blue tape and place it into the bowl.,520,ordering,49,recovery,blue_tape_ball,blue tape ball,object,[],"[""yellow_pen"", ""airplane_with_propellers"", ""green_highlighter"", ""blue_tape_ball""]",[],4,,,,,4,1,,,first_from_right,fourth_from_left,held_out,withhold ordinal-direction composition first_from_right,semantic_equivalent,ordering.fourth_from_left.1,Put the fourth object from the left in the bowl.,7,train,[]
v1,justintiensmith/SP_Sequencing_200:098,justintiensmith/SP_Sequencing_200,1cda4c4c3c6ae1fa4b5dc6d2cf4c887bb9f1da4e,98,Pick up the ball of blue tape and place it into the bowl.,515,ordering,49,recovery,blue_tape_ball,blue tape ball,object,[],"[""yellow_pen"", ""green_highlighter"", ""airplane_with_propellers"", ""blue_tape_ball""]",[],4,,,,,4,1,,,first_from_right,fourth_from_left,held_out,withhold ordinal-direction composition first_from_right,semantic_equivalent,ordering.fourth_from_left.2,Pick up the object that is fourth from the left and place it in the bowl.,8,train,[]
v1,justintiensmith/SP_Sequencing_200:099,justintiensmith/SP_Sequencing_200,1cda4c4c3c6ae1fa4b5dc6d2cf4c887bb9f1da4e,99,Pick up the ball of blue tape and place it into the bowl.,639,ordering,49,recovery,blue_tape_ball,blue tape ball,object,[],"[""airplane_with_propellers"", ""green_highlighter"", ""yellow_pen"", ""blue_tape_ball""]",[],4,,,,,4,1,,,first_from_right,fourth_from_left,held_out,withhold ordinal-direction composition first_from_right,semantic_equivalent,ordering.fourth_from_left.3,Move the fourth item counted from the left into the bowl.,9,train,[]
v1,justintiensmith/SP_Sequencing_200:100,justintiensmith/SP_Sequencing_200,1cda4c4c3c6ae1fa4b5dc6d2cf4c887bb9f1da4e,100,Pick up the green highlighter and place it into the bowl.,574,ordering,49,home,green_highlighter,green highlighter,object,[],"[""green_highlighter"", ""airplane_with_propellers"", ""blue_tape_ball"", ""yellow_pen""]",[],4,,,,,1,4,,,first_from_left,first_from_left,seen,,semantic_reasoning,ordering.first_from_left.1,Put the first object from the left in the bowl.,0,train,[]
v1,justintiensmith/SP_Sequencing_200:101,justintiensmith/SP_Sequencing_200,1cda4c4c3c6ae1fa4b5dc6d2cf4c887bb9f1da4e,101,Pick up the green highlighter and place it into the bowl.,610,ordering,49,home,green_highlighter,green highlighter,object,[],"[""green_highlighter"", ""airplane_with_propellers"", ""yellow_pen"", ""blue_tape_ball""]",[],4,,,,,1,4,,,first_from_left,fourth_from_right,seen,,semantic_reasoning,ordering.fourth_from_right.2,Pick up the object that is fourth from the right and place it in the bowl.,1,train,[]
v1,justintiensmith/SP_Sequencing_200:102,justintiensmith/SP_Sequencing_200,1cda4c4c3c6ae1fa4b5dc6d2cf4c887bb9f1da4e,102,Pick up the green highlighter and place it into the bowl.,662,ordering,49,home,green_highlighter,green highlighter,object,[],"[""green_highlighter"", ""blue_tape_ball"", ""airplane_with_propellers"", ""yellow_pen""]",[],4,,,,,1,4,,,first_from_left,first_from_left,seen,,semantic_reasoning,ordering.first_from_left.2,Pick up the object that is first from the left and place it in the bowl.,2,train,[]
v1,justintiensmith/SP_Sequencing_200:103,justintiensmith/SP_Sequencing_200,1cda4c4c3c6ae1fa4b5dc6d2cf4c887bb9f1da4e,103,Pick up the green highlighter and place it into the bowl.,694,ordering,49,home,green_highlighter,green highlighter,object,[],"[""green_highlighter"", ""blue_tape_ball"", ""yellow_pen"", ""airplane_with_propellers""]",[],4,,,,,1,4,,,first_from_left,fourth_from_right,seen,,semantic_reasoning,ordering.fourth_from_right.1,Put the fourth object from the right in the bowl.,3,train,[]
v1,justintiensmith/SP_Sequencing_200:104,justintiensmith/SP_Sequencing_200,1cda4c4c3c6ae1fa4b5dc6d2cf4c887bb9f1da4e,104,Pick up the green highlighter and place it into the bowl.,634,ordering,49,home,green_highlighter,green highlighter,object,[],"[""green_highlighter"", ""yellow_pen"", ""airplane_with_propellers""]",[],3,,,,,1,3,,,third_from_right,third_from_right,seen,,semantic_reasoning,ordering.third_from_right.3,Move the third item counted from the right into the bowl.,4,train,[]
v1,justintiensmith/SP_Sequencing_200:105,justintiensmith/SP_Sequencing_200,1cda4c4c3c6ae1fa4b5dc6d2cf4c887bb9f1da4e,105,Pick up the green highlighter and place it into the bowl.,559,ordering,49,home,green_highlighter,green highlighter,object,[],"[""green_highlighter"", ""yellow_pen"", ""blue_tape_ball""]",[],3,,,,,1,3,,,third_from_right,third_from_right,seen,,semantic_reasoning,ordering.third_from_right.3,Move the third item counted from the right into the bowl.,5,train,[]
v1,justintiensmith/SP_Sequencing_200:106,justintiensmith/SP_Sequencing_200,1cda4c4c3c6ae1fa4b5dc6d2cf4c887bb9f1da4e,106,Pick up the green highlighter and place it into the bowl.,545,ordering,49,home,green_highlighter,green highlighter,object,[],"[""green_highlighter"", ""airplane_with_propellers"", ""blue_tape_ball""]",[],3,,,,,1,3,,,third_from_right,first_from_left,seen,,semantic_reasoning,ordering.first_from_left.1,Put the first object from the left in the bowl.,6,train,[]
v1,justintiensmith/SP_Sequencing_200:107,justintiensmith/SP_Sequencing_200,1cda4c4c3c6ae1fa4b5dc6d2cf4c887bb9f1da4e,107,Pick up the green highlighter and place it into the bowl.,515,ordering,50,home,green_highlighter,green highlighter,object,[],"[""green_highlighter"", ""blue_tape_ball"", ""airplane_with_propellers""]",[],3,,,,,1,3,,,third_from_right,third_from_right,seen,,semantic_reasoning,ordering.third_from_right.2,Pick up the object that is third from the right and place it in the bowl.,7,train,[]
v1,justintiensmith/SP_Sequencing_200:108,justintiensmith/SP_Sequencing_200,1cda4c4c3c6ae1fa4b5dc6d2cf4c887bb9f1da4e,108,Pick up the green highlighter and place it into the bowl.,633,ordering,50,home,green_highlighter,green highlighter,object,[],"[""green_highlighter"", ""airplane_with_propellers""]",[],2,,,,,1,2,,,first_from_left,second_from_right,seen,,semantic_reasoning,ordering.second_from_right.3,Move the second item counted from the right into the bowl.,8,train,[]
v1,justintiensmith/SP_Sequencing_200:109,justintiensmith/SP_Sequencing_200,1cda4c4c3c6ae1fa4b5dc6d2cf4c887bb9f1da4e,109,Pick up the green highlighter and place it into the bowl.,574,ordering,50,home,green_highlighter,green highlighter,object,[],"[""green_highlighter"", ""blue_tape_ball""]",[],2,,,,,1,2,,,first_from_left,second_from_right,seen,,semantic_reasoning,ordering.second_from_right.1,Put the second object from the right in the bowl.,9,train,[]
v1,justintiensmith/SP_Sequencing_200:110,justintiensmith/SP_Sequencing_200,1cda4c4c3c6ae1fa4b5dc6d2cf4c887bb9f1da4e,110,Pick up the green highlighter and place it into the bowl.,458,ordering,50,recovery,green_highlighter,green highlighter,object,[],"[""green_highlighter"", ""yellow_pen""]",[],2,,,,,1,2,,,first_from_left,second_from_right,seen,,semantic_reasoning,ordering.second_from_right.1,Put the second object from the right in the bowl.,0,train,[]
v1,justintiensmith/SP_Sequencing_200:111,justintiensmith/SP_Sequencing_200,1cda4c4c3c6ae1fa4b5dc6d2cf4c887bb9f1da4e,111,Pick up the green highlighter and place it into the bowl.,503,ordering,50,home,green_highlighter,green highlighter,object,[],"[""green_highlighter"", ""airplane_with_propellers""]",[],2,,,,,1,2,,,first_from_left,second_from_right,seen,,semantic_reasoning,ordering.second_from_right.1,Put the second object from the right in the bowl.,1,train,[]
v1,justintiensmith/SP_Sequencing_200:112,justintiensmith/SP_Sequencing_200,1cda4c4c3c6ae1fa4b5dc6d2cf4c887bb9f1da4e,112,Pick up the green highlighter and place it into the bowl.,468,ordering,50,recovery,green_highlighter,green highlighter,object,[],"[""green_highlighter"", ""blue_tape_ball""]",[],2,,,,,1,2,,,first_from_left,first_from_left,seen,,semantic_reasoning,ordering.first_from_left.3,Move the first item counted from the left into the bowl.,2,train,[]
v1,justintiensmith/SP_Sequencing_200:113,justintiensmith/SP_Sequencing_200,1cda4c4c3c6ae1fa4b5dc6d2cf4c887bb9f1da4e,113,Pick up the green highlighter and place it into the bowl.,525,ordering,50,recovery,green_highlighter,green highlighter,object,[],"[""airplane_with_propellers"", ""green_highlighter"", ""blue_tape_ball"", ""yellow_pen""]",[],4,,,,,2,3,,,third_from_right,second_from_left,seen,,semantic_reasoning,ordering.second_from_left.1,Put the second object from the left in the bowl.,3,train,[]
v1,justintiensmith/SP_Sequencing_200:114,justintiensmith/SP_Sequencing_200,1cda4c4c3c6ae1fa4b5dc6d2cf4c887bb9f1da4e,114,Pick up the green highlighter and place it into the bowl.,544,ordering,50,home,green_highlighter,green highlighter,object,[],"[""airplane_with_propellers"", ""green_highlighter"", ""yellow_pen"", ""blue_tape_ball""]",[],4,,,,,2,3,,,third_from_right,second_from_left,seen,,semantic_reasoning,ordering.second_from_left.1,Put the second object from the left in the bowl.,4,train,[]
v1,justintiensmith/SP_Sequencing_200:115,justintiensmith/SP_Sequencing_200,1cda4c4c3c6ae1fa4b5dc6d2cf4c887bb9f1da4e,115,Pick up the green highlighter and place it into the bowl.,590,ordering,50,home,green_highlighter,green highlighter,object,[],"[""blue_tape_ball"", ""green_highlighter"", ""airplane_with_propellers"", ""yellow_pen""]",[],4,,,,,2,3,,,third_from_right,second_from_left,seen,,semantic_reasoning,ordering.second_from_left.3,Move the second item counted from the left into the bowl.,5,train,[]
v1,justintiensmith/SP_Sequencing_200:116,justintiensmith/SP_Sequencing_200,1cda4c4c3c6ae1fa4b5dc6d2cf4c887bb9f1da4e,116,Pick up the green highlighter and place it into the bowl.,541,ordering,50,home,green_highlighter,green highlighter,object,[],"[""blue_tape_ball"", ""green_highlighter"", ""yellow_pen"", ""airplane_with_propellers""]",[],4,,,,,2,3,,,third_from_right,third_from_right,seen,,semantic_reasoning,ordering.third_from_right.3,Move the third item counted from the right into the bowl.,6,train,[]
v1,justintiensmith/SP_Sequencing_200:117,justintiensmith/SP_Sequencing_200,1cda4c4c3c6ae1fa4b5dc6d2cf4c887bb9f1da4e,117,Pick up the green highlighter and place it into the bowl.,593,ordering,50,home,green_highlighter,green highlighter,object,[],"[""yellow_pen"", ""green_highlighter"", ""airplane_with_propellers"", ""blue_tape_ball""]",[],4,,,,,2,3,,,third_from_right,second_from_left,seen,,semantic_reasoning,ordering.second_from_left.2,Pick up the object that is second from the left and place it in the bowl.,7,train,[]
v1,justintiensmith/SP_Sequencing_200:118,justintiensmith/SP_Sequencing_200,1cda4c4c3c6ae1fa4b5dc6d2cf4c887bb9f1da4e,118,Pick up the green highlighter and place it into the bowl.,507,ordering,50,home,green_highlighter,green highlighter,object,[],"[""yellow_pen"", ""green_highlighter"", ""blue_tape_ball"", ""airplane_with_propellers""]",[],4,,,,,2,3,,,third_from_right,third_from_right,seen,,semantic_reasoning,ordering.third_from_right.2,Pick up the object that is third from the right and place it in the bowl.,8,train,[]
v1,justintiensmith/SP_Sequencing_200:119,justintiensmith/SP_Sequencing_200,1cda4c4c3c6ae1fa4b5dc6d2cf4c887bb9f1da4e,119,Pick up the green highlighter and place it into the bowl.,540,ordering,50,home,green_highlighter,green highlighter,object,[],"[""airplane_with_propellers"", ""green_highlighter""]",[],2,,,,,2,1,,,first_from_right,second_from_left,held_out,withhold ordinal-direction composition first_from_right,semantic_equivalent,ordering.second_from_left.3,Move the second item counted from the left into the bowl.,9,train,[]
v1,justintiensmith/SP_Sequencing_200:120,justintiensmith/SP_Sequencing_200,1cda4c4c3c6ae1fa4b5dc6d2cf4c887bb9f1da4e,120,Pick up the green highlighter and place it into the bowl.,523,ordering,50,home,green_highlighter,green highlighter,object,[],"[""blue_tape_ball"", ""green_highlighter""]",[],2,,,,,2,1,,,first_from_right,second_from_left,held_out,withhold ordinal-direction composition first_from_right,semantic_equivalent,ordering.second_from_left.2,Pick up the object that is second from the left and place it in the bowl.,0,train,[]
v1,justintiensmith/SP_Sequencing_200:121,justintiensmith/SP_Sequencing_200,1cda4c4c3c6ae1fa4b5dc6d2cf4c887bb9f1da4e,121,Pick up the green highlighter and place it into the bowl.,611,ordering,50,home,green_highlighter,green highlighter,object,[],"[""yellow_pen"", ""green_highlighter""]",[],2,,,,,2,1,,,first_from_right,second_from_left,held_out,withhold ordinal-direction composition first_from_right,semantic_equivalent,ordering.second_from_left.1,Put the second object from the left in the bowl.,1,train,[]
v1,justintiensmith/SP_Sequencing_200:122,justintiensmith/SP_Sequencing_200,1cda4c4c3c6ae1fa4b5dc6d2cf4c887bb9f1da4e,122,Pick up the green highlighter and place it into the bowl.,652,ordering,50,home,green_highlighter,green highlighter,object,[],"[""airplane_with_propellers"", ""green_highlighter""]",[],2,,,,,2,1,,,first_from_right,second_from_left,held_out,withhold ordinal-direction composition first_from_right,semantic_equivalent,ordering.second_from_left.3,Move the second item counted from the left into the bowl.,2,train,[]
v1,justintiensmith/SP_Sequencing_200:123,justintiensmith/SP_Sequencing_200,1cda4c4c3c6ae1fa4b5dc6d2cf4c887bb9f1da4e,123,Pick up the green highlighter and place it into the bowl.,545,ordering,50,recovery,green_highlighter,green highlighter,object,[],"[""blue_tape_ball"", ""green_highlighter""]",[],2,,,,,2,1,,,first_from_right,second_from_left,held_out,withhold ordinal-direction composition first_from_right,semantic_equivalent,ordering.second_from_left.1,Put the second object from the left in the bowl.,3,train,[]
v1,justintiensmith/SP_Sequencing_200:124,justintiensmith/SP_Sequencing_200,1cda4c4c3c6ae1fa4b5dc6d2cf4c887bb9f1da4e,124,Pick up the green highlighter and place it into the bowl.,445,ordering,50,recovery,green_highlighter,green highlighter,object,[],"[""yellow_pen"", ""green_highlighter""]",[],2,,,,,2,1,,,first_from_right,second_from_left,held_out,withhold ordinal-direction composition first_from_right,semantic_equivalent,ordering.second_from_left.1,Put the second object from the left in the bowl.,4,train,[]
v1,justintiensmith/SP_Sequencing_200:125,justintiensmith/SP_Sequencing_200,1cda4c4c3c6ae1fa4b5dc6d2cf4c887bb9f1da4e,125,Pick up the green highlighter and place it into the bowl.,579,ordering,50,home,green_highlighter,green highlighter,object,[],"[""airplane_with_propellers"", ""blue_tape_ball"", ""green_highlighter"", ""yellow_pen""]",[],4,,,,,3,2,,,third_from_left,second_from_right,held_out,withhold ordinal-direction composition third_from_left,semantic_equivalent,ordering.second_from_right.2,Pick up the object that is second from the right and place it in the bowl.,5,train,[]
v1,justintiensmith/SP_Sequencing_200:126,justintiensmith/SP_Sequencing_200,1cda4c4c3c6ae1fa4b5dc6d2cf4c887bb9f1da4e,126,Pick up the green highlighter and place it into the bowl.,526,ordering,50,home,green_highlighter,green highlighter,object,[],"[""airplane_with_propellers"", ""yellow_pen"", ""green_highlighter"", ""blue_tape_ball""]",[],4,,,,,3,2,,,third_from_left,second_from_right,held_out,withhold ordinal-direction composition third_from_left,semantic_equivalent,ordering.second_from_right.1,Put the second object from the right in the bowl.,6,train,[]
v1,justintiensmith/SP_Sequencing_200:127,justintiensmith/SP_Sequencing_200,1cda4c4c3c6ae1fa4b5dc6d2cf4c887bb9f1da4e,127,Pick up the green highlighter and place it into the bowl.,529,ordering,50,home,green_highlighter,green highlighter,object,[],"[""blue_tape_ball"", ""airplane_with_propellers"", ""green_highlighter"", ""yellow_pen""]",[],4,,,,,3,2,,,third_from_left,second_from_right,held_out,withhold ordinal-direction composition third_from_left,semantic_equivalent,ordering.second_from_right.1,Put the second object from the right in the bowl.,7,train,[]
v1,justintiensmith/SP_Sequencing_200:128,justintiensmith/SP_Sequencing_200,1cda4c4c3c6ae1fa4b5dc6d2cf4c887bb9f1da4e,128,Pick up the green highlighter and place it into the bowl.,525,ordering,50,home,green_highlighter,green highlighter,object,[],"[""blue_tape_ball"", ""yellow_pen"", ""green_highlighter"", ""airplane_with_propellers""]",[],4,,,,,3,2,,,third_from_left,second_from_right,held_out,withhold ordinal-direction composition third_from_left,semantic_equivalent,ordering.second_from_right.2,Pick up the object that is second from the right and place it in the bowl.,8,train,[]
v1,justintiensmith/SP_Sequencing_200:129,justintiensmith/SP_Sequencing_200,1cda4c4c3c6ae1fa4b5dc6d2cf4c887bb9f1da4e,129,Pick up the green highlighter and place it into the bowl.,562,ordering,50,home,green_highlighter,green highlighter,object,[],"[""airplane_with_propellers"", ""blue_tape_ball"", ""green_highlighter""]",[],3,,,,,3,1,,,first_from_right,object_identity,held_out,withhold ordinal-direction composition first_from_right,identity,ordering.object_identity.1,Put the green highlighter in the bowl.,9,train,[]
v1,justintiensmith/SP_Sequencing_200:130,justintiensmith/SP_Sequencing_200,1cda4c4c3c6ae1fa4b5dc6d2cf4c887bb9f1da4e,130,Pick up the green highlighter and place it into the bowl.,528,ordering,50,home,green_highlighter,green highlighter,object,[],"[""airplane_with_propellers"", ""yellow_pen"", ""green_highlighter""]",[],3,,,,,3,1,,,first_from_right,object_identity,held_out,withhold ordinal-direction composition first_from_right,identity,ordering.object_identity.2,Pick up the green highlighter and place it in the bowl.,0,train,[]
v1,justintiensmith/SP_Sequencing_200:131,justintiensmith/SP_Sequencing_200,1cda4c4c3c6ae1fa4b5dc6d2cf4c887bb9f1da4e,131,Pick up the green highlighter and place it into the bowl.,485,ordering,51,home,green_highlighter,green highlighter,object,[],"[""blue_tape_ball"", ""airplane_with_propellers"", ""green_highlighter""]",[],3,,,,,3,1,,,first_from_right,object_identity,held_out,withhold ordinal-direction composition first_from_right,identity,ordering.object_identity.3,Move the green highlighter into the bowl.,1,train,[]
v1,justintiensmith/SP_Sequencing_200:132,justintiensmith/SP_Sequencing_200,1cda4c4c3c6ae1fa4b5dc6d2cf4c887bb9f1da4e,132,Pick up the green highlighter and place it into the bowl.,472,ordering,51,home,green_highlighter,green highlighter,object,[],"[""blue_tape_ball"", ""yellow_pen"", ""green_highlighter""]",[],3,,,,,3,1,,,first_from_right,object_identity,held_out,withhold ordinal-direction composition first_from_right,identity,ordering.object_identity.2,Pick up the green highlighter and place it in the bowl.,2,train,[]
v1,justintiensmith/SP_Sequencing_200:133,justintiensmith/SP_Sequencing_200,1cda4c4c3c6ae1fa4b5dc6d2cf4c887bb9f1da4e,133,Pick up the green highlighter and place it into the bowl.,519,ordering,51,home,green_highlighter,green highlighter,object,[],"[""yellow_pen"", ""airplane_with_propellers"", ""green_highlighter""]",[],3,,,,,3,1,,,first_from_right,object_identity,held_out,withhold ordinal-direction composition first_from_right,identity,ordering.object_identity.1,Put the green highlighter in the bowl.,3,train,[]
v1,justintiensmith/SP_Sequencing_200:134,justintiensmith/SP_Sequencing_200,1cda4c4c3c6ae1fa4b5dc6d2cf4c887bb9f1da4e,134,Pick up the green highlighter and place it into the bowl.,503,ordering,51,home,green_highlighter,green highlighter,object,[],"[""yellow_pen"", ""blue_tape_ball"", ""green_highlighter""]",[],3,,,,,3,1,,,first_from_right,object_identity,held_out,withhold ordinal-direction composition first_from_right,identity,ordering.object_identity.3,Move the green highlighter into the bowl.,4,train,[]
v1,justintiensmith/SP_Sequencing_200:135,justintiensmith/SP_Sequencing_200,1cda4c4c3c6ae1fa4b5dc6d2cf4c887bb9f1da4e,135,Pick up the green highlighter and place it into the bowl.,479,ordering,51,recovery,green_highlighter,green highlighter,object,[],"[""yellow_pen"", ""airplane_with_propellers"", ""green_highlighter"", ""blue_tape_ball""]",[],4,,,,,3,2,,,third_from_left,second_from_right,held_out,withhold ordinal-direction composition third_from_left,semantic_equivalent,ordering.second_from_right.3,Move the second item counted from the right into the bowl.,5,train,[]
v1,justintiensmith/SP_Sequencing_200:136,justintiensmith/SP_Sequencing_200,1cda4c4c3c6ae1fa4b5dc6d2cf4c887bb9f1da4e,136,Pick up the green highlighter and place it into the bowl.,437,ordering,51,recovery,green_highlighter,green highlighter,object,[],"[""yellow_pen"", ""blue_tape_ball"", ""green_highlighter"", ""airplane_with_propellers""]",[],4,,,,,3,2,,,third_from_left,second_from_right,held_out,withhold ordinal-direction composition third_from_left,semantic_equivalent,ordering.second_from_right.2,Pick up the object that is second from the right and place it in the bowl.,6,train,[]
v1,justintiensmith/SP_Sequencing_200:137,justintiensmith/SP_Sequencing_200,1cda4c4c3c6ae1fa4b5dc6d2cf4c887bb9f1da4e,137,Pick up the green highlighter and place it into the bowl.,418,ordering,51,recovery,green_highlighter,green highlighter,object,[],"[""airplane_with_propellers"", ""blue_tape_ball"", ""green_highlighter"", ""yellow_pen""]",[],4,,,,,3,2,,,third_from_left,second_from_right,held_out,withhold ordinal-direction composition third_from_left,semantic_equivalent,ordering.second_from_right.1,Put the second object from the right in the bowl.,7,train,[]
v1,justintiensmith/SP_Sequencing_200:138,justintiensmith/SP_Sequencing_200,1cda4c4c3c6ae1fa4b5dc6d2cf4c887bb9f1da4e,138,Pick up the green highlighter and place it into the bowl.,506,ordering,51,home,green_highlighter,green highlighter,object,[],"[""airplane_with_propellers"", ""blue_tape_ball"", ""yellow_pen"", ""green_highlighter""]",[],4,,,,,4,1,,,first_from_right,fourth_from_left,held_out,withhold ordinal-direction composition first_from_right,semantic_equivalent,ordering.fourth_from_left.3,Move the fourth item counted from the left into the bowl.,8,train,[]
v1,justintiensmith/SP_Sequencing_200:139,justintiensmith/SP_Sequencing_200,1cda4c4c3c6ae1fa4b5dc6d2cf4c887bb9f1da4e,139,Pick up the green highlighter and place it into the bowl.,493,ordering,51,home,green_highlighter,green highlighter,object,[],"[""airplane_with_propellers"", ""yellow_pen"", ""blue_tape_ball"", ""green_highlighter""]",[],4,,,,,4,1,,,first_from_right,fourth_from_left,held_out,withhold ordinal-direction composition first_from_right,semantic_equivalent,ordering.fourth_from_left.1,Put the fourth object from the left in the bowl.,9,train,[]
v1,justintiensmith/SP_Sequencing_200:140,justintiensmith/SP_Sequencing_200,1cda4c4c3c6ae1fa4b5dc6d2cf4c887bb9f1da4e,140,Pick up the green highlighter and place it into the bowl.,550,ordering,51,home,green_highlighter,green highlighter,object,[],"[""blue_tape_ball"", ""airplane_with_propellers"", ""yellow_pen"", ""green_highlighter""]",[],4,,,,,4,1,,,first_from_right,fourth_from_left,held_out,withhold ordinal-direction composition first_from_right,semantic_equivalent,ordering.fourth_from_left.2,Pick up the object that is fourth from the left and place it in the bowl.,0,train,[]
v1,justintiensmith/SP_Sequencing_200:141,justintiensmith/SP_Sequencing_200,1cda4c4c3c6ae1fa4b5dc6d2cf4c887bb9f1da4e,141,Pick up the green highlighter and place it into the bowl.,506,ordering,51,home,green_highlighter,green highlighter,object,[],"[""blue_tape_ball"", ""yellow_pen"", ""airplane_with_propellers"", ""green_highlighter""]",[],4,,,,,4,1,,,first_from_right,fourth_from_left,held_out,withhold ordinal-direction composition first_from_right,semantic_equivalent,ordering.fourth_from_left.2,Pick up the object that is fourth from the left and place it in the bowl.,1,train,[]
v1,justintiensmith/SP_Sequencing_200:142,justintiensmith/SP_Sequencing_200,1cda4c4c3c6ae1fa4b5dc6d2cf4c887bb9f1da4e,142,Pick up the green highlighter and place it into the bowl.,514,ordering,51,home,green_highlighter,green highlighter,object,[],"[""yellow_pen"", ""airplane_with_propellers"", ""blue_tape_ball"", ""green_highlighter""]",[],4,,,,,4,1,,,first_from_right,fourth_from_left,held_out,withhold ordinal-direction composition first_from_right,semantic_equivalent,ordering.fourth_from_left.1,Put the fourth object from the left in the bowl.,2,train,[]
v1,justintiensmith/SP_Sequencing_200:143,justintiensmith/SP_Sequencing_200,1cda4c4c3c6ae1fa4b5dc6d2cf4c887bb9f1da4e,143,Pick up the green highlighter and place it into the bowl.,477,ordering,51,home,green_highlighter,green highlighter,object,[],"[""yellow_pen"", ""blue_tape_ball"", ""airplane_with_propellers"", ""green_highlighter""]",[],4,,,,,4,1,,,first_from_right,fourth_from_left,held_out,withhold ordinal-direction composition first_from_right,semantic_equivalent,ordering.fourth_from_left.3,Move the fourth item counted from the left into the bowl.,3,train,[]
v1,justintiensmith/SP_Sequencing_200:144,justintiensmith/SP_Sequencing_200,1cda4c4c3c6ae1fa4b5dc6d2cf4c887bb9f1da4e,144,Pick up the green highlighter and place it into the bowl.,522,ordering,51,home,green_highlighter,green highlighter,object,[],"[""airplane_with_propellers"", ""blue_tape_ball"", ""yellow_pen"", ""green_highlighter""]",[],4,,,,,4,1,,,first_from_right,fourth_from_left,held_out,withhold ordinal-direction composition first_from_right,semantic_equivalent,ordering.fourth_from_left.3,Move the fourth item counted from the left into the bowl.,4,train,[]
v1,justintiensmith/SP_Sequencing_200:145,justintiensmith/SP_Sequencing_200,1cda4c4c3c6ae1fa4b5dc6d2cf4c887bb9f1da4e,145,Pick up the green highlighter and place it into the bowl.,525,ordering,51,home,green_highlighter,green highlighter,object,[],"[""airplane_with_propellers"", ""yellow_pen"", ""blue_tape_ball"", ""green_highlighter""]",[],4,,,,,4,1,,,first_from_right,fourth_from_left,held_out,withhold ordinal-direction composition first_from_right,semantic_equivalent,ordering.fourth_from_left.2,Pick up the object that is fourth from the left and place it in the bowl.,5,train,[]
v1,justintiensmith/SP_Sequencing_200:146,justintiensmith/SP_Sequencing_200,1cda4c4c3c6ae1fa4b5dc6d2cf4c887bb9f1da4e,146,Pick up the green highlighter and place it into the bowl.,496,ordering,51,home,green_highlighter,green highlighter,object,[],"[""blue_tape_ball"", ""airplane_with_propellers"", ""yellow_pen"", ""green_highlighter""]",[],4,,,,,4,1,,,first_from_right,fourth_from_left,held_out,withhold ordinal-direction composition first_from_right,semantic_equivalent,ordering.fourth_from_left.3,Move the fourth item counted from the left into the bowl.,6,train,[]
v1,justintiensmith/SP_Sequencing_200:147,justintiensmith/SP_Sequencing_200,1cda4c4c3c6ae1fa4b5dc6d2cf4c887bb9f1da4e,147,Pick up the green highlighter and place it into the bowl.,595,ordering,51,home,green_highlighter,green highlighter,object,[],"[""blue_tape_ball"", ""yellow_pen"", ""airplane_with_propellers"", ""green_highlighter""]",[],4,,,,,4,1,,,first_from_right,fourth_from_left,held_out,withhold ordinal-direction composition first_from_right,semantic_equivalent,ordering.fourth_from_left.1,Put the fourth object from the left in the bowl.,7,train,[]
v1,justintiensmith/SP_Sequencing_200:148,justintiensmith/SP_Sequencing_200,1cda4c4c3c6ae1fa4b5dc6d2cf4c887bb9f1da4e,148,Pick up the green highlighter and place it into the bowl.,466,ordering,51,recovery,green_highlighter,green highlighter,object,[],"[""yellow_pen"", ""airplane_with_propellers"", ""blue_tape_ball"", ""green_highlighter""]",[],4,,,,,4,1,,,first_from_right,fourth_from_left,held_out,withhold ordinal-direction composition first_from_right,semantic_equivalent,ordering.fourth_from_left.2,Pick up the object that is fourth from the left and place it in the bowl.,8,train,[]
v1,justintiensmith/SP_Sequencing_200:149,justintiensmith/SP_Sequencing_200,1cda4c4c3c6ae1fa4b5dc6d2cf4c887bb9f1da4e,149,Pick up the green highlighter and place it into the bowl.,450,ordering,51,recovery,green_highlighter,green highlighter,object,[],"[""yellow_pen"", ""blue_tape_ball"", ""airplane_with_propellers"", ""green_highlighter""]",[],4,,,,,4,1,,,first_from_right,fourth_from_left,held_out,withhold ordinal-direction composition first_from_right,semantic_equivalent,ordering.fourth_from_left.2,Pick up the object that is fourth from the left and place it in the bowl.,9,train,[]
v1,justintiensmith/SP_Sequencing_200:150,justintiensmith/SP_Sequencing_200,1cda4c4c3c6ae1fa4b5dc6d2cf4c887bb9f1da4e,150,Pick up the yellow pen and place it into the bowl.,579,ordering,52,home,yellow_pen,yellow pen,object,[],"[""yellow_pen"", ""airplane_with_propellers"", ""blue_tape_ball"", ""green_highlighter""]",[],4,,,,,1,4,,,first_from_left,first_from_left,seen,,semantic_reasoning,ordering.first_from_left.3,Move the first item counted from the left into the bowl.,0,train,[]
v1,justintiensmith/SP_Sequencing_200:151,justintiensmith/SP_Sequencing_200,1cda4c4c3c6ae1fa4b5dc6d2cf4c887bb9f1da4e,151,Pick up the yellow pen and place it into the bowl.,693,ordering,52,home,yellow_pen,yellow pen,object,[],"[""yellow_pen"", ""airplane_with_propellers"", ""green_highlighter"", ""blue_tape_ball""]",[],4,,,,,1,4,,,first_from_left,fourth_from_right,seen,,semantic_reasoning,ordering.fourth_from_right.3,Move the fourth item counted from the right into the bowl.,1,train,[]
v1,justintiensmith/SP_Sequencing_200:152,justintiensmith/SP_Sequencing_200,1cda4c4c3c6ae1fa4b5dc6d2cf4c887bb9f1da4e,152,Pick up the yellow pen and place it into the bowl.,477,ordering,52,home,yellow_pen,yellow pen,object,[],"[""yellow_pen"", ""blue_tape_ball"", ""airplane_with_propellers"", ""green_highlighter""]",[],4,,,,,1,4,,,first_from_left,fourth_from_right,seen,,semantic_reasoning,ordering.fourth_from_right.1,Put the fourth object from the right in the bowl.,2,train,[]
v1,justintiensmith/SP_Sequencing_200:153,justintiensmith/SP_Sequencing_200,1cda4c4c3c6ae1fa4b5dc6d2cf4c887bb9f1da4e,153,Pick up the yellow pen and place it into the bowl.,553,ordering,52,home,yellow_pen,yellow pen,object,[],"[""yellow_pen"", ""blue_tape_ball"", ""green_highlighter"", ""airplane_with_propellers""]",[],4,,,,,1,4,,,first_from_left,first_from_left,seen,,semantic_reasoning,ordering.first_from_left.3,Move the first item counted from the left into the bowl.,3,train,[]
v1,justintiensmith/SP_Sequencing_200:154,justintiensmith/SP_Sequencing_200,1cda4c4c3c6ae1fa4b5dc6d2cf4c887bb9f1da4e,154,Pick up the yellow pen and place it into the bowl.,494,ordering,52,home,yellow_pen,yellow pen,object,[],"[""yellow_pen"", ""green_highlighter"", ""airplane_with_propellers""]",[],3,,,,,1,3,,,third_from_right,third_from_right,seen,,semantic_reasoning,ordering.third_from_right.3,Move the third item counted from the right into the bowl.,4,train,[]
v1,justintiensmith/SP_Sequencing_200:155,justintiensmith/SP_Sequencing_200,1cda4c4c3c6ae1fa4b5dc6d2cf4c887bb9f1da4e,155,Pick up the yellow pen and place it into the bowl.,499,ordering,52,home,yellow_pen,yellow pen,object,[],"[""yellow_pen"", ""green_highlighter"", ""blue_tape_ball""]",[],3,,,,,1,3,,,third_from_right,third_from_right,seen,,semantic_reasoning,ordering.third_from_right.3,Move the third item counted from the right into the bowl.,5,train,[]
v1,justintiensmith/SP_Sequencing_200:156,justintiensmith/SP_Sequencing_200,1cda4c4c3c6ae1fa4b5dc6d2cf4c887bb9f1da4e,156,Pick up the yellow pen and place it into the bowl.,610,ordering,52,home,yellow_pen,yellow pen,object,[],"[""yellow_pen"", ""airplane_with_propellers"", ""blue_tape_ball""]",[],3,,,,,1,3,,,third_from_right,third_from_right,seen,,semantic_reasoning,ordering.third_from_right.3,Move the third item counted from the right into the bowl.,6,train,[]
v1,justintiensmith/SP_Sequencing_200:157,justintiensmith/SP_Sequencing_200,1cda4c4c3c6ae1fa4b5dc6d2cf4c887bb9f1da4e,157,Pick up the yellow pen and place it into the bowl.,448,ordering,52,home,yellow_pen,yellow pen,object,[],"[""yellow_pen"", ""blue_tape_ball"", ""airplane_with_propellers""]",[],3,,,,,1,3,,,third_from_right,first_from_left,seen,,semantic_reasoning,ordering.first_from_left.1,Put the first object from the left in the bowl.,7,train,[]
v1,justintiensmith/SP_Sequencing_200:158,justintiensmith/SP_Sequencing_200,1cda4c4c3c6ae1fa4b5dc6d2cf4c887bb9f1da4e,158,Pick up the yellow pen and place it into the bowl.,604,ordering,52,home,yellow_pen,yellow pen,object,[],"[""yellow_pen"", ""airplane_with_propellers""]",[],2,,,,,1,2,,,first_from_left,second_from_right,seen,,semantic_reasoning,ordering.second_from_right.3,Move the second item counted from the right into the bowl.,8,train,[]
v1,justintiensmith/SP_Sequencing_200:159,justintiensmith/SP_Sequencing_200,1cda4c4c3c6ae1fa4b5dc6d2cf4c887bb9f1da4e,159,Pick up the yellow pen and place it into the bowl.,515,ordering,52,home,yellow_pen,yellow pen,object,[],"[""yellow_pen"", ""blue_tape_ball""]",[],2,,,,,1,2,,,first_from_left,second_from_right,seen,,semantic_reasoning,ordering.second_from_right.2,Pick up the object that is second from the right and place it in the bowl.,9,train,[]
v1,justintiensmith/SP_Sequencing_200:160,justintiensmith/SP_Sequencing_200,1cda4c4c3c6ae1fa4b5dc6d2cf4c887bb9f1da4e,160,Pick up the yellow pen and place it into the bowl.,490,ordering,52,recovery,yellow_pen,yellow pen,object,[],"[""yellow_pen"", ""green_highlighter""]",[],2,,,,,1,2,,,first_from_left,second_from_right,seen,,semantic_reasoning,ordering.second_from_right.2,Pick up the object that is second from the right and place it in the bowl.,0,train,[]
v1,justintiensmith/SP_Sequencing_200:161,justintiensmith/SP_Sequencing_200,1cda4c4c3c6ae1fa4b5dc6d2cf4c887bb9f1da4e,161,Pick up the yellow pen and place it into the bowl.,536,ordering,52,recovery,yellow_pen,yellow pen,object,[],"[""yellow_pen"", ""airplane_with_propellers""]",[],2,,,,,1,2,,,first_from_left,second_from_right,seen,,semantic_reasoning,ordering.second_from_right.2,Pick up the object that is second from the right and place it in the bowl.,1,train,[]
v1,justintiensmith/SP_Sequencing_200:162,justintiensmith/SP_Sequencing_200,1cda4c4c3c6ae1fa4b5dc6d2cf4c887bb9f1da4e,162,Pick up the yellow pen and place it into the bowl.,505,ordering,52,home,yellow_pen,yellow pen,object,[],"[""airplane_with_propellers"", ""yellow_pen"", ""blue_tape_ball"", ""green_highlighter""]",[],4,,,,,2,3,,,third_from_right,second_from_left,seen,,semantic_reasoning,ordering.second_from_left.1,Put the second object from the left in the bowl.,2,train,[]
v1,justintiensmith/SP_Sequencing_200:163,justintiensmith/SP_Sequencing_200,1cda4c4c3c6ae1fa4b5dc6d2cf4c887bb9f1da4e,163,Pick up the yellow pen and place it into the bowl.,563,ordering,52,home,yellow_pen,yellow pen,object,[],"[""airplane_with_propellers"", ""yellow_pen"", ""green_highlighter"", ""blue_tape_ball""]",[],4,,,,,2,3,,,third_from_right,second_from_left,seen,,semantic_reasoning,ordering.second_from_left.3,Move the second item counted from the left into the bowl.,3,train,[]
v1,justintiensmith/SP_Sequencing_200:164,justintiensmith/SP_Sequencing_200,1cda4c4c3c6ae1fa4b5dc6d2cf4c887bb9f1da4e,164,Pick up the yellow pen and place it into the bowl.,486,ordering,52,home,yellow_pen,yellow pen,object,[],"[""blue_tape_ball"", ""yellow_pen"", ""airplane_with_propellers"", ""green_highlighter""]",[],4,,,,,2,3,,,third_from_right,second_from_left,seen,,semantic_reasoning,ordering.second_from_left.1,Put the second object from the left in the bowl.,4,train,[]
v1,justintiensmith/SP_Sequencing_200:165,justintiensmith/SP_Sequencing_200,1cda4c4c3c6ae1fa4b5dc6d2cf4c887bb9f1da4e,165,Pick up the yellow pen and place it into the bowl.,557,ordering,52,home,yellow_pen,yellow pen,object,[],"[""blue_tape_ball"", ""yellow_pen"", ""green_highlighter"", ""airplane_with_propellers""]",[],4,,,,,2,3,,,third_from_right,second_from_left,seen,,semantic_reasoning,ordering.second_from_left.2,Pick up the object that is second from the left and place it in the bowl.,5,train,[]
v1,justintiensmith/SP_Sequencing_200:166,justintiensmith/SP_Sequencing_200,1cda4c4c3c6ae1fa4b5dc6d2cf4c887bb9f1da4e,166,Pick up the yellow pen and place it into the bowl.,695,ordering,52,home,yellow_pen,yellow pen,object,[],"[""green_highlighter"", ""yellow_pen"", ""airplane_with_propellers"", ""blue_tape_ball""]",[],4,,,,,2,3,,,third_from_right,third_from_right,seen,,semantic_reasoning,ordering.third_from_right.1,Put the third object from the right in the bowl.,6,train,[]
v1,justintiensmith/SP_Sequencing_200:167,justintiensmith/SP_Sequencing_200,1cda4c4c3c6ae1fa4b5dc6d2cf4c887bb9f1da4e,167,Pick up the yellow pen and place it into the bowl.,580,ordering,52,home,yellow_pen,yellow pen,object,[],"[""green_highlighter"", ""yellow_pen"", ""blue_tape_ball"", ""airplane_with_propellers""]",[],4,,,,,2,3,,,third_from_right,third_from_right,seen,,semantic_reasoning,ordering.third_from_right.1,Put the third object from the right in the bowl.,7,train,[]
v1,justintiensmith/SP_Sequencing_200:168,justintiensmith/SP_Sequencing_200,1cda4c4c3c6ae1fa4b5dc6d2cf4c887bb9f1da4e,168,Pick up the yellow pen and place it into the bowl.,539,ordering,52,home,yellow_pen,yellow pen,object,[],"[""airplane_with_propellers"", ""yellow_pen""]",[],2,,,,,2,1,,,first_from_right,second_from_left,held_out,withhold ordinal-direction composition first_from_right,semantic_equivalent,ordering.second_from_left.2,Pick up the object that is second from the left and place it in the bowl.,8,train,[]
v1,justintiensmith/SP_Sequencing_200:169,justintiensmith/SP_Sequencing_200,1cda4c4c3c6ae1fa4b5dc6d2cf4c887bb9f1da4e,169,Pick up the yellow pen and place it into the bowl.,639,ordering,52,home,yellow_pen,yellow pen,object,[],"[""blue_tape_ball"", ""yellow_pen""]",[],2,,,,,2,1,,,first_from_right,second_from_left,held_out,withhold ordinal-direction composition first_from_right,semantic_equivalent,ordering.second_from_left.2,Pick up the object that is second from the left and place it in the bowl.,9,train,[]
v1,justintiensmith/SP_Sequencing_200:170,justintiensmith/SP_Sequencing_200,1cda4c4c3c6ae1fa4b5dc6d2cf4c887bb9f1da4e,170,Pick up the yellow pen and place it into the bowl.,535,ordering,52,home,yellow_pen,yellow pen,object,[],"[""green_highlighter"", ""yellow_pen""]",[],2,,,,,2,1,,,first_from_right,second_from_left,held_out,withhold ordinal-direction composition first_from_right,semantic_equivalent,ordering.second_from_left.2,Pick up the object that is second from the left and place it in the bowl.,0,train,[]
v1,justintiensmith/SP_Sequencing_200:171,justintiensmith/SP_Sequencing_200,1cda4c4c3c6ae1fa4b5dc6d2cf4c887bb9f1da4e,171,Pick up the yellow pen and place it into the bowl.,576,ordering,52,home,yellow_pen,yellow pen,object,[],"[""airplane_with_propellers"", ""yellow_pen""]",[],2,,,,,2,1,,,first_from_right,second_from_left,held_out,withhold ordinal-direction composition first_from_right,semantic_equivalent,ordering.second_from_left.1,Put the second object from the left in the bowl.,1,train,[]
v1,justintiensmith/SP_Sequencing_200:172,justintiensmith/SP_Sequencing_200,1cda4c4c3c6ae1fa4b5dc6d2cf4c887bb9f1da4e,172,Pick up the yellow pen and place it into the bowl.,454,ordering,52,recovery,yellow_pen,yellow pen,object,[],"[""blue_tape_ball"", ""yellow_pen""]",[],2,,,,,2,1,,,first_from_right,second_from_left,held_out,withhold ordinal-direction composition first_from_right,semantic_equivalent,ordering.second_from_left.2,Pick up the object that is second from the left and place it in the bowl.,2,train,[]
v1,justintiensmith/SP_Sequencing_200:173,justintiensmith/SP_Sequencing_200,1cda4c4c3c6ae1fa4b5dc6d2cf4c887bb9f1da4e,173,Pick up the yellow pen and place it into the bowl.,489,ordering,52,recovery,yellow_pen,yellow pen,object,[],"[""green_highlighter"", ""yellow_pen""]",[],2,,,,,2,1,,,first_from_right,second_from_left,held_out,withhold ordinal-direction composition first_from_right,semantic_equivalent,ordering.second_from_left.3,Move the second item counted from the left into the bowl.,3,train,[]
v1,justintiensmith/SP_Sequencing_200:174,justintiensmith/SP_Sequencing_200,1cda4c4c3c6ae1fa4b5dc6d2cf4c887bb9f1da4e,174,Pick up the yellow pen and place it into the bowl.,518,ordering,52,recovery,yellow_pen,yellow pen,object,[],"[""airplane_with_propellers"", ""yellow_pen"", ""blue_tape_ball"", ""green_highlighter""]",[],4,,,,,2,3,,,third_from_right,third_from_right,seen,,semantic_reasoning,ordering.third_from_right.1,Put the third object from the right in the bowl.,4,train,[]
v1,justintiensmith/SP_Sequencing_200:175,justintiensmith/SP_Sequencing_200,1cda4c4c3c6ae1fa4b5dc6d2cf4c887bb9f1da4e,175,Pick up the yellow pen and place it into the bowl.,474,ordering,53,home,yellow_pen,yellow pen,object,[],"[""airplane_with_propellers"", ""blue_tape_ball"", ""yellow_pen"", ""green_highlighter""]",[],4,,,,,3,2,,,third_from_left,second_from_right,held_out,withhold ordinal-direction composition third_from_left,semantic_equivalent,ordering.second_from_right.3,Move the second item counted from the right into the bowl.,5,train,[]
v1,justintiensmith/SP_Sequencing_200:176,justintiensmith/SP_Sequencing_200,1cda4c4c3c6ae1fa4b5dc6d2cf4c887bb9f1da4e,176,Pick up the yellow pen and place it into the bowl.,553,ordering,53,home,yellow_pen,yellow pen,object,[],"[""airplane_with_propellers"", ""green_highlighter"", ""yellow_pen"", ""blue_tape_ball""]",[],4,,,,,3,2,,,third_from_left,second_from_right,held_out,withhold ordinal-direction composition third_from_left,semantic_equivalent,ordering.second_from_right.3,Move the second item counted from the right into the bowl.,6,train,[]
v1,justintiensmith/SP_Sequencing_200:177,justintiensmith/SP_Sequencing_200,1cda4c4c3c6ae1fa4b5dc6d2cf4c887bb9f1da4e,177,Pick up the yellow pen and place it into the bowl.,530,ordering,53,home,yellow_pen,yellow pen,object,[],"[""blue_tape_ball"", ""airplane_with_propellers"", ""yellow_pen"", ""green_highlighter""]",[],4,,,,,3,2,,,third_from_left,second_from_right,held_out,withhold ordinal-direction composition third_from_left,semantic_equivalent,ordering.second_from_right.3,Move the second item counted from the right into the bowl.,7,train,[]
v1,justintiensmith/SP_Sequencing_200:178,justintiensmith/SP_Sequencing_200,1cda4c4c3c6ae1fa4b5dc6d2cf4c887bb9f1da4e,178,Pick up the yellow pen and place it into the bowl.,548,ordering,53,home,yellow_pen,yellow pen,object,[],"[""blue_tape_ball"", ""green_highlighter"", ""yellow_pen"", ""airplane_with_propellers""]",[],4,,,,,3,2,,,third_from_left,second_from_right,held_out,withhold ordinal-direction composition third_from_left,semantic_equivalent,ordering.second_from_right.1,Put the second object from the right in the bowl.,8,train,[]
v1,justintiensmith/SP_Sequencing_200:179,justintiensmith/SP_Sequencing_200,1cda4c4c3c6ae1fa4b5dc6d2cf4c887bb9f1da4e,179,Pick up the yellow pen and place it into the bowl.,567,ordering,53,home,yellow_pen,yellow pen,object,[],"[""airplane_with_propellers"", ""blue_tape_ball"", ""yellow_pen""]",[],3,,,,,3,1,,,first_from_right,object_identity,held_out,withhold ordinal-direction composition first_from_right,identity,ordering.object_identity.3,Move the yellow pen into the bowl.,9,train,[]
v1,justintiensmith/SP_Sequencing_200:180,justintiensmith/SP_Sequencing_200,1cda4c4c3c6ae1fa4b5dc6d2cf4c887bb9f1da4e,180,Pick up the yellow pen and place it into the bowl.,593,ordering,53,home,yellow_pen,yellow pen,object,[],"[""airplane_with_propellers"", ""green_highlighter"", ""yellow_pen""]",[],3,,,,,3,1,,,first_from_right,object_identity,held_out,withhold ordinal-direction composition first_from_right,identity,ordering.object_identity.3,Move the yellow pen into the bowl.,0,train,[]
v1,justintiensmith/SP_Sequencing_200:181,justintiensmith/SP_Sequencing_200,1cda4c4c3c6ae1fa4b5dc6d2cf4c887bb9f1da4e,181,Pick up the yellow pen and place it into the bowl.,550,ordering,53,home,yellow_pen,yellow pen,object,[],"[""blue_tape_ball"", ""airplane_with_propellers"", ""yellow_pen""]",[],3,,,,,3,1,,,first_from_right,object_identity,held_out,withhold ordinal-direction composition first_from_right,identity,ordering.object_identity.1,Put the yellow pen in the bowl.,1,train,[]
v1,justintiensmith/SP_Sequencing_200:182,justintiensmith/SP_Sequencing_200,1cda4c4c3c6ae1fa4b5dc6d2cf4c887bb9f1da4e,182,Pick up the yellow pen and place it into the bowl.,544,ordering,53,home,yellow_pen,yellow pen,object,[],"[""blue_tape_ball"", ""green_highlighter"", ""yellow_pen""]",[],3,,,,,3,1,,,first_from_right,object_identity,held_out,withhold ordinal-direction composition first_from_right,identity,ordering.object_identity.1,Put the yellow pen in the bowl.,2,train,[]
v1,justintiensmith/SP_Sequencing_200:183,justintiensmith/SP_Sequencing_200,1cda4c4c3c6ae1fa4b5dc6d2cf4c887bb9f1da4e,183,Pick up the yellow pen and place it into the bowl.,541,ordering,53,home,yellow_pen,yellow pen,object,[],"[""green_highlighter"", ""airplane_with_propellers"", ""yellow_pen""]",[],3,,,,,3,1,,,first_from_right,object_identity,held_out,withhold ordinal-direction composition first_from_right,identity,ordering.object_identity.2,Pick up the yellow pen and place it in the bowl.,3,train,[]
v1,justintiensmith/SP_Sequencing_200:184,justintiensmith/SP_Sequencing_200,1cda4c4c3c6ae1fa4b5dc6d2cf4c887bb9f1da4e,184,Pick up the yellow pen and place it into the bowl.,517,ordering,53,home,yellow_pen,yellow pen,object,[],"[""green_highlighter"", ""blue_tape_ball"", ""yellow_pen""]",[],3,,,,,3,1,,,first_from_right,object_identity,held_out,withhold ordinal-direction composition first_from_right,identity,ordering.object_identity.2,Pick up the yellow pen and place it in the bowl.,4,train,[]
v1,justintiensmith/SP_Sequencing_200:185,justintiensmith/SP_Sequencing_200,1cda4c4c3c6ae1fa4b5dc6d2cf4c887bb9f1da4e,185,Pick up the yellow pen and place it into the bowl.,499,ordering,53,recovery,yellow_pen,yellow pen,object,[],"[""green_highlighter"", ""airplane_with_propellers"", ""yellow_pen"", ""blue_tape_ball""]",[],4,,,,,3,2,,,third_from_left,second_from_right,held_out,withhold ordinal-direction composition third_from_left,semantic_equivalent,ordering.second_from_right.1,Put the second object from the right in the bowl.,5,train,[]
v1,justintiensmith/SP_Sequencing_200:186,justintiensmith/SP_Sequencing_200,1cda4c4c3c6ae1fa4b5dc6d2cf4c887bb9f1da4e,186,Pick up the yellow pen and place it into the bowl.,497,ordering,53,recovery,yellow_pen,yellow pen,object,[],"[""green_highlighter"", ""blue_tape_ball"", ""yellow_pen"", ""airplane_with_propellers""]",[],4,,,,,3,2,,,third_from_left,second_from_right,held_out,withhold ordinal-direction composition third_from_left,semantic_equivalent,ordering.second_from_right.3,Move the second item counted from the right into the bowl.,6,train,[]
v1,justintiensmith/SP_Sequencing_200:187,justintiensmith/SP_Sequencing_200,1cda4c4c3c6ae1fa4b5dc6d2cf4c887bb9f1da4e,187,Pick up the yellow pen and place it into the bowl.,524,ordering,53,home,yellow_pen,yellow pen,object,[],"[""airplane_with_propellers"", ""blue_tape_ball"", ""green_highlighter"", ""yellow_pen""]",[],4,,,,,4,1,,,first_from_right,fourth_from_left,held_out,withhold ordinal-direction composition first_from_right,semantic_equivalent,ordering.fourth_from_left.1,Put the fourth object from the left in the bowl.,7,train,[]
v1,justintiensmith/SP_Sequencing_200:188,justintiensmith/SP_Sequencing_200,1cda4c4c3c6ae1fa4b5dc6d2cf4c887bb9f1da4e,188,Pick up the yellow pen and place it into the bowl.,516,ordering,53,home,yellow_pen,yellow pen,object,[],"[""airplane_with_propellers"", ""green_highlighter"", ""blue_tape_ball"", ""yellow_pen""]",[],4,,,,,4,1,,,first_from_right,fourth_from_left,held_out,withhold ordinal-direction composition first_from_right,semantic_equivalent,ordering.fourth_from_left.2,Pick up the object that is fourth from the left and place it in the bowl.,8,train,[]
v1,justintiensmith/SP_Sequencing_200:189,justintiensmith/SP_Sequencing_200,1cda4c4c3c6ae1fa4b5dc6d2cf4c887bb9f1da4e,189,Pick up the yellow pen and place it into the bowl.,618,ordering,53,home,yellow_pen,yellow pen,object,[],"[""blue_tape_ball"", ""airplane_with_propellers"", ""green_highlighter"", ""yellow_pen""]",[],4,,,,,4,1,,,first_from_right,fourth_from_left,held_out,withhold ordinal-direction composition first_from_right,semantic_equivalent,ordering.fourth_from_left.1,Put the fourth object from the left in the bowl.,9,train,[]
v1,justintiensmith/SP_Sequencing_200:190,justintiensmith/SP_Sequencing_200,1cda4c4c3c6ae1fa4b5dc6d2cf4c887bb9f1da4e,190,Pick up the yellow pen and place it into the bowl.,520,ordering,53,home,yellow_pen,yellow pen,object,[],"[""blue_tape_ball"", ""green_highlighter"", ""airplane_with_propellers"", ""yellow_pen""]",[],4,,,,,4,1,,,first_from_right,fourth_from_left,held_out,withhold ordinal-direction composition first_from_right,semantic_equivalent,ordering.fourth_from_left.3,Move the fourth item counted from the left into the bowl.,0,train,[]
v1,justintiensmith/SP_Sequencing_200:191,justintiensmith/SP_Sequencing_200,1cda4c4c3c6ae1fa4b5dc6d2cf4c887bb9f1da4e,191,Pick up the yellow pen and place it into the bowl.,543,ordering,53,home,yellow_pen,yellow pen,object,[],"[""green_highlighter"", ""airplane_with_propellers"", ""blue_tape_ball"", ""yellow_pen""]",[],4,,,,,4,1,,,first_from_right,fourth_from_left,held_out,withhold ordinal-direction composition first_from_right,semantic_equivalent,ordering.fourth_from_left.3,Move the fourth item counted from the left into the bowl.,1,train,[]
v1,justintiensmith/SP_Sequencing_200:192,justintiensmith/SP_Sequencing_200,1cda4c4c3c6ae1fa4b5dc6d2cf4c887bb9f1da4e,192,Pick up the yellow pen and place it into the bowl.,559,ordering,53,home,yellow_pen,yellow pen,object,[],"[""green_highlighter"", ""blue_tape_ball"", ""airplane_with_propellers"", ""yellow_pen""]",[],4,,,,,4,1,,,first_from_right,fourth_from_left,held_out,withhold ordinal-direction composition first_from_right,semantic_equivalent,ordering.fourth_from_left.1,Put the fourth object from the left in the bowl.,2,train,[]
v1,justintiensmith/SP_Sequencing_200:193,justintiensmith/SP_Sequencing_200,1cda4c4c3c6ae1fa4b5dc6d2cf4c887bb9f1da4e,193,Pick up the yellow pen and place it into the bowl.,496,ordering,53,home,yellow_pen,yellow pen,object,[],"[""airplane_with_propellers"", ""blue_tape_ball"", ""green_highlighter"", ""yellow_pen""]",[],4,,,,,4,1,,,first_from_right,fourth_from_left,held_out,withhold ordinal-direction composition first_from_right,semantic_equivalent,ordering.fourth_from_left.3,Move the fourth item counted from the left into the bowl.,3,train,[]
v1,justintiensmith/SP_Sequencing_200:194,justintiensmith/SP_Sequencing_200,1cda4c4c3c6ae1fa4b5dc6d2cf4c887bb9f1da4e,194,Pick up the yellow pen and place it into the bowl.,524,ordering,53,home,yellow_pen,yellow pen,object,[],"[""airplane_with_propellers"", ""green_highlighter"", ""blue_tape_ball"", ""yellow_pen""]",[],4,,,,,4,1,,,first_from_right,fourth_from_left,held_out,withhold ordinal-direction composition first_from_right,semantic_equivalent,ordering.fourth_from_left.3,Move the fourth item counted from the left into the bowl.,4,train,[]
v1,justintiensmith/SP_Sequencing_200:195,justintiensmith/SP_Sequencing_200,1cda4c4c3c6ae1fa4b5dc6d2cf4c887bb9f1da4e,195,Pick up the yellow pen and place it into the bowl.,582,ordering,53,home,yellow_pen,yellow pen,object,[],"[""blue_tape_ball"", ""airplane_with_propellers"", ""green_highlighter"", ""yellow_pen""]",[],4,,,,,4,1,,,first_from_right,fourth_from_left,held_out,withhold ordinal-direction composition first_from_right,semantic_equivalent,ordering.fourth_from_left.3,Move the fourth item counted from the left into the bowl.,5,train,[]
v1,justintiensmith/SP_Sequencing_200:196,justintiensmith/SP_Sequencing_200,1cda4c4c3c6ae1fa4b5dc6d2cf4c887bb9f1da4e,196,Pick up the yellow pen and place it into the bowl.,459,ordering,53,home,yellow_pen,yellow pen,object,[],"[""blue_tape_ball"", ""green_highlighter"", ""airplane_with_propellers"", ""yellow_pen""]",[],4,,,,,4,1,,,first_from_right,fourth_from_left,held_out,withhold ordinal-direction composition first_from_right,semantic_equivalent,ordering.fourth_from_left.2,Pick up the object that is fourth from the left and place it in the bowl.,6,train,[]
v1,justintiensmith/SP_Sequencing_200:197,justintiensmith/SP_Sequencing_200,1cda4c4c3c6ae1fa4b5dc6d2cf4c887bb9f1da4e,197,Pick up the yellow pen and place it into the bowl.,465,ordering,53,recovery,yellow_pen,yellow pen,object,[],"[""green_highlighter"", ""airplane_with_propellers"", ""blue_tape_ball"", ""yellow_pen""]",[],4,,,,,4,1,,,first_from_right,fourth_from_left,held_out,withhold ordinal-direction composition first_from_right,semantic_equivalent,ordering.fourth_from_left.1,Put the fourth object from the left in the bowl.,7,train,[]
v1,justintiensmith/SP_Sequencing_200:198,justintiensmith/SP_Sequencing_200,1cda4c4c3c6ae1fa4b5dc6d2cf4c887bb9f1da4e,198,Pick up the yellow pen and place it into the bowl.,428,ordering,54,recovery,yellow_pen,yellow pen,object,[],"[""green_highlighter"", ""blue_tape_ball"", ""airplane_with_propellers"", ""yellow_pen""]",[],4,,,,,4,1,,,first_from_right,fourth_from_left,held_out,withhold ordinal-direction composition first_from_right,semantic_equivalent,ordering.fourth_from_left.1,Put the fourth object from the left in the bowl.,8,train,[]
v1,justintiensmith/SP_Sequencing_200:199,justintiensmith/SP_Sequencing_200,1cda4c4c3c6ae1fa4b5dc6d2cf4c887bb9f1da4e,199,Pick up the yellow pen and place it into the bowl.,611,ordering,54,recovery,yellow_pen,yellow pen,object,[],"[""airplane_with_propellers"", ""blue_tape_ball"", ""green_highlighter"", ""yellow_pen""]",[],4,,,,,4,1,,,first_from_right,fourth_from_left,held_out,withhold ordinal-direction composition first_from_right,semantic_equivalent,ordering.fourth_from_left.1,Put the fourth object from the left in the bowl.,9,train,[]
v1,justintiensmith/SP_Counting_200:000,justintiensmith/SP_Counting_200,6591c0f19952e23010b7c6a0630e4d60f8714cbb,0,Move the blue pen.,421,counting,56,home,blue_pen,blue pen,object,[],"[""blue_pen"", ""yellow_block"", ""green_pencil_sharpener"", ""airplane_without_propellers""]","{""bowl"": [], ""table"": [""blue_pen"", ""yellow_block"", ""green_pencil_sharpener"", ""airplane_without_propellers""]}",4,,0,1,into,,,,,count_1,object_identity_into,held_out,withhold final-count goal 1,identity,counting.object_identity_into.3,Move the blue pen into the bowl.,0,train,[]
v1,justintiensmith/SP_Counting_200:001,justintiensmith/SP_Counting_200,6591c0f19952e23010b7c6a0630e4d60f8714cbb,1,Move the blue pen.,429,counting,56,home,blue_pen,blue pen,object,[],"[""blue_pen"", ""yellow_block"", ""green_pencil_sharpener""]","{""bowl"": [], ""table"": [""blue_pen"", ""yellow_block"", ""green_pencil_sharpener""]}",3,,0,1,into,,,,,count_1,object_identity_into,held_out,withhold final-count goal 1,identity,counting.object_identity_into.2,Pick up the blue pen and place it in the bowl.,1,train,[]
v1,justintiensmith/SP_Counting_200:002,justintiensmith/SP_Counting_200,6591c0f19952e23010b7c6a0630e4d60f8714cbb,2,Move the blue pen.,416,counting,56,home,blue_pen,blue pen,object,[],"[""blue_pen"", ""airplane_without_propellers""]","{""bowl"": [], ""table"": [""blue_pen"", ""airplane_without_propellers""]}",2,,0,1,into,,,,,count_1,object_identity_into,held_out,withhold final-count goal 1,identity,counting.object_identity_into.1,Put the blue pen in the bowl.,2,train,[]
v1,justintiensmith/SP_Counting_200:003,justintiensmith/SP_Counting_200,6591c0f19952e23010b7c6a0630e4d60f8714cbb,3,Move the blue pen.,328,counting,56,post_drop,blue_pen,blue pen,object,[],"[""blue_pen"", ""yellow_block"", ""airplane_without_propellers""]","{""bowl"": [], ""table"": [""blue_pen"", ""yellow_block"", ""airplane_without_propellers""]}",3,,0,1,into,,,,,count_1,object_identity_into,held_out,withhold final-count goal 1,identity,counting.object_identity_into.3,Move the blue pen into the bowl.,3,train,[]
v1,justintiensmith/SP_Counting_200:004,justintiensmith/SP_Counting_200,6591c0f19952e23010b7c6a0630e4d60f8714cbb,4,Move the blue pen.,409,counting,56,post_drop,blue_pen,blue pen,object,[],"[""blue_pen"", ""green_pencil_sharpener""]","{""bowl"": [], ""table"": [""blue_pen"", ""green_pencil_sharpener""]}",2,,0,1,into,,,,,count_1,object_identity_into,held_out,withhold final-count goal 1,identity,counting.object_identity_into.2,Pick up the blue pen and place it in the bowl.,4,train,[]
v1,justintiensmith/SP_Counting_200:005,justintiensmith/SP_Counting_200,6591c0f19952e23010b7c6a0630e4d60f8714cbb,5,Move the blue pen.,480,counting,56,post_drop,blue_pen,blue pen,object,[],"[""blue_pen"", ""yellow_block""]","{""bowl"": [], ""table"": [""blue_pen"", ""yellow_block""]}",2,,0,1,into,,,,,count_1,object_identity_into,held_out,withhold final-count goal 1,identity,counting.object_identity_into.2,Pick up the blue pen and place it in the bowl.,5,train,[]
v1,justintiensmith/SP_Counting_200:006,justintiensmith/SP_Counting_200,6591c0f19952e23010b7c6a0630e4d60f8714cbb,6,Move the blue pen.,397,counting,56,recovery,blue_pen,blue pen,object,[],"[""blue_pen"", ""green_pencil_sharpener"", ""airplane_without_propellers""]","{""bowl"": [], ""table"": [""blue_pen"", ""green_pencil_sharpener"", ""airplane_without_propellers""]}",3,,0,1,into,,,,,count_1,object_identity_into,held_out,withhold final-count goal 1,identity,counting.object_identity_into.3,Move the blue pen into the bowl.,6,train,[]
v1,justintiensmith/SP_Counting_200:007,justintiensmith/SP_Counting_200,6591c0f19952e23010b7c6a0630e4d60f8714cbb,7,Move the blue pen.,405,counting,56,recovery,blue_pen,blue pen,object,[],"[""blue_pen""]","{""bowl"": [], ""table"": [""blue_pen""]}",1,,0,1,into,,,,,count_1,object_identity_into,held_out,withhold final-count goal 1,identity,counting.object_identity_into.2,Pick up the blue pen and place it in the bowl.,7,train,[]
v1,justintiensmith/SP_Counting_200:008,justintiensmith/SP_Counting_200,6591c0f19952e23010b7c6a0630e4d60f8714cbb,8,Move the blue pen.,414,counting,56,home,blue_pen,blue pen,object,[],"[""yellow_block"", ""blue_pen"", ""green_pencil_sharpener"", ""airplane_without_propellers""]","{""bowl"": [""yellow_block""], ""table"": [""blue_pen"", ""green_pencil_sharpener"", ""airplane_without_propellers""]}",4,,1,2,into,,,,,count_2,count_2,seen,,semantic_reasoning,counting.count_2.1,Make the bowl contain exactly two objects.,8,train,[]
v1,justintiensmith/SP_Counting_200:009,justintiensmith/SP_Counting_200,6591c0f19952e23010b7c6a0630e4d60f8714cbb,9,Move the blue pen.,553,counting,56,home,blue_pen,blue pen,object,[],"[""green_pencil_sharpener"", ""blue_pen"", ""yellow_block""]","{""bowl"": [""green_pencil_sharpener""], ""table"": [""blue_pen"", ""yellow_block""]}",3,,1,2,into,,,,,count_2,count_2,seen,,semantic_reasoning,counting.count_2.3,Adjust the bowl so that it contains two objects.,9,train,[]
v1,justintiensmith/SP_Counting_200:010,justintiensmith/SP_Counting_200,6591c0f19952e23010b7c6a0630e4d60f8714cbb,10,Move the blue pen.,477,counting,56,home,blue_pen,blue pen,object,[],"[""airplane_without_propellers"", ""blue_pen"", ""green_pencil_sharpener""]","{""bowl"": [""airplane_without_propellers""], ""table"": [""blue_pen"", ""green_pencil_sharpener""]}",3,,1,2,into,,,,,count_2,count_2,seen,,semantic_reasoning,counting.count_2.1,Make the bowl contain exactly two objects.,0,train,[]
v1,justintiensmith/SP_Counting_200:011,justintiensmith/SP_Counting_200,6591c0f19952e23010b7c6a0630e4d60f8714cbb,11,Move the blue pen.,409,counting,56,post_drop,blue_pen,blue pen,object,[],"[""yellow_block"", ""blue_pen"", ""green_pencil_sharpener"", ""airplane_without_propellers""]","{""bowl"": [""yellow_block""], ""table"": [""blue_pen"", ""green_pencil_sharpener"", ""airplane_without_propellers""]}",4,,1,2,into,,,,,count_2,count_2,seen,,semantic_reasoning,counting.count_2.1,Make the bowl contain exactly two objects.,1,train,[]
v1,justintiensmith/SP_Counting_200:012,justintiensmith/SP_Counting_200,6591c0f19952e23010b7c6a0630e4d60f8714cbb,12,Move the blue pen.,386,counting,56,post_drop,blue_pen,blue pen,object,[],"[""green_pencil_sharpener"", ""blue_pen"", ""airplane_without_propellers""]","{""bowl"": [""green_pencil_sharpener""], ""table"": [""blue_pen"", ""airplane_without_propellers""]}",3,,1,2,into,,,,,count_2,count_2,seen,,semantic_reasoning,counting.count_2.3,Adjust the bowl so that it contains two objects.,2,train,[]
v1,justintiensmith/SP_Counting_200:013,justintiensmith/SP_Counting_200,6591c0f19952e23010b7c6a0630e4d60f8714cbb,13,Move the blue pen.,550,counting,56,post_drop,blue_pen,blue pen,object,[],"[""airplane_without_propellers"", ""blue_pen"", ""yellow_block""]","{""bowl"": [""airplane_without_propellers""], ""table"": [""blue_pen"", ""yellow_block""]}",3,,1,2,into,,,,,count_2,count_2,seen,,semantic_reasoning,counting.count_2.1,Make the bowl contain exactly two objects.,3,train,[]
v1,justintiensmith/SP_Counting_200:014,justintiensmith/SP_Counting_200,6591c0f19952e23010b7c6a0630e4d60f8714cbb,14,Move the blue pen.,358,counting,56,recovery,blue_pen,blue pen,object,[],"[""green_pencil_sharpener"", ""blue_pen"", ""airplane_without_propellers""]","{""bowl"": [""green_pencil_sharpener""], ""table"": [""blue_pen"", ""airplane_without_propellers""]}",3,,1,2,into,,,,,count_2,count_2,seen,,semantic_reasoning,counting.count_2.1,Make the bowl contain exactly two objects.,4,train,[]
v1,justintiensmith/SP_Counting_200:015,justintiensmith/SP_Counting_200,6591c0f19952e23010b7c6a0630e4d60f8714cbb,15,Move the blue pen.,382,counting,56,recovery,blue_pen,blue pen,object,[],"[""yellow_block"", ""blue_pen""]","{""bowl"": [""yellow_block""], ""table"": [""blue_pen""]}",2,,1,2,into,,,,,count_2,count_2,seen,,semantic_reasoning,counting.count_2.3,Adjust the bowl so that it contains two objects.,5,train,[]
v1,justintiensmith/SP_Counting_200:016,justintiensmith/SP_Counting_200,6591c0f19952e23010b7c6a0630e4d60f8714cbb,16,Move the blue pen.,404,counting,56,home,blue_pen,blue pen,object,[],"[""yellow_block"", ""green_pencil_sharpener"", ""blue_pen"", ""airplane_without_propellers""]","{""bowl"": [""yellow_block"", ""green_pencil_sharpener""], ""table"": [""blue_pen"", ""airplane_without_propellers""]}",4,,2,3,into,,,,,count_3,object_identity_into,held_out,withhold final-count goal 3,identity,counting.object_identity_into.2,Pick up the blue pen and place it in the bowl.,6,train,[]
v1,justintiensmith/SP_Counting_200:017,justintiensmith/SP_Counting_200,6591c0f19952e23010b7c6a0630e4d60f8714cbb,17,Move the blue pen.,432,counting,56,home,blue_pen,blue pen,object,[],"[""green_pencil_sharpener"", ""airplane_without_propellers"", ""blue_pen"", ""yellow_block""]","{""bowl"": [""green_pencil_sharpener"", ""airplane_without_propellers""], ""table"": [""blue_pen"", ""yellow_block""]}",4,,2,3,into,,,,,count_3,object_identity_into,held_out,withhold final-count goal 3,identity,counting.object_identity_into.3,Move the blue pen into the bowl.,7,train,[]
v1,justintiensmith/SP_Counting_200:018,justintiensmith/SP_Counting_200,6591c0f19952e23010b7c6a0630e4d60f8714cbb,18,Move the blue pen.,477,counting,56,home,blue_pen,blue pen,object,[],"[""yellow_block"", ""airplane_without_propellers"", ""blue_pen"", ""green_pencil_sharpener""]","{""bowl"": [""yellow_block"", ""airplane_without_propellers""], ""table"": [""blue_pen"", ""green_pencil_sharpener""]}",4,,2,3,into,,,,,count_3,object_identity_into,held_out,withhold final-count goal 3,identity,counting.object_identity_into.1,Put the blue pen in the bowl.,8,train,[]
v1,justintiensmith/SP_Counting_200:019,justintiensmith/SP_Counting_200,6591c0f19952e23010b7c6a0630e4d60f8714cbb,19,Move the blue pen.,517,counting,56,home,blue_pen,blue pen,object,[],"[""yellow_block"", ""green_pencil_sharpener"", ""blue_pen""]","{""bowl"": [""yellow_block"", ""green_pencil_sharpener""], ""table"": [""blue_pen""]}",3,,2,3,into,,,,,count_3,object_identity_into,held_out,withhold final-count goal 3,identity,counting.object_identity_into.1,Put the blue pen in the bowl.,9,train,[]
v1,justintiensmith/SP_Counting_200:020,justintiensmith/SP_Counting_200,6591c0f19952e23010b7c6a0630e4d60f8714cbb,20,Move the blue pen.,424,counting,56,post_drop,blue_pen,blue pen,object,[],"[""green_pencil_sharpener"", ""airplane_without_propellers"", ""blue_pen"", ""yellow_block""]","{""bowl"": [""green_pencil_sharpener"", ""airplane_without_propellers""], ""table"": [""blue_pen"", ""yellow_block""]}",4,,2,3,into,,,,,count_3,object_identity_into,held_out,withhold final-count goal 3,identity,counting.object_identity_into.3,Move the blue pen into the bowl.,0,train,[]
v1,justintiensmith/SP_Counting_200:021,justintiensmith/SP_Counting_200,6591c0f19952e23010b7c6a0630e4d60f8714cbb,21,Move the blue pen.,513,counting,56,post_drop,blue_pen,blue pen,object,[],"[""yellow_block"", ""airplane_without_propellers"", ""blue_pen"", ""green_pencil_sharpener""]","{""bowl"": [""yellow_block"", ""airplane_without_propellers""], ""table"": [""blue_pen"", ""green_pencil_sharpener""]}",4,,2,3,into,,,,,count_3,object_identity_into,held_out,withhold final-count goal 3,identity,counting.object_identity_into.1,Put the blue pen in the bowl.,1,train,[]
v1,justintiensmith/SP_Counting_200:022,justintiensmith/SP_Counting_200,6591c0f19952e23010b7c6a0630e4d60f8714cbb,22,Move the blue pen.,388,counting,56,post_drop,blue_pen,blue pen,object,[],"[""yellow_block"", ""green_pencil_sharpener"", ""blue_pen"", ""airplane_without_propellers""]","{""bowl"": [""yellow_block"", ""green_pencil_sharpener""], ""table"": [""blue_pen"", ""airplane_without_propellers""]}",4,,2,3,into,,,,,count_3,object_identity_into,held_out,withhold final-count goal 3,identity,counting.object_identity_into.1,Put the blue pen in the bowl.,2,train,[]
v1,justintiensmith/SP_Counting_200:023,justintiensmith/SP_Counting_200,6591c0f19952e23010b7c6a0630e4d60f8714cbb,23,Move the blue pen.,484,counting,56,post_drop,blue_pen,blue pen,object,[],"[""green_pencil_sharpener"", ""airplane_without_propellers"", ""blue_pen""]","{""bowl"": [""green_pencil_sharpener"", ""airplane_without_propellers""], ""table"": [""blue_pen""]}",3,,2,3,into,,,,,count_3,object_identity_into,held_out,withhold final-count goal 3,identity,counting.object_identity_into.2,Pick up the blue pen and place it in the bowl.,3,train,[]
v1,justintiensmith/SP_Counting_200:024,justintiensmith/SP_Counting_200,6591c0f19952e23010b7c6a0630e4d60f8714cbb,24,Move the blue pen.,483,counting,56,recovery,blue_pen,blue pen,object,[],"[""yellow_block"", ""airplane_without_propellers"", ""blue_pen""]","{""bowl"": [""yellow_block"", ""airplane_without_propellers""], ""table"": [""blue_pen""]}",3,,2,3,into,,,,,count_3,object_identity_into,held_out,withhold final-count goal 3,identity,counting.object_identity_into.1,Put the blue pen in the bowl.,4,train,[]
v1,justintiensmith/SP_Counting_200:025,justintiensmith/SP_Counting_200,6591c0f19952e23010b7c6a0630e4d60f8714cbb,25,Move the blue pen.,507,counting,57,home,blue_pen,blue pen,object,[],"[""blue_pen"", ""yellow_block"", ""green_pencil_sharpener"", ""airplane_without_propellers""]","{""bowl"": [""blue_pen""], ""table"": [""yellow_block"", ""green_pencil_sharpener"", ""airplane_without_propellers""]}",4,,1,0,out,,,,,count_0,count_0,seen,,semantic_reasoning,counting.count_0.1,Make the bowl contain exactly zero objects.,5,train,[]
v1,justintiensmith/SP_Counting_200:026,justintiensmith/SP_Counting_200,6591c0f19952e23010b7c6a0630e4d60f8714cbb,26,Move the blue pen.,535,counting,57,home,blue_pen,blue pen,object,[],"[""blue_pen"", ""green_pencil_sharpener"", ""airplane_without_propellers""]","{""bowl"": [""blue_pen""], ""table"": [""green_pencil_sharpener"", ""airplane_without_propellers""]}",3,,1,0,out,,,,,count_0,count_0,seen,,semantic_reasoning,counting.count_0.3,Adjust the bowl so that it contains zero objects.,6,train,[]
v1,justintiensmith/SP_Counting_200:027,justintiensmith/SP_Counting_200,6591c0f19952e23010b7c6a0630e4d60f8714cbb,27,Move the blue pen.,438,counting,57,post_drop,blue_pen,blue pen,object,[],"[""blue_pen"", ""yellow_block"", ""green_pencil_sharpener""]","{""bowl"": [""blue_pen""], ""table"": [""yellow_block"", ""green_pencil_sharpener""]}",3,,1,0,out,,,,,count_0,count_0,seen,,semantic_reasoning,counting.count_0.3,Adjust the bowl so that it contains zero objects.,7,train,[]
v1,justintiensmith/SP_Counting_200:028,justintiensmith/SP_Counting_200,6591c0f19952e23010b7c6a0630e4d60f8714cbb,28,Move the blue pen.,416,counting,57,post_drop,blue_pen,blue pen,object,[],"[""blue_pen"", ""airplane_without_propellers""]","{""bowl"": [""blue_pen""], ""table"": [""airplane_without_propellers""]}",2,,1,0,out,,,,,count_0,count_0,seen,,semantic_reasoning,counting.count_0.2,Leave no objects in the bowl.,8,train,[]
v1,justintiensmith/SP_Counting_200:029,justintiensmith/SP_Counting_200,6591c0f19952e23010b7c6a0630e4d60f8714cbb,29,Move the blue pen.,425,counting,57,recovery,blue_pen,blue pen,object,[],"[""blue_pen"", ""yellow_block"", ""airplane_without_propellers""]","{""bowl"": [""blue_pen""], ""table"": [""yellow_block"", ""airplane_without_propellers""]}",3,,1,0,out,,,,,count_0,count_0,seen,,semantic_reasoning,counting.count_0.2,Leave no objects in the bowl.,9,train,[]
v1,justintiensmith/SP_Counting_200:030,justintiensmith/SP_Counting_200,6591c0f19952e23010b7c6a0630e4d60f8714cbb,30,Move the blue pen.,375,counting,57,recovery,blue_pen,blue pen,object,[],"[""blue_pen""]","{""bowl"": [""blue_pen""], ""table"": []}",1,,1,0,out,,,,,count_0,count_0,seen,,semantic_reasoning,counting.count_0.3,Adjust the bowl so that it contains zero objects.,0,train,[]
v1,justintiensmith/SP_Counting_200:031,justintiensmith/SP_Counting_200,6591c0f19952e23010b7c6a0630e4d60f8714cbb,31,Move the blue pen.,552,counting,57,home,blue_pen,blue pen,object,[],"[""blue_pen"", ""yellow_block"", ""green_pencil_sharpener"", ""airplane_without_propellers""]","{""bowl"": [""blue_pen"", ""yellow_block""], ""table"": [""green_pencil_sharpener"", ""airplane_without_propellers""]}",4,,2,1,out,,,,,count_1,object_identity_out,held_out,withhold final-count goal 1,identity,counting.object_identity_out.2,Remove the blue pen from the bowl.,1,train,[]
v1,justintiensmith/SP_Counting_200:032,justintiensmith/SP_Counting_200,6591c0f19952e23010b7c6a0630e4d60f8714cbb,32,Move the blue pen.,484,counting,57,home,blue_pen,blue pen,object,[],"[""blue_pen"", ""green_pencil_sharpener"", ""yellow_block""]","{""bowl"": [""blue_pen"", ""green_pencil_sharpener""], ""table"": [""yellow_block""]}",3,,2,1,out,,,,,count_1,object_identity_out,held_out,withhold final-count goal 1,identity,counting.object_identity_out.2,Remove the blue pen from the bowl.,2,train,[]
v1,justintiensmith/SP_Counting_200:033,justintiensmith/SP_Counting_200,6591c0f19952e23010b7c6a0630e4d60f8714cbb,33,Move the blue pen.,552,counting,57,home,blue_pen,blue pen,object,[],"[""blue_pen"", ""airplane_without_propellers"", ""green_pencil_sharpener""]","{""bowl"": [""blue_pen"", ""airplane_without_propellers""], ""table"": [""green_pencil_sharpener""]}",3,,2,1,out,,,,,count_1,object_identity_out,held_out,withhold final-count goal 1,identity,counting.object_identity_out.1,Take the blue pen out of the bowl.,3,train,[]
v1,justintiensmith/SP_Counting_200:034,justintiensmith/SP_Counting_200,6591c0f19952e23010b7c6a0630e4d60f8714cbb,34,Move the blue pen.,413,counting,57,post_drop,blue_pen,blue pen,object,[],"[""blue_pen"", ""yellow_block"", ""airplane_without_propellers""]","{""bowl"": [""blue_pen"", ""yellow_block""], ""table"": [""airplane_without_propellers""]}",3,,2,1,out,,,,,count_1,object_identity_out,held_out,withhold final-count goal 1,identity,counting.object_identity_out.1,Take the blue pen out of the bowl.,4,train,[]
v1,justintiensmith/SP_Counting_200:035,justintiensmith/SP_Counting_200,6591c0f19952e23010b7c6a0630e4d60f8714cbb,35,Move the blue pen.,430,counting,57,post_drop,blue_pen,blue pen,object,[],"[""blue_pen"", ""green_pencil_sharpener"", ""yellow_block"", ""airplane_without_propellers""]","{""bowl"": [""blue_pen"", ""green_pencil_sharpener""], ""table"": [""yellow_block"", ""airplane_without_propellers""]}",4,,2,1,out,,,,,count_1,object_identity_out,held_out,withhold final-count goal 1,identity,counting.object_identity_out.3,Move the blue pen from the bowl to the table.,5,train,[]
v1,justintiensmith/SP_Counting_200:036,justintiensmith/SP_Counting_200,6591c0f19952e23010b7c6a0630e4d60f8714cbb,36,Move the blue pen.,472,counting,57,recovery,blue_pen,blue pen,object,[],"[""blue_pen"", ""airplane_without_propellers""]","{""bowl"": [""blue_pen"", ""airplane_without_propellers""], ""table"": []}",2,,2,1,out,,,,,count_1,object_identity_out,held_out,withhold final-count goal 1,identity,counting.object_identity_out.2,Remove the blue pen from the bowl.,6,train,[]
v1,justintiensmith/SP_Counting_200:037,justintiensmith/SP_Counting_200,6591c0f19952e23010b7c6a0630e4d60f8714cbb,37,Move the blue pen.,593,counting,57,home,blue_pen,blue pen,object,[],"[""blue_pen"", ""yellow_block"", ""green_pencil_sharpener"", ""airplane_without_propellers""]","{""bowl"": [""blue_pen"", ""yellow_block"", ""green_pencil_sharpener""], ""table"": [""airplane_without_propellers""]}",4,,3,2,out,,,,,count_2,count_2,seen,,semantic_reasoning,counting.count_2.1,Make the bowl contain exactly two objects.,7,train,[]
v1,justintiensmith/SP_Counting_200:038,justintiensmith/SP_Counting_200,6591c0f19952e23010b7c6a0630e4d60f8714cbb,38,Move the blue pen.,534,counting,57,home,blue_pen,blue pen,object,[],"[""blue_pen"", ""green_pencil_sharpener"", ""airplane_without_propellers"", ""yellow_block""]","{""bowl"": [""blue_pen"", ""green_pencil_sharpener"", ""airplane_without_propellers""], ""table"": [""yellow_block""]}",4,,3,2,out,,,,,count_2,count_2,seen,,semantic_reasoning,counting.count_2.1,Make the bowl contain exactly two objects.,8,train,[]
v1,justintiensmith/SP_Counting_200:039,justintiensmith/SP_Counting_200,6591c0f19952e23010b7c6a0630e4d60f8714cbb,39,Move the blue pen.,494,counting,57,post_drop,blue_pen,blue pen,object,[],"[""blue_pen"", ""yellow_block"", ""airplane_without_propellers"", ""green_pencil_sharpener""]","{""bowl"": [""blue_pen"", ""yellow_block"", ""airplane_without_propellers""], ""table"": [""green_pencil_sharpener""]}",4,,3,2,out,,,,,count_2,count_2,seen,,semantic_reasoning,counting.count_2.1,Make the bowl contain exactly two objects.,9,train,[]
v1,justintiensmith/SP_Counting_200:040,justintiensmith/SP_Counting_200,6591c0f19952e23010b7c6a0630e4d60f8714cbb,40,Move the blue pen.,515,counting,57,post_drop,blue_pen,blue pen,object,[],"[""blue_pen"", ""yellow_block"", ""green_pencil_sharpener""]","{""bowl"": [""blue_pen"", ""yellow_block"", ""green_pencil_sharpener""], ""table"": []}",3,,3,2,out,,,,,count_2,count_2,seen,,semantic_reasoning,counting.count_2.3,Adjust the bowl so that it contains two objects.,0,train,[]
v1,justintiensmith/SP_Counting_200:041,justintiensmith/SP_Counting_200,6591c0f19952e23010b7c6a0630e4d60f8714cbb,41,Move the blue pen.,319,counting,57,post_drop,blue_pen,blue pen,object,[],"[""blue_pen"", ""green_pencil_sharpener"", ""airplane_without_propellers""]","{""bowl"": [""blue_pen"", ""green_pencil_sharpener"", ""airplane_without_propellers""], ""table"": []}",3,,3,2,out,,,,,count_2,count_2,seen,,semantic_reasoning,counting.count_2.2,Leave exactly two objects in the bowl.,1,train,[]
v1,justintiensmith/SP_Counting_200:042,justintiensmith/SP_Counting_200,6591c0f19952e23010b7c6a0630e4d60f8714cbb,42,Move the blue pen.,449,counting,57,recovery,blue_pen,blue pen,object,[],"[""blue_pen"", ""yellow_block"", ""airplane_without_propellers""]","{""bowl"": [""blue_pen"", ""yellow_block"", ""airplane_without_propellers""], ""table"": []}",3,,3,2,out,,,,,count_2,count_2,seen,,semantic_reasoning,counting.count_2.1,Make the bowl contain exactly two objects.,2,train,[]
v1,justintiensmith/SP_Counting_200:043,justintiensmith/SP_Counting_200,6591c0f19952e23010b7c6a0630e4d60f8714cbb,43,Move the blue pen.,435,counting,57,home,blue_pen,blue pen,object,[],"[""blue_pen"", ""yellow_block"", ""green_pencil_sharpener"", ""airplane_without_propellers""]","{""bowl"": [""blue_pen"", ""yellow_block"", ""green_pencil_sharpener"", ""airplane_without_propellers""], ""table"": []}",4,,4,3,out,,,,,count_3,object_identity_out,held_out,withhold final-count goal 3,identity,counting.object_identity_out.1,Take the blue pen out of the bowl.,3,train,[]
v1,justintiensmith/SP_Counting_200:044,justintiensmith/SP_Counting_200,6591c0f19952e23010b7c6a0630e4d60f8714cbb,44,Move the blue pen.,532,counting,57,home,blue_pen,blue pen,object,[],"[""blue_pen"", ""yellow_block"", ""green_pencil_sharpener"", ""airplane_without_propellers""]","{""bowl"": [""blue_pen"", ""yellow_block"", ""green_pencil_sharpener"", ""airplane_without_propellers""], ""table"": []}",4,,4,3,out,,,,,count_3,object_identity_out,held_out,withhold final-count goal 3,identity,counting.object_identity_out.3,Move the blue pen from the bowl to the table.,4,train,[]
v1,justintiensmith/SP_Counting_200:045,justintiensmith/SP_Counting_200,6591c0f19952e23010b7c6a0630e4d60f8714cbb,45,Move the blue pen.,542,counting,57,home,blue_pen,blue pen,object,[],"[""blue_pen"", ""yellow_block"", ""green_pencil_sharpener"", ""airplane_without_propellers""]","{""bowl"": [""blue_pen"", ""yellow_block"", ""green_pencil_sharpener"", ""airplane_without_propellers""], ""table"": []}",4,,4,3,out,,,,,count_3,object_identity_out,held_out,withhold final-count goal 3,identity,counting.object_identity_out.1,Take the blue pen out of the bowl.,5,train,[]
v1,justintiensmith/SP_Counting_200:046,justintiensmith/SP_Counting_200,6591c0f19952e23010b7c6a0630e4d60f8714cbb,46,Move the blue pen.,487,counting,57,post_drop,blue_pen,blue pen,object,[],"[""blue_pen"", ""yellow_block"", ""green_pencil_sharpener"", ""airplane_without_propellers""]","{""bowl"": [""blue_pen"", ""yellow_block"", ""green_pencil_sharpener"", ""airplane_without_propellers""], ""table"": []}",4,,4,3,out,,,,,count_3,object_identity_out,held_out,withhold final-count goal 3,identity,counting.object_identity_out.1,Take the blue pen out of the bowl.,6,train,[]
v1,justintiensmith/SP_Counting_200:047,justintiensmith/SP_Counting_200,6591c0f19952e23010b7c6a0630e4d60f8714cbb,47,Move the blue pen.,288,counting,57,post_drop,blue_pen,blue pen,object,[],"[""blue_pen"", ""yellow_block"", ""green_pencil_sharpener"", ""airplane_without_propellers""]","{""bowl"": [""blue_pen"", ""yellow_block"", ""green_pencil_sharpener"", ""airplane_without_propellers""], ""table"": []}",4,,4,3,out,,,,,count_3,object_identity_out,held_out,withhold final-count goal 3,identity,counting.object_identity_out.2,Remove the blue pen from the bowl.,7,train,[]
v1,justintiensmith/SP_Counting_200:048,justintiensmith/SP_Counting_200,6591c0f19952e23010b7c6a0630e4d60f8714cbb,48,Move the blue pen.,469,counting,57,post_drop,blue_pen,blue pen,object,[],"[""blue_pen"", ""yellow_block"", ""green_pencil_sharpener"", ""airplane_without_propellers""]","{""bowl"": [""blue_pen"", ""yellow_block"", ""green_pencil_sharpener"", ""airplane_without_propellers""], ""table"": []}",4,,4,3,out,,,,,count_3,object_identity_out,held_out,withhold final-count goal 3,identity,counting.object_identity_out.3,Move the blue pen from the bowl to the table.,8,train,[]
v1,justintiensmith/SP_Counting_200:049,justintiensmith/SP_Counting_200,6591c0f19952e23010b7c6a0630e4d60f8714cbb,49,Move the blue pen.,536,counting,57,recovery,blue_pen,blue pen,object,[],"[""blue_pen"", ""yellow_block"", ""green_pencil_sharpener"", ""airplane_without_propellers""]","{""bowl"": [""blue_pen"", ""yellow_block"", ""green_pencil_sharpener"", ""airplane_without_propellers""], ""table"": []}",4,,4,3,out,,,,,count_3,object_identity_out,held_out,withhold final-count goal 3,identity,counting.object_identity_out.3,Move the blue pen from the bowl to the table.,9,train,[]
v1,justintiensmith/SP_Counting_200:050,justintiensmith/SP_Counting_200,6591c0f19952e23010b7c6a0630e4d60f8714cbb,50,Move the yellow block.,442,counting,57,home,yellow_block,yellow block,object,[],"[""yellow_block"", ""green_pencil_sharpener"", ""airplane_without_propellers"", ""blue_pen""]","{""bowl"": [], ""table"": [""yellow_block"", ""green_pencil_sharpener"", ""airplane_without_propellers"", ""blue_pen""]}",4,,0,1,into,,,,,count_1,object_identity_into,held_out,withhold final-count goal 1,identity,counting.object_identity_into.3,Move the yellow block into the bowl.,0,train,[]
v1,justintiensmith/SP_Counting_200:051,justintiensmith/SP_Counting_200,6591c0f19952e23010b7c6a0630e4d60f8714cbb,51,Move the yellow block.,504,counting,58,home,yellow_block,yellow block,object,[],"[""yellow_block"", ""green_pencil_sharpener"", ""airplane_without_propellers""]","{""bowl"": [], ""table"": [""yellow_block"", ""green_pencil_sharpener"", ""airplane_without_propellers""]}",3,,0,1,into,,,,,count_1,object_identity_into,held_out,withhold final-count goal 1,identity,counting.object_identity_into.1,Put the yellow block in the bowl.,1,train,[]
v1,justintiensmith/SP_Counting_200:052,justintiensmith/SP_Counting_200,6591c0f19952e23010b7c6a0630e4d60f8714cbb,52,Move the yellow block.,481,counting,58,home,yellow_block,yellow block,object,[],"[""yellow_block"", ""blue_pen""]","{""bowl"": [], ""table"": [""yellow_block"", ""blue_pen""]}",2,,0,1,into,,,,,count_1,object_identity_into,held_out,withhold final-count goal 1,identity,counting.object_identity_into.1,Put the yellow block in the bowl.,2,train,[]
v1,justintiensmith/SP_Counting_200:053,justintiensmith/SP_Counting_200,6591c0f19952e23010b7c6a0630e4d60f8714cbb,53,Move the yellow block.,440,counting,58,post_drop,yellow_block,yellow block,object,[],"[""yellow_block"", ""green_pencil_sharpener"", ""blue_pen""]","{""bowl"": [], ""table"": [""yellow_block"", ""green_pencil_sharpener"", ""blue_pen""]}",3,,0,1,into,,,,,count_1,object_identity_into,held_out,withhold final-count goal 1,identity,counting.object_identity_into.1,Put the yellow block in the bowl.,3,train,[]
v1,justintiensmith/SP_Counting_200:054,justintiensmith/SP_Counting_200,6591c0f19952e23010b7c6a0630e4d60f8714cbb,54,Move the yellow block.,476,counting,58,post_drop,yellow_block,yellow block,object,[],"[""yellow_block"", ""airplane_without_propellers""]","{""bowl"": [], ""table"": [""yellow_block"", ""airplane_without_propellers""]}",2,,0,1,into,,,,,count_1,object_identity_into,held_out,withhold final-count goal 1,identity,counting.object_identity_into.3,Move the yellow block into the bowl.,4,train,[]
v1,justintiensmith/SP_Counting_200:055,justintiensmith/SP_Counting_200,6591c0f19952e23010b7c6a0630e4d60f8714cbb,55,Move the yellow block.,498,counting,58,post_drop,yellow_block,yellow block,object,[],"[""yellow_block"", ""green_pencil_sharpener""]","{""bowl"": [], ""table"": [""yellow_block"", ""green_pencil_sharpener""]}",2,,0,1,into,,,,,count_1,object_identity_into,held_out,withhold final-count goal 1,identity,counting.object_identity_into.2,Pick up the yellow block and place it in the bowl.,5,train,[]
v1,justintiensmith/SP_Counting_200:056,justintiensmith/SP_Counting_200,6591c0f19952e23010b7c6a0630e4d60f8714cbb,56,Move the yellow block.,391,counting,58,recovery,yellow_block,yellow block,object,[],"[""yellow_block"", ""airplane_without_propellers"", ""blue_pen""]","{""bowl"": [], ""table"": [""yellow_block"", ""airplane_without_propellers"", ""blue_pen""]}",3,,0,1,into,,,,,count_1,object_identity_into,held_out,withhold final-count goal 1,identity,counting.object_identity_into.2,Pick up the yellow block and place it in the bowl.,6,train,[]
v1,justintiensmith/SP_Counting_200:057,justintiensmith/SP_Counting_200,6591c0f19952e23010b7c6a0630e4d60f8714cbb,57,Move the yellow block.,427,counting,58,recovery,yellow_block,yellow block,object,[],"[""yellow_block""]","{""bowl"": [], ""table"": [""yellow_block""]}",1,,0,1,into,,,,,count_1,object_identity_into,held_out,withhold final-count goal 1,identity,counting.object_identity_into.2,Pick up the yellow block and place it in the bowl.,7,train,[]
v1,justintiensmith/SP_Counting_200:058,justintiensmith/SP_Counting_200,6591c0f19952e23010b7c6a0630e4d60f8714cbb,58,Move the yellow block.,629,counting,58,home,yellow_block,yellow block,object,[],"[""green_pencil_sharpener"", ""yellow_block"", ""airplane_without_propellers"", ""blue_pen""]","{""bowl"": [""green_pencil_sharpener""], ""table"": [""yellow_block"", ""airplane_without_propellers"", ""blue_pen""]}",4,,1,2,into,,,,,count_2,count_2,seen,,semantic_reasoning,counting.count_2.3,Adjust the bowl so that it contains two objects.,8,train,[]
v1,justintiensmith/SP_Counting_200:059,justintiensmith/SP_Counting_200,6591c0f19952e23010b7c6a0630e4d60f8714cbb,59,Move the yellow block.,547,counting,58,home,yellow_block,yellow block,object,[],"[""airplane_without_propellers"", ""yellow_block"", ""green_pencil_sharpener""]","{""bowl"": [""airplane_without_propellers""], ""table"": [""yellow_block"", ""green_pencil_sharpener""]}",3,,1,2,into,,,,,count_2,count_2,seen,,semantic_reasoning,counting.count_2.3,Adjust the bowl so that it contains two objects.,9,train,[]
v1,justintiensmith/SP_Counting_200:060,justintiensmith/SP_Counting_200,6591c0f19952e23010b7c6a0630e4d60f8714cbb,60,Move the yellow block.,491,counting,58,home,yellow_block,yellow block,object,[],"[""blue_pen"", ""yellow_block"", ""airplane_without_propellers""]","{""bowl"": [""blue_pen""], ""table"": [""yellow_block"", ""airplane_without_propellers""]}",3,,1,2,into,,,,,count_2,count_2,seen,,semantic_reasoning,counting.count_2.3,Adjust the bowl so that it contains two objects.,0,train,[]
v1,justintiensmith/SP_Counting_200:061,justintiensmith/SP_Counting_200,6591c0f19952e23010b7c6a0630e4d60f8714cbb,61,Move the yellow block.,437,counting,58,post_drop,yellow_block,yellow block,object,[],"[""green_pencil_sharpener"", ""yellow_block"", ""airplane_without_propellers"", ""blue_pen""]","{""bowl"": [""green_pencil_sharpener""], ""table"": [""yellow_block"", ""airplane_without_propellers"", ""blue_pen""]}",4,,1,2,into,,,,,count_2,count_2,seen,,semantic_reasoning,counting.count_2.2,Leave exactly two objects in the bowl.,1,train,[]
v1,justintiensmith/SP_Counting_200:062,justintiensmith/SP_Counting_200,6591c0f19952e23010b7c6a0630e4d60f8714cbb,62,Move the yellow block.,571,counting,58,post_drop,yellow_block,yellow block,object,[],"[""airplane_without_propellers"", ""yellow_block"", ""blue_pen""]","{""bowl"": [""airplane_without_propellers""], ""table"": [""yellow_block"", ""blue_pen""]}",3,,1,2,into,,,,,count_2,count_2,seen,,semantic_reasoning,counting.count_2.1,Make the bowl contain exactly two objects.,2,train,[]
v1,justintiensmith/SP_Counting_200:063,justintiensmith/SP_Counting_200,6591c0f19952e23010b7c6a0630e4d60f8714cbb,63,Move the yellow block.,556,counting,58,post_drop,yellow_block,yellow block,object,[],"[""blue_pen"", ""yellow_block"", ""green_pencil_sharpener""]","{""bowl"": [""blue_pen""], ""table"": [""yellow_block"", ""green_pencil_sharpener""]}",3,,1,2,into,,,,,count_2,count_2,seen,,semantic_reasoning,counting.count_2.1,Make the bowl contain exactly two objects.,3,train,[]
v1,justintiensmith/SP_Counting_200:064,justintiensmith/SP_Counting_200,6591c0f19952e23010b7c6a0630e4d60f8714cbb,64,Move the yellow block.,497,counting,58,recovery,yellow_block,yellow block,object,[],"[""airplane_without_propellers"", ""yellow_block"", ""blue_pen""]","{""bowl"": [""airplane_without_propellers""], ""table"": [""yellow_block"", ""blue_pen""]}",3,,1,2,into,,,,,count_2,count_2,seen,,semantic_reasoning,counting.count_2.2,Leave exactly two objects in the bowl.,4,train,[]
v1,justintiensmith/SP_Counting_200:065,justintiensmith/SP_Counting_200,6591c0f19952e23010b7c6a0630e4d60f8714cbb,65,Move the yellow block.,465,counting,58,recovery,yellow_block,yellow block,object,[],"[""green_pencil_sharpener"", ""yellow_block""]","{""bowl"": [""green_pencil_sharpener""], ""table"": [""yellow_block""]}",2,,1,2,into,,,,,count_2,count_2,seen,,semantic_reasoning,counting.count_2.1,Make the bowl contain exactly two objects.,5,train,[]
v1,justintiensmith/SP_Counting_200:066,justintiensmith/SP_Counting_200,6591c0f19952e23010b7c6a0630e4d60f8714cbb,66,Move the yellow block.,530,counting,58,home,yellow_block,yellow block,object,[],"[""green_pencil_sharpener"", ""airplane_without_propellers"", ""yellow_block"", ""blue_pen""]","{""bowl"": [""green_pencil_sharpener"", ""airplane_without_propellers""], ""table"": [""yellow_block"", ""blue_pen""]}",4,,2,3,into,,,,,count_3,object_identity_into,held_out,withhold final-count goal 3,identity,counting.object_identity_into.1,Put the yellow block in the bowl.,6,train,[]
v1,justintiensmith/SP_Counting_200:067,justintiensmith/SP_Counting_200,6591c0f19952e23010b7c6a0630e4d60f8714cbb,67,Move the yellow block.,559,counting,58,home,yellow_block,yellow block,object,[],"[""airplane_without_propellers"", ""blue_pen"", ""yellow_block"", ""green_pencil_sharpener""]","{""bowl"": [""airplane_without_propellers"", ""blue_pen""], ""table"": [""yellow_block"", ""green_pencil_sharpener""]}",4,,2,3,into,,,,,count_3,object_identity_into,held_out,withhold final-count goal 3,identity,counting.object_identity_into.1,Put the yellow block in the bowl.,7,train,[]
v1,justintiensmith/SP_Counting_200:068,justintiensmith/SP_Counting_200,6591c0f19952e23010b7c6a0630e4d60f8714cbb,68,Move the yellow block.,538,counting,58,home,yellow_block,yellow block,object,[],"[""green_pencil_sharpener"", ""blue_pen"", ""yellow_block"", ""airplane_without_propellers""]","{""bowl"": [""green_pencil_sharpener"", ""blue_pen""], ""table"": [""yellow_block"", ""airplane_without_propellers""]}",4,,2,3,into,,,,,count_3,object_identity_into,held_out,withhold final-count goal 3,identity,counting.object_identity_into.2,Pick up the yellow block and place it in the bowl.,8,train,[]
v1,justintiensmith/SP_Counting_200:069,justintiensmith/SP_Counting_200,6591c0f19952e23010b7c6a0630e4d60f8714cbb,69,Move the yellow block.,532,counting,58,home,yellow_block,yellow block,object,[],"[""green_pencil_sharpener"", ""airplane_without_propellers"", ""yellow_block""]","{""bowl"": [""green_pencil_sharpener"", ""airplane_without_propellers""], ""table"": [""yellow_block""]}",3,,2,3,into,,,,,count_3,object_identity_into,held_out,withhold final-count goal 3,identity,counting.object_identity_into.1,Put the yellow block in the bowl.,9,train,[]
v1,justintiensmith/SP_Counting_200:070,justintiensmith/SP_Counting_200,6591c0f19952e23010b7c6a0630e4d60f8714cbb,70,Move the yellow block.,426,counting,58,post_drop,yellow_block,yellow block,object,[],"[""airplane_without_propellers"", ""blue_pen"", ""yellow_block"", ""green_pencil_sharpener""]","{""bowl"": [""airplane_without_propellers"", ""blue_pen""], ""table"": [""yellow_block"", ""green_pencil_sharpener""]}",4,,2,3,into,,,,,count_3,object_identity_into,held_out,withhold final-count goal 3,identity,counting.object_identity_into.2,Pick up the yellow block and place it in the bowl.,0,train,[]
v1,justintiensmith/SP_Counting_200:071,justintiensmith/SP_Counting_200,6591c0f19952e23010b7c6a0630e4d60f8714cbb,71,Move the yellow block.,401,counting,58,post_drop,yellow_block,yellow block,object,[],"[""green_pencil_sharpener"", ""blue_pen"", ""yellow_block"", ""airplane_without_propellers""]","{""bowl"": [""green_pencil_sharpener"", ""blue_pen""], ""table"": [""yellow_block"", ""airplane_without_propellers""]}",4,,2,3,into,,,,,count_3,object_identity_into,held_out,withhold final-count goal 3,identity,counting.object_identity_into.2,Pick up the yellow block and place it in the bowl.,1,train,[]
v1,justintiensmith/SP_Counting_200:072,justintiensmith/SP_Counting_200,6591c0f19952e23010b7c6a0630e4d60f8714cbb,72,Move the yellow block.,445,counting,58,post_drop,yellow_block,yellow block,object,[],"[""green_pencil_sharpener"", ""airplane_without_propellers"", ""yellow_block"", ""blue_pen""]","{""bowl"": [""green_pencil_sharpener"", ""airplane_without_propellers""], ""table"": [""yellow_block"", ""blue_pen""]}",4,,2,3,into,,,,,count_3,object_identity_into,held_out,withhold final-count goal 3,identity,counting.object_identity_into.3,Move the yellow block into the bowl.,2,train,[]
v1,justintiensmith/SP_Counting_200:073,justintiensmith/SP_Counting_200,6591c0f19952e23010b7c6a0630e4d60f8714cbb,73,Move the yellow block.,508,counting,58,post_drop,yellow_block,yellow block,object,[],"[""airplane_without_propellers"", ""blue_pen"", ""yellow_block""]","{""bowl"": [""airplane_without_propellers"", ""blue_pen""], ""table"": [""yellow_block""]}",3,,2,3,into,,,,,count_3,object_identity_into,held_out,withhold final-count goal 3,identity,counting.object_identity_into.3,Move the yellow block into the bowl.,3,train,[]
v1,justintiensmith/SP_Counting_200:074,justintiensmith/SP_Counting_200,6591c0f19952e23010b7c6a0630e4d60f8714cbb,74,Move the yellow block.,516,counting,58,recovery,yellow_block,yellow block,object,[],"[""green_pencil_sharpener"", ""blue_pen"", ""yellow_block""]","{""bowl"": [""green_pencil_sharpener"", ""blue_pen""], ""table"": [""yellow_block""]}",3,,2,3,into,,,,,count_3,object_identity_into,held_out,withhold final-count goal 3,identity,counting.object_identity_into.3,Move the yellow block into the bowl.,4,train,[]
v1,justintiensmith/SP_Counting_200:075,justintiensmith/SP_Counting_200,6591c0f19952e23010b7c6a0630e4d60f8714cbb,75,Move the yellow block.,481,counting,58,home,yellow_block,yellow block,object,[],"[""yellow_block"", ""green_pencil_sharpener"", ""airplane_without_propellers"", ""blue_pen""]","{""bowl"": [""yellow_block""], ""table"": [""green_pencil_sharpener"", ""airplane_without_propellers"", ""blue_pen""]}",4,,1,0,out,,,,,count_0,count_0,seen,,semantic_reasoning,counting.count_0.3,Adjust the bowl so that it contains zero objects.,5,train,[]
v1,justintiensmith/SP_Counting_200:076,justintiensmith/SP_Counting_200,6591c0f19952e23010b7c6a0630e4d60f8714cbb,76,Move the yellow block.,542,counting,58,home,yellow_block,yellow block,object,[],"[""yellow_block"", ""airplane_without_propellers"", ""blue_pen""]","{""bowl"": [""yellow_block""], ""table"": [""airplane_without_propellers"", ""blue_pen""]}",3,,1,0,out,,,,,count_0,count_0,seen,,semantic_reasoning,counting.count_0.2,Leave no objects in the bowl.,6,train,[]
v1,justintiensmith/SP_Counting_200:077,justintiensmith/SP_Counting_200,6591c0f19952e23010b7c6a0630e4d60f8714cbb,77,Move the yellow block.,457,counting,58,post_drop,yellow_block,yellow block,object,[],"[""yellow_block"", ""green_pencil_sharpener"", ""airplane_without_propellers""]","{""bowl"": [""yellow_block""], ""table"": [""green_pencil_sharpener"", ""airplane_without_propellers""]}",3,,1,0,out,,,,,count_0,count_0,seen,,semantic_reasoning,counting.count_0.1,Make the bowl contain exactly zero objects.,7,train,[]
v1,justintiensmith/SP_Counting_200:078,justintiensmith/SP_Counting_200,6591c0f19952e23010b7c6a0630e4d60f8714cbb,78,Move the yellow block.,320,counting,58,post_drop,yellow_block,yellow block,object,[],"[""yellow_block"", ""blue_pen""]","{""bowl"": [""yellow_block""], ""table"": [""blue_pen""]}",2,,1,0,out,,,,,count_0,count_0,seen,,semantic_reasoning,counting.count_0.3,Adjust the bowl so that it contains zero objects.,8,train,[]
v1,justintiensmith/SP_Counting_200:079,justintiensmith/SP_Counting_200,6591c0f19952e23010b7c6a0630e4d60f8714cbb,79,Move the yellow block.,667,counting,58,recovery,yellow_block,yellow block,object,[],"[""yellow_block"", ""green_pencil_sharpener"", ""blue_pen""]","{""bowl"": [""yellow_block""], ""table"": [""green_pencil_sharpener"", ""blue_pen""]}",3,,1,0,out,,,,,count_0,count_0,seen,,semantic_reasoning,counting.count_0.3,Adjust the bowl so that it contains zero objects.,9,train,[]
v1,justintiensmith/SP_Counting_200:080,justintiensmith/SP_Counting_200,6591c0f19952e23010b7c6a0630e4d60f8714cbb,80,Move the yellow block.,439,counting,58,recovery,yellow_block,yellow block,object,[],"[""yellow_block""]","{""bowl"": [""yellow_block""], ""table"": []}",1,,1,0,out,,,,,count_0,count_0,seen,,semantic_reasoning,counting.count_0.1,Make the bowl contain exactly zero objects.,0,train,[]
v1,justintiensmith/SP_Counting_200:081,justintiensmith/SP_Counting_200,6591c0f19952e23010b7c6a0630e4d60f8714cbb,81,Move the yellow block.,596,counting,59,home,yellow_block,yellow block,object,[],"[""yellow_block"", ""green_pencil_sharpener"", ""airplane_without_propellers"", ""blue_pen""]","{""bowl"": [""yellow_block"", ""green_pencil_sharpener""], ""table"": [""airplane_without_propellers"", ""blue_pen""]}",4,,2,1,out,,,,,count_1,object_identity_out,held_out,withhold final-count goal 1,identity,counting.object_identity_out.2,Remove the yellow block from the bowl.,1,train,[]
v1,justintiensmith/SP_Counting_200:082,justintiensmith/SP_Counting_200,6591c0f19952e23010b7c6a0630e4d60f8714cbb,82,Move the yellow block.,498,counting,59,home,yellow_block,yellow block,object,[],"[""yellow_block"", ""airplane_without_propellers"", ""green_pencil_sharpener""]","{""bowl"": [""yellow_block"", ""airplane_without_propellers""], ""table"": [""green_pencil_sharpener""]}",3,,2,1,out,,,,,count_1,object_identity_out,held_out,withhold final-count goal 1,identity,counting.object_identity_out.3,Move the yellow block from the bowl to the table.,2,train,[]
v1,justintiensmith/SP_Counting_200:083,justintiensmith/SP_Counting_200,6591c0f19952e23010b7c6a0630e4d60f8714cbb,83,Move the yellow block.,528,counting,59,home,yellow_block,yellow block,object,[],"[""yellow_block"", ""blue_pen"", ""airplane_without_propellers""]","{""bowl"": [""yellow_block"", ""blue_pen""], ""table"": [""airplane_without_propellers""]}",3,,2,1,out,,,,,count_1,object_identity_out,held_out,withhold final-count goal 1,identity,counting.object_identity_out.1,Take the yellow block out of the bowl.,3,train,[]
v1,justintiensmith/SP_Counting_200:084,justintiensmith/SP_Counting_200,6591c0f19952e23010b7c6a0630e4d60f8714cbb,84,Move the yellow block.,580,counting,59,post_drop,yellow_block,yellow block,object,[],"[""yellow_block"", ""green_pencil_sharpener"", ""blue_pen""]","{""bowl"": [""yellow_block"", ""green_pencil_sharpener""], ""table"": [""blue_pen""]}",3,,2,1,out,,,,,count_1,object_identity_out,held_out,withhold final-count goal 1,identity,counting.object_identity_out.3,Move the yellow block from the bowl to the table.,4,train,[]
v1,justintiensmith/SP_Counting_200:085,justintiensmith/SP_Counting_200,6591c0f19952e23010b7c6a0630e4d60f8714cbb,85,Move the yellow block.,487,counting,59,post_drop,yellow_block,yellow block,object,[],"[""yellow_block"", ""airplane_without_propellers"", ""green_pencil_sharpener"", ""blue_pen""]","{""bowl"": [""yellow_block"", ""airplane_without_propellers""], ""table"": [""green_pencil_sharpener"", ""blue_pen""]}",4,,2,1,out,,,,,count_1,object_identity_out,held_out,withhold final-count goal 1,identity,counting.object_identity_out.3,Move the yellow block from the bowl to the table.,5,train,[]
v1,justintiensmith/SP_Counting_200:086,justintiensmith/SP_Counting_200,6591c0f19952e23010b7c6a0630e4d60f8714cbb,86,Move the yellow block.,521,counting,59,recovery,yellow_block,yellow block,object,[],"[""yellow_block"", ""blue_pen""]","{""bowl"": [""yellow_block"", ""blue_pen""], ""table"": []}",2,,2,1,out,,,,,count_1,object_identity_out,held_out,withhold final-count goal 1,identity,counting.object_identity_out.1,Take the yellow block out of the bowl.,6,train,[]
v1,justintiensmith/SP_Counting_200:087,justintiensmith/SP_Counting_200,6591c0f19952e23010b7c6a0630e4d60f8714cbb,87,Move the yellow block.,589,counting,59,home,yellow_block,yellow block,object,[],"[""yellow_block"", ""green_pencil_sharpener"", ""airplane_without_propellers"", ""blue_pen""]","{""bowl"": [""yellow_block"", ""green_pencil_sharpener"", ""airplane_without_propellers""], ""table"": [""blue_pen""]}",4,,3,2,out,,,,,count_2,count_2,seen,,semantic_reasoning,counting.count_2.1,Make the bowl contain exactly two objects.,7,train,[]
v1,justintiensmith/SP_Counting_200:088,justintiensmith/SP_Counting_200,6591c0f19952e23010b7c6a0630e4d60f8714cbb,88,Move the yellow block.,632,counting,59,home,yellow_block,yellow block,object,[],"[""yellow_block"", ""airplane_without_propellers"", ""blue_pen"", ""green_pencil_sharpener""]","{""bowl"": [""yellow_block"", ""airplane_without_propellers"", ""blue_pen""], ""table"": [""green_pencil_sharpener""]}",4,,3,2,out,,,,,count_2,count_2,seen,,semantic_reasoning,counting.count_2.2,Leave exactly two objects in the bowl.,8,train,[]
v1,justintiensmith/SP_Counting_200:089,justintiensmith/SP_Counting_200,6591c0f19952e23010b7c6a0630e4d60f8714cbb,89,Move the yellow block.,427,counting,59,post_drop,yellow_block,yellow block,object,[],"[""yellow_block"", ""green_pencil_sharpener"", ""blue_pen"", ""airplane_without_propellers""]","{""bowl"": [""yellow_block"", ""green_pencil_sharpener"", ""blue_pen""], ""table"": [""airplane_without_propellers""]}",4,,3,2,out,,,,,count_2,count_2,seen,,semantic_reasoning,counting.count_2.1,Make the bowl contain exactly two objects.,9,train,[]
v1,justintiensmith/SP_Counting_200:090,justintiensmith/SP_Counting_200,6591c0f19952e23010b7c6a0630e4d60f8714cbb,90,Move the yellow block.,479,counting,59,post_drop,yellow_block,yellow block,object,[],"[""yellow_block"", ""green_pencil_sharpener"", ""airplane_without_propellers""]","{""bowl"": [""yellow_block"", ""green_pencil_sharpener"", ""airplane_without_propellers""], ""table"": []}",3,,3,2,out,,,,,count_2,count_2,seen,,semantic_reasoning,counting.count_2.3,Adjust the bowl so that it contains two objects.,0,train,[]
v1,justintiensmith/SP_Counting_200:091,justintiensmith/SP_Counting_200,6591c0f19952e23010b7c6a0630e4d60f8714cbb,91,Move the yellow block.,472,counting,59,post_drop,yellow_block,yellow block,object,[],"[""yellow_block"", ""airplane_without_propellers"", ""blue_pen""]","{""bowl"": [""yellow_block"", ""airplane_without_propellers"", ""blue_pen""], ""table"": []}",3,,3,2,out,,,,,count_2,count_2,seen,,semantic_reasoning,counting.count_2.2,Leave exactly two objects in the bowl.,1,train,[]
v1,justintiensmith/SP_Counting_200:092,justintiensmith/SP_Counting_200,6591c0f19952e23010b7c6a0630e4d60f8714cbb,92,Move the yellow block.,397,counting,59,recovery,yellow_block,yellow block,object,[],"[""yellow_block"", ""green_pencil_sharpener"", ""blue_pen""]","{""bowl"": [""yellow_block"", ""green_pencil_sharpener"", ""blue_pen""], ""table"": []}",3,,3,2,out,,,,,count_2,count_2,seen,,semantic_reasoning,counting.count_2.2,Leave exactly two objects in the bowl.,2,train,[]
v1,justintiensmith/SP_Counting_200:093,justintiensmith/SP_Counting_200,6591c0f19952e23010b7c6a0630e4d60f8714cbb,93,Move the yellow block.,488,counting,59,home,yellow_block,yellow block,object,[],"[""yellow_block"", ""green_pencil_sharpener"", ""airplane_without_propellers"", ""blue_pen""]","{""bowl"": [""yellow_block"", ""green_pencil_sharpener"", ""airplane_without_propellers"", ""blue_pen""], ""table"": []}",4,,4,3,out,,,,,count_3,object_identity_out,held_out,withhold final-count goal 3,identity,counting.object_identity_out.1,Take the yellow block out of the bowl.,3,train,[]
v1,justintiensmith/SP_Counting_200:094,justintiensmith/SP_Counting_200,6591c0f19952e23010b7c6a0630e4d60f8714cbb,94,Move the yellow block.,567,counting,59,home,yellow_block,yellow block,object,[],"[""yellow_block"", ""green_pencil_sharpener"", ""airplane_without_propellers"", ""blue_pen""]","{""bowl"": [""yellow_block"", ""green_pencil_sharpener"", ""airplane_without_propellers"", ""blue_pen""], ""table"": []}",4,,4,3,out,,,,,count_3,object_identity_out,held_out,withhold final-count goal 3,identity,counting.object_identity_out.1,Take the yellow block out of the bowl.,4,train,[]
v1,justintiensmith/SP_Counting_200:095,justintiensmith/SP_Counting_200,6591c0f19952e23010b7c6a0630e4d60f8714cbb,95,Move the yellow block.,536,counting,59,home,yellow_block,yellow block,object,[],"[""yellow_block"", ""green_pencil_sharpener"", ""airplane_without_propellers"", ""blue_pen""]","{""bowl"": [""yellow_block"", ""green_pencil_sharpener"", ""airplane_without_propellers"", ""blue_pen""], ""table"": []}",4,,4,3,out,,,,,count_3,object_identity_out,held_out,withhold final-count goal 3,identity,counting.object_identity_out.3,Move the yellow block from the bowl to the table.,5,train,[]
v1,justintiensmith/SP_Counting_200:096,justintiensmith/SP_Counting_200,6591c0f19952e23010b7c6a0630e4d60f8714cbb,96,Move the yellow block.,395,counting,59,post_drop,yellow_block,yellow block,object,[],"[""yellow_block"", ""green_pencil_sharpener"", ""airplane_without_propellers"", ""blue_pen""]","{""bowl"": [""yellow_block"", ""green_pencil_sharpener"", ""airplane_without_propellers"", ""blue_pen""], ""table"": []}",4,,4,3,out,,,,,count_3,object_identity_out,held_out,withhold final-count goal 3,identity,counting.object_identity_out.2,Remove the yellow block from the bowl.,6,train,[]
v1,justintiensmith/SP_Counting_200:097,justintiensmith/SP_Counting_200,6591c0f19952e23010b7c6a0630e4d60f8714cbb,97,Move the yellow block.,377,counting,59,post_drop,yellow_block,yellow block,object,[],"[""yellow_block"", ""green_pencil_sharpener"", ""airplane_without_propellers"", ""blue_pen""]","{""bowl"": [""yellow_block"", ""green_pencil_sharpener"", ""airplane_without_propellers"", ""blue_pen""], ""table"": []}",4,,4,3,out,,,,,count_3,object_identity_out,held_out,withhold final-count goal 3,identity,counting.object_identity_out.2,Remove the yellow block from the bowl.,7,train,[]
v1,justintiensmith/SP_Counting_200:098,justintiensmith/SP_Counting_200,6591c0f19952e23010b7c6a0630e4d60f8714cbb,98,Move the yellow block.,377,counting,59,post_drop,yellow_block,yellow block,object,[],"[""yellow_block"", ""green_pencil_sharpener"", ""airplane_without_propellers"", ""blue_pen""]","{""bowl"": [""yellow_block"", ""green_pencil_sharpener"", ""airplane_without_propellers"", ""blue_pen""], ""table"": []}",4,,4,3,out,,,,,count_3,object_identity_out,held_out,withhold final-count goal 3,identity,counting.object_identity_out.1,Take the yellow block out of the bowl.,8,train,[]
v1,justintiensmith/SP_Counting_200:099,justintiensmith/SP_Counting_200,6591c0f19952e23010b7c6a0630e4d60f8714cbb,99,Move the yellow block.,484,counting,59,recovery,yellow_block,yellow block,object,[],"[""yellow_block"", ""green_pencil_sharpener"", ""airplane_without_propellers"", ""blue_pen""]","{""bowl"": [""yellow_block"", ""green_pencil_sharpener"", ""airplane_without_propellers"", ""blue_pen""], ""table"": []}",4,,4,3,out,,,,,count_3,object_identity_out,held_out,withhold final-count goal 3,identity,counting.object_identity_out.2,Remove the yellow block from the bowl.,9,train,[]
v1,justintiensmith/SP_Counting_200:100,justintiensmith/SP_Counting_200,6591c0f19952e23010b7c6a0630e4d60f8714cbb,100,Move the green pencil sharpener.,586,counting,59,home,green_pencil_sharpener,green pencil sharpener,object,[],"[""green_pencil_sharpener"", ""airplane_without_propellers"", ""blue_pen"", ""yellow_block""]","{""bowl"": [], ""table"": [""green_pencil_sharpener"", ""airplane_without_propellers"", ""blue_pen"", ""yellow_block""]}",4,,0,1,into,,,,,count_1,object_identity_into,held_out,withhold final-count goal 1,identity,counting.object_identity_into.2,Pick up the green pencil sharpener and place it in the bowl.,0,train,[]
v1,justintiensmith/SP_Counting_200:101,justintiensmith/SP_Counting_200,6591c0f19952e23010b7c6a0630e4d60f8714cbb,101,Move the green pencil sharpener.,628,counting,59,home,green_pencil_sharpener,green pencil sharpener,object,[],"[""green_pencil_sharpener"", ""airplane_without_propellers"", ""blue_pen""]","{""bowl"": [], ""table"": [""green_pencil_sharpener"", ""airplane_without_propellers"", ""blue_pen""]}",3,,0,1,into,,,,,count_1,object_identity_into,held_out,withhold final-count goal 1,identity,counting.object_identity_into.1,Put the green pencil sharpener in the bowl.,1,train,[]
v1,justintiensmith/SP_Counting_200:102,justintiensmith/SP_Counting_200,6591c0f19952e23010b7c6a0630e4d60f8714cbb,102,Move the green pencil sharpener.,548,counting,59,home,green_pencil_sharpener,green pencil sharpener,object,[],"[""green_pencil_sharpener"", ""yellow_block""]","{""bowl"": [], ""table"": [""green_pencil_sharpener"", ""yellow_block""]}",2,,0,1,into,,,,,count_1,object_identity_into,held_out,withhold final-count goal 1,identity,counting.object_identity_into.2,Pick up the green pencil sharpener and place it in the bowl.,2,train,[]
v1,justintiensmith/SP_Counting_200:103,justintiensmith/SP_Counting_200,6591c0f19952e23010b7c6a0630e4d60f8714cbb,103,Move the green pencil sharpener.,537,counting,59,post_drop,green_pencil_sharpener,green pencil sharpener,object,[],"[""green_pencil_sharpener"", ""airplane_without_propellers"", ""yellow_block""]","{""bowl"": [], ""table"": [""green_pencil_sharpener"", ""airplane_without_propellers"", ""yellow_block""]}",3,,0,1,into,,,,,count_1,object_identity_into,held_out,withhold final-count goal 1,identity,counting.object_identity_into.1,Put the green pencil sharpener in the bowl.,3,train,[]
v1,justintiensmith/SP_Counting_200:104,justintiensmith/SP_Counting_200,6591c0f19952e23010b7c6a0630e4d60f8714cbb,104,Move the green pencil sharpener.,575,counting,59,post_drop,green_pencil_sharpener,green pencil sharpener,object,[],"[""green_pencil_sharpener"", ""blue_pen""]","{""bowl"": [], ""table"": [""green_pencil_sharpener"", ""blue_pen""]}",2,,0,1,into,,,,,count_1,object_identity_into,held_out,withhold final-count goal 1,identity,counting.object_identity_into.1,Put the green pencil sharpener in the bowl.,4,train,[]
v1,justintiensmith/SP_Counting_200:105,justintiensmith/SP_Counting_200,6591c0f19952e23010b7c6a0630e4d60f8714cbb,105,Move the green pencil sharpener.,490,counting,59,post_drop,green_pencil_sharpener,green pencil sharpener,object,[],"[""green_pencil_sharpener"", ""airplane_without_propellers""]","{""bowl"": [], ""table"": [""green_pencil_sharpener"", ""airplane_without_propellers""]}",2,,0,1,into,,,,,count_1,object_identity_into,held_out,withhold final-count goal 1,identity,counting.object_identity_into.1,Put the green pencil sharpener in the bowl.,5,train,[]
v1,justintiensmith/SP_Counting_200:106,justintiensmith/SP_Counting_200,6591c0f19952e23010b7c6a0630e4d60f8714cbb,106,Move the green pencil sharpener.,498,counting,59,recovery,green_pencil_sharpener,green pencil sharpener,object,[],"[""green_pencil_sharpener"", ""blue_pen"", ""yellow_block""]","{""bowl"": [], ""table"": [""green_pencil_sharpener"", ""blue_pen"", ""yellow_block""]}",3,,0,1,into,,,,,count_1,object_identity_into,held_out,withhold final-count goal 1,identity,counting.object_identity_into.3,Move the green pencil sharpener into the bowl.,6,train,[]
v1,justintiensmith/SP_Counting_200:107,justintiensmith/SP_Counting_200,6591c0f19952e23010b7c6a0630e4d60f8714cbb,107,Move the green pencil sharpener.,532,counting,59,recovery,green_pencil_sharpener,green pencil sharpener,object,[],"[""green_pencil_sharpener""]","{""bowl"": [], ""table"": [""green_pencil_sharpener""]}",1,,0,1,into,,,,,count_1,object_identity_into,held_out,withhold final-count goal 1,identity,counting.object_identity_into.2,Pick up the green pencil sharpener and place it in the bowl.,7,train,[]
v1,justintiensmith/SP_Counting_200:108,justintiensmith/SP_Counting_200,6591c0f19952e23010b7c6a0630e4d60f8714cbb,108,Move the green pencil sharpener.,551,counting,59,home,green_pencil_sharpener,green pencil sharpener,object,[],"[""airplane_without_propellers"", ""green_pencil_sharpener"", ""blue_pen"", ""yellow_block""]","{""bowl"": [""airplane_without_propellers""], ""table"": [""green_pencil_sharpener"", ""blue_pen"", ""yellow_block""]}",4,,1,2,into,,,,,count_2,count_2,seen,,semantic_reasoning,counting.count_2.2,Leave exactly two objects in the bowl.,8,train,[]
v1,justintiensmith/SP_Counting_200:109,justintiensmith/SP_Counting_200,6591c0f19952e23010b7c6a0630e4d60f8714cbb,109,Move the green pencil sharpener.,472,counting,60,home,green_pencil_sharpener,green pencil sharpener,object,[],"[""blue_pen"", ""green_pencil_sharpener"", ""airplane_without_propellers""]","{""bowl"": [""blue_pen""], ""table"": [""green_pencil_sharpener"", ""airplane_without_propellers""]}",3,,1,2,into,,,,,count_2,count_2,seen,,semantic_reasoning,counting.count_2.3,Adjust the bowl so that it contains two objects.,9,train,[]
v1,justintiensmith/SP_Counting_200:110,justintiensmith/SP_Counting_200,6591c0f19952e23010b7c6a0630e4d60f8714cbb,110,Move the green pencil sharpener.,472,counting,60,home,green_pencil_sharpener,green pencil sharpener,object,[],"[""yellow_block"", ""green_pencil_sharpener"", ""blue_pen""]","{""bowl"": [""yellow_block""], ""table"": [""green_pencil_sharpener"", ""blue_pen""]}",3,,1,2,into,,,,,count_2,count_2,seen,,semantic_reasoning,counting.count_2.3,Adjust the bowl so that it contains two objects.,0,train,[]
v1,justintiensmith/SP_Counting_200:111,justintiensmith/SP_Counting_200,6591c0f19952e23010b7c6a0630e4d60f8714cbb,111,Move the green pencil sharpener.,578,counting,60,post_drop,green_pencil_sharpener,green pencil sharpener,object,[],"[""airplane_without_propellers"", ""green_pencil_sharpener"", ""blue_pen"", ""yellow_block""]","{""bowl"": [""airplane_without_propellers""], ""table"": [""green_pencil_sharpener"", ""blue_pen"", ""yellow_block""]}",4,,1,2,into,,,,,count_2,count_2,seen,,semantic_reasoning,counting.count_2.2,Leave exactly two objects in the bowl.,1,train,[]
v1,justintiensmith/SP_Counting_200:112,justintiensmith/SP_Counting_200,6591c0f19952e23010b7c6a0630e4d60f8714cbb,112,Move the green pencil sharpener.,487,counting,60,post_drop,green_pencil_sharpener,green pencil sharpener,object,[],"[""blue_pen"", ""green_pencil_sharpener"", ""yellow_block""]","{""bowl"": [""blue_pen""], ""table"": [""green_pencil_sharpener"", ""yellow_block""]}",3,,1,2,into,,,,,count_2,count_2,seen,,semantic_reasoning,counting.count_2.2,Leave exactly two objects in the bowl.,2,train,[]
v1,justintiensmith/SP_Counting_200:113,justintiensmith/SP_Counting_200,6591c0f19952e23010b7c6a0630e4d60f8714cbb,113,Move the green pencil sharpener.,553,counting,60,post_drop,green_pencil_sharpener,green pencil sharpener,object,[],"[""yellow_block"", ""green_pencil_sharpener"", ""airplane_without_propellers""]","{""bowl"": [""yellow_block""], ""table"": [""green_pencil_sharpener"", ""airplane_without_propellers""]}",3,,1,2,into,,,,,count_2,count_2,seen,,semantic_reasoning,counting.count_2.1,Make the bowl contain exactly two objects.,3,train,[]
v1,justintiensmith/SP_Counting_200:114,justintiensmith/SP_Counting_200,6591c0f19952e23010b7c6a0630e4d60f8714cbb,114,Move the green pencil sharpener.,554,counting,60,recovery,green_pencil_sharpener,green pencil sharpener,object,[],"[""blue_pen"", ""green_pencil_sharpener"", ""yellow_block""]","{""bowl"": [""blue_pen""], ""table"": [""green_pencil_sharpener"", ""yellow_block""]}",3,,1,2,into,,,,,count_2,count_2,seen,,semantic_reasoning,counting.count_2.3,Adjust the bowl so that it contains two objects.,4,train,[]
v1,justintiensmith/SP_Counting_200:115,justintiensmith/SP_Counting_200,6591c0f19952e23010b7c6a0630e4d60f8714cbb,115,Move the green pencil sharpener.,463,counting,60,recovery,green_pencil_sharpener,green pencil sharpener,object,[],"[""airplane_without_propellers"", ""green_pencil_sharpener""]","{""bowl"": [""airplane_without_propellers""], ""table"": [""green_pencil_sharpener""]}",2,,1,2,into,,,,,count_2,count_2,seen,,semantic_reasoning,counting.count_2.2,Leave exactly two objects in the bowl.,5,train,[]
v1,justintiensmith/SP_Counting_200:116,justintiensmith/SP_Counting_200,6591c0f19952e23010b7c6a0630e4d60f8714cbb,116,Move the green pencil sharpener.,591,counting,60,home,green_pencil_sharpener,green pencil sharpener,object,[],"[""airplane_without_propellers"", ""blue_pen"", ""green_pencil_sharpener"", ""yellow_block""]","{""bowl"": [""airplane_without_propellers"", ""blue_pen""], ""table"": [""green_pencil_sharpener"", ""yellow_block""]}",4,,2,3,into,,,,,count_3,object_identity_into,held_out,withhold final-count goal 3,identity,counting.object_identity_into.1,Put the green pencil sharpener in the bowl.,6,train,[]
v1,justintiensmith/SP_Counting_200:117,justintiensmith/SP_Counting_200,6591c0f19952e23010b7c6a0630e4d60f8714cbb,117,Move the green pencil sharpener.,587,counting,60,home,green_pencil_sharpener,green pencil sharpener,object,[],"[""blue_pen"", ""yellow_block"", ""green_pencil_sharpener"", ""airplane_without_propellers""]","{""bowl"": [""blue_pen"", ""yellow_block""], ""table"": [""green_pencil_sharpener"", ""airplane_without_propellers""]}",4,,2,3,into,,,,,count_3,object_identity_into,held_out,withhold final-count goal 3,identity,counting.object_identity_into.3,Move the green pencil sharpener into the bowl.,7,train,[]
v1,justintiensmith/SP_Counting_200:118,justintiensmith/SP_Counting_200,6591c0f19952e23010b7c6a0630e4d60f8714cbb,118,Move the green pencil sharpener.,571,counting,60,home,green_pencil_sharpener,green pencil sharpener,object,[],"[""airplane_without_propellers"", ""yellow_block"", ""green_pencil_sharpener"", ""blue_pen""]","{""bowl"": [""airplane_without_propellers"", ""yellow_block""], ""table"": [""green_pencil_sharpener"", ""blue_pen""]}",4,,2,3,into,,,,,count_3,object_identity_into,held_out,withhold final-count goal 3,identity,counting.object_identity_into.2,Pick up the green pencil sharpener and place it in the bowl.,8,train,[]
v1,justintiensmith/SP_Counting_200:119,justintiensmith/SP_Counting_200,6591c0f19952e23010b7c6a0630e4d60f8714cbb,119,Move the green pencil sharpener.,514,counting,60,home,green_pencil_sharpener,green pencil sharpener,object,[],"[""airplane_without_propellers"", ""blue_pen"", ""green_pencil_sharpener""]","{""bowl"": [""airplane_without_propellers"", ""blue_pen""], ""table"": [""green_pencil_sharpener""]}",3,,2,3,into,,,,,count_3,object_identity_into,held_out,withhold final-count goal 3,identity,counting.object_identity_into.3,Move the green pencil sharpener into the bowl.,9,train,[]
v1,justintiensmith/SP_Counting_200:120,justintiensmith/SP_Counting_200,6591c0f19952e23010b7c6a0630e4d60f8714cbb,120,Move the green pencil sharpener.,440,counting,60,post_drop,green_pencil_sharpener,green pencil sharpener,object,[],"[""blue_pen"", ""yellow_block"", ""green_pencil_sharpener"", ""airplane_without_propellers""]","{""bowl"": [""blue_pen"", ""yellow_block""], ""table"": [""green_pencil_sharpener"", ""airplane_without_propellers""]}",4,,2,3,into,,,,,count_3,object_identity_into,held_out,withhold final-count goal 3,identity,counting.object_identity_into.3,Move the green pencil sharpener into the bowl.,0,train,[]
v1,justintiensmith/SP_Counting_200:121,justintiensmith/SP_Counting_200,6591c0f19952e23010b7c6a0630e4d60f8714cbb,121,Move the green pencil sharpener.,550,counting,60,post_drop,green_pencil_sharpener,green pencil sharpener,object,[],"[""airplane_without_propellers"", ""yellow_block"", ""green_pencil_sharpener"", ""blue_pen""]","{""bowl"": [""airplane_without_propellers"", ""yellow_block""], ""table"": [""green_pencil_sharpener"", ""blue_pen""]}",4,,2,3,into,,,,,count_3,object_identity_into,held_out,withhold final-count goal 3,identity,counting.object_identity_into.1,Put the green pencil sharpener in the bowl.,1,train,[]
v1,justintiensmith/SP_Counting_200:122,justintiensmith/SP_Counting_200,6591c0f19952e23010b7c6a0630e4d60f8714cbb,122,Move the green pencil sharpener.,510,counting,60,post_drop,green_pencil_sharpener,green pencil sharpener,object,[],"[""airplane_without_propellers"", ""blue_pen"", ""green_pencil_sharpener"", ""yellow_block""]","{""bowl"": [""airplane_without_propellers"", ""blue_pen""], ""table"": [""green_pencil_sharpener"", ""yellow_block""]}",4,,2,3,into,,,,,count_3,object_identity_into,held_out,withhold final-count goal 3,identity,counting.object_identity_into.3,Move the green pencil sharpener into the bowl.,2,train,[]
v1,justintiensmith/SP_Counting_200:123,justintiensmith/SP_Counting_200,6591c0f19952e23010b7c6a0630e4d60f8714cbb,123,Move the green pencil sharpener.,524,counting,60,post_drop,green_pencil_sharpener,green pencil sharpener,object,[],"[""blue_pen"", ""yellow_block"", ""green_pencil_sharpener""]","{""bowl"": [""blue_pen"", ""yellow_block""], ""table"": [""green_pencil_sharpener""]}",3,,2,3,into,,,,,count_3,object_identity_into,held_out,withhold final-count goal 3,identity,counting.object_identity_into.2,Pick up the green pencil sharpener and place it in the bowl.,3,train,[]
v1,justintiensmith/SP_Counting_200:124,justintiensmith/SP_Counting_200,6591c0f19952e23010b7c6a0630e4d60f8714cbb,124,Move the green pencil sharpener.,525,counting,60,recovery,green_pencil_sharpener,green pencil sharpener,object,[],"[""airplane_without_propellers"", ""yellow_block"", ""green_pencil_sharpener""]","{""bowl"": [""airplane_without_propellers"", ""yellow_block""], ""table"": [""green_pencil_sharpener""]}",3,,2,3,into,,,,,count_3,object_identity_into,held_out,withhold final-count goal 3,identity,counting.object_identity_into.2,Pick up the green pencil sharpener and place it in the bowl.,4,train,[]
v1,justintiensmith/SP_Counting_200:125,justintiensmith/SP_Counting_200,6591c0f19952e23010b7c6a0630e4d60f8714cbb,125,Move the green pencil sharpener.,555,counting,60,home,green_pencil_sharpener,green pencil sharpener,object,[],"[""green_pencil_sharpener"", ""airplane_without_propellers"", ""blue_pen"", ""yellow_block""]","{""bowl"": [""green_pencil_sharpener""], ""table"": [""airplane_without_propellers"", ""blue_pen"", ""yellow_block""]}",4,,1,0,out,,,,,count_0,count_0,seen,,semantic_reasoning,counting.count_0.3,Adjust the bowl so that it contains zero objects.,5,train,[]
v1,justintiensmith/SP_Counting_200:126,justintiensmith/SP_Counting_200,6591c0f19952e23010b7c6a0630e4d60f8714cbb,126,Move the green pencil sharpener.,475,counting,60,home,green_pencil_sharpener,green pencil sharpener,object,[],"[""green_pencil_sharpener"", ""blue_pen"", ""yellow_block""]","{""bowl"": [""green_pencil_sharpener""], ""table"": [""blue_pen"", ""yellow_block""]}",3,,1,0,out,,,,,count_0,count_0,seen,,semantic_reasoning,counting.count_0.2,Leave no objects in the bowl.,6,train,[]
v1,justintiensmith/SP_Counting_200:127,justintiensmith/SP_Counting_200,6591c0f19952e23010b7c6a0630e4d60f8714cbb,127,Move the green pencil sharpener.,390,counting,60,post_drop,green_pencil_sharpener,green pencil sharpener,object,[],"[""green_pencil_sharpener"", ""airplane_without_propellers"", ""blue_pen""]","{""bowl"": [""green_pencil_sharpener""], ""table"": [""airplane_without_propellers"", ""blue_pen""]}",3,,1,0,out,,,,,count_0,count_0,seen,,semantic_reasoning,counting.count_0.2,Leave no objects in the bowl.,7,train,[]
v1,justintiensmith/SP_Counting_200:128,justintiensmith/SP_Counting_200,6591c0f19952e23010b7c6a0630e4d60f8714cbb,128,Move the green pencil sharpener.,412,counting,60,post_drop,green_pencil_sharpener,green pencil sharpener,object,[],"[""green_pencil_sharpener"", ""yellow_block""]","{""bowl"": [""green_pencil_sharpener""], ""table"": [""yellow_block""]}",2,,1,0,out,,,,,count_0,count_0,seen,,semantic_reasoning,counting.count_0.1,Make the bowl contain exactly zero objects.,8,train,[]
v1,justintiensmith/SP_Counting_200:129,justintiensmith/SP_Counting_200,6591c0f19952e23010b7c6a0630e4d60f8714cbb,129,Move the green pencil sharpener.,576,counting,60,recovery,green_pencil_sharpener,green pencil sharpener,object,[],"[""green_pencil_sharpener"", ""airplane_without_propellers"", ""yellow_block""]","{""bowl"": [""green_pencil_sharpener""], ""table"": [""airplane_without_propellers"", ""yellow_block""]}",3,,1,0,out,,,,,count_0,count_0,seen,,semantic_reasoning,counting.count_0.1,Make the bowl contain exactly zero objects.,9,train,[]
v1,justintiensmith/SP_Counting_200:130,justintiensmith/SP_Counting_200,6591c0f19952e23010b7c6a0630e4d60f8714cbb,130,Move the green pencil sharpener.,438,counting,60,recovery,green_pencil_sharpener,green pencil sharpener,object,[],"[""green_pencil_sharpener""]","{""bowl"": [""green_pencil_sharpener""], ""table"": []}",1,,1,0,out,,,,,count_0,count_0,seen,,semantic_reasoning,counting.count_0.1,Make the bowl contain exactly zero objects.,0,train,[]
v1,justintiensmith/SP_Counting_200:131,justintiensmith/SP_Counting_200,6591c0f19952e23010b7c6a0630e4d60f8714cbb,131,Move the green pencil sharpener.,604,counting,60,home,green_pencil_sharpener,green pencil sharpener,object,[],"[""green_pencil_sharpener"", ""airplane_without_propellers"", ""blue_pen"", ""yellow_block""]","{""bowl"": [""green_pencil_sharpener"", ""airplane_without_propellers""], ""table"": [""blue_pen"", ""yellow_block""]}",4,,2,1,out,,,,,count_1,object_identity_out,held_out,withhold final-count goal 1,identity,counting.object_identity_out.2,Remove the green pencil sharpener from the bowl.,1,train,[]
v1,justintiensmith/SP_Counting_200:132,justintiensmith/SP_Counting_200,6591c0f19952e23010b7c6a0630e4d60f8714cbb,132,Move the green pencil sharpener.,529,counting,60,home,green_pencil_sharpener,green pencil sharpener,object,[],"[""green_pencil_sharpener"", ""blue_pen"", ""airplane_without_propellers""]","{""bowl"": [""green_pencil_sharpener"", ""blue_pen""], ""table"": [""airplane_without_propellers""]}",3,,2,1,out,,,,,count_1,object_identity_out,held_out,withhold final-count goal 1,identity,counting.object_identity_out.3,Move the green pencil sharpener from the bowl to the table.,2,train,[]
v1,justintiensmith/SP_Counting_200:133,justintiensmith/SP_Counting_200,6591c0f19952e23010b7c6a0630e4d60f8714cbb,133,Move the green pencil sharpener.,480,counting,60,home,green_pencil_sharpener,green pencil sharpener,object,[],"[""green_pencil_sharpener"", ""yellow_block"", ""blue_pen""]","{""bowl"": [""green_pencil_sharpener"", ""yellow_block""], ""table"": [""blue_pen""]}",3,,2,1,out,,,,,count_1,object_identity_out,held_out,withhold final-count goal 1,identity,counting.object_identity_out.3,Move the green pencil sharpener from the bowl to the table.,3,train,[]
v1,justintiensmith/SP_Counting_200:134,justintiensmith/SP_Counting_200,6591c0f19952e23010b7c6a0630e4d60f8714cbb,134,Move the green pencil sharpener.,559,counting,60,post_drop,green_pencil_sharpener,green pencil sharpener,object,[],"[""green_pencil_sharpener"", ""airplane_without_propellers"", ""yellow_block""]","{""bowl"": [""green_pencil_sharpener"", ""airplane_without_propellers""], ""table"": [""yellow_block""]}",3,,2,1,out,,,,,count_1,object_identity_out,held_out,withhold final-count goal 1,identity,counting.object_identity_out.2,Remove the green pencil sharpener from the bowl.,4,train,[]
v1,justintiensmith/SP_Counting_200:135,justintiensmith/SP_Counting_200,6591c0f19952e23010b7c6a0630e4d60f8714cbb,135,Move the green pencil sharpener.,483,counting,60,post_drop,green_pencil_sharpener,green pencil sharpener,object,[],"[""green_pencil_sharpener"", ""blue_pen"", ""airplane_without_propellers"", ""yellow_block""]","{""bowl"": [""green_pencil_sharpener"", ""blue_pen""], ""table"": [""airplane_without_propellers"", ""yellow_block""]}",4,,2,1,out,,,,,count_1,object_identity_out,held_out,withhold final-count goal 1,identity,counting.object_identity_out.3,Move the green pencil sharpener from the bowl to the table.,5,train,[]
v1,justintiensmith/SP_Counting_200:136,justintiensmith/SP_Counting_200,6591c0f19952e23010b7c6a0630e4d60f8714cbb,136,Move the green pencil sharpener.,361,counting,60,recovery,green_pencil_sharpener,green pencil sharpener,object,[],"[""green_pencil_sharpener"", ""yellow_block""]","{""bowl"": [""green_pencil_sharpener"", ""yellow_block""], ""table"": []}",2,,2,1,out,,,,,count_1,object_identity_out,held_out,withhold final-count goal 1,identity,counting.object_identity_out.1,Take the green pencil sharpener out of the bowl.,6,train,[]
v1,justintiensmith/SP_Counting_200:137,justintiensmith/SP_Counting_200,6591c0f19952e23010b7c6a0630e4d60f8714cbb,137,Move the green pencil sharpener.,566,counting,60,home,green_pencil_sharpener,green pencil sharpener,object,[],"[""green_pencil_sharpener"", ""airplane_without_propellers"", ""blue_pen"", ""yellow_block""]","{""bowl"": [""green_pencil_sharpener"", ""airplane_without_propellers"", ""blue_pen""], ""table"": [""yellow_block""]}",4,,3,2,out,,,,,count_2,count_2,seen,,semantic_reasoning,counting.count_2.3,Adjust the bowl so that it contains two objects.,7,train,[]
v1,justintiensmith/SP_Counting_200:138,justintiensmith/SP_Counting_200,6591c0f19952e23010b7c6a0630e4d60f8714cbb,138,Move the green pencil sharpener.,532,counting,60,home,green_pencil_sharpener,green pencil sharpener,object,[],"[""green_pencil_sharpener"", ""blue_pen"", ""yellow_block"", ""airplane_without_propellers""]","{""bowl"": [""green_pencil_sharpener"", ""blue_pen"", ""yellow_block""], ""table"": [""airplane_without_propellers""]}",4,,3,2,out,,,,,count_2,count_2,seen,,semantic_reasoning,counting.count_2.3,Adjust the bowl so that it contains two objects.,8,train,[]
v1,justintiensmith/SP_Counting_200:139,justintiensmith/SP_Counting_200,6591c0f19952e23010b7c6a0630e4d60f8714cbb,139,Move the green pencil sharpener.,375,counting,61,post_drop,green_pencil_sharpener,green pencil sharpener,object,[],"[""green_pencil_sharpener"", ""airplane_without_propellers"", ""yellow_block"", ""blue_pen""]","{""bowl"": [""green_pencil_sharpener"", ""airplane_without_propellers"", ""yellow_block""], ""table"": [""blue_pen""]}",4,,3,2,out,,,,,count_2,count_2,seen,,semantic_reasoning,counting.count_2.2,Leave exactly two objects in the bowl.,9,train,[]
v1,justintiensmith/SP_Counting_200:140,justintiensmith/SP_Counting_200,6591c0f19952e23010b7c6a0630e4d60f8714cbb,140,Move the green pencil sharpener.,485,counting,61,post_drop,green_pencil_sharpener,green pencil sharpener,object,[],"[""green_pencil_sharpener"", ""airplane_without_propellers"", ""blue_pen""]","{""bowl"": [""green_pencil_sharpener"", ""airplane_without_propellers"", ""blue_pen""], ""table"": []}",3,,3,2,out,,,,,count_2,count_2,seen,,semantic_reasoning,counting.count_2.2,Leave exactly two objects in the bowl.,0,train,[]
v1,justintiensmith/SP_Counting_200:141,justintiensmith/SP_Counting_200,6591c0f19952e23010b7c6a0630e4d60f8714cbb,141,Move the green pencil sharpener.,460,counting,61,post_drop,green_pencil_sharpener,green pencil sharpener,object,[],"[""green_pencil_sharpener"", ""blue_pen"", ""yellow_block""]","{""bowl"": [""green_pencil_sharpener"", ""blue_pen"", ""yellow_block""], ""table"": []}",3,,3,2,out,,,,,count_2,count_2,seen,,semantic_reasoning,counting.count_2.2,Leave exactly two objects in the bowl.,1,train,[]
v1,justintiensmith/SP_Counting_200:142,justintiensmith/SP_Counting_200,6591c0f19952e23010b7c6a0630e4d60f8714cbb,142,Move the green pencil sharpener.,441,counting,61,recovery,green_pencil_sharpener,green pencil sharpener,object,[],"[""green_pencil_sharpener"", ""airplane_without_propellers"", ""yellow_block""]","{""bowl"": [""green_pencil_sharpener"", ""airplane_without_propellers"", ""yellow_block""], ""table"": []}",3,,3,2,out,,,,,count_2,count_2,seen,,semantic_reasoning,counting.count_2.1,Make the bowl contain exactly two objects.,2,train,[]
v1,justintiensmith/SP_Counting_200:143,justintiensmith/SP_Counting_200,6591c0f19952e23010b7c6a0630e4d60f8714cbb,143,Move the green pencil sharpener.,494,counting,61,home,green_pencil_sharpener,green pencil sharpener,object,[],"[""green_pencil_sharpener"", ""airplane_without_propellers"", ""blue_pen"", ""yellow_block""]","{""bowl"": [""green_pencil_sharpener"", ""airplane_without_propellers"", ""blue_pen"", ""yellow_block""], ""table"": []}",4,,4,3,out,,,,,count_3,object_identity_out,held_out,withhold final-count goal 3,identity,counting.object_identity_out.1,Take the green pencil sharpener out of the bowl.,3,train,[]
v1,justintiensmith/SP_Counting_200:144,justintiensmith/SP_Counting_200,6591c0f19952e23010b7c6a0630e4d60f8714cbb,144,Move the green pencil sharpener.,602,counting,61,home,green_pencil_sharpener,green pencil sharpener,object,[],"[""green_pencil_sharpener"", ""airplane_without_propellers"", ""blue_pen"", ""yellow_block""]","{""bowl"": [""green_pencil_sharpener"", ""airplane_without_propellers"", ""blue_pen"", ""yellow_block""], ""table"": []}",4,,4,3,out,,,,,count_3,object_identity_out,held_out,withhold final-count goal 3,identity,counting.object_identity_out.1,Take the green pencil sharpener out of the bowl.,4,train,[]
v1,justintiensmith/SP_Counting_200:145,justintiensmith/SP_Counting_200,6591c0f19952e23010b7c6a0630e4d60f8714cbb,145,Move the green pencil sharpener.,470,counting,61,home,green_pencil_sharpener,green pencil sharpener,object,[],"[""green_pencil_sharpener"", ""airplane_without_propellers"", ""blue_pen"", ""yellow_block""]","{""bowl"": [""green_pencil_sharpener"", ""airplane_without_propellers"", ""blue_pen"", ""yellow_block""], ""table"": []}",4,,4,3,out,,,,,count_3,object_identity_out,held_out,withhold final-count goal 3,identity,counting.object_identity_out.3,Move the green pencil sharpener from the bowl to the table.,5,train,[]
v1,justintiensmith/SP_Counting_200:146,justintiensmith/SP_Counting_200,6591c0f19952e23010b7c6a0630e4d60f8714cbb,146,Move the green pencil sharpener.,415,counting,61,post_drop,green_pencil_sharpener,green pencil sharpener,object,[],"[""green_pencil_sharpener"", ""airplane_without_propellers"", ""blue_pen"", ""yellow_block""]","{""bowl"": [""green_pencil_sharpener"", ""airplane_without_propellers"", ""blue_pen"", ""yellow_block""], ""table"": []}",4,,4,3,out,,,,,count_3,object_identity_out,held_out,withhold final-count goal 3,identity,counting.object_identity_out.1,Take the green pencil sharpener out of the bowl.,6,train,[]
v1,justintiensmith/SP_Counting_200:147,justintiensmith/SP_Counting_200,6591c0f19952e23010b7c6a0630e4d60f8714cbb,147,Move the green pencil sharpener.,493,counting,61,post_drop,green_pencil_sharpener,green pencil sharpener,object,[],"[""green_pencil_sharpener"", ""airplane_without_propellers"", ""blue_pen"", ""yellow_block""]","{""bowl"": [""green_pencil_sharpener"", ""airplane_without_propellers"", ""blue_pen"", ""yellow_block""], ""table"": []}",4,,4,3,out,,,,,count_3,object_identity_out,held_out,withhold final-count goal 3,identity,counting.object_identity_out.2,Remove the green pencil sharpener from the bowl.,7,train,[]
v1,justintiensmith/SP_Counting_200:148,justintiensmith/SP_Counting_200,6591c0f19952e23010b7c6a0630e4d60f8714cbb,148,Move the green pencil sharpener.,379,counting,61,post_drop,green_pencil_sharpener,green pencil sharpener,object,[],"[""green_pencil_sharpener"", ""airplane_without_propellers"", ""blue_pen"", ""yellow_block""]","{""bowl"": [""green_pencil_sharpener"", ""airplane_without_propellers"", ""blue_pen"", ""yellow_block""], ""table"": []}",4,,4,3,out,,,,,count_3,object_identity_out,held_out,withhold final-count goal 3,identity,counting.object_identity_out.2,Remove the green pencil sharpener from the bowl.,8,train,[]
v1,justintiensmith/SP_Counting_200:149,justintiensmith/SP_Counting_200,6591c0f19952e23010b7c6a0630e4d60f8714cbb,149,Move the green pencil sharpener.,420,counting,61,recovery,green_pencil_sharpener,green pencil sharpener,object,[],"[""green_pencil_sharpener"", ""airplane_without_propellers"", ""blue_pen"", ""yellow_block""]","{""bowl"": [""green_pencil_sharpener"", ""airplane_without_propellers"", ""blue_pen"", ""yellow_block""], ""table"": []}",4,,4,3,out,,,,,count_3,object_identity_out,held_out,withhold final-count goal 3,identity,counting.object_identity_out.1,Take the green pencil sharpener out of the bowl.,9,train,[]
v1,justintiensmith/SP_Counting_200:150,justintiensmith/SP_Counting_200,6591c0f19952e23010b7c6a0630e4d60f8714cbb,150,Move the airplane toy.,485,counting,61,home,airplane_without_propellers,airplane toy without propellers,object,[],"[""airplane_without_propellers"", ""blue_pen"", ""yellow_block"", ""green_pencil_sharpener""]","{""bowl"": [], ""table"": [""airplane_without_propellers"", ""blue_pen"", ""yellow_block"", ""green_pencil_sharpener""]}",4,,0,1,into,,,,,count_1,object_identity_into,held_out,withhold final-count goal 1,identity,counting.object_identity_into.3,Move the airplane toy without propellers into the bowl.,0,train,[]
v1,justintiensmith/SP_Counting_200:151,justintiensmith/SP_Counting_200,6591c0f19952e23010b7c6a0630e4d60f8714cbb,151,Move the airplane toy.,517,counting,61,home,airplane_without_propellers,airplane toy without propellers,object,[],"[""airplane_without_propellers"", ""blue_pen"", ""yellow_block""]","{""bowl"": [], ""table"": [""airplane_without_propellers"", ""blue_pen"", ""yellow_block""]}",3,,0,1,into,,,,,count_1,object_identity_into,held_out,withhold final-count goal 1,identity,counting.object_identity_into.1,Put the airplane toy without propellers in the bowl.,1,train,[]
v1,justintiensmith/SP_Counting_200:152,justintiensmith/SP_Counting_200,6591c0f19952e23010b7c6a0630e4d60f8714cbb,152,Move the airplane toy.,609,counting,61,home,airplane_without_propellers,airplane toy without propellers,object,[],"[""airplane_without_propellers"", ""green_pencil_sharpener""]","{""bowl"": [], ""table"": [""airplane_without_propellers"", ""green_pencil_sharpener""]}",2,,0,1,into,,,,,count_1,object_identity_into,held_out,withhold final-count goal 1,identity,counting.object_identity_into.3,Move the airplane toy without propellers into the bowl.,2,train,[]
v1,justintiensmith/SP_Counting_200:153,justintiensmith/SP_Counting_200,6591c0f19952e23010b7c6a0630e4d60f8714cbb,153,Move the airplane toy.,601,counting,61,post_drop,airplane_without_propellers,airplane toy without propellers,object,[],"[""airplane_without_propellers"", ""blue_pen"", ""green_pencil_sharpener""]","{""bowl"": [], ""table"": [""airplane_without_propellers"", ""blue_pen"", ""green_pencil_sharpener""]}",3,,0,1,into,,,,,count_1,object_identity_into,held_out,withhold final-count goal 1,identity,counting.object_identity_into.1,Put the airplane toy without propellers in the bowl.,3,train,[]
v1,justintiensmith/SP_Counting_200:154,justintiensmith/SP_Counting_200,6591c0f19952e23010b7c6a0630e4d60f8714cbb,154,Move the airplane toy.,484,counting,61,post_drop,airplane_without_propellers,airplane toy without propellers,object,[],"[""airplane_without_propellers"", ""yellow_block""]","{""bowl"": [], ""table"": [""airplane_without_propellers"", ""yellow_block""]}",2,,0,1,into,,,,,count_1,object_identity_into,held_out,withhold final-count goal 1,identity,counting.object_identity_into.2,Pick up the airplane toy without propellers and place it in the bowl.,4,train,[]
v1,justintiensmith/SP_Counting_200:155,justintiensmith/SP_Counting_200,6591c0f19952e23010b7c6a0630e4d60f8714cbb,155,Move the airplane toy.,579,counting,61,post_drop,airplane_without_propellers,airplane toy without propellers,object,[],"[""airplane_without_propellers"", ""blue_pen""]","{""bowl"": [], ""table"": [""airplane_without_propellers"", ""blue_pen""]}",2,,0,1,into,,,,,count_1,object_identity_into,held_out,withhold final-count goal 1,identity,counting.object_identity_into.1,Put the airplane toy without propellers in the bowl.,5,train,[]
v1,justintiensmith/SP_Counting_200:156,justintiensmith/SP_Counting_200,6591c0f19952e23010b7c6a0630e4d60f8714cbb,156,Move the airplane toy.,381,counting,61,recovery,airplane_without_propellers,airplane toy without propellers,object,[],"[""airplane_without_propellers"", ""yellow_block"", ""green_pencil_sharpener""]","{""bowl"": [], ""table"": [""airplane_without_propellers"", ""yellow_block"", ""green_pencil_sharpener""]}",3,,0,1,into,,,,,count_1,object_identity_into,held_out,withhold final-count goal 1,identity,counting.object_identity_into.2,Pick up the airplane toy without propellers and place it in the bowl.,6,train,[]
v1,justintiensmith/SP_Counting_200:157,justintiensmith/SP_Counting_200,6591c0f19952e23010b7c6a0630e4d60f8714cbb,157,Move the airplane toy.,385,counting,61,recovery,airplane_without_propellers,airplane toy without propellers,object,[],"[""airplane_without_propellers""]","{""bowl"": [], ""table"": [""airplane_without_propellers""]}",1,,0,1,into,,,,,count_1,object_identity_into,held_out,withhold final-count goal 1,identity,counting.object_identity_into.1,Put the airplane toy without propellers in the bowl.,7,train,[]
v1,justintiensmith/SP_Counting_200:158,justintiensmith/SP_Counting_200,6591c0f19952e23010b7c6a0630e4d60f8714cbb,158,Move the airplane toy.,548,counting,61,home,airplane_without_propellers,airplane toy without propellers,object,[],"[""blue_pen"", ""airplane_without_propellers"", ""yellow_block"", ""green_pencil_sharpener""]","{""bowl"": [""blue_pen""], ""table"": [""airplane_without_propellers"", ""yellow_block"", ""green_pencil_sharpener""]}",4,,1,2,into,,,,,count_2,count_2,seen,,semantic_reasoning,counting.count_2.3,Adjust the bowl so that it contains two objects.,8,train,[]
v1,justintiensmith/SP_Counting_200:159,justintiensmith/SP_Counting_200,6591c0f19952e23010b7c6a0630e4d60f8714cbb,159,Move the airplane toy.,549,counting,61,home,airplane_without_propellers,airplane toy without propellers,object,[],"[""yellow_block"", ""airplane_without_propellers"", ""blue_pen""]","{""bowl"": [""yellow_block""], ""table"": [""airplane_without_propellers"", ""blue_pen""]}",3,,1,2,into,,,,,count_2,count_2,seen,,semantic_reasoning,counting.count_2.2,Leave exactly two objects in the bowl.,9,train,[]
v1,justintiensmith/SP_Counting_200:160,justintiensmith/SP_Counting_200,6591c0f19952e23010b7c6a0630e4d60f8714cbb,160,Move the airplane toy.,463,counting,61,home,airplane_without_propellers,airplane toy without propellers,object,[],"[""green_pencil_sharpener"", ""airplane_without_propellers"", ""yellow_block""]","{""bowl"": [""green_pencil_sharpener""], ""table"": [""airplane_without_propellers"", ""yellow_block""]}",3,,1,2,into,,,,,count_2,count_2,seen,,semantic_reasoning,counting.count_2.1,Make the bowl contain exactly two objects.,0,train,[]
v1,justintiensmith/SP_Counting_200:161,justintiensmith/SP_Counting_200,6591c0f19952e23010b7c6a0630e4d60f8714cbb,161,Move the airplane toy.,500,counting,61,post_drop,airplane_without_propellers,airplane toy without propellers,object,[],"[""blue_pen"", ""airplane_without_propellers"", ""yellow_block"", ""green_pencil_sharpener""]","{""bowl"": [""blue_pen""], ""table"": [""airplane_without_propellers"", ""yellow_block"", ""green_pencil_sharpener""]}",4,,1,2,into,,,,,count_2,count_2,seen,,semantic_reasoning,counting.count_2.1,Make the bowl contain exactly two objects.,1,train,[]
v1,justintiensmith/SP_Counting_200:162,justintiensmith/SP_Counting_200,6591c0f19952e23010b7c6a0630e4d60f8714cbb,162,Move the airplane toy.,493,counting,61,post_drop,airplane_without_propellers,airplane toy without propellers,object,[],"[""yellow_block"", ""airplane_without_propellers"", ""green_pencil_sharpener""]","{""bowl"": [""yellow_block""], ""table"": [""airplane_without_propellers"", ""green_pencil_sharpener""]}",3,,1,2,into,,,,,count_2,count_2,seen,,semantic_reasoning,counting.count_2.2,Leave exactly two objects in the bowl.,2,train,[]
v1,justintiensmith/SP_Counting_200:163,justintiensmith/SP_Counting_200,6591c0f19952e23010b7c6a0630e4d60f8714cbb,163,Move the airplane toy.,552,counting,61,post_drop,airplane_without_propellers,airplane toy without propellers,object,[],"[""green_pencil_sharpener"", ""airplane_without_propellers"", ""blue_pen""]","{""bowl"": [""green_pencil_sharpener""], ""table"": [""airplane_without_propellers"", ""blue_pen""]}",3,,1,2,into,,,,,count_2,count_2,seen,,semantic_reasoning,counting.count_2.2,Leave exactly two objects in the bowl.,3,train,[]
v1,justintiensmith/SP_Counting_200:164,justintiensmith/SP_Counting_200,6591c0f19952e23010b7c6a0630e4d60f8714cbb,164,Move the airplane toy.,559,counting,61,recovery,airplane_without_propellers,airplane toy without propellers,object,[],"[""yellow_block"", ""airplane_without_propellers"", ""green_pencil_sharpener""]","{""bowl"": [""yellow_block""], ""table"": [""airplane_without_propellers"", ""green_pencil_sharpener""]}",3,,1,2,into,,,,,count_2,count_2,seen,,semantic_reasoning,counting.count_2.2,Leave exactly two objects in the bowl.,4,train,[]
v1,justintiensmith/SP_Counting_200:165,justintiensmith/SP_Counting_200,6591c0f19952e23010b7c6a0630e4d60f8714cbb,165,Move the airplane toy.,435,counting,61,recovery,airplane_without_propellers,airplane toy without propellers,object,[],"[""blue_pen"", ""airplane_without_propellers""]","{""bowl"": [""blue_pen""], ""table"": [""airplane_without_propellers""]}",2,,1,2,into,,,,,count_2,count_2,seen,,semantic_reasoning,counting.count_2.2,Leave exactly two objects in the bowl.,5,train,[]
v1,justintiensmith/SP_Counting_200:166,justintiensmith/SP_Counting_200,6591c0f19952e23010b7c6a0630e4d60f8714cbb,166,Move the airplane toy.,495,counting,62,home,airplane_without_propellers,airplane toy without propellers,object,[],"[""blue_pen"", ""yellow_block"", ""airplane_without_propellers"", ""green_pencil_sharpener""]","{""bowl"": [""blue_pen"", ""yellow_block""], ""table"": [""airplane_without_propellers"", ""green_pencil_sharpener""]}",4,,2,3,into,,,,,count_3,object_identity_into,held_out,withhold final-count goal 3,identity,counting.object_identity_into.2,Pick up the airplane toy without propellers and place it in the bowl.,6,train,[]
v1,justintiensmith/SP_Counting_200:167,justintiensmith/SP_Counting_200,6591c0f19952e23010b7c6a0630e4d60f8714cbb,167,Move the airplane toy.,508,counting,62,home,airplane_without_propellers,airplane toy without propellers,object,[],"[""yellow_block"", ""green_pencil_sharpener"", ""airplane_without_propellers"", ""blue_pen""]","{""bowl"": [""yellow_block"", ""green_pencil_sharpener""], ""table"": [""airplane_without_propellers"", ""blue_pen""]}",4,,2,3,into,,,,,count_3,object_identity_into,held_out,withhold final-count goal 3,identity,counting.object_identity_into.2,Pick up the airplane toy without propellers and place it in the bowl.,7,train,[]
v1,justintiensmith/SP_Counting_200:168,justintiensmith/SP_Counting_200,6591c0f19952e23010b7c6a0630e4d60f8714cbb,168,Move the airplane toy.,695,counting,62,home,airplane_without_propellers,airplane toy without propellers,object,[],"[""blue_pen"", ""green_pencil_sharpener"", ""airplane_without_propellers"", ""yellow_block""]","{""bowl"": [""blue_pen"", ""green_pencil_sharpener""], ""table"": [""airplane_without_propellers"", ""yellow_block""]}",4,,2,3,into,,,,,count_3,object_identity_into,held_out,withhold final-count goal 3,identity,counting.object_identity_into.3,Move the airplane toy without propellers into the bowl.,8,train,[]
v1,justintiensmith/SP_Counting_200:169,justintiensmith/SP_Counting_200,6591c0f19952e23010b7c6a0630e4d60f8714cbb,169,Move the airplane toy.,506,counting,62,home,airplane_without_propellers,airplane toy without propellers,object,[],"[""blue_pen"", ""yellow_block"", ""airplane_without_propellers""]","{""bowl"": [""blue_pen"", ""yellow_block""], ""table"": [""airplane_without_propellers""]}",3,,2,3,into,,,,,count_3,object_identity_into,held_out,withhold final-count goal 3,identity,counting.object_identity_into.3,Move the airplane toy without propellers into the bowl.,9,train,[]
v1,justintiensmith/SP_Counting_200:170,justintiensmith/SP_Counting_200,6591c0f19952e23010b7c6a0630e4d60f8714cbb,170,Move the airplane toy.,480,counting,62,post_drop,airplane_without_propellers,airplane toy without propellers,object,[],"[""yellow_block"", ""green_pencil_sharpener"", ""airplane_without_propellers"", ""blue_pen""]","{""bowl"": [""yellow_block"", ""green_pencil_sharpener""], ""table"": [""airplane_without_propellers"", ""blue_pen""]}",4,,2,3,into,,,,,count_3,object_identity_into,held_out,withhold final-count goal 3,identity,counting.object_identity_into.1,Put the airplane toy without propellers in the bowl.,0,train,[]
v1,justintiensmith/SP_Counting_200:171,justintiensmith/SP_Counting_200,6591c0f19952e23010b7c6a0630e4d60f8714cbb,171,Move the airplane toy.,524,counting,62,post_drop,airplane_without_propellers,airplane toy without propellers,object,[],"[""blue_pen"", ""green_pencil_sharpener"", ""airplane_without_propellers"", ""yellow_block""]","{""bowl"": [""blue_pen"", ""green_pencil_sharpener""], ""table"": [""airplane_without_propellers"", ""yellow_block""]}",4,,2,3,into,,,,,count_3,object_identity_into,held_out,withhold final-count goal 3,identity,counting.object_identity_into.2,Pick up the airplane toy without propellers and place it in the bowl.,1,train,[]
v1,justintiensmith/SP_Counting_200:172,justintiensmith/SP_Counting_200,6591c0f19952e23010b7c6a0630e4d60f8714cbb,172,Move the airplane toy.,514,counting,62,post_drop,airplane_without_propellers,airplane toy without propellers,object,[],"[""blue_pen"", ""yellow_block"", ""airplane_without_propellers"", ""green_pencil_sharpener""]","{""bowl"": [""blue_pen"", ""yellow_block""], ""table"": [""airplane_without_propellers"", ""green_pencil_sharpener""]}",4,,2,3,into,,,,,count_3,object_identity_into,held_out,withhold final-count goal 3,identity,counting.object_identity_into.3,Move the airplane toy without propellers into the bowl.,2,train,[]
v1,justintiensmith/SP_Counting_200:173,justintiensmith/SP_Counting_200,6591c0f19952e23010b7c6a0630e4d60f8714cbb,173,Move the airplane toy.,421,counting,62,post_drop,airplane_without_propellers,airplane toy without propellers,object,[],"[""yellow_block"", ""green_pencil_sharpener"", ""airplane_without_propellers""]","{""bowl"": [""yellow_block"", ""green_pencil_sharpener""], ""table"": [""airplane_without_propellers""]}",3,,2,3,into,,,,,count_3,object_identity_into,held_out,withhold final-count goal 3,identity,counting.object_identity_into.2,Pick up the airplane toy without propellers and place it in the bowl.,3,train,[]
v1,justintiensmith/SP_Counting_200:174,justintiensmith/SP_Counting_200,6591c0f19952e23010b7c6a0630e4d60f8714cbb,174,Move the airplane toy.,459,counting,62,recovery,airplane_without_propellers,airplane toy without propellers,object,[],"[""blue_pen"", ""green_pencil_sharpener"", ""airplane_without_propellers""]","{""bowl"": [""blue_pen"", ""green_pencil_sharpener""], ""table"": [""airplane_without_propellers""]}",3,,2,3,into,,,,,count_3,object_identity_into,held_out,withhold final-count goal 3,identity,counting.object_identity_into.1,Put the airplane toy without propellers in the bowl.,4,train,[]
v1,justintiensmith/SP_Counting_200:175,justintiensmith/SP_Counting_200,6591c0f19952e23010b7c6a0630e4d60f8714cbb,175,Move the airplane toy.,471,counting,62,home,airplane_without_propellers,airplane toy without propellers,object,[],"[""airplane_without_propellers"", ""blue_pen"", ""yellow_block"", ""green_pencil_sharpener""]","{""bowl"": [""airplane_without_propellers""], ""table"": [""blue_pen"", ""yellow_block"", ""green_pencil_sharpener""]}",4,,1,0,out,,,,,count_0,count_0,seen,,semantic_reasoning,counting.count_0.2,Leave no objects in the bowl.,5,train,[]
v1,justintiensmith/SP_Counting_200:176,justintiensmith/SP_Counting_200,6591c0f19952e23010b7c6a0630e4d60f8714cbb,176,Move the airplane toy.,530,counting,62,home,airplane_without_propellers,airplane toy without propellers,object,[],"[""airplane_without_propellers"", ""yellow_block"", ""green_pencil_sharpener""]","{""bowl"": [""airplane_without_propellers""], ""table"": [""yellow_block"", ""green_pencil_sharpener""]}",3,,1,0,out,,,,,count_0,count_0,seen,,semantic_reasoning,counting.count_0.1,Make the bowl contain exactly zero objects.,6,train,[]
v1,justintiensmith/SP_Counting_200:177,justintiensmith/SP_Counting_200,6591c0f19952e23010b7c6a0630e4d60f8714cbb,177,Move the airplane toy.,375,counting,62,post_drop,airplane_without_propellers,airplane toy without propellers,object,[],"[""airplane_without_propellers"", ""blue_pen"", ""yellow_block""]","{""bowl"": [""airplane_without_propellers""], ""table"": [""blue_pen"", ""yellow_block""]}",3,,1,0,out,,,,,count_0,count_0,seen,,semantic_reasoning,counting.count_0.3,Adjust the bowl so that it contains zero objects.,7,train,[]
v1,justintiensmith/SP_Counting_200:178,justintiensmith/SP_Counting_200,6591c0f19952e23010b7c6a0630e4d60f8714cbb,178,Move the airplane toy.,331,counting,62,post_drop,airplane_without_propellers,airplane toy without propellers,object,[],"[""airplane_without_propellers"", ""green_pencil_sharpener""]","{""bowl"": [""airplane_without_propellers""], ""table"": [""green_pencil_sharpener""]}",2,,1,0,out,,,,,count_0,count_0,seen,,semantic_reasoning,counting.count_0.2,Leave no objects in the bowl.,8,train,[]
v1,justintiensmith/SP_Counting_200:179,justintiensmith/SP_Counting_200,6591c0f19952e23010b7c6a0630e4d60f8714cbb,179,Move the airplane toy.,490,counting,62,recovery,airplane_without_propellers,airplane toy without propellers,object,[],"[""airplane_without_propellers"", ""blue_pen"", ""green_pencil_sharpener""]","{""bowl"": [""airplane_without_propellers""], ""table"": [""blue_pen"", ""green_pencil_sharpener""]}",3,,1,0,out,,,,,count_0,count_0,seen,,semantic_reasoning,counting.count_0.1,Make the bowl contain exactly zero objects.,9,train,[]
v1,justintiensmith/SP_Counting_200:180,justintiensmith/SP_Counting_200,6591c0f19952e23010b7c6a0630e4d60f8714cbb,180,Move the airplane toy.,315,counting,62,recovery,airplane_without_propellers,airplane toy without propellers,object,[],"[""airplane_without_propellers""]","{""bowl"": [""airplane_without_propellers""], ""table"": []}",1,,1,0,out,,,,,count_0,count_0,seen,,semantic_reasoning,counting.count_0.2,Leave no objects in the bowl.,0,train,[]
v1,justintiensmith/SP_Counting_200:181,justintiensmith/SP_Counting_200,6591c0f19952e23010b7c6a0630e4d60f8714cbb,181,Move the airplane toy.,465,counting,62,home,airplane_without_propellers,airplane toy without propellers,object,[],"[""airplane_without_propellers"", ""blue_pen"", ""yellow_block"", ""green_pencil_sharpener""]","{""bowl"": [""airplane_without_propellers"", ""blue_pen""], ""table"": [""yellow_block"", ""green_pencil_sharpener""]}",4,,2,1,out,,,,,count_1,object_identity_out,held_out,withhold final-count goal 1,identity,counting.object_identity_out.2,Remove the airplane toy without propellers from the bowl.,1,train,[]
v1,justintiensmith/SP_Counting_200:182,justintiensmith/SP_Counting_200,6591c0f19952e23010b7c6a0630e4d60f8714cbb,182,Move the airplane toy.,487,counting,62,home,airplane_without_propellers,airplane toy without propellers,object,[],"[""airplane_without_propellers"", ""yellow_block"", ""blue_pen""]","{""bowl"": [""airplane_without_propellers"", ""yellow_block""], ""table"": [""blue_pen""]}",3,,2,1,out,,,,,count_1,object_identity_out,held_out,withhold final-count goal 1,identity,counting.object_identity_out.1,Take the airplane toy without propellers out of the bowl.,2,train,[]
v1,justintiensmith/SP_Counting_200:183,justintiensmith/SP_Counting_200,6591c0f19952e23010b7c6a0630e4d60f8714cbb,183,Move the airplane toy.,433,counting,62,home,airplane_without_propellers,airplane toy without propellers,object,[],"[""airplane_without_propellers"", ""green_pencil_sharpener"", ""yellow_block""]","{""bowl"": [""airplane_without_propellers"", ""green_pencil_sharpener""], ""table"": [""yellow_block""]}",3,,2,1,out,,,,,count_1,object_identity_out,held_out,withhold final-count goal 1,identity,counting.object_identity_out.1,Take the airplane toy without propellers out of the bowl.,3,train,[]
v1,justintiensmith/SP_Counting_200:184,justintiensmith/SP_Counting_200,6591c0f19952e23010b7c6a0630e4d60f8714cbb,184,Move the airplane toy.,479,counting,62,post_drop,airplane_without_propellers,airplane toy without propellers,object,[],"[""airplane_without_propellers"", ""blue_pen"", ""green_pencil_sharpener""]","{""bowl"": [""airplane_without_propellers"", ""blue_pen""], ""table"": [""green_pencil_sharpener""]}",3,,2,1,out,,,,,count_1,object_identity_out,held_out,withhold final-count goal 1,identity,counting.object_identity_out.1,Take the airplane toy without propellers out of the bowl.,4,train,[]
v1,justintiensmith/SP_Counting_200:185,justintiensmith/SP_Counting_200,6591c0f19952e23010b7c6a0630e4d60f8714cbb,185,Move the airplane toy.,467,counting,62,post_drop,airplane_without_propellers,airplane toy without propellers,object,[],"[""airplane_without_propellers"", ""yellow_block"", ""blue_pen"", ""green_pencil_sharpener""]","{""bowl"": [""airplane_without_propellers"", ""yellow_block""], ""table"": [""blue_pen"", ""green_pencil_sharpener""]}",4,,2,1,out,,,,,count_1,object_identity_out,held_out,withhold final-count goal 1,identity,counting.object_identity_out.3,Move the airplane toy without propellers from the bowl to the table.,5,train,[]
v1,justintiensmith/SP_Counting_200:186,justintiensmith/SP_Counting_200,6591c0f19952e23010b7c6a0630e4d60f8714cbb,186,Move the airplane toy.,515,counting,62,recovery,airplane_without_propellers,airplane toy without propellers,object,[],"[""airplane_without_propellers"", ""green_pencil_sharpener""]","{""bowl"": [""airplane_without_propellers"", ""green_pencil_sharpener""], ""table"": []}",2,,2,1,out,,,,,count_1,object_identity_out,held_out,withhold final-count goal 1,identity,counting.object_identity_out.2,Remove the airplane toy without propellers from the bowl.,6,train,[]
v1,justintiensmith/SP_Counting_200:187,justintiensmith/SP_Counting_200,6591c0f19952e23010b7c6a0630e4d60f8714cbb,187,Move the airplane toy.,530,counting,62,home,airplane_without_propellers,airplane toy without propellers,object,[],"[""airplane_without_propellers"", ""blue_pen"", ""yellow_block"", ""green_pencil_sharpener""]","{""bowl"": [""airplane_without_propellers"", ""blue_pen"", ""yellow_block""], ""table"": [""green_pencil_sharpener""]}",4,,3,2,out,,,,,count_2,count_2,seen,,semantic_reasoning,counting.count_2.3,Adjust the bowl so that it contains two objects.,7,train,[]
v1,justintiensmith/SP_Counting_200:188,justintiensmith/SP_Counting_200,6591c0f19952e23010b7c6a0630e4d60f8714cbb,188,Move the airplane toy.,448,counting,62,home,airplane_without_propellers,airplane toy without propellers,object,[],"[""airplane_without_propellers"", ""yellow_block"", ""green_pencil_sharpener"", ""blue_pen""]","{""bowl"": [""airplane_without_propellers"", ""yellow_block"", ""green_pencil_sharpener""], ""table"": [""blue_pen""]}",4,,3,2,out,,,,,count_2,count_2,seen,,semantic_reasoning,counting.count_2.3,Adjust the bowl so that it contains two objects.,8,train,[]
v1,justintiensmith/SP_Counting_200:189,justintiensmith/SP_Counting_200,6591c0f19952e23010b7c6a0630e4d60f8714cbb,189,Move the airplane toy.,325,counting,62,post_drop,airplane_without_propellers,airplane toy without propellers,object,[],"[""airplane_without_propellers"", ""blue_pen"", ""green_pencil_sharpener"", ""yellow_block""]","{""bowl"": [""airplane_without_propellers"", ""blue_pen"", ""green_pencil_sharpener""], ""table"": [""yellow_block""]}",4,,3,2,out,,,,,count_2,count_2,seen,,semantic_reasoning,counting.count_2.3,Adjust the bowl so that it contains two objects.,9,train,[]
v1,justintiensmith/SP_Counting_200:190,justintiensmith/SP_Counting_200,6591c0f19952e23010b7c6a0630e4d60f8714cbb,190,Move the airplane toy.,402,counting,62,post_drop,airplane_without_propellers,airplane toy without propellers,object,[],"[""airplane_without_propellers"", ""blue_pen"", ""yellow_block""]","{""bowl"": [""airplane_without_propellers"", ""blue_pen"", ""yellow_block""], ""table"": []}",3,,3,2,out,,,,,count_2,count_2,seen,,semantic_reasoning,counting.count_2.1,Make the bowl contain exactly two objects.,0,train,[]
v1,justintiensmith/SP_Counting_200:191,justintiensmith/SP_Counting_200,6591c0f19952e23010b7c6a0630e4d60f8714cbb,191,Move the airplane toy.,442,counting,62,post_drop,airplane_without_propellers,airplane toy without propellers,object,[],"[""airplane_without_propellers"", ""yellow_block"", ""green_pencil_sharpener""]","{""bowl"": [""airplane_without_propellers"", ""yellow_block"", ""green_pencil_sharpener""], ""table"": []}",3,,3,2,out,,,,,count_2,count_2,seen,,semantic_reasoning,counting.count_2.2,Leave exactly two objects in the bowl.,1,train,[]
v1,justintiensmith/SP_Counting_200:192,justintiensmith/SP_Counting_200,6591c0f19952e23010b7c6a0630e4d60f8714cbb,192,Move the airplane toy.,428,counting,62,recovery,airplane_without_propellers,airplane toy without propellers,object,[],"[""airplane_without_propellers"", ""blue_pen"", ""green_pencil_sharpener""]","{""bowl"": [""airplane_without_propellers"", ""blue_pen"", ""green_pencil_sharpener""], ""table"": []}",3,,3,2,out,,,,,count_2,count_2,seen,,semantic_reasoning,counting.count_2.3,Adjust the bowl so that it contains two objects.,2,train,[]
v1,justintiensmith/SP_Counting_200:193,justintiensmith/SP_Counting_200,6591c0f19952e23010b7c6a0630e4d60f8714cbb,193,Move the airplane toy.,470,counting,62,home,airplane_without_propellers,airplane toy without propellers,object,[],"[""airplane_without_propellers"", ""blue_pen"", ""yellow_block"", ""green_pencil_sharpener""]","{""bowl"": [""airplane_without_propellers"", ""blue_pen"", ""yellow_block"", ""green_pencil_sharpener""], ""table"": []}",4,,4,3,out,,,,,count_3,object_identity_out,held_out,withhold final-count goal 3,identity,counting.object_identity_out.2,Remove the airplane toy without propellers from the bowl.,3,train,[]
v1,justintiensmith/SP_Counting_200:194,justintiensmith/SP_Counting_200,6591c0f19952e23010b7c6a0630e4d60f8714cbb,194,Move the airplane toy.,434,counting,62,home,airplane_without_propellers,airplane toy without propellers,object,[],"[""airplane_without_propellers"", ""blue_pen"", ""yellow_block"", ""green_pencil_sharpener""]","{""bowl"": [""airplane_without_propellers"", ""blue_pen"", ""yellow_block"", ""green_pencil_sharpener""], ""table"": []}",4,,4,3,out,,,,,count_3,object_identity_out,held_out,withhold final-count goal 3,identity,counting.object_identity_out.1,Take the airplane toy without propellers out of the bowl.,4,train,[]
v1,justintiensmith/SP_Counting_200:195,justintiensmith/SP_Counting_200,6591c0f19952e23010b7c6a0630e4d60f8714cbb,195,Move the airplane toy.,640,counting,62,home,airplane_without_propellers,airplane toy without propellers,object,[],"[""airplane_without_propellers"", ""blue_pen"", ""yellow_block"", ""green_pencil_sharpener""]","{""bowl"": [""airplane_without_propellers"", ""blue_pen"", ""yellow_block"", ""green_pencil_sharpener""], ""table"": []}",4,,4,3,out,,,,,count_3,object_identity_out,held_out,withhold final-count goal 3,identity,counting.object_identity_out.3,Move the airplane toy without propellers from the bowl to the table.,5,train,[]
v1,justintiensmith/SP_Counting_200:196,justintiensmith/SP_Counting_200,6591c0f19952e23010b7c6a0630e4d60f8714cbb,196,Move the airplane toy.,446,counting,63,post_drop,airplane_without_propellers,airplane toy without propellers,object,[],"[""airplane_without_propellers"", ""blue_pen"", ""yellow_block"", ""green_pencil_sharpener""]","{""bowl"": [""airplane_without_propellers"", ""blue_pen"", ""yellow_block"", ""green_pencil_sharpener""], ""table"": []}",4,,4,3,out,,,,,count_3,object_identity_out,held_out,withhold final-count goal 3,identity,counting.object_identity_out.1,Take the airplane toy without propellers out of the bowl.,6,train,[]
v1,justintiensmith/SP_Counting_200:197,justintiensmith/SP_Counting_200,6591c0f19952e23010b7c6a0630e4d60f8714cbb,197,Move the airplane toy.,607,counting,63,post_drop,airplane_without_propellers,airplane toy without propellers,object,[],"[""airplane_without_propellers"", ""blue_pen"", ""yellow_block"", ""green_pencil_sharpener""]","{""bowl"": [""airplane_without_propellers"", ""blue_pen"", ""yellow_block"", ""green_pencil_sharpener""], ""table"": []}",4,,4,3,out,,,,,count_3,object_identity_out,held_out,withhold final-count goal 3,identity,counting.object_identity_out.3,Move the airplane toy without propellers from the bowl to the table.,7,train,[]
v1,justintiensmith/SP_Counting_200:198,justintiensmith/SP_Counting_200,6591c0f19952e23010b7c6a0630e4d60f8714cbb,198,Move the airplane toy.,413,counting,63,post_drop,airplane_without_propellers,airplane toy without propellers,object,[],"[""airplane_without_propellers"", ""blue_pen"", ""yellow_block"", ""green_pencil_sharpener""]","{""bowl"": [""airplane_without_propellers"", ""blue_pen"", ""yellow_block"", ""green_pencil_sharpener""], ""table"": []}",4,,4,3,out,,,,,count_3,object_identity_out,held_out,withhold final-count goal 3,identity,counting.object_identity_out.2,Remove the airplane toy without propellers from the bowl.,8,train,[]
v1,justintiensmith/SP_Counting_200:199,justintiensmith/SP_Counting_200,6591c0f19952e23010b7c6a0630e4d60f8714cbb,199,Move the airplane toy.,335,counting,63,recovery,airplane_without_propellers,airplane toy without propellers,object,[],"[""airplane_without_propellers"", ""blue_pen"", ""yellow_block"", ""green_pencil_sharpener""]","{""bowl"": [""airplane_without_propellers"", ""blue_pen"", ""yellow_block"", ""green_pencil_sharpener""], ""table"": []}",4,,4,3,out,,,,,count_3,object_identity_out,held_out,withhold final-count goal 3,identity,counting.object_identity_out.3,Move the airplane toy without propellers from the bowl to the table.,9,train,[]
v1,justintiensmith/MT_Size_Recognition_200:000,justintiensmith/MT_Size_Recognition_200,3a6e75d91e8339a87eebd8e545d87b148ae19925,0,Pick up the red pencil sharpener and place it into the bowl.,519,size_recognition,6,home,red_pencil_sharpener,red pencil sharpener,object,[],"[""red_pencil_sharpener"", ""green_block"", ""juggling_ball"", ""crushed_pepsi_can""]",[],4,,,,,,,,,smallest,smallest,seen,,semantic_reasoning,size_recognition.smallest.3,Move the object that is smallest into the bowl.,0,train,[]
v1,justintiensmith/MT_Size_Recognition_200:001,justintiensmith/MT_Size_Recognition_200,3a6e75d91e8339a87eebd8e545d87b148ae19925,1,Pick up the red pencil sharpener and place it into the bowl.,537,size_recognition,6,home,red_pencil_sharpener,red pencil sharpener,object,[],"[""red_pencil_sharpener"", ""green_block"", ""juggling_ball"", ""crushed_pepsi_can""]",[],4,,,,,,,,,smallest,smallest,seen,,semantic_reasoning,size_recognition.smallest.3,Move the object that is smallest into the bowl.,1,train,[]
v1,justintiensmith/MT_Size_Recognition_200:002,justintiensmith/MT_Size_Recognition_200,3a6e75d91e8339a87eebd8e545d87b148ae19925,2,Pick up the red pencil sharpener and place it into the bowl.,562,size_recognition,6,home,red_pencil_sharpener,red pencil sharpener,object,[],"[""red_pencil_sharpener"", ""green_block"", ""juggling_ball"", ""crushed_pepsi_can""]",[],4,,,,,,,,,smallest,smallest,seen,,semantic_reasoning,size_recognition.smallest.3,Move the object that is smallest into the bowl.,2,train,[]
v1,justintiensmith/MT_Size_Recognition_200:003,justintiensmith/MT_Size_Recognition_200,3a6e75d91e8339a87eebd8e545d87b148ae19925,3,Pick up the red pencil sharpener and place it into the bowl.,575,size_recognition,6,home,red_pencil_sharpener,red pencil sharpener,object,[],"[""red_pencil_sharpener"", ""green_block"", ""juggling_ball"", ""crushed_pepsi_can""]",[],4,,,,,,,,,smallest,smallest,seen,,semantic_reasoning,size_recognition.smallest.2,Pick up the smallest item and place it in the bowl.,3,train,[]
v1,justintiensmith/MT_Size_Recognition_200:004,justintiensmith/MT_Size_Recognition_200,3a6e75d91e8339a87eebd8e545d87b148ae19925,4,Pick up the red pencil sharpener and place it into the bowl.,458,size_recognition,6,home,red_pencil_sharpener,red pencil sharpener,object,[],"[""red_pencil_sharpener"", ""green_block"", ""juggling_ball"", ""crushed_pepsi_can""]",[],4,,,,,,,,,smallest,smallest,seen,,semantic_reasoning,size_recognition.smallest.1,Put the smallest object in the bowl.,4,train,[]
v1,justintiensmith/MT_Size_Recognition_200:005,justintiensmith/MT_Size_Recognition_200,3a6e75d91e8339a87eebd8e545d87b148ae19925,5,Pick up the red pencil sharpener and place it into the bowl.,506,size_recognition,6,home,red_pencil_sharpener,red pencil sharpener,object,[],"[""red_pencil_sharpener"", ""green_block"", ""juggling_ball"", ""crushed_pepsi_can""]",[],4,,,,,,,,,smallest,smallest,seen,,semantic_reasoning,size_recognition.smallest.3,Move the object that is smallest into the bowl.,5,train,[]
v1,justintiensmith/MT_Size_Recognition_200:006,justintiensmith/MT_Size_Recognition_200,3a6e75d91e8339a87eebd8e545d87b148ae19925,6,Pick up the red pencil sharpener and place it into the bowl.,518,size_recognition,6,home,red_pencil_sharpener,red pencil sharpener,object,[],"[""red_pencil_sharpener"", ""green_block"", ""juggling_ball"", ""crushed_pepsi_can""]",[],4,,,,,,,,,smallest,smallest,seen,,semantic_reasoning,size_recognition.smallest.2,Pick up the smallest item and place it in the bowl.,6,train,[]
v1,justintiensmith/MT_Size_Recognition_200:007,justintiensmith/MT_Size_Recognition_200,3a6e75d91e8339a87eebd8e545d87b148ae19925,7,Pick up the red pencil sharpener and place it into the bowl.,583,size_recognition,6,home,red_pencil_sharpener,red pencil sharpener,object,[],"[""red_pencil_sharpener"", ""green_block"", ""juggling_ball"", ""crushed_pepsi_can""]",[],4,,,,,,,,,smallest,smallest,seen,,semantic_reasoning,size_recognition.smallest.3,Move the object that is smallest into the bowl.,7,train,[]
v1,justintiensmith/MT_Size_Recognition_200:008,justintiensmith/MT_Size_Recognition_200,3a6e75d91e8339a87eebd8e545d87b148ae19925,8,Pick up the red pencil sharpener and place it into the bowl.,578,size_recognition,6,home,red_pencil_sharpener,red pencil sharpener,object,[],"[""red_pencil_sharpener"", ""green_block"", ""juggling_ball"", ""crushed_pepsi_can""]",[],4,,,,,,,,,smallest,smallest,seen,,semantic_reasoning,size_recognition.smallest.1,Put the smallest object in the bowl.,8,train,[]
v1,justintiensmith/MT_Size_Recognition_200:009,justintiensmith/MT_Size_Recognition_200,3a6e75d91e8339a87eebd8e545d87b148ae19925,9,Pick up the red pencil sharpener and place it into the bowl.,563,size_recognition,6,home,red_pencil_sharpener,red pencil sharpener,object,[],"[""red_pencil_sharpener"", ""green_block"", ""juggling_ball"", ""crushed_pepsi_can""]",[],4,,,,,,,,,smallest,smallest,seen,,semantic_reasoning,size_recognition.smallest.3,Move the object that is smallest into the bowl.,9,train,[]
v1,justintiensmith/MT_Size_Recognition_200:010,justintiensmith/MT_Size_Recognition_200,3a6e75d91e8339a87eebd8e545d87b148ae19925,10,Pick up the red pencil sharpener and place it into the bowl.,502,size_recognition,6,home,red_pencil_sharpener,red pencil sharpener,object,[],"[""red_pencil_sharpener"", ""green_block"", ""juggling_ball"", ""crushed_pepsi_can""]",[],4,,,,,,,,,smallest,smallest,seen,,semantic_reasoning,size_recognition.smallest.1,Put the smallest object in the bowl.,0,train,[]
v1,justintiensmith/MT_Size_Recognition_200:011,justintiensmith/MT_Size_Recognition_200,3a6e75d91e8339a87eebd8e545d87b148ae19925,11,Pick up the red pencil sharpener and place it into the bowl.,519,size_recognition,6,home,red_pencil_sharpener,red pencil sharpener,object,[],"[""red_pencil_sharpener"", ""green_block"", ""juggling_ball"", ""crushed_pepsi_can""]",[],4,,,,,,,,,smallest,smallest,seen,,semantic_reasoning,size_recognition.smallest.2,Pick up the smallest item and place it in the bowl.,1,train,[]
v1,justintiensmith/MT_Size_Recognition_200:012,justintiensmith/MT_Size_Recognition_200,3a6e75d91e8339a87eebd8e545d87b148ae19925,12,Pick up the red pencil sharpener and place it into the bowl.,672,size_recognition,6,recovery,red_pencil_sharpener,red pencil sharpener,object,[],"[""red_pencil_sharpener"", ""green_block"", ""juggling_ball"", ""crushed_pepsi_can""]",[],4,,,,,,,,,smallest,smallest,seen,,semantic_reasoning,size_recognition.smallest.1,Put the smallest object in the bowl.,2,train,[]
v1,justintiensmith/MT_Size_Recognition_200:013,justintiensmith/MT_Size_Recognition_200,3a6e75d91e8339a87eebd8e545d87b148ae19925,13,Pick up the red pencil sharpener and place it into the bowl.,497,size_recognition,6,recovery,red_pencil_sharpener,red pencil sharpener,object,[],"[""red_pencil_sharpener"", ""green_block"", ""juggling_ball"", ""crushed_pepsi_can""]",[],4,,,,,,,,,smallest,smallest,seen,,semantic_reasoning,size_recognition.smallest.1,Put the smallest object in the bowl.,3,train,[]
v1,justintiensmith/MT_Size_Recognition_200:014,justintiensmith/MT_Size_Recognition_200,3a6e75d91e8339a87eebd8e545d87b148ae19925,14,Pick up the red pencil sharpener and place it into the bowl.,480,size_recognition,6,recovery,red_pencil_sharpener,red pencil sharpener,object,[],"[""red_pencil_sharpener"", ""green_block"", ""juggling_ball"", ""crushed_pepsi_can""]",[],4,,,,,,,,,smallest,smallest,seen,,semantic_reasoning,size_recognition.smallest.2,Pick up the smallest item and place it in the bowl.,4,train,[]
v1,justintiensmith/MT_Size_Recognition_200:015,justintiensmith/MT_Size_Recognition_200,3a6e75d91e8339a87eebd8e545d87b148ae19925,15,Pick up the red pencil sharpener and place it into the bowl.,510,size_recognition,6,home,red_pencil_sharpener,red pencil sharpener,object,[],"[""red_pencil_sharpener"", ""green_block"", ""crushed_pepsi_can""]",[],3,,,,,,,,,smallest,smallest,seen,,semantic_reasoning,size_recognition.smallest.3,Move the object that is smallest into the bowl.,5,train,[]
v1,justintiensmith/MT_Size_Recognition_200:016,justintiensmith/MT_Size_Recognition_200,3a6e75d91e8339a87eebd8e545d87b148ae19925,16,Pick up the red pencil sharpener and place it into the bowl.,536,size_recognition,6,home,red_pencil_sharpener,red pencil sharpener,object,[],"[""red_pencil_sharpener"", ""green_block"", ""crushed_pepsi_can""]",[],3,,,,,,,,,smallest,smallest,seen,,semantic_reasoning,size_recognition.smallest.2,Pick up the smallest item and place it in the bowl.,6,train,[]
v1,justintiensmith/MT_Size_Recognition_200:017,justintiensmith/MT_Size_Recognition_200,3a6e75d91e8339a87eebd8e545d87b148ae19925,17,Pick up the red pencil sharpener and place it into the bowl.,594,size_recognition,6,home,red_pencil_sharpener,red pencil sharpener,object,[],"[""red_pencil_sharpener"", ""green_block"", ""crushed_pepsi_can""]",[],3,,,,,,,,,smallest,smallest,seen,,semantic_reasoning,size_recognition.smallest.3,Move the object that is smallest into the bowl.,7,train,[]
v1,justintiensmith/MT_Size_Recognition_200:018,justintiensmith/MT_Size_Recognition_200,3a6e75d91e8339a87eebd8e545d87b148ae19925,18,Pick up the red pencil sharpener and place it into the bowl.,558,size_recognition,6,home,red_pencil_sharpener,red pencil sharpener,object,[],"[""red_pencil_sharpener"", ""green_block"", ""crushed_pepsi_can""]",[],3,,,,,,,,,smallest,smallest,seen,,semantic_reasoning,size_recognition.smallest.2,Pick up the smallest item and place it in the bowl.,8,train,[]
v1,justintiensmith/MT_Size_Recognition_200:019,justintiensmith/MT_Size_Recognition_200,3a6e75d91e8339a87eebd8e545d87b148ae19925,19,Pick up the red pencil sharpener and place it into the bowl.,576,size_recognition,6,home,red_pencil_sharpener,red pencil sharpener,object,[],"[""red_pencil_sharpener"", ""green_block"", ""crushed_pepsi_can""]",[],3,,,,,,,,,smallest,smallest,seen,,semantic_reasoning,size_recognition.smallest.3,Move the object that is smallest into the bowl.,9,train,[]
v1,justintiensmith/MT_Size_Recognition_200:020,justintiensmith/MT_Size_Recognition_200,3a6e75d91e8339a87eebd8e545d87b148ae19925,20,Pick up the red pencil sharpener and place it into the bowl.,587,size_recognition,6,home,red_pencil_sharpener,red pencil sharpener,object,[],"[""red_pencil_sharpener"", ""green_block"", ""crushed_pepsi_can""]",[],3,,,,,,,,,smallest,smallest,seen,,semantic_reasoning,size_recognition.smallest.2,Pick up the smallest item and place it in the bowl.,0,train,[]
v1,justintiensmith/MT_Size_Recognition_200:021,justintiensmith/MT_Size_Recognition_200,3a6e75d91e8339a87eebd8e545d87b148ae19925,21,Pick up the red pencil sharpener and place it into the bowl.,534,size_recognition,6,home,red_pencil_sharpener,red pencil sharpener,object,[],"[""red_pencil_sharpener"", ""green_block"", ""crushed_pepsi_can""]",[],3,,,,,,,,,smallest,smallest,seen,,semantic_reasoning,size_recognition.smallest.3,Move the object that is smallest into the bowl.,1,train,[]
v1,justintiensmith/MT_Size_Recognition_200:022,justintiensmith/MT_Size_Recognition_200,3a6e75d91e8339a87eebd8e545d87b148ae19925,22,Pick up the red pencil sharpener and place it into the bowl.,536,size_recognition,6,home,red_pencil_sharpener,red pencil sharpener,object,[],"[""red_pencil_sharpener"", ""green_block"", ""crushed_pepsi_can""]",[],3,,,,,,,,,smallest,smallest,seen,,semantic_reasoning,size_recognition.smallest.1,Put the smallest object in the bowl.,2,train,[]
v1,justintiensmith/MT_Size_Recognition_200:023,justintiensmith/MT_Size_Recognition_200,3a6e75d91e8339a87eebd8e545d87b148ae19925,23,Pick up the red pencil sharpener and place it into the bowl.,506,size_recognition,6,home,red_pencil_sharpener,red pencil sharpener,object,[],"[""red_pencil_sharpener"", ""green_block"", ""crushed_pepsi_can""]",[],3,,,,,,,,,smallest,smallest,seen,,semantic_reasoning,size_recognition.smallest.3,Move the object that is smallest into the bowl.,3,train,[]
v1,justintiensmith/MT_Size_Recognition_200:024,justintiensmith/MT_Size_Recognition_200,3a6e75d91e8339a87eebd8e545d87b148ae19925,24,Pick up the red pencil sharpener and place it into the bowl.,606,size_recognition,6,home,red_pencil_sharpener,red pencil sharpener,object,[],"[""red_pencil_sharpener"", ""green_block"", ""crushed_pepsi_can""]",[],3,,,,,,,,,smallest,smallest,seen,,semantic_reasoning,size_recognition.smallest.3,Move the object that is smallest into the bowl.,4,train,[]
v1,justintiensmith/MT_Size_Recognition_200:025,justintiensmith/MT_Size_Recognition_200,3a6e75d91e8339a87eebd8e545d87b148ae19925,25,Pick up the red pencil sharpener and place it into the bowl.,566,size_recognition,6,home,red_pencil_sharpener,red pencil sharpener,object,[],"[""red_pencil_sharpener"", ""green_block"", ""crushed_pepsi_can""]",[],3,,,,,,,,,smallest,smallest,seen,,semantic_reasoning,size_recognition.smallest.3,Move the object that is smallest into the bowl.,5,train,[]
v1,justintiensmith/MT_Size_Recognition_200:026,justintiensmith/MT_Size_Recognition_200,3a6e75d91e8339a87eebd8e545d87b148ae19925,26,Pick up the red pencil sharpener and place it into the bowl.,568,size_recognition,6,home,red_pencil_sharpener,red pencil sharpener,object,[],"[""red_pencil_sharpener"", ""green_block"", ""crushed_pepsi_can""]",[],3,,,,,,,,,smallest,smallest,seen,,semantic_reasoning,size_recognition.smallest.2,Pick up the smallest item and place it in the bowl.,6,train,[]
v1,justintiensmith/MT_Size_Recognition_200:027,justintiensmith/MT_Size_Recognition_200,3a6e75d91e8339a87eebd8e545d87b148ae19925,27,Pick up the red pencil sharpener and place it into the bowl.,598,size_recognition,6,recovery,red_pencil_sharpener,red pencil sharpener,object,[],"[""red_pencil_sharpener"", ""green_block"", ""crushed_pepsi_can""]",[],3,,,,,,,,,smallest,smallest,seen,,semantic_reasoning,size_recognition.smallest.2,Pick up the smallest item and place it in the bowl.,7,train,[]
v1,justintiensmith/MT_Size_Recognition_200:028,justintiensmith/MT_Size_Recognition_200,3a6e75d91e8339a87eebd8e545d87b148ae19925,28,Pick up the red pencil sharpener and place it into the bowl.,496,size_recognition,6,recovery,red_pencil_sharpener,red pencil sharpener,object,[],"[""red_pencil_sharpener"", ""green_block"", ""crushed_pepsi_can""]",[],3,,,,,,,,,smallest,smallest,seen,,semantic_reasoning,size_recognition.smallest.1,Put the smallest object in the bowl.,8,train,[]
v1,justintiensmith/MT_Size_Recognition_200:029,justintiensmith/MT_Size_Recognition_200,3a6e75d91e8339a87eebd8e545d87b148ae19925,29,Pick up the red pencil sharpener and place it into the bowl.,519,size_recognition,6,recovery,red_pencil_sharpener,red pencil sharpener,object,[],"[""red_pencil_sharpener"", ""green_block"", ""crushed_pepsi_can""]",[],3,,,,,,,,,smallest,smallest,seen,,semantic_reasoning,size_recognition.smallest.3,Move the object that is smallest into the bowl.,9,train,[]
v1,justintiensmith/MT_Size_Recognition_200:030,justintiensmith/MT_Size_Recognition_200,3a6e75d91e8339a87eebd8e545d87b148ae19925,30,Pick up the red pencil sharpener and place it into the bowl.,566,size_recognition,6,home,red_pencil_sharpener,red pencil sharpener,object,[],"[""red_pencil_sharpener"", ""juggling_ball""]",[],2,,,,,,,,,smallest,smallest,seen,,semantic_reasoning,size_recognition.smallest.1,Put the smallest object in the bowl.,0,train,[]
v1,justintiensmith/MT_Size_Recognition_200:031,justintiensmith/MT_Size_Recognition_200,3a6e75d91e8339a87eebd8e545d87b148ae19925,31,Pick up the red pencil sharpener and place it into the bowl.,610,size_recognition,6,home,red_pencil_sharpener,red pencil sharpener,object,[],"[""red_pencil_sharpener"", ""juggling_ball""]",[],2,,,,,,,,,smallest,smallest,seen,,semantic_reasoning,size_recognition.smallest.2,Pick up the smallest item and place it in the bowl.,1,train,[]
v1,justintiensmith/MT_Size_Recognition_200:032,justintiensmith/MT_Size_Recognition_200,3a6e75d91e8339a87eebd8e545d87b148ae19925,32,Pick up the red pencil sharpener and place it into the bowl.,500,size_recognition,6,home,red_pencil_sharpener,red pencil sharpener,object,[],"[""red_pencil_sharpener"", ""juggling_ball""]",[],2,,,,,,,,,smallest,smallest,seen,,semantic_reasoning,size_recognition.smallest.1,Put the smallest object in the bowl.,2,train,[]
v1,justintiensmith/MT_Size_Recognition_200:033,justintiensmith/MT_Size_Recognition_200,3a6e75d91e8339a87eebd8e545d87b148ae19925,33,Pick up the red pencil sharpener and place it into the bowl.,574,size_recognition,6,home,red_pencil_sharpener,red pencil sharpener,object,[],"[""red_pencil_sharpener"", ""juggling_ball""]",[],2,,,,,,,,,smallest,smallest,seen,,semantic_reasoning,size_recognition.smallest.2,Pick up the smallest item and place it in the bowl.,3,train,[]
v1,justintiensmith/MT_Size_Recognition_200:034,justintiensmith/MT_Size_Recognition_200,3a6e75d91e8339a87eebd8e545d87b148ae19925,34,Pick up the red pencil sharpener and place it into the bowl.,533,size_recognition,7,home,red_pencil_sharpener,red pencil sharpener,object,[],"[""red_pencil_sharpener"", ""juggling_ball""]",[],2,,,,,,,,,smallest,smallest,seen,,semantic_reasoning,size_recognition.smallest.3,Move the object that is smallest into the bowl.,4,train,[]
v1,justintiensmith/MT_Size_Recognition_200:035,justintiensmith/MT_Size_Recognition_200,3a6e75d91e8339a87eebd8e545d87b148ae19925,35,Pick up the red pencil sharpener and place it into the bowl.,567,size_recognition,7,home,red_pencil_sharpener,red pencil sharpener,object,[],"[""red_pencil_sharpener"", ""juggling_ball""]",[],2,,,,,,,,,smallest,smallest,seen,,semantic_reasoning,size_recognition.smallest.1,Put the smallest object in the bowl.,5,train,[]
v1,justintiensmith/MT_Size_Recognition_200:036,justintiensmith/MT_Size_Recognition_200,3a6e75d91e8339a87eebd8e545d87b148ae19925,36,Pick up the red pencil sharpener and place it into the bowl.,545,size_recognition,7,home,red_pencil_sharpener,red pencil sharpener,object,[],"[""red_pencil_sharpener"", ""juggling_ball""]",[],2,,,,,,,,,smallest,smallest,seen,,semantic_reasoning,size_recognition.smallest.2,Pick up the smallest item and place it in the bowl.,6,train,[]
v1,justintiensmith/MT_Size_Recognition_200:037,justintiensmith/MT_Size_Recognition_200,3a6e75d91e8339a87eebd8e545d87b148ae19925,37,Pick up the red pencil sharpener and place it into the bowl.,524,size_recognition,7,home,red_pencil_sharpener,red pencil sharpener,object,[],"[""red_pencil_sharpener"", ""juggling_ball""]",[],2,,,,,,,,,smallest,smallest,seen,,semantic_reasoning,size_recognition.smallest.1,Put the smallest object in the bowl.,7,train,[]
v1,justintiensmith/MT_Size_Recognition_200:038,justintiensmith/MT_Size_Recognition_200,3a6e75d91e8339a87eebd8e545d87b148ae19925,38,Pick up the red pencil sharpener and place it into the bowl.,538,size_recognition,7,home,red_pencil_sharpener,red pencil sharpener,object,[],"[""red_pencil_sharpener"", ""juggling_ball""]",[],2,,,,,,,,,smallest,smallest,seen,,semantic_reasoning,size_recognition.smallest.3,Move the object that is smallest into the bowl.,8,train,[]
v1,justintiensmith/MT_Size_Recognition_200:039,justintiensmith/MT_Size_Recognition_200,3a6e75d91e8339a87eebd8e545d87b148ae19925,39,Pick up the red pencil sharpener and place it into the bowl.,552,size_recognition,7,home,red_pencil_sharpener,red pencil sharpener,object,[],"[""red_pencil_sharpener"", ""juggling_ball""]",[],2,,,,,,,,,smallest,smallest,seen,,semantic_reasoning,size_recognition.smallest.1,Put the smallest object in the bowl.,9,train,[]
v1,justintiensmith/MT_Size_Recognition_200:040,justintiensmith/MT_Size_Recognition_200,3a6e75d91e8339a87eebd8e545d87b148ae19925,40,Pick up the red pencil sharpener and place it into the bowl.,560,size_recognition,7,home,red_pencil_sharpener,red pencil sharpener,object,[],"[""red_pencil_sharpener"", ""juggling_ball""]",[],2,,,,,,,,,smallest,smallest,seen,,semantic_reasoning,size_recognition.smallest.3,Move the object that is smallest into the bowl.,0,train,[]
v1,justintiensmith/MT_Size_Recognition_200:041,justintiensmith/MT_Size_Recognition_200,3a6e75d91e8339a87eebd8e545d87b148ae19925,41,Pick up the red pencil sharpener and place it into the bowl.,485,size_recognition,7,home,red_pencil_sharpener,red pencil sharpener,object,[],"[""red_pencil_sharpener"", ""juggling_ball""]",[],2,,,,,,,,,smallest,smallest,seen,,semantic_reasoning,size_recognition.smallest.1,Put the smallest object in the bowl.,1,train,[]
v1,justintiensmith/MT_Size_Recognition_200:042,justintiensmith/MT_Size_Recognition_200,3a6e75d91e8339a87eebd8e545d87b148ae19925,42,Pick up the red pencil sharpener and place it into the bowl.,495,size_recognition,7,home,red_pencil_sharpener,red pencil sharpener,object,[],"[""red_pencil_sharpener"", ""juggling_ball""]",[],2,,,,,,,,,smallest,smallest,seen,,semantic_reasoning,size_recognition.smallest.2,Pick up the smallest item and place it in the bowl.,2,train,[]
v1,justintiensmith/MT_Size_Recognition_200:043,justintiensmith/MT_Size_Recognition_200,3a6e75d91e8339a87eebd8e545d87b148ae19925,43,Pick up the red pencil sharpener and place it into the bowl.,582,size_recognition,7,home,red_pencil_sharpener,red pencil sharpener,object,[],"[""red_pencil_sharpener"", ""juggling_ball""]",[],2,,,,,,,,,smallest,smallest,seen,,semantic_reasoning,size_recognition.smallest.2,Pick up the smallest item and place it in the bowl.,3,train,[]
v1,justintiensmith/MT_Size_Recognition_200:044,justintiensmith/MT_Size_Recognition_200,3a6e75d91e8339a87eebd8e545d87b148ae19925,44,Pick up the red pencil sharpener and place it into the bowl.,570,size_recognition,7,home,red_pencil_sharpener,red pencil sharpener,object,[],"[""red_pencil_sharpener"", ""juggling_ball""]",[],2,,,,,,,,,smallest,smallest,seen,,semantic_reasoning,size_recognition.smallest.2,Pick up the smallest item and place it in the bowl.,4,train,[]
v1,justintiensmith/MT_Size_Recognition_200:045,justintiensmith/MT_Size_Recognition_200,3a6e75d91e8339a87eebd8e545d87b148ae19925,45,Pick up the red pencil sharpener and place it into the bowl.,557,size_recognition,7,home,red_pencil_sharpener,red pencil sharpener,object,[],"[""red_pencil_sharpener"", ""juggling_ball""]",[],2,,,,,,,,,smallest,smallest,seen,,semantic_reasoning,size_recognition.smallest.2,Pick up the smallest item and place it in the bowl.,5,train,[]
v1,justintiensmith/MT_Size_Recognition_200:046,justintiensmith/MT_Size_Recognition_200,3a6e75d91e8339a87eebd8e545d87b148ae19925,46,Pick up the red pencil sharpener and place it into the bowl.,610,size_recognition,7,recovery,red_pencil_sharpener,red pencil sharpener,object,[],"[""red_pencil_sharpener"", ""juggling_ball""]",[],2,,,,,,,,,smallest,smallest,seen,,semantic_reasoning,size_recognition.smallest.2,Pick up the smallest item and place it in the bowl.,6,train,[]
v1,justintiensmith/MT_Size_Recognition_200:047,justintiensmith/MT_Size_Recognition_200,3a6e75d91e8339a87eebd8e545d87b148ae19925,47,Pick up the red pencil sharpener and place it into the bowl.,559,size_recognition,7,recovery,red_pencil_sharpener,red pencil sharpener,object,[],"[""red_pencil_sharpener"", ""juggling_ball""]",[],2,,,,,,,,,smallest,smallest,seen,,semantic_reasoning,size_recognition.smallest.1,Put the smallest object in the bowl.,7,train,[]
v1,justintiensmith/MT_Size_Recognition_200:048,justintiensmith/MT_Size_Recognition_200,3a6e75d91e8339a87eebd8e545d87b148ae19925,48,Pick up the red pencil sharpener and place it into the bowl.,431,size_recognition,7,recovery,red_pencil_sharpener,red pencil sharpener,object,[],"[""red_pencil_sharpener"", ""juggling_ball""]",[],2,,,,,,,,,smallest,smallest,seen,,semantic_reasoning,size_recognition.smallest.1,Put the smallest object in the bowl.,8,train,[]
v1,justintiensmith/MT_Size_Recognition_200:049,justintiensmith/MT_Size_Recognition_200,3a6e75d91e8339a87eebd8e545d87b148ae19925,49,Pick up the red pencil sharpener and place it into the bowl.,494,size_recognition,7,recovery,red_pencil_sharpener,red pencil sharpener,object,[],"[""red_pencil_sharpener"", ""juggling_ball""]",[],2,,,,,,,,,smallest,smallest,seen,,semantic_reasoning,size_recognition.smallest.3,Move the object that is smallest into the bowl.,9,train,[]
v1,justintiensmith/MT_Size_Recognition_200:050,justintiensmith/MT_Size_Recognition_200,3a6e75d91e8339a87eebd8e545d87b148ae19925,50,Pick up the green block and place it into the bowl.,547,size_recognition,7,home,green_block,green block,object,[],"[""green_block"", ""juggling_ball"", ""crushed_pepsi_can""]",[],3,,,,,,,,,smallest,smallest,seen,,semantic_reasoning,size_recognition.smallest.2,Pick up the smallest item and place it in the bowl.,0,train,[]
v1,justintiensmith/MT_Size_Recognition_200:051,justintiensmith/MT_Size_Recognition_200,3a6e75d91e8339a87eebd8e545d87b148ae19925,51,Pick up the green block sharpener and place it into the bowl.,526,size_recognition,7,home,green_block,green block,object,[],"[""green_block"", ""juggling_ball"", ""crushed_pepsi_can""]",[],3,,,,,,,,,smallest,smallest,seen,,semantic_reasoning,size_recognition.smallest.2,Pick up the smallest item and place it in the bowl.,1,train,"[""source_task_green_block_sharpener_typo""]"
v1,justintiensmith/MT_Size_Recognition_200:052,justintiensmith/MT_Size_Recognition_200,3a6e75d91e8339a87eebd8e545d87b148ae19925,52,Pick up the green block sharpener and place it into the bowl.,562,size_recognition,7,home,green_block,green block,object,[],"[""green_block"", ""juggling_ball"", ""crushed_pepsi_can""]",[],3,,,,,,,,,smallest,smallest,seen,,semantic_reasoning,size_recognition.smallest.1,Put the smallest object in the bowl.,2,train,"[""source_task_green_block_sharpener_typo""]"
v1,justintiensmith/MT_Size_Recognition_200:053,justintiensmith/MT_Size_Recognition_200,3a6e75d91e8339a87eebd8e545d87b148ae19925,53,Pick up the green block sharpener and place it into the bowl.,558,size_recognition,7,home,green_block,green block,object,[],"[""green_block"", ""juggling_ball"", ""crushed_pepsi_can""]",[],3,,,,,,,,,smallest,smallest,seen,,semantic_reasoning,size_recognition.smallest.1,Put the smallest object in the bowl.,3,train,"[""source_task_green_block_sharpener_typo""]"
v1,justintiensmith/MT_Size_Recognition_200:054,justintiensmith/MT_Size_Recognition_200,3a6e75d91e8339a87eebd8e545d87b148ae19925,54,Pick up the green block sharpener and place it into the bowl.,545,size_recognition,7,home,green_block,green block,object,[],"[""green_block"", ""juggling_ball"", ""crushed_pepsi_can""]",[],3,,,,,,,,,smallest,smallest,seen,,semantic_reasoning,size_recognition.smallest.1,Put the smallest object in the bowl.,4,train,"[""source_task_green_block_sharpener_typo""]"
v1,justintiensmith/MT_Size_Recognition_200:055,justintiensmith/MT_Size_Recognition_200,3a6e75d91e8339a87eebd8e545d87b148ae19925,55,Pick up the green block sharpener and place it into the bowl.,551,size_recognition,7,home,green_block,green block,object,[],"[""green_block"", ""juggling_ball"", ""crushed_pepsi_can""]",[],3,,,,,,,,,smallest,smallest,seen,,semantic_reasoning,size_recognition.smallest.1,Put the smallest object in the bowl.,5,train,"[""source_task_green_block_sharpener_typo""]"
v1,justintiensmith/MT_Size_Recognition_200:056,justintiensmith/MT_Size_Recognition_200,3a6e75d91e8339a87eebd8e545d87b148ae19925,56,Pick up the green block sharpener and place it into the bowl.,527,size_recognition,7,home,green_block,green block,object,[],"[""green_block"", ""juggling_ball"", ""crushed_pepsi_can""]",[],3,,,,,,,,,smallest,smallest,seen,,semantic_reasoning,size_recognition.smallest.2,Pick up the smallest item and place it in the bowl.,6,train,"[""source_task_green_block_sharpener_typo""]"
v1,justintiensmith/MT_Size_Recognition_200:057,justintiensmith/MT_Size_Recognition_200,3a6e75d91e8339a87eebd8e545d87b148ae19925,57,Pick up the green block sharpener and place it into the bowl.,530,size_recognition,7,home,green_block,green block,object,[],"[""green_block"", ""juggling_ball"", ""crushed_pepsi_can""]",[],3,,,,,,,,,smallest,smallest,seen,,semantic_reasoning,size_recognition.smallest.3,Move the object that is smallest into the bowl.,7,train,"[""source_task_green_block_sharpener_typo""]"
v1,justintiensmith/MT_Size_Recognition_200:058,justintiensmith/MT_Size_Recognition_200,3a6e75d91e8339a87eebd8e545d87b148ae19925,58,Pick up the green block sharpener and place it into the bowl.,512,size_recognition,7,recovery,green_block,green block,object,[],"[""green_block"", ""juggling_ball"", ""crushed_pepsi_can""]",[],3,,,,,,,,,smallest,smallest,seen,,semantic_reasoning,size_recognition.smallest.1,Put the smallest object in the bowl.,8,train,"[""source_task_green_block_sharpener_typo""]"
v1,justintiensmith/MT_Size_Recognition_200:059,justintiensmith/MT_Size_Recognition_200,3a6e75d91e8339a87eebd8e545d87b148ae19925,59,Pick up the green block sharpener and place it into the bowl.,539,size_recognition,7,recovery,green_block,green block,object,[],"[""green_block"", ""juggling_ball"", ""crushed_pepsi_can""]",[],3,,,,,,,,,smallest,smallest,seen,,semantic_reasoning,size_recognition.smallest.2,Pick up the smallest item and place it in the bowl.,9,train,"[""source_task_green_block_sharpener_typo""]"
v1,justintiensmith/MT_Size_Recognition_200:060,justintiensmith/MT_Size_Recognition_200,3a6e75d91e8339a87eebd8e545d87b148ae19925,60,Pick up the green block sharpener and place it into the bowl.,498,size_recognition,7,home,green_block,green block,object,[],"[""green_block"", ""crushed_pepsi_can""]",[],2,,,,,,,,,smallest,smallest,seen,,semantic_reasoning,size_recognition.smallest.1,Put the smallest object in the bowl.,0,train,"[""source_task_green_block_sharpener_typo""]"
v1,justintiensmith/MT_Size_Recognition_200:061,justintiensmith/MT_Size_Recognition_200,3a6e75d91e8339a87eebd8e545d87b148ae19925,61,Pick up the green block sharpener and place it into the bowl.,552,size_recognition,7,home,green_block,green block,object,[],"[""green_block"", ""crushed_pepsi_can""]",[],2,,,,,,,,,smallest,smallest,seen,,semantic_reasoning,size_recognition.smallest.2,Pick up the smallest item and place it in the bowl.,1,train,"[""source_task_green_block_sharpener_typo""]"
v1,justintiensmith/MT_Size_Recognition_200:062,justintiensmith/MT_Size_Recognition_200,3a6e75d91e8339a87eebd8e545d87b148ae19925,62,Pick up the green block sharpener and place it into the bowl.,505,size_recognition,7,home,green_block,green block,object,[],"[""green_block"", ""crushed_pepsi_can""]",[],2,,,,,,,,,smallest,smallest,seen,,semantic_reasoning,size_recognition.smallest.3,Move the object that is smallest into the bowl.,2,train,"[""source_task_green_block_sharpener_typo""]"
v1,justintiensmith/MT_Size_Recognition_200:063,justintiensmith/MT_Size_Recognition_200,3a6e75d91e8339a87eebd8e545d87b148ae19925,63,Pick up the green block sharpener and place it into the bowl.,515,size_recognition,7,home,green_block,green block,object,[],"[""green_block"", ""crushed_pepsi_can""]",[],2,,,,,,,,,smallest,smallest,seen,,semantic_reasoning,size_recognition.smallest.3,Move the object that is smallest into the bowl.,3,train,"[""source_task_green_block_sharpener_typo""]"
v1,justintiensmith/MT_Size_Recognition_200:064,justintiensmith/MT_Size_Recognition_200,3a6e75d91e8339a87eebd8e545d87b148ae19925,64,Pick up the green block sharpener and place it into the bowl.,525,size_recognition,7,home,green_block,green block,object,[],"[""green_block"", ""crushed_pepsi_can""]",[],2,,,,,,,,,smallest,smallest,seen,,semantic_reasoning,size_recognition.smallest.3,Move the object that is smallest into the bowl.,4,train,"[""source_task_green_block_sharpener_typo""]"
v1,justintiensmith/MT_Size_Recognition_200:065,justintiensmith/MT_Size_Recognition_200,3a6e75d91e8339a87eebd8e545d87b148ae19925,65,Pick up the green block sharpener and place it into the bowl.,493,size_recognition,7,home,green_block,green block,object,[],"[""green_block"", ""crushed_pepsi_can""]",[],2,,,,,,,,,smallest,smallest,seen,,semantic_reasoning,size_recognition.smallest.2,Pick up the smallest item and place it in the bowl.,5,train,"[""source_task_green_block_sharpener_typo""]"
v1,justintiensmith/MT_Size_Recognition_200:066,justintiensmith/MT_Size_Recognition_200,3a6e75d91e8339a87eebd8e545d87b148ae19925,66,Pick up the green block sharpener and place it into the bowl.,438,size_recognition,7,home,green_block,green block,object,[],"[""green_block"", ""crushed_pepsi_can""]",[],2,,,,,,,,,smallest,smallest,seen,,semantic_reasoning,size_recognition.smallest.1,Put the smallest object in the bowl.,6,train,"[""source_task_green_block_sharpener_typo""]"
v1,justintiensmith/MT_Size_Recognition_200:067,justintiensmith/MT_Size_Recognition_200,3a6e75d91e8339a87eebd8e545d87b148ae19925,67,Pick up the green block sharpener and place it into the bowl.,504,size_recognition,7,home,green_block,green block,object,[],"[""green_block"", ""crushed_pepsi_can""]",[],2,,,,,,,,,smallest,smallest,seen,,semantic_reasoning,size_recognition.smallest.2,Pick up the smallest item and place it in the bowl.,7,train,"[""source_task_green_block_sharpener_typo""]"
v1,justintiensmith/MT_Size_Recognition_200:068,justintiensmith/MT_Size_Recognition_200,3a6e75d91e8339a87eebd8e545d87b148ae19925,68,Pick up the green block sharpener and place it into the bowl.,463,size_recognition,7,home,green_block,green block,object,[],"[""green_block"", ""crushed_pepsi_can""]",[],2,,,,,,,,,smallest,smallest,seen,,semantic_reasoning,size_recognition.smallest.1,Put the smallest object in the bowl.,8,train,"[""source_task_green_block_sharpener_typo""]"
v1,justintiensmith/MT_Size_Recognition_200:069,justintiensmith/MT_Size_Recognition_200,3a6e75d91e8339a87eebd8e545d87b148ae19925,69,Pick up the green block sharpener and place it into the bowl.,463,size_recognition,7,home,green_block,green block,object,[],"[""green_block"", ""crushed_pepsi_can""]",[],2,,,,,,,,,smallest,smallest,seen,,semantic_reasoning,size_recognition.smallest.1,Put the smallest object in the bowl.,9,train,"[""source_task_green_block_sharpener_typo""]"
v1,justintiensmith/MT_Size_Recognition_200:070,justintiensmith/MT_Size_Recognition_200,3a6e75d91e8339a87eebd8e545d87b148ae19925,70,Pick up the green block sharpener and place it into the bowl.,597,size_recognition,7,home,green_block,green block,object,[],"[""green_block"", ""crushed_pepsi_can""]",[],2,,,,,,,,,smallest,smallest,seen,,semantic_reasoning,size_recognition.smallest.3,Move the object that is smallest into the bowl.,0,train,"[""source_task_green_block_sharpener_typo""]"
v1,justintiensmith/MT_Size_Recognition_200:071,justintiensmith/MT_Size_Recognition_200,3a6e75d91e8339a87eebd8e545d87b148ae19925,71,Pick up the green block sharpener and place it into the bowl.,449,size_recognition,7,home,green_block,green block,object,[],"[""green_block"", ""crushed_pepsi_can""]",[],2,,,,,,,,,smallest,smallest,seen,,semantic_reasoning,size_recognition.smallest.3,Move the object that is smallest into the bowl.,1,train,"[""source_task_green_block_sharpener_typo""]"
v1,justintiensmith/MT_Size_Recognition_200:072,justintiensmith/MT_Size_Recognition_200,3a6e75d91e8339a87eebd8e545d87b148ae19925,72,Pick up the green block sharpener and place it into the bowl.,585,size_recognition,7,recovery,green_block,green block,object,[],"[""green_block"", ""crushed_pepsi_can""]",[],2,,,,,,,,,smallest,smallest,seen,,semantic_reasoning,size_recognition.smallest.2,Pick up the smallest item and place it in the bowl.,2,train,"[""source_task_green_block_sharpener_typo""]"
v1,justintiensmith/MT_Size_Recognition_200:073,justintiensmith/MT_Size_Recognition_200,3a6e75d91e8339a87eebd8e545d87b148ae19925,73,Pick up the green block sharpener and place it into the bowl.,504,size_recognition,7,recovery,green_block,green block,object,[],"[""green_block"", ""crushed_pepsi_can""]",[],2,,,,,,,,,smallest,smallest,seen,,semantic_reasoning,size_recognition.smallest.3,Move the object that is smallest into the bowl.,3,train,"[""source_task_green_block_sharpener_typo""]"
v1,justintiensmith/MT_Size_Recognition_200:074,justintiensmith/MT_Size_Recognition_200,3a6e75d91e8339a87eebd8e545d87b148ae19925,74,Pick up the green block sharpener and place it into the bowl.,351,size_recognition,8,recovery,green_block,green block,object,[],"[""green_block"", ""crushed_pepsi_can""]",[],2,,,,,,,,,smallest,smallest,seen,,semantic_reasoning,size_recognition.smallest.1,Put the smallest object in the bowl.,4,train,"[""source_task_green_block_sharpener_typo""]"
v1,justintiensmith/MT_Size_Recognition_200:075,justintiensmith/MT_Size_Recognition_200,3a6e75d91e8339a87eebd8e545d87b148ae19925,75,Pick up the green block sharpener and place it into the bowl.,441,size_recognition,8,home,green_block,green block,object,[],"[""red_pencil_sharpener"", ""green_block""]",[],2,,,,,,,,,largest,object_identity,held_out,withhold object-rank pairing green_block+largest,identity,size_recognition.object_identity.2,Pick up the green block and place it in the bowl.,5,train,"[""source_task_green_block_sharpener_typo""]"
v1,justintiensmith/MT_Size_Recognition_200:076,justintiensmith/MT_Size_Recognition_200,3a6e75d91e8339a87eebd8e545d87b148ae19925,76,Pick up the green block sharpener and place it into the bowl.,559,size_recognition,8,home,green_block,green block,object,[],"[""red_pencil_sharpener"", ""green_block""]",[],2,,,,,,,,,largest,object_identity,held_out,withhold object-rank pairing green_block+largest,identity,size_recognition.object_identity.3,Move the green block into the bowl.,6,train,"[""source_task_green_block_sharpener_typo""]"
v1,justintiensmith/MT_Size_Recognition_200:077,justintiensmith/MT_Size_Recognition_200,3a6e75d91e8339a87eebd8e545d87b148ae19925,77,Pick up the green block sharpener and place it into the bowl.,456,size_recognition,8,home,green_block,green block,object,[],"[""red_pencil_sharpener"", ""green_block""]",[],2,,,,,,,,,largest,object_identity,held_out,withhold object-rank pairing green_block+largest,identity,size_recognition.object_identity.1,Put the green block in the bowl.,7,train,"[""source_task_green_block_sharpener_typo""]"
v1,justintiensmith/MT_Size_Recognition_200:078,justintiensmith/MT_Size_Recognition_200,3a6e75d91e8339a87eebd8e545d87b148ae19925,78,Pick up the green block sharpener and place it into the bowl.,495,size_recognition,8,home,green_block,green block,object,[],"[""red_pencil_sharpener"", ""green_block""]",[],2,,,,,,,,,largest,object_identity,held_out,withhold object-rank pairing green_block+largest,identity,size_recognition.object_identity.2,Pick up the green block and place it in the bowl.,8,train,"[""source_task_green_block_sharpener_typo""]"
v1,justintiensmith/MT_Size_Recognition_200:079,justintiensmith/MT_Size_Recognition_200,3a6e75d91e8339a87eebd8e545d87b148ae19925,79,Pick up the green block sharpener and place it into the bowl.,567,size_recognition,8,home,green_block,green block,object,[],"[""red_pencil_sharpener"", ""green_block""]",[],2,,,,,,,,,largest,object_identity,held_out,withhold object-rank pairing green_block+largest,identity,size_recognition.object_identity.3,Move the green block into the bowl.,9,train,"[""source_task_green_block_sharpener_typo""]"
v1,justintiensmith/MT_Size_Recognition_200:080,justintiensmith/MT_Size_Recognition_200,3a6e75d91e8339a87eebd8e545d87b148ae19925,80,Pick up the green block sharpener and place it into the bowl.,462,size_recognition,8,home,green_block,green block,object,[],"[""red_pencil_sharpener"", ""green_block""]",[],2,,,,,,,,,largest,object_identity,held_out,withhold object-rank pairing green_block+largest,identity,size_recognition.object_identity.3,Move the green block into the bowl.,0,train,"[""source_task_green_block_sharpener_typo""]"
v1,justintiensmith/MT_Size_Recognition_200:081,justintiensmith/MT_Size_Recognition_200,3a6e75d91e8339a87eebd8e545d87b148ae19925,81,Pick up the green block sharpener and place it into the bowl.,476,size_recognition,8,home,green_block,green block,object,[],"[""red_pencil_sharpener"", ""green_block""]",[],2,,,,,,,,,largest,object_identity,held_out,withhold object-rank pairing green_block+largest,identity,size_recognition.object_identity.1,Put the green block in the bowl.,1,train,"[""source_task_green_block_sharpener_typo""]"
v1,justintiensmith/MT_Size_Recognition_200:082,justintiensmith/MT_Size_Recognition_200,3a6e75d91e8339a87eebd8e545d87b148ae19925,82,Pick up the green block sharpener and place it into the bowl.,484,size_recognition,8,home,green_block,green block,object,[],"[""red_pencil_sharpener"", ""green_block""]",[],2,,,,,,,,,largest,object_identity,held_out,withhold object-rank pairing green_block+largest,identity,size_recognition.object_identity.3,Move the green block into the bowl.,2,train,"[""source_task_green_block_sharpener_typo""]"
v1,justintiensmith/MT_Size_Recognition_200:083,justintiensmith/MT_Size_Recognition_200,3a6e75d91e8339a87eebd8e545d87b148ae19925,83,Pick up the green block sharpener and place it into the bowl.,505,size_recognition,8,home,green_block,green block,object,[],"[""red_pencil_sharpener"", ""green_block""]",[],2,,,,,,,,,largest,object_identity,held_out,withhold object-rank pairing green_block+largest,identity,size_recognition.object_identity.3,Move the green block into the bowl.,3,train,"[""source_task_green_block_sharpener_typo""]"
v1,justintiensmith/MT_Size_Recognition_200:084,justintiensmith/MT_Size_Recognition_200,3a6e75d91e8339a87eebd8e545d87b148ae19925,84,Pick up the green block sharpener and place it into the bowl.,540,size_recognition,8,home,green_block,green block,object,[],"[""red_pencil_sharpener"", ""green_block""]",[],2,,,,,,,,,largest,object_identity,held_out,withhold object-rank pairing green_block+largest,identity,size_recognition.object_identity.2,Pick up the green block and place it in the bowl.,4,train,"[""source_task_green_block_sharpener_typo""]"
v1,justintiensmith/MT_Size_Recognition_200:085,justintiensmith/MT_Size_Recognition_200,3a6e75d91e8339a87eebd8e545d87b148ae19925,85,Pick up the green block sharpener and place it into the bowl.,555,size_recognition,8,home,green_block,green block,object,[],"[""red_pencil_sharpener"", ""green_block""]",[],2,,,,,,,,,largest,object_identity,held_out,withhold object-rank pairing green_block+largest,identity,size_recognition.object_identity.3,Move the green block into the bowl.,5,train,"[""source_task_green_block_sharpener_typo""]"
v1,justintiensmith/MT_Size_Recognition_200:086,justintiensmith/MT_Size_Recognition_200,3a6e75d91e8339a87eebd8e545d87b148ae19925,86,Pick up the green block sharpener and place it into the bowl.,484,size_recognition,8,home,green_block,green block,object,[],"[""red_pencil_sharpener"", ""green_block""]",[],2,,,,,,,,,largest,object_identity,held_out,withhold object-rank pairing green_block+largest,identity,size_recognition.object_identity.3,Move the green block into the bowl.,6,train,"[""source_task_green_block_sharpener_typo""]"
v1,justintiensmith/MT_Size_Recognition_200:087,justintiensmith/MT_Size_Recognition_200,3a6e75d91e8339a87eebd8e545d87b148ae19925,87,Pick up the green block sharpener and place it into the bowl.,539,size_recognition,8,home,green_block,green block,object,[],"[""red_pencil_sharpener"", ""green_block""]",[],2,,,,,,,,,largest,object_identity,held_out,withhold object-rank pairing green_block+largest,identity,size_recognition.object_identity.1,Put the green block in the bowl.,7,train,"[""source_task_green_block_sharpener_typo""]"
v1,justintiensmith/MT_Size_Recognition_200:088,justintiensmith/MT_Size_Recognition_200,3a6e75d91e8339a87eebd8e545d87b148ae19925,88,Pick up the green block sharpener and place it into the bowl.,484,size_recognition,8,home,green_block,green block,object,[],"[""red_pencil_sharpener"", ""green_block""]",[],2,,,,,,,,,largest,object_identity,held_out,withhold object-rank pairing green_block+largest,identity,size_recognition.object_identity.2,Pick up the green block and place it in the bowl.,8,train,"[""source_task_green_block_sharpener_typo""]"
v1,justintiensmith/MT_Size_Recognition_200:089,justintiensmith/MT_Size_Recognition_200,3a6e75d91e8339a87eebd8e545d87b148ae19925,89,Pick up the green block sharpener and place it into the bowl.,497,size_recognition,8,home,green_block,green block,object,[],"[""red_pencil_sharpener"", ""green_block""]",[],2,,,,,,,,,largest,object_identity,held_out,withhold object-rank pairing green_block+largest,identity,size_recognition.object_identity.1,Put the green block in the bowl.,9,train,"[""source_task_green_block_sharpener_typo""]"
v1,justintiensmith/MT_Size_Recognition_200:090,justintiensmith/MT_Size_Recognition_200,3a6e75d91e8339a87eebd8e545d87b148ae19925,90,Pick up the green block sharpener and place it into the bowl.,447,size_recognition,8,home,green_block,green block,object,[],"[""red_pencil_sharpener"", ""green_block""]",[],2,,,,,,,,,largest,object_identity,held_out,withhold object-rank pairing green_block+largest,identity,size_recognition.object_identity.1,Put the green block in the bowl.,0,train,"[""source_task_green_block_sharpener_typo""]"
v1,justintiensmith/MT_Size_Recognition_200:091,justintiensmith/MT_Size_Recognition_200,3a6e75d91e8339a87eebd8e545d87b148ae19925,91,Pick up the green block sharpener and place it into the bowl.,548,size_recognition,8,home,green_block,green block,object,[],"[""red_pencil_sharpener"", ""green_block""]",[],2,,,,,,,,,largest,object_identity,held_out,withhold object-rank pairing green_block+largest,identity,size_recognition.object_identity.1,Put the green block in the bowl.,1,train,"[""source_task_green_block_sharpener_typo""]"
v1,justintiensmith/MT_Size_Recognition_200:092,justintiensmith/MT_Size_Recognition_200,3a6e75d91e8339a87eebd8e545d87b148ae19925,92,Pick up the green block sharpener and place it into the bowl.,563,size_recognition,8,home,green_block,green block,object,[],"[""red_pencil_sharpener"", ""green_block""]",[],2,,,,,,,,,largest,object_identity,held_out,withhold object-rank pairing green_block+largest,identity,size_recognition.object_identity.1,Put the green block in the bowl.,2,train,"[""source_task_green_block_sharpener_typo""]"
v1,justintiensmith/MT_Size_Recognition_200:093,justintiensmith/MT_Size_Recognition_200,3a6e75d91e8339a87eebd8e545d87b148ae19925,93,Pick up the green block sharpener and place it into the bowl.,504,size_recognition,8,home,green_block,green block,object,[],"[""red_pencil_sharpener"", ""green_block""]",[],2,,,,,,,,,largest,object_identity,held_out,withhold object-rank pairing green_block+largest,identity,size_recognition.object_identity.2,Pick up the green block and place it in the bowl.,3,train,"[""source_task_green_block_sharpener_typo""]"
v1,justintiensmith/MT_Size_Recognition_200:094,justintiensmith/MT_Size_Recognition_200,3a6e75d91e8339a87eebd8e545d87b148ae19925,94,Pick up the green block sharpener and place it into the bowl.,495,size_recognition,8,home,green_block,green block,object,[],"[""red_pencil_sharpener"", ""green_block""]",[],2,,,,,,,,,largest,object_identity,held_out,withhold object-rank pairing green_block+largest,identity,size_recognition.object_identity.1,Put the green block in the bowl.,4,train,"[""source_task_green_block_sharpener_typo""]"
v1,justintiensmith/MT_Size_Recognition_200:095,justintiensmith/MT_Size_Recognition_200,3a6e75d91e8339a87eebd8e545d87b148ae19925,95,Pick up the green block sharpener and place it into the bowl.,467,size_recognition,8,recovery,green_block,green block,object,[],"[""red_pencil_sharpener"", ""green_block""]",[],2,,,,,,,,,largest,object_identity,held_out,withhold object-rank pairing green_block+largest,identity,size_recognition.object_identity.1,Put the green block in the bowl.,5,train,"[""source_task_green_block_sharpener_typo""]"
v1,justintiensmith/MT_Size_Recognition_200:096,justintiensmith/MT_Size_Recognition_200,3a6e75d91e8339a87eebd8e545d87b148ae19925,96,Pick up the green block sharpener and place it into the bowl.,484,size_recognition,8,recovery,green_block,green block,object,[],"[""red_pencil_sharpener"", ""green_block""]",[],2,,,,,,,,,largest,object_identity,held_out,withhold object-rank pairing green_block+largest,identity,size_recognition.object_identity.2,Pick up the green block and place it in the bowl.,6,train,"[""source_task_green_block_sharpener_typo""]"
v1,justintiensmith/MT_Size_Recognition_200:097,justintiensmith/MT_Size_Recognition_200,3a6e75d91e8339a87eebd8e545d87b148ae19925,97,Pick up the green block sharpener and place it into the bowl.,439,size_recognition,8,recovery,green_block,green block,object,[],"[""red_pencil_sharpener"", ""green_block""]",[],2,,,,,,,,,largest,object_identity,held_out,withhold object-rank pairing green_block+largest,identity,size_recognition.object_identity.3,Move the green block into the bowl.,7,train,"[""source_task_green_block_sharpener_typo""]"
v1,justintiensmith/MT_Size_Recognition_200:098,justintiensmith/MT_Size_Recognition_200,3a6e75d91e8339a87eebd8e545d87b148ae19925,98,Pick up the green block sharpener and place it into the bowl.,474,size_recognition,8,recovery,green_block,green block,object,[],"[""red_pencil_sharpener"", ""green_block""]",[],2,,,,,,,,,largest,object_identity,held_out,withhold object-rank pairing green_block+largest,identity,size_recognition.object_identity.2,Pick up the green block and place it in the bowl.,8,train,"[""source_task_green_block_sharpener_typo""]"
v1,justintiensmith/MT_Size_Recognition_200:099,justintiensmith/MT_Size_Recognition_200,3a6e75d91e8339a87eebd8e545d87b148ae19925,99,Pick up the green block sharpener and place it into the bowl.,410,size_recognition,8,recovery,green_block,green block,object,[],"[""red_pencil_sharpener"", ""green_block""]",[],2,,,,,,,,,largest,object_identity,held_out,withhold object-rank pairing green_block+largest,identity,size_recognition.object_identity.2,Pick up the green block and place it in the bowl.,9,train,"[""source_task_green_block_sharpener_typo""]"
v1,justintiensmith/MT_Size_Recognition_200:100,justintiensmith/MT_Size_Recognition_200,3a6e75d91e8339a87eebd8e545d87b148ae19925,100,Pick up the juggling ball and place it into the bowl.,487,size_recognition,8,home,juggling_ball,juggling ball,object,[],"[""juggling_ball"", ""crushed_pepsi_can""]",[],2,,,,,,,,,smallest,object_identity,held_out,withhold object-rank pairing juggling_ball+smallest,identity,size_recognition.object_identity.1,Put the juggling ball in the bowl.,0,train,[]
v1,justintiensmith/MT_Size_Recognition_200:101,justintiensmith/MT_Size_Recognition_200,3a6e75d91e8339a87eebd8e545d87b148ae19925,101,Pick up the juggling ball and place it into the bowl.,646,size_recognition,8,home,juggling_ball,juggling ball,object,[],"[""juggling_ball"", ""crushed_pepsi_can""]",[],2,,,,,,,,,smallest,object_identity,held_out,withhold object-rank pairing juggling_ball+smallest,identity,size_recognition.object_identity.3,Move the juggling ball into the bowl.,1,train,[]
v1,justintiensmith/MT_Size_Recognition_200:102,justintiensmith/MT_Size_Recognition_200,3a6e75d91e8339a87eebd8e545d87b148ae19925,102,Pick up the juggling ball and place it into the bowl.,575,size_recognition,8,home,juggling_ball,juggling ball,object,[],"[""juggling_ball"", ""crushed_pepsi_can""]",[],2,,,,,,,,,smallest,object_identity,held_out,withhold object-rank pairing juggling_ball+smallest,identity,size_recognition.object_identity.3,Move the juggling ball into the bowl.,2,train,[]
v1,justintiensmith/MT_Size_Recognition_200:103,justintiensmith/MT_Size_Recognition_200,3a6e75d91e8339a87eebd8e545d87b148ae19925,103,Pick up the juggling ball and place it into the bowl.,505,size_recognition,8,home,juggling_ball,juggling ball,object,[],"[""juggling_ball"", ""crushed_pepsi_can""]",[],2,,,,,,,,,smallest,object_identity,held_out,withhold object-rank pairing juggling_ball+smallest,identity,size_recognition.object_identity.1,Put the juggling ball in the bowl.,3,train,[]
v1,justintiensmith/MT_Size_Recognition_200:104,justintiensmith/MT_Size_Recognition_200,3a6e75d91e8339a87eebd8e545d87b148ae19925,104,Pick up the juggling ball and place it into the bowl.,519,size_recognition,8,home,juggling_ball,juggling ball,object,[],"[""juggling_ball"", ""crushed_pepsi_can""]",[],2,,,,,,,,,smallest,object_identity,held_out,withhold object-rank pairing juggling_ball+smallest,identity,size_recognition.object_identity.2,Pick up the juggling ball and place it in the bowl.,4,train,[]
v1,justintiensmith/MT_Size_Recognition_200:105,justintiensmith/MT_Size_Recognition_200,3a6e75d91e8339a87eebd8e545d87b148ae19925,105,Pick up the juggling ball and place it into the bowl.,500,size_recognition,8,home,juggling_ball,juggling ball,object,[],"[""juggling_ball"", ""crushed_pepsi_can""]",[],2,,,,,,,,,smallest,object_identity,held_out,withhold object-rank pairing juggling_ball+smallest,identity,size_recognition.object_identity.3,Move the juggling ball into the bowl.,5,train,[]
v1,justintiensmith/MT_Size_Recognition_200:106,justintiensmith/MT_Size_Recognition_200,3a6e75d91e8339a87eebd8e545d87b148ae19925,106,Pick up the juggling ball and place it into the bowl.,497,size_recognition,8,home,juggling_ball,juggling ball,object,[],"[""juggling_ball"", ""crushed_pepsi_can""]",[],2,,,,,,,,,smallest,object_identity,held_out,withhold object-rank pairing juggling_ball+smallest,identity,size_recognition.object_identity.1,Put the juggling ball in the bowl.,6,train,[]
v1,justintiensmith/MT_Size_Recognition_200:107,justintiensmith/MT_Size_Recognition_200,3a6e75d91e8339a87eebd8e545d87b148ae19925,107,Pick up the juggling ball and place it into the bowl.,575,size_recognition,8,home,juggling_ball,juggling ball,object,[],"[""juggling_ball"", ""crushed_pepsi_can""]",[],2,,,,,,,,,smallest,object_identity,held_out,withhold object-rank pairing juggling_ball+smallest,identity,size_recognition.object_identity.2,Pick up the juggling ball and place it in the bowl.,7,train,[]
v1,justintiensmith/MT_Size_Recognition_200:108,justintiensmith/MT_Size_Recognition_200,3a6e75d91e8339a87eebd8e545d87b148ae19925,108,Pick up the juggling ball and place it into the bowl.,512,size_recognition,8,home,juggling_ball,juggling ball,object,[],"[""juggling_ball"", ""crushed_pepsi_can""]",[],2,,,,,,,,,smallest,object_identity,held_out,withhold object-rank pairing juggling_ball+smallest,identity,size_recognition.object_identity.2,Pick up the juggling ball and place it in the bowl.,8,train,[]
v1,justintiensmith/MT_Size_Recognition_200:109,justintiensmith/MT_Size_Recognition_200,3a6e75d91e8339a87eebd8e545d87b148ae19925,109,Pick up the juggling ball and place it into the bowl.,473,size_recognition,8,home,juggling_ball,juggling ball,object,[],"[""juggling_ball"", ""crushed_pepsi_can""]",[],2,,,,,,,,,smallest,object_identity,held_out,withhold object-rank pairing juggling_ball+smallest,identity,size_recognition.object_identity.2,Pick up the juggling ball and place it in the bowl.,9,train,[]
v1,justintiensmith/MT_Size_Recognition_200:110,justintiensmith/MT_Size_Recognition_200,3a6e75d91e8339a87eebd8e545d87b148ae19925,110,Pick up the juggling ball and place it into the bowl.,466,size_recognition,8,home,juggling_ball,juggling ball,object,[],"[""juggling_ball"", ""crushed_pepsi_can""]",[],2,,,,,,,,,smallest,object_identity,held_out,withhold object-rank pairing juggling_ball+smallest,identity,size_recognition.object_identity.3,Move the juggling ball into the bowl.,0,train,[]
v1,justintiensmith/MT_Size_Recognition_200:111,justintiensmith/MT_Size_Recognition_200,3a6e75d91e8339a87eebd8e545d87b148ae19925,111,Pick up the juggling ball and place it into the bowl.,494,size_recognition,8,home,juggling_ball,juggling ball,object,[],"[""juggling_ball"", ""crushed_pepsi_can""]",[],2,,,,,,,,,smallest,object_identity,held_out,withhold object-rank pairing juggling_ball+smallest,identity,size_recognition.object_identity.1,Put the juggling ball in the bowl.,1,train,[]
v1,justintiensmith/MT_Size_Recognition_200:112,justintiensmith/MT_Size_Recognition_200,3a6e75d91e8339a87eebd8e545d87b148ae19925,112,Pick up the juggling ball and place it into the bowl.,539,size_recognition,8,home,juggling_ball,juggling ball,object,[],"[""juggling_ball"", ""crushed_pepsi_can""]",[],2,,,,,,,,,smallest,object_identity,held_out,withhold object-rank pairing juggling_ball+smallest,identity,size_recognition.object_identity.2,Pick up the juggling ball and place it in the bowl.,2,train,[]
v1,justintiensmith/MT_Size_Recognition_200:113,justintiensmith/MT_Size_Recognition_200,3a6e75d91e8339a87eebd8e545d87b148ae19925,113,Pick up the juggling ball and place it into the bowl.,505,size_recognition,8,home,juggling_ball,juggling ball,object,[],"[""juggling_ball"", ""crushed_pepsi_can""]",[],2,,,,,,,,,smallest,object_identity,held_out,withhold object-rank pairing juggling_ball+smallest,identity,size_recognition.object_identity.3,Move the juggling ball into the bowl.,3,train,[]
v1,justintiensmith/MT_Size_Recognition_200:114,justintiensmith/MT_Size_Recognition_200,3a6e75d91e8339a87eebd8e545d87b148ae19925,114,Pick up the juggling ball and place it into the bowl.,448,size_recognition,8,home,juggling_ball,juggling ball,object,[],"[""juggling_ball"", ""crushed_pepsi_can""]",[],2,,,,,,,,,smallest,object_identity,held_out,withhold object-rank pairing juggling_ball+smallest,identity,size_recognition.object_identity.1,Put the juggling ball in the bowl.,4,train,[]
v1,justintiensmith/MT_Size_Recognition_200:115,justintiensmith/MT_Size_Recognition_200,3a6e75d91e8339a87eebd8e545d87b148ae19925,115,Pick up the juggling ball and place it into the bowl.,477,size_recognition,9,home,juggling_ball,juggling ball,object,[],"[""juggling_ball"", ""crushed_pepsi_can""]",[],2,,,,,,,,,smallest,object_identity,held_out,withhold object-rank pairing juggling_ball+smallest,identity,size_recognition.object_identity.3,Move the juggling ball into the bowl.,5,train,[]
v1,justintiensmith/MT_Size_Recognition_200:116,justintiensmith/MT_Size_Recognition_200,3a6e75d91e8339a87eebd8e545d87b148ae19925,116,Pick up the juggling ball and place it into the bowl.,406,size_recognition,9,home,juggling_ball,juggling ball,object,[],"[""juggling_ball"", ""crushed_pepsi_can""]",[],2,,,,,,,,,smallest,object_identity,held_out,withhold object-rank pairing juggling_ball+smallest,identity,size_recognition.object_identity.2,Pick up the juggling ball and place it in the bowl.,6,train,[]
v1,justintiensmith/MT_Size_Recognition_200:117,justintiensmith/MT_Size_Recognition_200,3a6e75d91e8339a87eebd8e545d87b148ae19925,117,Pick up the juggling ball and place it into the bowl.,527,size_recognition,9,home,juggling_ball,juggling ball,object,[],"[""juggling_ball"", ""crushed_pepsi_can""]",[],2,,,,,,,,,smallest,object_identity,held_out,withhold object-rank pairing juggling_ball+smallest,identity,size_recognition.object_identity.1,Put the juggling ball in the bowl.,7,train,[]
v1,justintiensmith/MT_Size_Recognition_200:118,justintiensmith/MT_Size_Recognition_200,3a6e75d91e8339a87eebd8e545d87b148ae19925,118,Pick up the juggling ball and place it into the bowl.,538,size_recognition,9,home,juggling_ball,juggling ball,object,[],"[""juggling_ball"", ""crushed_pepsi_can""]",[],2,,,,,,,,,smallest,object_identity,held_out,withhold object-rank pairing juggling_ball+smallest,identity,size_recognition.object_identity.3,Move the juggling ball into the bowl.,8,train,[]
v1,justintiensmith/MT_Size_Recognition_200:119,justintiensmith/MT_Size_Recognition_200,3a6e75d91e8339a87eebd8e545d87b148ae19925,119,Pick up the juggling ball and place it into the bowl.,499,size_recognition,9,home,juggling_ball,juggling ball,object,[],"[""juggling_ball"", ""crushed_pepsi_can""]",[],2,,,,,,,,,smallest,object_identity,held_out,withhold object-rank pairing juggling_ball+smallest,identity,size_recognition.object_identity.1,Put the juggling ball in the bowl.,9,train,[]
v1,justintiensmith/MT_Size_Recognition_200:120,justintiensmith/MT_Size_Recognition_200,3a6e75d91e8339a87eebd8e545d87b148ae19925,120,Pick up the juggling ball and place it into the bowl.,474,size_recognition,9,recovery,juggling_ball,juggling ball,object,[],"[""juggling_ball"", ""crushed_pepsi_can""]",[],2,,,,,,,,,smallest,object_identity,held_out,withhold object-rank pairing juggling_ball+smallest,identity,size_recognition.object_identity.3,Move the juggling ball into the bowl.,0,train,[]
v1,justintiensmith/MT_Size_Recognition_200:121,justintiensmith/MT_Size_Recognition_200,3a6e75d91e8339a87eebd8e545d87b148ae19925,121,Pick up the juggling ball and place it into the bowl.,466,size_recognition,9,recovery,juggling_ball,juggling ball,object,[],"[""juggling_ball"", ""crushed_pepsi_can""]",[],2,,,,,,,,,smallest,object_identity,held_out,withhold object-rank pairing juggling_ball+smallest,identity,size_recognition.object_identity.1,Put the juggling ball in the bowl.,1,train,[]
v1,justintiensmith/MT_Size_Recognition_200:122,justintiensmith/MT_Size_Recognition_200,3a6e75d91e8339a87eebd8e545d87b148ae19925,122,Pick up the juggling ball and place it into the bowl.,440,size_recognition,9,recovery,juggling_ball,juggling ball,object,[],"[""juggling_ball"", ""crushed_pepsi_can""]",[],2,,,,,,,,,smallest,object_identity,held_out,withhold object-rank pairing juggling_ball+smallest,identity,size_recognition.object_identity.1,Put the juggling ball in the bowl.,2,train,[]
v1,justintiensmith/MT_Size_Recognition_200:123,justintiensmith/MT_Size_Recognition_200,3a6e75d91e8339a87eebd8e545d87b148ae19925,123,Pick up the juggling ball and place it into the bowl.,457,size_recognition,9,recovery,juggling_ball,juggling ball,object,[],"[""juggling_ball"", ""crushed_pepsi_can""]",[],2,,,,,,,,,smallest,object_identity,held_out,withhold object-rank pairing juggling_ball+smallest,identity,size_recognition.object_identity.2,Pick up the juggling ball and place it in the bowl.,3,train,[]
v1,justintiensmith/MT_Size_Recognition_200:124,justintiensmith/MT_Size_Recognition_200,3a6e75d91e8339a87eebd8e545d87b148ae19925,124,Pick up the juggling ball and place it into the bowl.,450,size_recognition,9,recovery,juggling_ball,juggling ball,object,[],"[""juggling_ball"", ""crushed_pepsi_can""]",[],2,,,,,,,,,smallest,object_identity,held_out,withhold object-rank pairing juggling_ball+smallest,identity,size_recognition.object_identity.2,Pick up the juggling ball and place it in the bowl.,4,train,[]
v1,justintiensmith/MT_Size_Recognition_200:125,justintiensmith/MT_Size_Recognition_200,3a6e75d91e8339a87eebd8e545d87b148ae19925,125,Pick up the juggling ball and place it into the bowl.,508,size_recognition,9,home,juggling_ball,juggling ball,object,[],"[""red_pencil_sharpener"", ""green_block"", ""juggling_ball""]",[],3,,,,,,,,,largest,largest,seen,,semantic_reasoning,size_recognition.largest.1,Put the largest object in the bowl.,5,train,[]
v1,justintiensmith/MT_Size_Recognition_200:126,justintiensmith/MT_Size_Recognition_200,3a6e75d91e8339a87eebd8e545d87b148ae19925,126,Pick up the juggling ball and place it into the bowl.,533,size_recognition,9,home,juggling_ball,juggling ball,object,[],"[""red_pencil_sharpener"", ""green_block"", ""juggling_ball""]",[],3,,,,,,,,,largest,largest,seen,,semantic_reasoning,size_recognition.largest.2,Pick up the largest item and place it in the bowl.,6,train,[]
v1,justintiensmith/MT_Size_Recognition_200:127,justintiensmith/MT_Size_Recognition_200,3a6e75d91e8339a87eebd8e545d87b148ae19925,127,Pick up the juggling ball and place it into the bowl.,529,size_recognition,9,home,juggling_ball,juggling ball,object,[],"[""red_pencil_sharpener"", ""green_block"", ""juggling_ball""]",[],3,,,,,,,,,largest,largest,seen,,semantic_reasoning,size_recognition.largest.2,Pick up the largest item and place it in the bowl.,7,train,[]
v1,justintiensmith/MT_Size_Recognition_200:128,justintiensmith/MT_Size_Recognition_200,3a6e75d91e8339a87eebd8e545d87b148ae19925,128,Pick up the juggling ball and place it into the bowl.,494,size_recognition,9,home,juggling_ball,juggling ball,object,[],"[""red_pencil_sharpener"", ""green_block"", ""juggling_ball""]",[],3,,,,,,,,,largest,largest,seen,,semantic_reasoning,size_recognition.largest.2,Pick up the largest item and place it in the bowl.,8,train,[]
v1,justintiensmith/MT_Size_Recognition_200:129,justintiensmith/MT_Size_Recognition_200,3a6e75d91e8339a87eebd8e545d87b148ae19925,129,Pick up the juggling ball and place it into the bowl.,529,size_recognition,9,home,juggling_ball,juggling ball,object,[],"[""red_pencil_sharpener"", ""green_block"", ""juggling_ball""]",[],3,,,,,,,,,largest,largest,seen,,semantic_reasoning,size_recognition.largest.1,Put the largest object in the bowl.,9,train,[]
v1,justintiensmith/MT_Size_Recognition_200:130,justintiensmith/MT_Size_Recognition_200,3a6e75d91e8339a87eebd8e545d87b148ae19925,130,Pick up the juggling ball and place it into the bowl.,534,size_recognition,9,home,juggling_ball,juggling ball,object,[],"[""red_pencil_sharpener"", ""green_block"", ""juggling_ball""]",[],3,,,,,,,,,largest,largest,seen,,semantic_reasoning,size_recognition.largest.3,Move the object that is largest into the bowl.,0,train,[]
v1,justintiensmith/MT_Size_Recognition_200:131,justintiensmith/MT_Size_Recognition_200,3a6e75d91e8339a87eebd8e545d87b148ae19925,131,Pick up the juggling ball and place it into the bowl.,560,size_recognition,9,home,juggling_ball,juggling ball,object,[],"[""red_pencil_sharpener"", ""green_block"", ""juggling_ball""]",[],3,,,,,,,,,largest,largest,seen,,semantic_reasoning,size_recognition.largest.2,Pick up the largest item and place it in the bowl.,1,train,[]
v1,justintiensmith/MT_Size_Recognition_200:132,justintiensmith/MT_Size_Recognition_200,3a6e75d91e8339a87eebd8e545d87b148ae19925,132,Pick up the juggling ball and place it into the bowl.,527,size_recognition,9,home,juggling_ball,juggling ball,object,[],"[""red_pencil_sharpener"", ""green_block"", ""juggling_ball""]",[],3,,,,,,,,,largest,largest,seen,,semantic_reasoning,size_recognition.largest.3,Move the object that is largest into the bowl.,2,train,[]
v1,justintiensmith/MT_Size_Recognition_200:133,justintiensmith/MT_Size_Recognition_200,3a6e75d91e8339a87eebd8e545d87b148ae19925,133,Pick up the juggling ball and place it into the bowl.,509,size_recognition,9,recovery,juggling_ball,juggling ball,object,[],"[""red_pencil_sharpener"", ""green_block"", ""juggling_ball""]",[],3,,,,,,,,,largest,largest,seen,,semantic_reasoning,size_recognition.largest.1,Put the largest object in the bowl.,3,train,[]
v1,justintiensmith/MT_Size_Recognition_200:134,justintiensmith/MT_Size_Recognition_200,3a6e75d91e8339a87eebd8e545d87b148ae19925,134,Pick up the juggling ball and place it into the bowl.,440,size_recognition,9,recovery,juggling_ball,juggling ball,object,[],"[""red_pencil_sharpener"", ""green_block"", ""juggling_ball""]",[],3,,,,,,,,,largest,largest,seen,,semantic_reasoning,size_recognition.largest.2,Pick up the largest item and place it in the bowl.,4,train,[]
v1,justintiensmith/MT_Size_Recognition_200:135,justintiensmith/MT_Size_Recognition_200,3a6e75d91e8339a87eebd8e545d87b148ae19925,135,Pick up the juggling ball and place it into the bowl.,521,size_recognition,9,home,juggling_ball,juggling ball,object,[],"[""red_pencil_sharpener"", ""juggling_ball""]",[],2,,,,,,,,,largest,largest,seen,,semantic_reasoning,size_recognition.largest.1,Put the largest object in the bowl.,5,train,[]
v1,justintiensmith/MT_Size_Recognition_200:136,justintiensmith/MT_Size_Recognition_200,3a6e75d91e8339a87eebd8e545d87b148ae19925,136,Pick up the juggling ball and place it into the bowl.,517,size_recognition,9,home,juggling_ball,juggling ball,object,[],"[""red_pencil_sharpener"", ""juggling_ball""]",[],2,,,,,,,,,largest,largest,seen,,semantic_reasoning,size_recognition.largest.1,Put the largest object in the bowl.,6,train,[]
v1,justintiensmith/MT_Size_Recognition_200:137,justintiensmith/MT_Size_Recognition_200,3a6e75d91e8339a87eebd8e545d87b148ae19925,137,Pick up the juggling ball and place it into the bowl.,458,size_recognition,9,home,juggling_ball,juggling ball,object,[],"[""red_pencil_sharpener"", ""juggling_ball""]",[],2,,,,,,,,,largest,largest,seen,,semantic_reasoning,size_recognition.largest.1,Put the largest object in the bowl.,7,train,[]
v1,justintiensmith/MT_Size_Recognition_200:138,justintiensmith/MT_Size_Recognition_200,3a6e75d91e8339a87eebd8e545d87b148ae19925,138,Pick up the juggling ball and place it into the bowl.,482,size_recognition,9,home,juggling_ball,juggling ball,object,[],"[""red_pencil_sharpener"", ""juggling_ball""]",[],2,,,,,,,,,largest,largest,seen,,semantic_reasoning,size_recognition.largest.1,Put the largest object in the bowl.,8,train,[]
v1,justintiensmith/MT_Size_Recognition_200:139,justintiensmith/MT_Size_Recognition_200,3a6e75d91e8339a87eebd8e545d87b148ae19925,139,Pick up the juggling ball and place it into the bowl.,545,size_recognition,9,home,juggling_ball,juggling ball,object,[],"[""red_pencil_sharpener"", ""juggling_ball""]",[],2,,,,,,,,,largest,largest,seen,,semantic_reasoning,size_recognition.largest.1,Put the largest object in the bowl.,9,train,[]
v1,justintiensmith/MT_Size_Recognition_200:140,justintiensmith/MT_Size_Recognition_200,3a6e75d91e8339a87eebd8e545d87b148ae19925,140,Pick up the juggling ball and place it into the bowl.,440,size_recognition,9,home,juggling_ball,juggling ball,object,[],"[""red_pencil_sharpener"", ""juggling_ball""]",[],2,,,,,,,,,largest,largest,seen,,semantic_reasoning,size_recognition.largest.1,Put the largest object in the bowl.,0,train,[]
v1,justintiensmith/MT_Size_Recognition_200:141,justintiensmith/MT_Size_Recognition_200,3a6e75d91e8339a87eebd8e545d87b148ae19925,141,Pick up the juggling ball and place it into the bowl.,582,size_recognition,9,home,juggling_ball,juggling ball,object,[],"[""red_pencil_sharpener"", ""juggling_ball""]",[],2,,,,,,,,,largest,largest,seen,,semantic_reasoning,size_recognition.largest.2,Pick up the largest item and place it in the bowl.,1,train,[]
v1,justintiensmith/MT_Size_Recognition_200:142,justintiensmith/MT_Size_Recognition_200,3a6e75d91e8339a87eebd8e545d87b148ae19925,142,Pick up the juggling ball and place it into the bowl.,517,size_recognition,9,home,juggling_ball,juggling ball,object,[],"[""red_pencil_sharpener"", ""juggling_ball""]",[],2,,,,,,,,,largest,largest,seen,,semantic_reasoning,size_recognition.largest.3,Move the object that is largest into the bowl.,2,train,[]
v1,justintiensmith/MT_Size_Recognition_200:143,justintiensmith/MT_Size_Recognition_200,3a6e75d91e8339a87eebd8e545d87b148ae19925,143,Pick up the juggling ball and place it into the bowl.,509,size_recognition,9,home,juggling_ball,juggling ball,object,[],"[""red_pencil_sharpener"", ""juggling_ball""]",[],2,,,,,,,,,largest,largest,seen,,semantic_reasoning,size_recognition.largest.1,Put the largest object in the bowl.,3,train,[]
v1,justintiensmith/MT_Size_Recognition_200:144,justintiensmith/MT_Size_Recognition_200,3a6e75d91e8339a87eebd8e545d87b148ae19925,144,Pick up the juggling ball and place it into the bowl.,459,size_recognition,9,home,juggling_ball,juggling ball,object,[],"[""red_pencil_sharpener"", ""juggling_ball""]",[],2,,,,,,,,,largest,largest,seen,,semantic_reasoning,size_recognition.largest.3,Move the object that is largest into the bowl.,4,train,[]
v1,justintiensmith/MT_Size_Recognition_200:145,justintiensmith/MT_Size_Recognition_200,3a6e75d91e8339a87eebd8e545d87b148ae19925,145,Pick up the juggling ball and place it into the bowl.,474,size_recognition,9,home,juggling_ball,juggling ball,object,[],"[""red_pencil_sharpener"", ""juggling_ball""]",[],2,,,,,,,,,largest,largest,seen,,semantic_reasoning,size_recognition.largest.3,Move the object that is largest into the bowl.,5,train,[]
v1,justintiensmith/MT_Size_Recognition_200:146,justintiensmith/MT_Size_Recognition_200,3a6e75d91e8339a87eebd8e545d87b148ae19925,146,Pick up the juggling ball and place it into the bowl.,448,size_recognition,9,home,juggling_ball,juggling ball,object,[],"[""red_pencil_sharpener"", ""juggling_ball""]",[],2,,,,,,,,,largest,largest,seen,,semantic_reasoning,size_recognition.largest.3,Move the object that is largest into the bowl.,6,train,[]
v1,justintiensmith/MT_Size_Recognition_200:147,justintiensmith/MT_Size_Recognition_200,3a6e75d91e8339a87eebd8e545d87b148ae19925,147,Pick up the juggling ball and place it into the bowl.,380,size_recognition,9,recovery,juggling_ball,juggling ball,object,[],"[""red_pencil_sharpener"", ""juggling_ball""]",[],2,,,,,,,,,largest,largest,seen,,semantic_reasoning,size_recognition.largest.1,Put the largest object in the bowl.,7,train,[]
v1,justintiensmith/MT_Size_Recognition_200:148,justintiensmith/MT_Size_Recognition_200,3a6e75d91e8339a87eebd8e545d87b148ae19925,148,Pick up the juggling ball and place it into the bowl.,415,size_recognition,9,recovery,juggling_ball,juggling ball,object,[],"[""red_pencil_sharpener"", ""juggling_ball""]",[],2,,,,,,,,,largest,largest,seen,,semantic_reasoning,size_recognition.largest.1,Put the largest object in the bowl.,8,train,[]
v1,justintiensmith/MT_Size_Recognition_200:149,justintiensmith/MT_Size_Recognition_200,3a6e75d91e8339a87eebd8e545d87b148ae19925,149,Pick up the juggling ball and place it into the bowl.,405,size_recognition,9,recovery,juggling_ball,juggling ball,object,[],"[""red_pencil_sharpener"", ""juggling_ball""]",[],2,,,,,,,,,largest,largest,seen,,semantic_reasoning,size_recognition.largest.2,Pick up the largest item and place it in the bowl.,9,train,[]
v1,justintiensmith/MT_Size_Recognition_200:150,justintiensmith/MT_Size_Recognition_200,3a6e75d91e8339a87eebd8e545d87b148ae19925,150,Pick up the crushed pepsi can and place it into the bowl.,734,size_recognition,9,home,crushed_pepsi_can,crushed Pepsi can,object,[],"[""red_pencil_sharpener"", ""green_block"", ""juggling_ball"", ""crushed_pepsi_can""]",[],4,,,,,,,,,largest,largest,seen,,semantic_reasoning,size_recognition.largest.2,Pick up the largest item and place it in the bowl.,0,train,[]
v1,justintiensmith/MT_Size_Recognition_200:151,justintiensmith/MT_Size_Recognition_200,3a6e75d91e8339a87eebd8e545d87b148ae19925,151,Pick up the crushed pepsi can and place it into the bowl.,658,size_recognition,9,home,crushed_pepsi_can,crushed Pepsi can,object,[],"[""red_pencil_sharpener"", ""green_block"", ""juggling_ball"", ""crushed_pepsi_can""]",[],4,,,,,,,,,largest,largest,seen,,semantic_reasoning,size_recognition.largest.2,Pick up the largest item and place it in the bowl.,1,train,[]
v1,justintiensmith/MT_Size_Recognition_200:152,justintiensmith/MT_Size_Recognition_200,3a6e75d91e8339a87eebd8e545d87b148ae19925,152,Pick up the crushed pepsi can and place it into the bowl.,495,size_recognition,9,home,crushed_pepsi_can,crushed Pepsi can,object,[],"[""red_pencil_sharpener"", ""green_block"", ""juggling_ball"", ""crushed_pepsi_can""]",[],4,,,,,,,,,largest,largest,seen,,semantic_reasoning,size_recognition.largest.3,Move the object that is largest into the bowl.,2,train,[]
v1,justintiensmith/MT_Size_Recognition_200:153,justintiensmith/MT_Size_Recognition_200,3a6e75d91e8339a87eebd8e545d87b148ae19925,153,Pick up the crushed pepsi can and place it into the bowl.,855,size_recognition,9,home,crushed_pepsi_can,crushed Pepsi can,object,[],"[""red_pencil_sharpener"", ""green_block"", ""juggling_ball"", ""crushed_pepsi_can""]",[],4,,,,,,,,,largest,largest,seen,,semantic_reasoning,size_recognition.largest.3,Move the object that is largest into the bowl.,3,train,[]
v1,justintiensmith/MT_Size_Recognition_200:154,justintiensmith/MT_Size_Recognition_200,3a6e75d91e8339a87eebd8e545d87b148ae19925,154,Pick up the crushed pepsi can and place it into the bowl.,693,size_recognition,9,home,crushed_pepsi_can,crushed Pepsi can,object,[],"[""red_pencil_sharpener"", ""green_block"", ""juggling_ball"", ""crushed_pepsi_can""]",[],4,,,,,,,,,largest,largest,seen,,semantic_reasoning,size_recognition.largest.3,Move the object that is largest into the bowl.,4,train,[]
v1,justintiensmith/MT_Size_Recognition_200:155,justintiensmith/MT_Size_Recognition_200,3a6e75d91e8339a87eebd8e545d87b148ae19925,155,Pick up the crushed pepsi can and place it into the bowl.,643,size_recognition,9,home,crushed_pepsi_can,crushed Pepsi can,object,[],"[""red_pencil_sharpener"", ""green_block"", ""juggling_ball"", ""crushed_pepsi_can""]",[],4,,,,,,,,,largest,largest,seen,,semantic_reasoning,size_recognition.largest.2,Pick up the largest item and place it in the bowl.,5,train,[]
v1,justintiensmith/MT_Size_Recognition_200:156,justintiensmith/MT_Size_Recognition_200,3a6e75d91e8339a87eebd8e545d87b148ae19925,156,Pick up the crushed pepsi can and place it into the bowl.,656,size_recognition,10,home,crushed_pepsi_can,crushed Pepsi can,object,[],"[""red_pencil_sharpener"", ""green_block"", ""juggling_ball"", ""crushed_pepsi_can""]",[],4,,,,,,,,,largest,largest,seen,,semantic_reasoning,size_recognition.largest.3,Move the object that is largest into the bowl.,6,train,[]
v1,justintiensmith/MT_Size_Recognition_200:157,justintiensmith/MT_Size_Recognition_200,3a6e75d91e8339a87eebd8e545d87b148ae19925,157,Pick up the crushed pepsi can and place it into the bowl.,608,size_recognition,10,home,crushed_pepsi_can,crushed Pepsi can,object,[],"[""red_pencil_sharpener"", ""green_block"", ""juggling_ball"", ""crushed_pepsi_can""]",[],4,,,,,,,,,largest,largest,seen,,semantic_reasoning,size_recognition.largest.1,Put the largest object in the bowl.,7,train,[]
v1,justintiensmith/MT_Size_Recognition_200:158,justintiensmith/MT_Size_Recognition_200,3a6e75d91e8339a87eebd8e545d87b148ae19925,158,Pick up the crushed pepsi can and place it into the bowl.,533,size_recognition,10,home,crushed_pepsi_can,crushed Pepsi can,object,[],"[""red_pencil_sharpener"", ""green_block"", ""juggling_ball"", ""crushed_pepsi_can""]",[],4,,,,,,,,,largest,largest,seen,,semantic_reasoning,size_recognition.largest.1,Put the largest object in the bowl.,8,train,[]
v1,justintiensmith/MT_Size_Recognition_200:159,justintiensmith/MT_Size_Recognition_200,3a6e75d91e8339a87eebd8e545d87b148ae19925,159,Pick up the crushed pepsi can and place it into the bowl.,576,size_recognition,10,home,crushed_pepsi_can,crushed Pepsi can,object,[],"[""red_pencil_sharpener"", ""green_block"", ""juggling_ball"", ""crushed_pepsi_can""]",[],4,,,,,,,,,largest,largest,seen,,semantic_reasoning,size_recognition.largest.3,Move the object that is largest into the bowl.,9,train,[]
v1,justintiensmith/MT_Size_Recognition_200:160,justintiensmith/MT_Size_Recognition_200,3a6e75d91e8339a87eebd8e545d87b148ae19925,160,Pick up the crushed pepsi can and place it into the bowl.,523,size_recognition,10,home,crushed_pepsi_can,crushed Pepsi can,object,[],"[""red_pencil_sharpener"", ""green_block"", ""juggling_ball"", ""crushed_pepsi_can""]",[],4,,,,,,,,,largest,largest,seen,,semantic_reasoning,size_recognition.largest.3,Move the object that is largest into the bowl.,0,train,[]
v1,justintiensmith/MT_Size_Recognition_200:161,justintiensmith/MT_Size_Recognition_200,3a6e75d91e8339a87eebd8e545d87b148ae19925,161,Pick up the crushed pepsi can and place it into the bowl.,547,size_recognition,10,home,crushed_pepsi_can,crushed Pepsi can,object,[],"[""red_pencil_sharpener"", ""green_block"", ""juggling_ball"", ""crushed_pepsi_can""]",[],4,,,,,,,,,largest,largest,seen,,semantic_reasoning,size_recognition.largest.2,Pick up the largest item and place it in the bowl.,1,train,[]
v1,justintiensmith/MT_Size_Recognition_200:162,justintiensmith/MT_Size_Recognition_200,3a6e75d91e8339a87eebd8e545d87b148ae19925,162,Pick up the crushed pepsi can and place it into the bowl.,482,size_recognition,10,recovery,crushed_pepsi_can,crushed Pepsi can,object,[],"[""red_pencil_sharpener"", ""green_block"", ""juggling_ball"", ""crushed_pepsi_can""]",[],4,,,,,,,,,largest,largest,seen,,semantic_reasoning,size_recognition.largest.2,Pick up the largest item and place it in the bowl.,2,train,[]
v1,justintiensmith/MT_Size_Recognition_200:163,justintiensmith/MT_Size_Recognition_200,3a6e75d91e8339a87eebd8e545d87b148ae19925,163,Pick up the crushed pepsi can and place it into the bowl.,452,size_recognition,10,recovery,crushed_pepsi_can,crushed Pepsi can,object,[],"[""red_pencil_sharpener"", ""green_block"", ""juggling_ball"", ""crushed_pepsi_can""]",[],4,,,,,,,,,largest,largest,seen,,semantic_reasoning,size_recognition.largest.3,Move the object that is largest into the bowl.,3,train,[]
v1,justintiensmith/MT_Size_Recognition_200:164,justintiensmith/MT_Size_Recognition_200,3a6e75d91e8339a87eebd8e545d87b148ae19925,164,Pick up the crushed pepsi can and place it into the bowl.,443,size_recognition,10,recovery,crushed_pepsi_can,crushed Pepsi can,object,[],"[""red_pencil_sharpener"", ""green_block"", ""juggling_ball"", ""crushed_pepsi_can""]",[],4,,,,,,,,,largest,largest,seen,,semantic_reasoning,size_recognition.largest.2,Pick up the largest item and place it in the bowl.,4,train,[]
v1,justintiensmith/MT_Size_Recognition_200:165,justintiensmith/MT_Size_Recognition_200,3a6e75d91e8339a87eebd8e545d87b148ae19925,165,Pick up the crushed pepsi can and place it into the bowl.,540,size_recognition,10,home,crushed_pepsi_can,crushed Pepsi can,object,[],"[""red_pencil_sharpener"", ""juggling_ball"", ""crushed_pepsi_can""]",[],3,,,,,,,,,largest,largest,seen,,semantic_reasoning,size_recognition.largest.2,Pick up the largest item and place it in the bowl.,5,train,[]
v1,justintiensmith/MT_Size_Recognition_200:166,justintiensmith/MT_Size_Recognition_200,3a6e75d91e8339a87eebd8e545d87b148ae19925,166,Pick up the crushed pepsi can and place it into the bowl.,661,size_recognition,10,home,crushed_pepsi_can,crushed Pepsi can,object,[],"[""red_pencil_sharpener"", ""juggling_ball"", ""crushed_pepsi_can""]",[],3,,,,,,,,,largest,largest,seen,,semantic_reasoning,size_recognition.largest.2,Pick up the largest item and place it in the bowl.,6,train,[]
v1,justintiensmith/MT_Size_Recognition_200:167,justintiensmith/MT_Size_Recognition_200,3a6e75d91e8339a87eebd8e545d87b148ae19925,167,Pick up the crushed pepsi can and place it into the bowl.,545,size_recognition,10,home,crushed_pepsi_can,crushed Pepsi can,object,[],"[""red_pencil_sharpener"", ""juggling_ball"", ""crushed_pepsi_can""]",[],3,,,,,,,,,largest,largest,seen,,semantic_reasoning,size_recognition.largest.1,Put the largest object in the bowl.,7,train,[]
v1,justintiensmith/MT_Size_Recognition_200:168,justintiensmith/MT_Size_Recognition_200,3a6e75d91e8339a87eebd8e545d87b148ae19925,168,Pick up the crushed pepsi can and place it into the bowl.,507,size_recognition,10,home,crushed_pepsi_can,crushed Pepsi can,object,[],"[""red_pencil_sharpener"", ""juggling_ball"", ""crushed_pepsi_can""]",[],3,,,,,,,,,largest,largest,seen,,semantic_reasoning,size_recognition.largest.1,Put the largest object in the bowl.,8,train,[]
v1,justintiensmith/MT_Size_Recognition_200:169,justintiensmith/MT_Size_Recognition_200,3a6e75d91e8339a87eebd8e545d87b148ae19925,169,Pick up the crushed pepsi can and place it into the bowl.,578,size_recognition,10,home,crushed_pepsi_can,crushed Pepsi can,object,[],"[""red_pencil_sharpener"", ""juggling_ball"", ""crushed_pepsi_can""]",[],3,,,,,,,,,largest,largest,seen,,semantic_reasoning,size_recognition.largest.2,Pick up the largest item and place it in the bowl.,9,train,[]
v1,justintiensmith/MT_Size_Recognition_200:170,justintiensmith/MT_Size_Recognition_200,3a6e75d91e8339a87eebd8e545d87b148ae19925,170,Pick up the crushed pepsi can and place it into the bowl.,539,size_recognition,10,home,crushed_pepsi_can,crushed Pepsi can,object,[],"[""red_pencil_sharpener"", ""juggling_ball"", ""crushed_pepsi_can""]",[],3,,,,,,,,,largest,largest,seen,,semantic_reasoning,size_recognition.largest.1,Put the largest object in the bowl.,0,train,[]
v1,justintiensmith/MT_Size_Recognition_200:171,justintiensmith/MT_Size_Recognition_200,3a6e75d91e8339a87eebd8e545d87b148ae19925,171,Pick up the crushed pepsi can and place it into the bowl.,493,size_recognition,10,home,crushed_pepsi_can,crushed Pepsi can,object,[],"[""red_pencil_sharpener"", ""juggling_ball"", ""crushed_pepsi_can""]",[],3,,,,,,,,,largest,largest,seen,,semantic_reasoning,size_recognition.largest.1,Put the largest object in the bowl.,1,train,[]
v1,justintiensmith/MT_Size_Recognition_200:172,justintiensmith/MT_Size_Recognition_200,3a6e75d91e8339a87eebd8e545d87b148ae19925,172,Pick up the crushed pepsi can and place it into the bowl.,530,size_recognition,10,home,crushed_pepsi_can,crushed Pepsi can,object,[],"[""red_pencil_sharpener"", ""juggling_ball"", ""crushed_pepsi_can""]",[],3,,,,,,,,,largest,largest,seen,,semantic_reasoning,size_recognition.largest.2,Pick up the largest item and place it in the bowl.,2,train,[]
v1,justintiensmith/MT_Size_Recognition_200:173,justintiensmith/MT_Size_Recognition_200,3a6e75d91e8339a87eebd8e545d87b148ae19925,173,Pick up the crushed pepsi can and place it into the bowl.,675,size_recognition,10,home,crushed_pepsi_can,crushed Pepsi can,object,[],"[""red_pencil_sharpener"", ""juggling_ball"", ""crushed_pepsi_can""]",[],3,,,,,,,,,largest,largest,seen,,semantic_reasoning,size_recognition.largest.3,Move the object that is largest into the bowl.,3,train,[]
v1,justintiensmith/MT_Size_Recognition_200:174,justintiensmith/MT_Size_Recognition_200,3a6e75d91e8339a87eebd8e545d87b148ae19925,174,Pick up the crushed pepsi can and place it into the bowl.,530,size_recognition,10,home,crushed_pepsi_can,crushed Pepsi can,object,[],"[""red_pencil_sharpener"", ""juggling_ball"", ""crushed_pepsi_can""]",[],3,,,,,,,,,largest,largest,seen,,semantic_reasoning,size_recognition.largest.3,Move the object that is largest into the bowl.,4,train,[]
v1,justintiensmith/MT_Size_Recognition_200:175,justintiensmith/MT_Size_Recognition_200,3a6e75d91e8339a87eebd8e545d87b148ae19925,175,Pick up the crushed pepsi can and place it into the bowl.,630,size_recognition,10,home,crushed_pepsi_can,crushed Pepsi can,object,[],"[""red_pencil_sharpener"", ""juggling_ball"", ""crushed_pepsi_can""]",[],3,,,,,,,,,largest,largest,seen,,semantic_reasoning,size_recognition.largest.1,Put the largest object in the bowl.,5,train,[]
v1,justintiensmith/MT_Size_Recognition_200:176,justintiensmith/MT_Size_Recognition_200,3a6e75d91e8339a87eebd8e545d87b148ae19925,176,Pick up the crushed pepsi can and place it into the bowl.,492,size_recognition,10,home,crushed_pepsi_can,crushed Pepsi can,object,[],"[""red_pencil_sharpener"", ""juggling_ball"", ""crushed_pepsi_can""]",[],3,,,,,,,,,largest,largest,seen,,semantic_reasoning,size_recognition.largest.2,Pick up the largest item and place it in the bowl.,6,train,[]
v1,justintiensmith/MT_Size_Recognition_200:177,justintiensmith/MT_Size_Recognition_200,3a6e75d91e8339a87eebd8e545d87b148ae19925,177,Pick up the crushed pepsi can and place it into the bowl.,530,size_recognition,10,recovery,crushed_pepsi_can,crushed Pepsi can,object,[],"[""red_pencil_sharpener"", ""juggling_ball"", ""crushed_pepsi_can""]",[],3,,,,,,,,,largest,largest,seen,,semantic_reasoning,size_recognition.largest.1,Put the largest object in the bowl.,7,train,[]
v1,justintiensmith/MT_Size_Recognition_200:178,justintiensmith/MT_Size_Recognition_200,3a6e75d91e8339a87eebd8e545d87b148ae19925,178,Pick up the crushed pepsi can and place it into the bowl.,530,size_recognition,10,recovery,crushed_pepsi_can,crushed Pepsi can,object,[],"[""red_pencil_sharpener"", ""juggling_ball"", ""crushed_pepsi_can""]",[],3,,,,,,,,,largest,largest,seen,,semantic_reasoning,size_recognition.largest.2,Pick up the largest item and place it in the bowl.,8,train,[]
v1,justintiensmith/MT_Size_Recognition_200:179,justintiensmith/MT_Size_Recognition_200,3a6e75d91e8339a87eebd8e545d87b148ae19925,179,Pick up the crushed pepsi can and place it into the bowl.,525,size_recognition,10,recovery,crushed_pepsi_can,crushed Pepsi can,object,[],"[""red_pencil_sharpener"", ""juggling_ball"", ""crushed_pepsi_can""]",[],3,,,,,,,,,largest,largest,seen,,semantic_reasoning,size_recognition.largest.2,Pick up the largest item and place it in the bowl.,9,train,[]
v1,justintiensmith/MT_Size_Recognition_200:180,justintiensmith/MT_Size_Recognition_200,3a6e75d91e8339a87eebd8e545d87b148ae19925,180,Pick up the crushed pepsi can and place it into the bowl.,491,size_recognition,10,home,crushed_pepsi_can,crushed Pepsi can,object,[],"[""green_block"", ""crushed_pepsi_can""]",[],2,,,,,,,,,largest,largest,seen,,semantic_reasoning,size_recognition.largest.3,Move the object that is largest into the bowl.,0,train,[]
v1,justintiensmith/MT_Size_Recognition_200:181,justintiensmith/MT_Size_Recognition_200,3a6e75d91e8339a87eebd8e545d87b148ae19925,181,Pick up the crushed pepsi can and place it into the bowl.,681,size_recognition,10,home,crushed_pepsi_can,crushed Pepsi can,object,[],"[""green_block"", ""crushed_pepsi_can""]",[],2,,,,,,,,,largest,largest,seen,,semantic_reasoning,size_recognition.largest.3,Move the object that is largest into the bowl.,1,train,[]
v1,justintiensmith/MT_Size_Recognition_200:182,justintiensmith/MT_Size_Recognition_200,3a6e75d91e8339a87eebd8e545d87b148ae19925,182,Pick up the crushed pepsi can and place it into the bowl.,565,size_recognition,10,home,crushed_pepsi_can,crushed Pepsi can,object,[],"[""green_block"", ""crushed_pepsi_can""]",[],2,,,,,,,,,largest,largest,seen,,semantic_reasoning,size_recognition.largest.3,Move the object that is largest into the bowl.,2,train,[]
v1,justintiensmith/MT_Size_Recognition_200:183,justintiensmith/MT_Size_Recognition_200,3a6e75d91e8339a87eebd8e545d87b148ae19925,183,Pick up the crushed pepsi can and place it into the bowl.,601,size_recognition,10,home,crushed_pepsi_can,crushed Pepsi can,object,[],"[""green_block"", ""crushed_pepsi_can""]",[],2,,,,,,,,,largest,largest,seen,,semantic_reasoning,size_recognition.largest.1,Put the largest object in the bowl.,3,train,[]
v1,justintiensmith/MT_Size_Recognition_200:184,justintiensmith/MT_Size_Recognition_200,3a6e75d91e8339a87eebd8e545d87b148ae19925,184,Pick up the crushed pepsi can and place it into the bowl.,548,size_recognition,10,home,crushed_pepsi_can,crushed Pepsi can,object,[],"[""green_block"", ""crushed_pepsi_can""]",[],2,,,,,,,,,largest,largest,seen,,semantic_reasoning,size_recognition.largest.1,Put the largest object in the bowl.,4,train,[]
v1,justintiensmith/MT_Size_Recognition_200:185,justintiensmith/MT_Size_Recognition_200,3a6e75d91e8339a87eebd8e545d87b148ae19925,185,Pick up the crushed pepsi can and place it into the bowl.,603,size_recognition,10,home,crushed_pepsi_can,crushed Pepsi can,object,[],"[""green_block"", ""crushed_pepsi_can""]",[],2,,,,,,,,,largest,largest,seen,,semantic_reasoning,size_recognition.largest.1,Put the largest object in the bowl.,5,train,[]
v1,justintiensmith/MT_Size_Recognition_200:186,justintiensmith/MT_Size_Recognition_200,3a6e75d91e8339a87eebd8e545d87b148ae19925,186,Pick up the crushed pepsi can and place it into the bowl.,588,size_recognition,10,home,crushed_pepsi_can,crushed Pepsi can,object,[],"[""green_block"", ""crushed_pepsi_can""]",[],2,,,,,,,,,largest,largest,seen,,semantic_reasoning,size_recognition.largest.2,Pick up the largest item and place it in the bowl.,6,train,[]
v1,justintiensmith/MT_Size_Recognition_200:187,justintiensmith/MT_Size_Recognition_200,3a6e75d91e8339a87eebd8e545d87b148ae19925,187,Pick up the crushed pepsi can and place it into the bowl.,668,size_recognition,10,home,crushed_pepsi_can,crushed Pepsi can,object,[],"[""green_block"", ""crushed_pepsi_can""]",[],2,,,,,,,,,largest,largest,seen,,semantic_reasoning,size_recognition.largest.2,Pick up the largest item and place it in the bowl.,7,train,[]
v1,justintiensmith/MT_Size_Recognition_200:188,justintiensmith/MT_Size_Recognition_200,3a6e75d91e8339a87eebd8e545d87b148ae19925,188,Pick up the crushed pepsi can and place it into the bowl.,687,size_recognition,10,home,crushed_pepsi_can,crushed Pepsi can,object,[],"[""green_block"", ""crushed_pepsi_can""]",[],2,,,,,,,,,largest,largest,seen,,semantic_reasoning,size_recognition.largest.3,Move the object that is largest into the bowl.,8,train,[]
v1,justintiensmith/MT_Size_Recognition_200:189,justintiensmith/MT_Size_Recognition_200,3a6e75d91e8339a87eebd8e545d87b148ae19925,189,Pick up the crushed pepsi can and place it into the bowl.,607,size_recognition,10,home,crushed_pepsi_can,crushed Pepsi can,object,[],"[""green_block"", ""crushed_pepsi_can""]",[],2,,,,,,,,,largest,largest,seen,,semantic_reasoning,size_recognition.largest.1,Put the largest object in the bowl.,9,train,[]
v1,justintiensmith/MT_Size_Recognition_200:190,justintiensmith/MT_Size_Recognition_200,3a6e75d91e8339a87eebd8e545d87b148ae19925,190,Pick up the crushed pepsi can and place it into the bowl.,566,size_recognition,10,home,crushed_pepsi_can,crushed Pepsi can,object,[],"[""green_block"", ""crushed_pepsi_can""]",[],2,,,,,,,,,largest,largest,seen,,semantic_reasoning,size_recognition.largest.2,Pick up the largest item and place it in the bowl.,0,train,[]
v1,justintiensmith/MT_Size_Recognition_200:191,justintiensmith/MT_Size_Recognition_200,3a6e75d91e8339a87eebd8e545d87b148ae19925,191,Pick up the crushed pepsi can and place it into the bowl.,562,size_recognition,10,home,crushed_pepsi_can,crushed Pepsi can,object,[],"[""green_block"", ""crushed_pepsi_can""]",[],2,,,,,,,,,largest,largest,seen,,semantic_reasoning,size_recognition.largest.2,Pick up the largest item and place it in the bowl.,1,train,[]
v1,justintiensmith/MT_Size_Recognition_200:192,justintiensmith/MT_Size_Recognition_200,3a6e75d91e8339a87eebd8e545d87b148ae19925,192,Pick up the crushed pepsi can and place it into the bowl.,533,size_recognition,10,home,crushed_pepsi_can,crushed Pepsi can,object,[],"[""green_block"", ""crushed_pepsi_can""]",[],2,,,,,,,,,largest,largest,seen,,semantic_reasoning,size_recognition.largest.3,Move the object that is largest into the bowl.,2,train,[]
v1,justintiensmith/MT_Size_Recognition_200:193,justintiensmith/MT_Size_Recognition_200,3a6e75d91e8339a87eebd8e545d87b148ae19925,193,Pick up the crushed pepsi can and place it into the bowl.,670,size_recognition,10,home,crushed_pepsi_can,crushed Pepsi can,object,[],"[""green_block"", ""crushed_pepsi_can""]",[],2,,,,,,,,,largest,largest,seen,,semantic_reasoning,size_recognition.largest.2,Pick up the largest item and place it in the bowl.,3,train,[]
v1,justintiensmith/MT_Size_Recognition_200:194,justintiensmith/MT_Size_Recognition_200,3a6e75d91e8339a87eebd8e545d87b148ae19925,194,Pick up the crushed pepsi can and place it into the bowl.,664,size_recognition,10,home,crushed_pepsi_can,crushed Pepsi can,object,[],"[""green_block"", ""crushed_pepsi_can""]",[],2,,,,,,,,,largest,largest,seen,,semantic_reasoning,size_recognition.largest.3,Move the object that is largest into the bowl.,4,train,[]
v1,justintiensmith/MT_Size_Recognition_200:195,justintiensmith/MT_Size_Recognition_200,3a6e75d91e8339a87eebd8e545d87b148ae19925,195,Pick up the crushed pepsi can and place it into the bowl.,498,size_recognition,10,home,crushed_pepsi_can,crushed Pepsi can,object,[],"[""green_block"", ""crushed_pepsi_can""]",[],2,,,,,,,,,largest,largest,seen,,semantic_reasoning,size_recognition.largest.3,Move the object that is largest into the bowl.,5,train,[]
v1,justintiensmith/MT_Size_Recognition_200:196,justintiensmith/MT_Size_Recognition_200,3a6e75d91e8339a87eebd8e545d87b148ae19925,196,Pick up the crushed pepsi can and place it into the bowl.,590,size_recognition,10,recovery,crushed_pepsi_can,crushed Pepsi can,object,[],"[""green_block"", ""crushed_pepsi_can""]",[],2,,,,,,,,,largest,largest,seen,,semantic_reasoning,size_recognition.largest.3,Move the object that is largest into the bowl.,6,train,[]
v1,justintiensmith/MT_Size_Recognition_200:197,justintiensmith/MT_Size_Recognition_200,3a6e75d91e8339a87eebd8e545d87b148ae19925,197,Pick up the crushed pepsi can and place it into the bowl.,466,size_recognition,10,recovery,crushed_pepsi_can,crushed Pepsi can,object,[],"[""green_block"", ""crushed_pepsi_can""]",[],2,,,,,,,,,largest,largest,seen,,semantic_reasoning,size_recognition.largest.3,Move the object that is largest into the bowl.,7,train,[]
v1,justintiensmith/MT_Size_Recognition_200:198,justintiensmith/MT_Size_Recognition_200,3a6e75d91e8339a87eebd8e545d87b148ae19925,198,Pick up the crushed pepsi can and place it into the bowl.,498,size_recognition,10,recovery,crushed_pepsi_can,crushed Pepsi can,object,[],"[""green_block"", ""crushed_pepsi_can""]",[],2,,,,,,,,,largest,largest,seen,,semantic_reasoning,size_recognition.largest.3,Move the object that is largest into the bowl.,8,train,[]
v1,justintiensmith/MT_Size_Recognition_200:199,justintiensmith/MT_Size_Recognition_200,3a6e75d91e8339a87eebd8e545d87b148ae19925,199,Pick up the crushed pepsi can and place it into the bowl.,490,size_recognition,10,recovery,crushed_pepsi_can,crushed Pepsi can,object,[],"[""green_block"", ""crushed_pepsi_can""]",[],2,,,,,,,,,largest,largest,seen,,semantic_reasoning,size_recognition.largest.1,Put the largest object in the bowl.,9,train,[]
