Episode,Task,Final Training Prompt,Training Role,Explicit Concept / Output,Factor Key,Held-Out Composition,Prompt Changed?,Dataset Action,Update Reason,Objects in Scene,Target Object,Start Position,Source Prompt,Held-Out Evaluation Prompt(s),Design Rationale,Sequence Length (Ordering Only),episode_index,task_index,source_repo_id,source_episode_index,physical_episode_replaced,ultimate_source_repo_id,ultimate_source_episode_index,state_source_pool
0,State Recognition,Move the closed white cup into the bowl.,Explicit seen-cell grounding,closed × white cup; two same-category candidates; non-queried axis controlled,state_white_cup_closed_explicit,white-cup×upside-down; striped-cup×open; brown-cup×closed; spice-container×upright,No,Replace episode + assign prompt,Use MT_State_Recognition_New episode 0 (Original 200 / source episode 0) in place of the original VLA benchmark episode.,"white cup B (C, UR) [target]; white cup A (O, UR); yellow-white striped cup A (C, UR); brown cup B (C, UR)",white cup B,Recovery,Move the closed white cup into the bowl.,,"Explicitly grounds closed with white cup using two same-category candidates. The non-queried state axis is held constant, so only one candidate satisfies the instruction.",,0,0,justintiensmith/MT_State_Recognition_New,0,True,justintiensmith/MT_State_Recognition_200_OLD,0,Original 200
1,State Recognition,Place the open white cup in the bowl.,Explicit seen-cell grounding,open × white cup; two same-category candidates; non-queried axis controlled,state_white_cup_open_explicit,white-cup×upside-down; striped-cup×open; brown-cup×closed; spice-container×upright,No,Replace episode + assign prompt,Use MT_State_Recognition_New episode 1 (Original 200 / source episode 1) in place of the original VLA benchmark episode.,"white cup B (O, UR) [target]; white cup A (C, UR); brown cup B (O, UR)",white cup B,Home,Place the open white cup in the bowl.,,"Explicitly grounds open with white cup using two same-category candidates. The non-queried state axis is held constant, so only one candidate satisfies the instruction.",,1,1,justintiensmith/MT_State_Recognition_New,1,True,justintiensmith/MT_State_Recognition_200_OLD,1,Original 200
2,State Recognition,Put the open white cup in the bowl.,Explicit seen-cell grounding,open × white cup; two same-category candidates; non-queried axis controlled,state_white_cup_open_explicit,white-cup×upside-down; striped-cup×open; brown-cup×closed; spice-container×upright,No,Replace episode + assign prompt,Use MT_State_Recognition_New episode 2 (Original 200 / source episode 2) in place of the original VLA benchmark episode.,"white cup A (O, UR) [target]; white cup B (C, UR); glass spice container A (O, UR); yellow-white striped cup B (O, UR)",white cup A,Home,Put the open white cup in the bowl.,,"Explicitly grounds open with white cup using two same-category candidates. The non-queried state axis is held constant, so only one candidate satisfies the instruction.",,2,2,justintiensmith/MT_State_Recognition_New,2,True,justintiensmith/MT_State_Recognition_200_OLD,2,Original 200
3,State Recognition,Move the closed white cup into the bowl.,Explicit seen-cell grounding,closed × white cup; two same-category candidates; non-queried axis controlled,state_white_cup_closed_explicit,white-cup×upside-down; striped-cup×open; brown-cup×closed; spice-container×upright,No,Replace episode + assign prompt,Use MT_State_Recognition_New episode 3 (Original 200 / source episode 3) in place of the original VLA benchmark episode.,"white cup A (C, UR) [target]; white cup B (O, UR); yellow-white striped cup B (O, UR); brown cup A (O, UR)",white cup A,Home,Move the closed white cup into the bowl.,,"Explicitly grounds closed with white cup using two same-category candidates. The non-queried state axis is held constant, so only one candidate satisfies the instruction.",,3,0,justintiensmith/MT_State_Recognition_New,3,True,justintiensmith/MT_State_Recognition_200_OLD,3,Original 200
4,State Recognition,Place a white cup in the bowl.,State-masked physical exposure,"direct category=white cup; physical state=C, UR; no state word",state_white_cup_c_ur_masked,white-cup×upside-down; striped-cup×open; brown-cup×closed; spice-container×upright,No,Replace episode + assign prompt,Use MT_State_Recognition_New episode 4 (Original 200 / source episode 4) in place of the original VLA benchmark episode.,"white cup B (C, UR) [target]; yellow-white striped cup A (O, UR); brown cup A (O, UR)",white cup B,Home,Place a white cup in the bowl.,,"Preserves white cup recognition and the recorded physical manipulation while omitting state language. Only one white cup appears, so this row cannot train state-based selection.",,4,3,justintiensmith/MT_State_Recognition_New,4,True,justintiensmith/MT_State_Recognition_200_OLD,4,Original 200
5,State Recognition,Put a white cup in the bowl.,State-masked physical exposure,"direct category=white cup; physical state=O, UR; no state word",state_white_cup_o_ur_masked,white-cup×upside-down; striped-cup×open; brown-cup×closed; spice-container×upright,No,Replace episode + assign prompt,Use MT_State_Recognition_New episode 5 (Original 200 / source episode 5) in place of the original VLA benchmark episode.,"white cup B (O, UR) [target]; brown cup A (C, UR); glass spice container A (C, UR)",white cup B,Home,Put a white cup in the bowl.,,"Preserves white cup recognition and the recorded physical manipulation while omitting state language. Only one white cup appears, so this row cannot train state-based selection.",,5,4,justintiensmith/MT_State_Recognition_New,5,True,justintiensmith/MT_State_Recognition_200_OLD,5,Original 200
6,State Recognition,Move the closed white cup into the bowl.,Explicit seen-cell grounding,closed × white cup; two same-category candidates; non-queried axis controlled,state_white_cup_closed_explicit,white-cup×upside-down; striped-cup×open; brown-cup×closed; spice-container×upright,No,Replace episode + assign prompt,Use MT_State_Recognition_New episode 6 (Original 200 / source episode 6) in place of the original VLA benchmark episode.,"white cup B (C, UR) [target]; white cup A (O, UR); yellow-white striped cup A (C, UR); brown cup B (C, UR)",white cup B,Home,Move the closed white cup into the bowl.,,"Explicitly grounds closed with white cup using two same-category candidates. The non-queried state axis is held constant, so only one candidate satisfies the instruction.",,6,0,justintiensmith/MT_State_Recognition_New,6,True,justintiensmith/MT_State_Recognition_200_OLD,6,Original 200
7,State Recognition,Place the closed white cup in the bowl.,Explicit seen-cell grounding,closed × white cup; two same-category candidates; non-queried axis controlled,state_white_cup_closed_explicit,white-cup×upside-down; striped-cup×open; brown-cup×closed; spice-container×upright,No,Replace episode + assign prompt,Use MT_State_Recognition_New episode 7 (Original 200 / source episode 7) in place of the original VLA benchmark episode.,"white cup A (C, UR) [target]; white cup B (O, UR); brown cup B (O, UR)",white cup A,Recovery,Place the closed white cup in the bowl.,,"Explicitly grounds closed with white cup using two same-category candidates. The non-queried state axis is held constant, so only one candidate satisfies the instruction.",,7,5,justintiensmith/MT_State_Recognition_New,7,True,justintiensmith/MT_State_Recognition_200_OLD,7,Original 200
8,State Recognition,Put a white cup in the bowl.,State-masked physical exposure,"direct category=white cup; physical state=O, UR; no state word",state_white_cup_o_ur_masked,white-cup×upside-down; striped-cup×open; brown-cup×closed; spice-container×upright,No,Replace episode + assign prompt,Use MT_State_Recognition_New episode 8 (Original 200 / source episode 8) in place of the original VLA benchmark episode.,"white cup A (O, UR) [target]; glass spice container A (C, UR); yellow-white striped cup B (C, UR); brown cup B (C, UR)",white cup A,Home,Put a white cup in the bowl.,,"Preserves white cup recognition and the recorded physical manipulation while omitting state language. Only one white cup appears, so this row cannot train state-based selection.",,8,4,justintiensmith/MT_State_Recognition_New,8,True,justintiensmith/MT_State_Recognition_200_OLD,8,Original 200
9,State Recognition,Move the open white cup into the bowl.,Explicit seen-cell grounding,open × white cup; two same-category candidates; non-queried axis controlled,state_white_cup_open_explicit,white-cup×upside-down; striped-cup×open; brown-cup×closed; spice-container×upright,No,Replace episode + assign prompt,Use MT_State_Recognition_New episode 9 (Original 200 / source episode 9) in place of the original VLA benchmark episode.,"white cup B (O, UR) [target]; white cup A (C, UR); yellow-white striped cup B (O, UR); brown cup A (C, UR)",white cup B,Home,Move the open white cup into the bowl.,,"Explicitly grounds open with white cup using two same-category candidates. The non-queried state axis is held constant, so only one candidate satisfies the instruction.",,9,6,justintiensmith/MT_State_Recognition_New,9,True,justintiensmith/MT_State_Recognition_200_OLD,9,Original 200
10,State Recognition,Place the closed white cup in the bowl.,Explicit seen-cell grounding,closed × white cup; two same-category candidates; non-queried axis controlled,state_white_cup_closed_explicit,white-cup×upside-down; striped-cup×open; brown-cup×closed; spice-container×upright,No,Replace episode + assign prompt,Use MT_State_Recognition_New episode 10 (Original 200 / source episode 10) in place of the original VLA benchmark episode.,"white cup A (C, UR) [target]; white cup B (O, UR); brown cup A (C, UR); glass spice container B (C, UR)",white cup A,Home,Place the closed white cup in the bowl.,,"Explicitly grounds closed with white cup using two same-category candidates. The non-queried state axis is held constant, so only one candidate satisfies the instruction.",,10,5,justintiensmith/MT_State_Recognition_New,10,True,justintiensmith/MT_State_Recognition_200_OLD,10,Original 200
11,State Recognition,Put the open white cup in the bowl.,Explicit seen-cell grounding,open × white cup; two same-category candidates; non-queried axis controlled,state_white_cup_open_explicit,white-cup×upside-down; striped-cup×open; brown-cup×closed; spice-container×upright,No,Replace episode + assign prompt,Use MT_State_Recognition_New episode 11 (Original 200 / source episode 11) in place of the original VLA benchmark episode.,"white cup A (O, UR) [target]; white cup B (C, UR); glass spice container B (C, UR)",white cup A,Home,Put the open white cup in the bowl.,,"Explicitly grounds open with white cup using two same-category candidates. The non-queried state axis is held constant, so only one candidate satisfies the instruction.",,11,2,justintiensmith/MT_State_Recognition_New,11,True,justintiensmith/MT_State_Recognition_200_OLD,11,Original 200
12,State Recognition,Move the open white cup into the bowl.,Explicit seen-cell grounding,open × white cup; two same-category candidates; non-queried axis controlled,state_white_cup_open_explicit,white-cup×upside-down; striped-cup×open; brown-cup×closed; spice-container×upright,No,Replace episode + assign prompt,Use MT_State_Recognition_New episode 12 (Original 200 / source episode 12) in place of the original VLA benchmark episode.,"white cup A (O, UR) [target]; white cup B (C, UR); yellow-white striped cup A (O, UR); brown cup B (O, UR)",white cup A,Home,Move the open white cup into the bowl.,,"Explicitly grounds open with white cup using two same-category candidates. The non-queried state axis is held constant, so only one candidate satisfies the instruction.",,12,6,justintiensmith/MT_State_Recognition_New,12,True,justintiensmith/MT_State_Recognition_200_OLD,12,Original 200
13,State Recognition,Place a white cup in the bowl.,State-masked physical exposure,"direct category=white cup; physical state=C, UR; no state word",state_white_cup_c_ur_masked,white-cup×upside-down; striped-cup×open; brown-cup×closed; spice-container×upright,No,Replace episode + assign prompt,Use MT_State_Recognition_New episode 13 (Original 200 / source episode 13) in place of the original VLA benchmark episode.,"white cup B (C, UR) [target]; yellow-white striped cup B (O, UR); brown cup B (O, UR)",white cup B,Home,Place a white cup in the bowl.,,"Preserves white cup recognition and the recorded physical manipulation while omitting state language. Only one white cup appears, so this row cannot train state-based selection.",,13,3,justintiensmith/MT_State_Recognition_New,13,True,justintiensmith/MT_State_Recognition_200_OLD,13,Original 200
14,State Recognition,Put the open white cup in the bowl.,Explicit seen-cell grounding,open × white cup; two same-category candidates; non-queried axis controlled,state_white_cup_open_explicit,white-cup×upside-down; striped-cup×open; brown-cup×closed; spice-container×upright,No,Replace episode + assign prompt,Use MT_State_Recognition_New episode 14 (Original 200 / source episode 14) in place of the original VLA benchmark episode.,"white cup B (O, UR) [target]; white cup A (C, UR); glass spice container A (C, UR); yellow-white striped cup B (C, UR)",white cup B,Recovery,Put the open white cup in the bowl.,,"Explicitly grounds open with white cup using two same-category candidates. The non-queried state axis is held constant, so only one candidate satisfies the instruction.",,14,2,justintiensmith/MT_State_Recognition_New,14,True,justintiensmith/MT_State_Recognition_200_OLD,14,Original 200
15,State Recognition,Move the closed white cup into the bowl.,Explicit seen-cell grounding,closed × white cup; two same-category candidates; non-queried axis controlled,state_white_cup_closed_explicit,white-cup×upside-down; striped-cup×open; brown-cup×closed; spice-container×upright,No,Replace episode + assign prompt,Use MT_State_Recognition_New episode 15 (Original 200 / source episode 15) in place of the original VLA benchmark episode.,"white cup A (C, UR) [target]; white cup B (O, UR); yellow-white striped cup B (O, UR)",white cup A,Home,Move the closed white cup into the bowl.,,"Explicitly grounds closed with white cup using two same-category candidates. The non-queried state axis is held constant, so only one candidate satisfies the instruction.",,15,0,justintiensmith/MT_State_Recognition_New,15,True,justintiensmith/MT_State_Recognition_200_OLD,15,Original 200
16,State Recognition,Place the closed white cup in the bowl.,Explicit seen-cell grounding,closed × white cup; two same-category candidates; non-queried axis controlled,state_white_cup_closed_explicit,white-cup×upside-down; striped-cup×open; brown-cup×closed; spice-container×upright,No,Replace episode + assign prompt,Use MT_State_Recognition_New episode 16 (Original 200 / source episode 16) in place of the original VLA benchmark episode.,"white cup A (C, UR) [target]; white cup B (O, UR); brown cup A (C, UR); glass spice container B (C, UR)",white cup A,Home,Place the closed white cup in the bowl.,,"Explicitly grounds closed with white cup using two same-category candidates. The non-queried state axis is held constant, so only one candidate satisfies the instruction.",,16,5,justintiensmith/MT_State_Recognition_New,16,True,justintiensmith/MT_State_Recognition_200_OLD,16,Original 200
17,State Recognition,Put the open white cup in the bowl.,Explicit seen-cell grounding,open × white cup; two same-category candidates; non-queried axis controlled,state_white_cup_open_explicit,white-cup×upside-down; striped-cup×open; brown-cup×closed; spice-container×upright,No,Replace episode + assign prompt,Use MT_State_Recognition_New episode 17 (Original 200 / source episode 17) in place of the original VLA benchmark episode.,"white cup B (O, UR) [target]; white cup A (C, UR); glass spice container B (O, UR)",white cup B,Home,Put the open white cup in the bowl.,,"Explicitly grounds open with white cup using two same-category candidates. The non-queried state axis is held constant, so only one candidate satisfies the instruction.",,17,2,justintiensmith/MT_State_Recognition_New,17,True,justintiensmith/MT_State_Recognition_200_OLD,17,Original 200
18,State Recognition,Move a white cup into the bowl.,State-masked physical exposure,"direct category=white cup; physical state=C, UR; no state word",state_white_cup_c_ur_masked,white-cup×upside-down; striped-cup×open; brown-cup×closed; spice-container×upright,No,Replace episode + assign prompt,Use MT_State_Recognition_New episode 18 (Original 200 / source episode 18) in place of the original VLA benchmark episode.,"white cup A (C, UR) [target]; brown cup B (O, UR); glass spice container B (O, UR)",white cup A,Home,Move a white cup into the bowl.,,"Preserves white cup recognition and the recorded physical manipulation while omitting state language. Only one white cup appears, so this row cannot train state-based selection.",,18,7,justintiensmith/MT_State_Recognition_New,18,True,justintiensmith/MT_State_Recognition_200_OLD,18,Original 200
19,State Recognition,Place the open white cup in the bowl.,Explicit seen-cell grounding,open × white cup; two same-category candidates; non-queried axis controlled,state_white_cup_open_explicit,white-cup×upside-down; striped-cup×open; brown-cup×closed; spice-container×upright,No,Replace episode + assign prompt,Use MT_State_Recognition_New episode 19 (Original 200 / source episode 19) in place of the original VLA benchmark episode.,"white cup B (O, UR) [target]; white cup A (C, UR); brown cup B (O, UR)",white cup B,Recovery,Place the open white cup in the bowl.,,"Explicitly grounds open with white cup using two same-category candidates. The non-queried state axis is held constant, so only one candidate satisfies the instruction.",,19,1,justintiensmith/MT_State_Recognition_New,19,True,justintiensmith/MT_State_Recognition_200_OLD,19,Original 200
20,State Recognition,Put a white cup in the bowl.,State-masked physical exposure,"direct category=white cup; physical state=O, UR; no state word",state_white_cup_o_ur_masked,white-cup×upside-down; striped-cup×open; brown-cup×closed; spice-container×upright,No,Replace episode + assign prompt,Use MT_State_Recognition_New episode 20 (Original 200 / source episode 20) in place of the original VLA benchmark episode.,"white cup A (O, UR) [target]; glass spice container B (C, UR); yellow-white striped cup A (C, UR); brown cup A (C, UR)",white cup A,Home,Put a white cup in the bowl.,,"Preserves white cup recognition and the recorded physical manipulation while omitting state language. Only one white cup appears, so this row cannot train state-based selection.",,20,4,justintiensmith/MT_State_Recognition_New,20,True,justintiensmith/MT_State_Recognition_200_OLD,20,Original 200
21,State Recognition,Move the closed white cup into the bowl.,Explicit seen-cell grounding,closed × white cup; two same-category candidates; non-queried axis controlled,state_white_cup_closed_explicit,white-cup×upside-down; striped-cup×open; brown-cup×closed; spice-container×upright,No,Replace episode + assign prompt,Use MT_State_Recognition_New episode 21 (Original 200 / source episode 21) in place of the original VLA benchmark episode.,"white cup B (C, UR) [target]; white cup A (O, UR); yellow-white striped cup B (O, UR); brown cup A (O, UR)",white cup B,Home,Move the closed white cup into the bowl.,,"Explicitly grounds closed with white cup using two same-category candidates. The non-queried state axis is held constant, so only one candidate satisfies the instruction.",,21,0,justintiensmith/MT_State_Recognition_New,21,True,justintiensmith/MT_State_Recognition_200_OLD,21,Original 200
22,State Recognition,Place the open white cup in the bowl.,Explicit seen-cell grounding,open × white cup; two same-category candidates; non-queried axis controlled,state_white_cup_open_explicit,white-cup×upside-down; striped-cup×open; brown-cup×closed; spice-container×upright,No,Replace episode + assign prompt,Use MT_State_Recognition_New episode 22 (Original 200 / source episode 22) in place of the original VLA benchmark episode.,"white cup B (O, UR) [target]; white cup A (C, UR); brown cup A (O, UR); glass spice container B (O, UR)",white cup B,Home,Place the open white cup in the bowl.,,"Explicitly grounds open with white cup using two same-category candidates. The non-queried state axis is held constant, so only one candidate satisfies the instruction.",,22,1,justintiensmith/MT_State_Recognition_New,22,True,justintiensmith/MT_State_Recognition_200_OLD,22,Original 200
23,State Recognition,Put the closed white cup in the bowl.,Explicit seen-cell grounding,closed × white cup; two same-category candidates; non-queried axis controlled,state_white_cup_closed_explicit,white-cup×upside-down; striped-cup×open; brown-cup×closed; spice-container×upright,No,Replace episode + assign prompt,Use MT_State_Recognition_New episode 23 (Original 200 / source episode 23) in place of the original VLA benchmark episode.,"white cup A (C, UR) [target]; white cup B (O, UR); glass spice container B (C, UR)",white cup A,Recovery,Put the closed white cup in the bowl.,,"Explicitly grounds closed with white cup using two same-category candidates. The non-queried state axis is held constant, so only one candidate satisfies the instruction.",,23,8,justintiensmith/MT_State_Recognition_New,23,True,justintiensmith/MT_State_Recognition_200_OLD,23,Original 200
24,State Recognition,Move the open white cup into the bowl.,Explicit seen-cell grounding,open × white cup; two same-category candidates; non-queried axis controlled,state_white_cup_open_explicit,white-cup×upside-down; striped-cup×open; brown-cup×closed; spice-container×upright,No,Replace episode + assign prompt,Use MT_State_Recognition_New episode 24 (Original 200 / source episode 24) in place of the original VLA benchmark episode.,"white cup A (O, UR) [target]; white cup B (C, UR); yellow-white striped cup A (O, UR)",white cup A,Home,Move the open white cup into the bowl.,,"Explicitly grounds open with white cup using two same-category candidates. The non-queried state axis is held constant, so only one candidate satisfies the instruction.",,24,6,justintiensmith/MT_State_Recognition_New,24,True,justintiensmith/MT_State_Recognition_200_OLD,24,Original 200
25,State Recognition,Place a white cup in the bowl.,State-masked physical exposure,"direct category=white cup; physical state=C, UD; no state word",state_white_cup_c_ud_masked,white-cup×upside-down; striped-cup×open; brown-cup×closed; spice-container×upright,No,Replace episode + assign prompt,Use MT_State_Recognition_New episode 25 (Original 200 / source episode 25) in place of the original VLA benchmark episode.,"white cup B (C, UD) [target]; brown cup B (O, UR); glass spice container B (C, UR); yellow-white striped cup A (O, UR)",white cup B,Home,Place a white cup in the bowl.,Move the upside-down white cup into the bowl.,"Preserves white cup recognition and the recorded physical manipulation while omitting state language. Only one white cup appears, so this row cannot train state-based selection.",,25,3,justintiensmith/MT_State_Recognition_New,25,True,justintiensmith/MT_State_Recognition_200_OLD,25,Original 200
26,State Recognition,Put the upright white cup in the bowl.,Explicit seen-cell grounding,upright × white cup; two same-category candidates; non-queried axis controlled,state_white_cup_upright_explicit,white-cup×upside-down; striped-cup×open; brown-cup×closed; spice-container×upright,No,Replace episode + assign prompt,Use MT_State_Recognition_New episode 26 (New Recollection 20 / source episode 0) in place of the original VLA benchmark episode.,"white cup A (O, UR) [target, P1]; white cup B (O, UD) [same-category counterfactual, P3]",white cup A,Recovery,Put the upright white cup in the bowl.,,"Explicitly grounds upright with white cup using two same-category candidates. The non-queried state axis is held constant, so only one candidate satisfies the instruction.",,26,9,justintiensmith/MT_State_Recognition_New,26,True,justintiensmith/MT_State_Recognition_20,0,New Recollection 20
27,State Recognition,Move the upright white cup into the bowl.,Explicit seen-cell grounding,upright × white cup; two same-category candidates; non-queried axis controlled,state_white_cup_upright_explicit,white-cup×upside-down; striped-cup×open; brown-cup×closed; spice-container×upright,No,Replace episode + assign prompt,Use MT_State_Recognition_New episode 27 (Original 200 / source episode 27) in place of the original VLA benchmark episode.,"white cup B (C, UR) [target]; white cup A (C, UD); brown cup B (C, UD); glass spice container A (O, UD)",white cup B,Home,Move the upright white cup into the bowl.,,"Explicitly grounds upright with white cup using two same-category candidates. The non-queried state axis is held constant, so only one candidate satisfies the instruction.",,27,10,justintiensmith/MT_State_Recognition_New,27,True,justintiensmith/MT_State_Recognition_200_OLD,27,Original 200
28,State Recognition,Place a white cup in the bowl.,State-masked physical exposure,"direct category=white cup; physical state=C, UD; no state word",state_white_cup_c_ud_masked,white-cup×upside-down; striped-cup×open; brown-cup×closed; spice-container×upright,No,Replace episode + assign prompt,Use MT_State_Recognition_New episode 28 (Replacement 61 / source episode 9) in place of the original VLA benchmark episode.,"white cup B (C, UD) [target, P2]; yellow-white striped cup A (C, UD) — P1; brown cup B (O, UD) — P3; glass spice container A (C, UR) — P4",white cup B,Recovery,Place a white cup in the bowl.,Move the upside-down white cup into the bowl.,"Preserves white cup recognition and the recorded physical manipulation while omitting state language. Only one white cup appears, so this row cannot train state-based selection.",,28,3,justintiensmith/MT_State_Recognition_New,28,True,justintiensmith/SP_State_Recognition_61,9,Replacement 61
29,State Recognition,Put a white cup in the bowl.,State-masked physical exposure,"direct category=white cup; physical state=C, UD; no state word",state_white_cup_c_ud_masked,white-cup×upside-down; striped-cup×open; brown-cup×closed; spice-container×upright,No,Replace episode + assign prompt,Use MT_State_Recognition_New episode 29 (Additional 40 / source episode 3) in place of the original VLA benchmark episode.,"white cup B (C, UD) [target, P4]; yellow-white striped cup B (C, UR); Brown cup B (C, UD); glass spice container A (O, UR)",white cup B,Home,Put a white cup in the bowl.,Move the upside-down white cup into the bowl.,"Preserves white cup recognition and the recorded physical manipulation while omitting state language. Only one white cup appears, so this row cannot train state-based selection.",,29,4,justintiensmith/MT_State_Recognition_New,29,True,justintiensmith/MT_State_Recognition_40,3,Additional 40
30,State Recognition,Move a white cup into the bowl.,State-masked physical exposure,"direct category=white cup; physical state=O, UD; no state word",state_white_cup_o_ud_masked,white-cup×upside-down; striped-cup×open; brown-cup×closed; spice-container×upright,No,Replace episode + assign prompt,Use MT_State_Recognition_New episode 30 (Original 200 / source episode 30) in place of the original VLA benchmark episode.,"white cup A (O, UD) [target]; glass spice container B (O, UR); yellow-white striped cup A (C, UR); brown cup A (O, UR)",white cup A,Home,Move a white cup into the bowl.,Move the upside-down white cup into the bowl.,"Preserves white cup recognition and the recorded physical manipulation while omitting state language. Only one white cup appears, so this row cannot train state-based selection.",,30,7,justintiensmith/MT_State_Recognition_New,30,True,justintiensmith/MT_State_Recognition_200_OLD,30,Original 200
31,State Recognition,Place the upright white cup in the bowl.,Explicit seen-cell grounding,upright × white cup; two same-category candidates; non-queried axis controlled,state_white_cup_upright_explicit,white-cup×upside-down; striped-cup×open; brown-cup×closed; spice-container×upright,No,Replace episode + assign prompt,Use MT_State_Recognition_New episode 31 (Original 200 / source episode 31) in place of the original VLA benchmark episode.,"white cup B (C, UR) [target]; white cup A (C, UD); glass spice container B (C, UR)",white cup B,Home,Place the upright white cup in the bowl.,,"Explicitly grounds upright with white cup using two same-category candidates. The non-queried state axis is held constant, so only one candidate satisfies the instruction.",,31,11,justintiensmith/MT_State_Recognition_New,31,True,justintiensmith/MT_State_Recognition_200_OLD,31,Original 200
32,State Recognition,Put a white cup in the bowl.,State-masked physical exposure,"direct category=white cup; physical state=O, UD; no state word",state_white_cup_o_ud_masked,white-cup×upside-down; striped-cup×open; brown-cup×closed; spice-container×upright,No,Replace episode + assign prompt,Use MT_State_Recognition_New episode 32 (Replacement 61 / source episode 10) in place of the original VLA benchmark episode.,"white cup A (O, UD) [target, P3]; yellow-white striped cup B (O, UR) — P2; brown cup A (C, UD) — P4; glass spice container B (O, UD) — P1",white cup A,Home,Put a white cup in the bowl.,Move the upside-down white cup into the bowl.,"Preserves white cup recognition and the recorded physical manipulation while omitting state language. Only one white cup appears, so this row cannot train state-based selection.",,32,4,justintiensmith/MT_State_Recognition_New,32,True,justintiensmith/SP_State_Recognition_61,10,Replacement 61
33,State Recognition,Move the upright white cup into the bowl.,Explicit seen-cell grounding,upright × white cup; two same-category candidates; non-queried axis controlled,state_white_cup_upright_explicit,white-cup×upside-down; striped-cup×open; brown-cup×closed; spice-container×upright,No,Replace episode + assign prompt,Use MT_State_Recognition_New episode 33 (New Recollection 20 / source episode 1) in place of the original VLA benchmark episode.,"white cup B (C, UR) [target, P2]; white cup A (C, UD) [same-category counterfactual, P4]; glass spice container B (C, UR) [P1]",white cup B,Home,Move the upright white cup into the bowl.,,"Explicitly grounds upright with white cup using two same-category candidates. The non-queried state axis is held constant, so only one candidate satisfies the instruction.",,33,10,justintiensmith/MT_State_Recognition_New,33,True,justintiensmith/MT_State_Recognition_20,1,New Recollection 20
34,State Recognition,Place a white cup in the bowl.,State-masked physical exposure,"direct category=white cup; physical state=O, UD; no state word",state_white_cup_o_ud_masked,white-cup×upside-down; striped-cup×open; brown-cup×closed; spice-container×upright,No,Replace episode + assign prompt,Use MT_State_Recognition_New episode 34 (Replacement 61 / source episode 2) in place of the original VLA benchmark episode.,"white cup A (O, UD) [target, P3]; yellow-white striped cup B (O, UR) — P4; brown cup A (C, UD) — P1; glass spice container B (O, UD) — P2",white cup A,Recovery,Place a white cup in the bowl.,Move the upside-down white cup into the bowl.,"Preserves white cup recognition and the recorded physical manipulation while omitting state language. Only one white cup appears, so this row cannot train state-based selection.",,34,3,justintiensmith/MT_State_Recognition_New,34,True,justintiensmith/SP_State_Recognition_61,2,Replacement 61
35,State Recognition,Put a white cup in the bowl.,State-masked physical exposure,"direct category=white cup; physical state=C, UD; no state word",state_white_cup_c_ud_masked,white-cup×upside-down; striped-cup×open; brown-cup×closed; spice-container×upright,No,Replace episode + assign prompt,Use MT_State_Recognition_New episode 35 (Additional 40 / source episode 7) in place of the original VLA benchmark episode.,"white cup A (C, UD) [target, P4]; yellow-white striped cup B (C, UR); Brown cup B (O, UD); glass spice container B (C, UR)",white cup A,Home,Put a white cup in the bowl.,Move the upside-down white cup into the bowl.,"Preserves white cup recognition and the recorded physical manipulation while omitting state language. Only one white cup appears, so this row cannot train state-based selection.",,35,4,justintiensmith/MT_State_Recognition_New,35,True,justintiensmith/MT_State_Recognition_40,7,Additional 40
36,State Recognition,Move a white cup into the bowl.,State-masked physical exposure,"direct category=white cup; physical state=O, UR; no state word",state_white_cup_o_ur_masked,white-cup×upside-down; striped-cup×open; brown-cup×closed; spice-container×upright,No,Replace episode + assign prompt,Use MT_State_Recognition_New episode 36 (Original 200 / source episode 36) in place of the original VLA benchmark episode.,"white cup B (O, UR) [target]; yellow-white striped cup A (C, UD); brown cup A (O, UD)",white cup B,Home,Move a white cup into the bowl.,,"Preserves white cup recognition and the recorded physical manipulation while omitting state language. Only one white cup appears, so this row cannot train state-based selection.",,36,7,justintiensmith/MT_State_Recognition_New,36,True,justintiensmith/MT_State_Recognition_200_OLD,36,Original 200
37,State Recognition,Place a white cup in the bowl.,State-masked physical exposure,"direct category=white cup; physical state=C, UR; no state word",state_white_cup_c_ur_masked,white-cup×upside-down; striped-cup×open; brown-cup×closed; spice-container×upright,No,Replace episode + assign prompt,Use MT_State_Recognition_New episode 37 (Original 200 / source episode 37) in place of the original VLA benchmark episode.,"white cup A (C, UR) [target]; brown cup A (C, UD); glass spice container A (O, UD); yellow-white striped cup B (C, UD)",white cup A,Recovery,Place a white cup in the bowl.,,"Preserves white cup recognition and the recorded physical manipulation while omitting state language. Only one white cup appears, so this row cannot train state-based selection.",,37,3,justintiensmith/MT_State_Recognition_New,37,True,justintiensmith/MT_State_Recognition_200_OLD,37,Original 200
38,State Recognition,Put a white cup in the bowl.,State-masked physical exposure,"direct category=white cup; physical state=O, UR; no state word",state_white_cup_o_ur_masked,white-cup×upside-down; striped-cup×open; brown-cup×closed; spice-container×upright,No,Replace episode + assign prompt,Use MT_State_Recognition_New episode 38 (Replacement 61 / source episode 12) in place of the original VLA benchmark episode.,"white cup B (O, UR) [target, P1]; yellow-white striped cup B (O, UD) — P2; brown cup A (C, UR) — P3; glass spice container B (O, UR) — P4",white cup B,Home,Put a white cup in the bowl.,,"Preserves white cup recognition and the recorded physical manipulation while omitting state language. Only one white cup appears, so this row cannot train state-based selection.",,38,4,justintiensmith/MT_State_Recognition_New,38,True,justintiensmith/SP_State_Recognition_61,12,Replacement 61
39,State Recognition,Move a white cup into the bowl.,State-masked physical exposure,"direct category=white cup; physical state=C, UD; no state word",state_white_cup_c_ud_masked,white-cup×upside-down; striped-cup×open; brown-cup×closed; spice-container×upright,No,Replace episode + assign prompt,Use MT_State_Recognition_New episode 39 (Replacement 61 / source episode 5) in place of the original VLA benchmark episode.,"white cup A (C, UD) [target, P2]; yellow-white striped cup A (C, UD) — P4; brown cup B (O, UD) — P1; glass spice container A (C, UR) — P3",white cup A,Home,Move a white cup into the bowl.,Move the upside-down white cup into the bowl.,"Preserves white cup recognition and the recorded physical manipulation while omitting state language. Only one white cup appears, so this row cannot train state-based selection.",,39,7,justintiensmith/MT_State_Recognition_New,39,True,justintiensmith/SP_State_Recognition_61,5,Replacement 61
40,State Recognition,Place the upright white cup in the bowl.,Explicit seen-cell grounding,upright × white cup; two same-category candidates; non-queried axis controlled,state_white_cup_upright_explicit,white-cup×upside-down; striped-cup×open; brown-cup×closed; spice-container×upright,No,Replace episode + assign prompt,Use MT_State_Recognition_New episode 40 (Original 200 / source episode 40) in place of the original VLA benchmark episode.,"white cup A (O, UR) [target]; white cup B (O, UD); glass spice container A (C, UD); yellow-white striped cup B (O, UD)",white cup A,Recovery,Place the upright white cup in the bowl.,,"Explicitly grounds upright with white cup using two same-category candidates. The non-queried state axis is held constant, so only one candidate satisfies the instruction.",,40,11,justintiensmith/MT_State_Recognition_New,40,True,justintiensmith/MT_State_Recognition_200_OLD,40,Original 200
41,State Recognition,Put a white cup in the bowl.,State-masked physical exposure,"direct category=white cup; physical state=C, UD; no state word",state_white_cup_c_ud_masked,white-cup×upside-down; striped-cup×open; brown-cup×closed; spice-container×upright,No,Replace episode + assign prompt,Use MT_State_Recognition_New episode 41 (Replacement 61 / source episode 13) in place of the original VLA benchmark episode.,"white cup B (C, UD) [target, P2]; yellow-white striped cup A (C, UD) — P3; brown cup B (O, UD) — P4; glass spice container A (C, UR) — P1",white cup B,Home,Put a white cup in the bowl.,Move the upside-down white cup into the bowl.,"Preserves white cup recognition and the recorded physical manipulation while omitting state language. Only one white cup appears, so this row cannot train state-based selection.",,41,4,justintiensmith/MT_State_Recognition_New,41,True,justintiensmith/SP_State_Recognition_61,13,Replacement 61
42,State Recognition,Move a white cup into the bowl.,State-masked physical exposure,"direct category=white cup; physical state=O, UD; no state word",state_white_cup_o_ud_masked,white-cup×upside-down; striped-cup×open; brown-cup×closed; spice-container×upright,No,Replace episode + assign prompt,Use MT_State_Recognition_New episode 42 (Original 200 / source episode 42) in place of the original VLA benchmark episode.,"white cup B (O, UD) [target]; glass spice container A (C, UR); yellow-white striped cup B (O, UR)",white cup B,Home,Move a white cup into the bowl.,Move the upside-down white cup into the bowl.,"Preserves white cup recognition and the recorded physical manipulation while omitting state language. Only one white cup appears, so this row cannot train state-based selection.",,42,7,justintiensmith/MT_State_Recognition_New,42,True,justintiensmith/MT_State_Recognition_200_OLD,42,Original 200
43,State Recognition,Place a white cup in the bowl.,State-masked physical exposure,"direct category=white cup; physical state=O, UR; no state word",state_white_cup_o_ur_masked,white-cup×upside-down; striped-cup×open; brown-cup×closed; spice-container×upright,No,Replace episode + assign prompt,Use MT_State_Recognition_New episode 43 (Additional 40 / source episode 8) in place of the original VLA benchmark episode.,"white cup A (O, UR) [target, P1]; yellow-white striped cup A (O, UD); Brown cup A (C, UR); glass spice container B (O, UD)",white cup A,Home,Place a white cup in the bowl.,,"Preserves white cup recognition and the recorded physical manipulation while omitting state language. Only one white cup appears, so this row cannot train state-based selection.",,43,3,justintiensmith/MT_State_Recognition_New,43,True,justintiensmith/MT_State_Recognition_40,8,Additional 40
44,State Recognition,Put the upright white cup in the bowl.,Explicit seen-cell grounding,upright × white cup; two same-category candidates; non-queried axis controlled,state_white_cup_upright_explicit,white-cup×upside-down; striped-cup×open; brown-cup×closed; spice-container×upright,No,Replace episode + assign prompt,Use MT_State_Recognition_New episode 44 (Original 200 / source episode 44) in place of the original VLA benchmark episode.,"white cup B (O, UR) [target]; white cup A (O, UD); yellow-white striped cup A (C, UR); brown cup B (O, UR)",white cup B,Home,Put the upright white cup in the bowl.,,"Explicitly grounds upright with white cup using two same-category candidates. The non-queried state axis is held constant, so only one candidate satisfies the instruction.",,44,9,justintiensmith/MT_State_Recognition_New,44,True,justintiensmith/MT_State_Recognition_200_OLD,44,Original 200
45,State Recognition,Move a white cup into the bowl.,State-masked physical exposure,"direct category=white cup; physical state=C, UR; no state word",state_white_cup_c_ur_masked,white-cup×upside-down; striped-cup×open; brown-cup×closed; spice-container×upright,No,Replace episode + assign prompt,Use MT_State_Recognition_New episode 45 (Original 200 / source episode 45) in place of the original VLA benchmark episode.,"white cup A (C, UR) [target]; yellow-white striped cup B (C, UD); brown cup B (O, UD)",white cup A,Recovery,Move a white cup into the bowl.,,"Preserves white cup recognition and the recorded physical manipulation while omitting state language. Only one white cup appears, so this row cannot train state-based selection.",,45,7,justintiensmith/MT_State_Recognition_New,45,True,justintiensmith/MT_State_Recognition_200_OLD,45,Original 200
46,State Recognition,Place a white cup in the bowl.,State-masked physical exposure,"direct category=white cup; physical state=C, UR; no state word",state_white_cup_c_ur_masked,white-cup×upside-down; striped-cup×open; brown-cup×closed; spice-container×upright,No,Replace episode + assign prompt,Use MT_State_Recognition_New episode 46 (Replacement 61 / source episode 15) in place of the original VLA benchmark episode.,"white cup B (C, UR) [target, P4]; yellow-white striped cup A (C, UR) — P1; brown cup B (O, UR) — P2; glass spice container A (C, UD) — P3",white cup B,Home,Place a white cup in the bowl.,,"Preserves white cup recognition and the recorded physical manipulation while omitting state language. Only one white cup appears, so this row cannot train state-based selection.",,46,3,justintiensmith/MT_State_Recognition_New,46,True,justintiensmith/SP_State_Recognition_61,15,Replacement 61
47,State Recognition,Put the upright white cup in the bowl.,Explicit seen-cell grounding,upright × white cup; two same-category candidates; non-queried axis controlled,state_white_cup_upright_explicit,white-cup×upside-down; striped-cup×open; brown-cup×closed; spice-container×upright,No,Replace episode + assign prompt,Use MT_State_Recognition_New episode 47 (Original 200 / source episode 47) in place of the original VLA benchmark episode.,"white cup A (C, UR) [target]; white cup B (C, UD); yellow-white striped cup B (C, UR); brown cup A (O, UD)",white cup A,Home,Put the upright white cup in the bowl.,,"Explicitly grounds upright with white cup using two same-category candidates. The non-queried state axis is held constant, so only one candidate satisfies the instruction.",,47,9,justintiensmith/MT_State_Recognition_New,47,True,justintiensmith/MT_State_Recognition_200_OLD,47,Original 200
48,State Recognition,Move the upright white cup into the bowl.,Explicit seen-cell grounding,upright × white cup; two same-category candidates; non-queried axis controlled,state_white_cup_upright_explicit,white-cup×upside-down; striped-cup×open; brown-cup×closed; spice-container×upright,No,Replace episode + assign prompt,Use MT_State_Recognition_New episode 48 (Original 200 / source episode 48) in place of the original VLA benchmark episode.,"white cup B (O, UR) [target]; white cup A (O, UD); brown cup A (C, UD); glass spice container B (O, UD)",white cup B,Home,Move the upright white cup into the bowl.,,"Explicitly grounds upright with white cup using two same-category candidates. The non-queried state axis is held constant, so only one candidate satisfies the instruction.",,48,10,justintiensmith/MT_State_Recognition_New,48,True,justintiensmith/MT_State_Recognition_200_OLD,48,Original 200
49,State Recognition,Place a white cup in the bowl.,State-masked physical exposure,"direct category=white cup; physical state=O, UD; no state word",state_white_cup_o_ud_masked,white-cup×upside-down; striped-cup×open; brown-cup×closed; spice-container×upright,No,Replace episode + assign prompt,Use MT_State_Recognition_New episode 49 (Replacement 61 / source episode 6) in place of the original VLA benchmark episode.,"white cup A (O, UD) [target, P3]; yellow-white striped cup B (O, UR) — P1; brown cup A (C, UD) — P2; glass spice container B (O, UD) — P4",white cup A,Home,Place a white cup in the bowl.,Move the upside-down white cup into the bowl.,"Preserves white cup recognition and the recorded physical manipulation while omitting state language. Only one white cup appears, so this row cannot train state-based selection.",,49,3,justintiensmith/MT_State_Recognition_New,49,True,justintiensmith/SP_State_Recognition_61,6,Replacement 61
50,State Recognition,Put a yellow-white striped cup in the bowl.,State-masked physical exposure,"direct category=yellow-white striped cup; physical state=O, UD; no state word",state_yellow_white_striped_cup_o_ud_masked,white-cup×upside-down; striped-cup×open; brown-cup×closed; spice-container×upright,No,Replace episode + assign prompt,Use MT_State_Recognition_New episode 50 (Additional 40 / source episode 15) in place of the original VLA benchmark episode.,"yellow-white striped cup A (O, UD) [target, P3]; White cup A (O, UR); Brown cup B (C, UD); glass spice container B (C, UR)",yellow-white striped cup A,Home,Put a yellow-white striped cup in the bowl.,Move the open yellow-white striped cup into the bowl.,"Preserves yellow-white striped cup recognition and the recorded physical manipulation while omitting state language. Only one yellow-white striped cup appears, so this row cannot train state-based selection.",,50,12,justintiensmith/MT_State_Recognition_New,50,True,justintiensmith/MT_State_Recognition_40,15,Additional 40
51,State Recognition,Move the closed yellow-white striped cup into the bowl.,Explicit seen-cell grounding,closed × yellow-white striped cup; two same-category candidates; non-queried axis controlled,state_yellow_white_striped_cup_closed_explicit,white-cup×upside-down; striped-cup×open; brown-cup×closed; spice-container×upright,No,Replace episode + assign prompt,Use MT_State_Recognition_New episode 51 (Original 200 / source episode 51) in place of the original VLA benchmark episode.,"yellow-white striped cup B (C, UR) [target]; yellow-white striped cup A (O, UR); white cup A (C, UR)",yellow-white striped cup B,Home,Move the closed yellow-white striped cup into the bowl.,,"Explicitly grounds closed with yellow-white striped cup using two same-category candidates. The non-queried state axis is held constant, so only one candidate satisfies the instruction.",,51,13,justintiensmith/MT_State_Recognition_New,51,True,justintiensmith/MT_State_Recognition_200_OLD,51,Original 200
52,State Recognition,Place a yellow-white striped cup in the bowl.,State-masked physical exposure,"direct category=yellow-white striped cup; physical state=O, UR; no state word",state_yellow_white_striped_cup_o_ur_masked,white-cup×upside-down; striped-cup×open; brown-cup×closed; spice-container×upright,No,Replace episode + assign prompt,Use MT_State_Recognition_New episode 52 (Original 200 / source episode 52) in place of the original VLA benchmark episode.,"yellow-white striped cup A (O, UR) [target]; white cup A (C, UR); brown cup B (C, UR)",yellow-white striped cup A,Recovery,Place a yellow-white striped cup in the bowl.,Move the open yellow-white striped cup into the bowl.,"Preserves yellow-white striped cup recognition and the recorded physical manipulation while omitting state language. Only one yellow-white striped cup appears, so this row cannot train state-based selection.",,52,14,justintiensmith/MT_State_Recognition_New,52,True,justintiensmith/MT_State_Recognition_200_OLD,52,Original 200
53,State Recognition,Put a yellow-white striped cup in the bowl.,State-masked physical exposure,"direct category=yellow-white striped cup; physical state=O, UD; no state word",state_yellow_white_striped_cup_o_ud_masked,white-cup×upside-down; striped-cup×open; brown-cup×closed; spice-container×upright,No,Replace episode + assign prompt,Use MT_State_Recognition_New episode 53 (Additional 40 / source episode 16) in place of the original VLA benchmark episode.,"yellow-white striped cup B (O, UD) [target, P4]; White cup B (C, UD); Brown cup B (O, UD); glass spice container B (O, UR)",yellow-white striped cup B,Home,Put a yellow-white striped cup in the bowl.,Move the open yellow-white striped cup into the bowl.,"Preserves yellow-white striped cup recognition and the recorded physical manipulation while omitting state language. Only one yellow-white striped cup appears, so this row cannot train state-based selection.",,53,12,justintiensmith/MT_State_Recognition_New,53,True,justintiensmith/MT_State_Recognition_40,16,Additional 40
54,State Recognition,Move a yellow-white striped cup into the bowl.,State-masked physical exposure,"direct category=yellow-white striped cup; physical state=O, UD; no state word",state_yellow_white_striped_cup_o_ud_masked,white-cup×upside-down; striped-cup×open; brown-cup×closed; spice-container×upright,No,Replace episode + assign prompt,Use MT_State_Recognition_New episode 54 (Additional 40 / source episode 17) in place of the original VLA benchmark episode.,"yellow-white striped cup A (O, UD) [target, P1]; White cup A (C, UD); Brown cup A (O, UD); glass spice container B (C, UR)",yellow-white striped cup A,Home,Move a yellow-white striped cup into the bowl.,Move the open yellow-white striped cup into the bowl.,"Preserves yellow-white striped cup recognition and the recorded physical manipulation while omitting state language. Only one yellow-white striped cup appears, so this row cannot train state-based selection.",,54,15,justintiensmith/MT_State_Recognition_New,54,True,justintiensmith/MT_State_Recognition_40,17,Additional 40
55,State Recognition,Place the closed yellow-white striped cup in the bowl.,Explicit seen-cell grounding,closed × yellow-white striped cup; two same-category candidates; non-queried axis controlled,state_yellow_white_striped_cup_closed_explicit,white-cup×upside-down; striped-cup×open; brown-cup×closed; spice-container×upright,No,Replace episode + assign prompt,Use MT_State_Recognition_New episode 55 (Original 200 / source episode 55) in place of the original VLA benchmark episode.,"yellow-white striped cup A (C, UR) [target]; yellow-white striped cup B (O, UR); brown cup A (C, UR)",yellow-white striped cup A,Home,Place the closed yellow-white striped cup in the bowl.,,"Explicitly grounds closed with yellow-white striped cup using two same-category candidates. The non-queried state axis is held constant, so only one candidate satisfies the instruction.",,55,16,justintiensmith/MT_State_Recognition_New,55,True,justintiensmith/MT_State_Recognition_200_OLD,55,Original 200
56,State Recognition,Put the closed yellow-white striped cup in the bowl.,Explicit seen-cell grounding,closed × yellow-white striped cup; two same-category candidates; non-queried axis controlled,state_yellow_white_striped_cup_closed_explicit,white-cup×upside-down; striped-cup×open; brown-cup×closed; spice-container×upright,No,Replace episode + assign prompt,Use MT_State_Recognition_New episode 56 (Original 200 / source episode 56) in place of the original VLA benchmark episode.,"yellow-white striped cup B (C, UR) [target]; yellow-white striped cup A (O, UR); glass spice container B (C, UR)",yellow-white striped cup B,Recovery,Put the closed yellow-white striped cup in the bowl.,,"Explicitly grounds closed with yellow-white striped cup using two same-category candidates. The non-queried state axis is held constant, so only one candidate satisfies the instruction.",,56,17,justintiensmith/MT_State_Recognition_New,56,True,justintiensmith/MT_State_Recognition_200_OLD,56,Original 200
57,State Recognition,Move a yellow-white striped cup into the bowl.,State-masked physical exposure,"direct category=yellow-white striped cup; physical state=O, UR; no state word",state_yellow_white_striped_cup_o_ur_masked,white-cup×upside-down; striped-cup×open; brown-cup×closed; spice-container×upright,No,Replace episode + assign prompt,Use MT_State_Recognition_New episode 57 (Original 200 / source episode 57) in place of the original VLA benchmark episode.,"yellow-white striped cup A (O, UR) [target]; brown cup B (C, UR); glass spice container B (C, UR)",yellow-white striped cup A,Home,Move a yellow-white striped cup into the bowl.,Move the open yellow-white striped cup into the bowl.,"Preserves yellow-white striped cup recognition and the recorded physical manipulation while omitting state language. Only one yellow-white striped cup appears, so this row cannot train state-based selection.",,57,15,justintiensmith/MT_State_Recognition_New,57,True,justintiensmith/MT_State_Recognition_200_OLD,57,Original 200
58,State Recognition,Place a yellow-white striped cup in the bowl.,State-masked physical exposure,"direct category=yellow-white striped cup; physical state=C, UR; no state word",state_yellow_white_striped_cup_c_ur_masked,white-cup×upside-down; striped-cup×open; brown-cup×closed; spice-container×upright,No,Replace episode + assign prompt,Use MT_State_Recognition_New episode 58 (Original 200 / source episode 58) in place of the original VLA benchmark episode.,"yellow-white striped cup B (C, UR) [target]; glass spice container B (O, UR); white cup B (O, UR); brown cup A (O, UR)",yellow-white striped cup B,Home,Place a yellow-white striped cup in the bowl.,,"Preserves yellow-white striped cup recognition and the recorded physical manipulation while omitting state language. Only one yellow-white striped cup appears, so this row cannot train state-based selection.",,58,14,justintiensmith/MT_State_Recognition_New,58,True,justintiensmith/MT_State_Recognition_200_OLD,58,Original 200
59,State Recognition,Put a yellow-white striped cup in the bowl.,State-masked physical exposure,"direct category=yellow-white striped cup; physical state=O, UD; no state word",state_yellow_white_striped_cup_o_ud_masked,white-cup×upside-down; striped-cup×open; brown-cup×closed; spice-container×upright,No,Replace episode + assign prompt,Use MT_State_Recognition_New episode 59 (Replacement 61 / source episode 18) in place of the original VLA benchmark episode.,"yellow-white striped cup A (O, UD) [target, P3]; white cup A (C, UR) — P1; brown cup A (C, UD) — P2; glass spice container B (O, UD) — P4",yellow-white striped cup A,Home,Put a yellow-white striped cup in the bowl.,Move the open yellow-white striped cup into the bowl.,"Preserves yellow-white striped cup recognition and the recorded physical manipulation while omitting state language. Only one yellow-white striped cup appears, so this row cannot train state-based selection.",,59,12,justintiensmith/MT_State_Recognition_New,59,True,justintiensmith/SP_State_Recognition_61,18,Replacement 61
60,State Recognition,Move the closed yellow-white striped cup into the bowl.,Explicit seen-cell grounding,closed × yellow-white striped cup; two same-category candidates; non-queried axis controlled,state_yellow_white_striped_cup_closed_explicit,white-cup×upside-down; striped-cup×open; brown-cup×closed; spice-container×upright,No,Replace episode + assign prompt,Use MT_State_Recognition_New episode 60 (Original 200 / source episode 60) in place of the original VLA benchmark episode.,"yellow-white striped cup B (C, UR) [target]; yellow-white striped cup A (O, UR); white cup B (O, UR)",yellow-white striped cup B,Home,Move the closed yellow-white striped cup into the bowl.,,"Explicitly grounds closed with yellow-white striped cup using two same-category candidates. The non-queried state axis is held constant, so only one candidate satisfies the instruction.",,60,13,justintiensmith/MT_State_Recognition_New,60,True,justintiensmith/MT_State_Recognition_200_OLD,60,Original 200
61,State Recognition,Place the closed yellow-white striped cup in the bowl.,Explicit seen-cell grounding,closed × yellow-white striped cup; two same-category candidates; non-queried axis controlled,state_yellow_white_striped_cup_closed_explicit,white-cup×upside-down; striped-cup×open; brown-cup×closed; spice-container×upright,No,Replace episode + assign prompt,Use MT_State_Recognition_New episode 61 (Original 200 / source episode 61) in place of the original VLA benchmark episode.,"yellow-white striped cup A (C, UR) [target]; yellow-white striped cup B (O, UR); brown cup A (C, UR); glass spice container B (O, UR)",yellow-white striped cup A,Recovery,Place the closed yellow-white striped cup in the bowl.,,"Explicitly grounds closed with yellow-white striped cup using two same-category candidates. The non-queried state axis is held constant, so only one candidate satisfies the instruction.",,61,16,justintiensmith/MT_State_Recognition_New,61,True,justintiensmith/MT_State_Recognition_200_OLD,61,Original 200
62,State Recognition,Put a yellow-white striped cup in the bowl.,State-masked physical exposure,"direct category=yellow-white striped cup; physical state=C, UR; no state word",state_yellow_white_striped_cup_c_ur_masked,white-cup×upside-down; striped-cup×open; brown-cup×closed; spice-container×upright,No,Replace episode + assign prompt,Use MT_State_Recognition_New episode 62 (Original 200 / source episode 62) in place of the original VLA benchmark episode.,"yellow-white striped cup B (C, UR) [target]; white cup B (O, UR); brown cup A (O, UR)",yellow-white striped cup B,Home,Put a yellow-white striped cup in the bowl.,,"Preserves yellow-white striped cup recognition and the recorded physical manipulation while omitting state language. Only one yellow-white striped cup appears, so this row cannot train state-based selection.",,62,12,justintiensmith/MT_State_Recognition_New,62,True,justintiensmith/MT_State_Recognition_200_OLD,62,Original 200
63,State Recognition,Move a yellow-white striped cup into the bowl.,State-masked physical exposure,"direct category=yellow-white striped cup; physical state=C, UD; no state word",state_yellow_white_striped_cup_c_ud_masked,white-cup×upside-down; striped-cup×open; brown-cup×closed; spice-container×upright,No,Replace episode + assign prompt,Use MT_State_Recognition_New episode 63 (Additional 40 / source episode 12) in place of the original VLA benchmark episode.,"yellow-white striped cup B (C, UD) [target, P4]; White cup B (O, UR); Brown cup B (O, UR); glass spice container A (C, UD)",yellow-white striped cup B,Home,Move a yellow-white striped cup into the bowl.,,"Preserves yellow-white striped cup recognition and the recorded physical manipulation while omitting state language. Only one yellow-white striped cup appears, so this row cannot train state-based selection.",,63,15,justintiensmith/MT_State_Recognition_New,63,True,justintiensmith/MT_State_Recognition_40,12,Additional 40
64,State Recognition,Place a yellow-white striped cup in the bowl.,State-masked physical exposure,"direct category=yellow-white striped cup; physical state=O, UR; no state word",state_yellow_white_striped_cup_o_ur_masked,white-cup×upside-down; striped-cup×open; brown-cup×closed; spice-container×upright,No,Replace episode + assign prompt,Use MT_State_Recognition_New episode 64 (Replacement 61 / source episode 20) in place of the original VLA benchmark episode.,"yellow-white striped cup B (O, UR) [target, P1]; white cup A (C, UD) — P4; brown cup A (C, UR) — P2; glass spice container B (O, UR) — P3",yellow-white striped cup B,Home,Place a yellow-white striped cup in the bowl.,Move the open yellow-white striped cup into the bowl.,"Preserves yellow-white striped cup recognition and the recorded physical manipulation while omitting state language. Only one yellow-white striped cup appears, so this row cannot train state-based selection.",,64,14,justintiensmith/MT_State_Recognition_New,64,True,justintiensmith/SP_State_Recognition_61,20,Replacement 61
65,State Recognition,Put the closed yellow-white striped cup in the bowl.,Explicit seen-cell grounding,closed × yellow-white striped cup; two same-category candidates; non-queried axis controlled,state_yellow_white_striped_cup_closed_explicit,white-cup×upside-down; striped-cup×open; brown-cup×closed; spice-container×upright,No,Replace episode + assign prompt,Use MT_State_Recognition_New episode 65 (Original 200 / source episode 65) in place of the original VLA benchmark episode.,"yellow-white striped cup B (C, UR) [target]; yellow-white striped cup A (O, UR); glass spice container A (C, UR)",yellow-white striped cup B,Home,Put the closed yellow-white striped cup in the bowl.,,"Explicitly grounds closed with yellow-white striped cup using two same-category candidates. The non-queried state axis is held constant, so only one candidate satisfies the instruction.",,65,17,justintiensmith/MT_State_Recognition_New,65,True,justintiensmith/MT_State_Recognition_200_OLD,65,Original 200
66,State Recognition,Move a yellow-white striped cup into the bowl.,State-masked physical exposure,"direct category=yellow-white striped cup; physical state=O, UR; no state word",state_yellow_white_striped_cup_o_ur_masked,white-cup×upside-down; striped-cup×open; brown-cup×closed; spice-container×upright,No,Replace episode + assign prompt,Use MT_State_Recognition_New episode 66 (Original 200 / source episode 66) in place of the original VLA benchmark episode.,"yellow-white striped cup A (O, UR) [target]; brown cup A (C, UR); glass spice container A (C, UR); white cup A (C, UR)",yellow-white striped cup A,Home,Move a yellow-white striped cup into the bowl.,Move the open yellow-white striped cup into the bowl.,"Preserves yellow-white striped cup recognition and the recorded physical manipulation while omitting state language. Only one yellow-white striped cup appears, so this row cannot train state-based selection.",,66,15,justintiensmith/MT_State_Recognition_New,66,True,justintiensmith/MT_State_Recognition_200_OLD,66,Original 200
67,State Recognition,Place the closed yellow-white striped cup in the bowl.,Explicit seen-cell grounding,closed × yellow-white striped cup; two same-category candidates; non-queried axis controlled,state_yellow_white_striped_cup_closed_explicit,white-cup×upside-down; striped-cup×open; brown-cup×closed; spice-container×upright,No,Replace episode + assign prompt,Use MT_State_Recognition_New episode 67 (Original 200 / source episode 67) in place of the original VLA benchmark episode.,"yellow-white striped cup A (C, UR) [target]; yellow-white striped cup B (O, UR); brown cup A (C, UR)",yellow-white striped cup A,Home,Place the closed yellow-white striped cup in the bowl.,,"Explicitly grounds closed with yellow-white striped cup using two same-category candidates. The non-queried state axis is held constant, so only one candidate satisfies the instruction.",,67,16,justintiensmith/MT_State_Recognition_New,67,True,justintiensmith/MT_State_Recognition_200_OLD,67,Original 200
68,State Recognition,Put the closed yellow-white striped cup in the bowl.,Explicit seen-cell grounding,closed × yellow-white striped cup; two same-category candidates; non-queried axis controlled,state_yellow_white_striped_cup_closed_explicit,white-cup×upside-down; striped-cup×open; brown-cup×closed; spice-container×upright,No,Replace episode + assign prompt,Use MT_State_Recognition_New episode 68 (Original 200 / source episode 68) in place of the original VLA benchmark episode.,"yellow-white striped cup B (C, UR) [target]; yellow-white striped cup A (O, UR); glass spice container B (O, UR); white cup A (O, UR)",yellow-white striped cup B,Home,Put the closed yellow-white striped cup in the bowl.,,"Explicitly grounds closed with yellow-white striped cup using two same-category candidates. The non-queried state axis is held constant, so only one candidate satisfies the instruction.",,68,17,justintiensmith/MT_State_Recognition_New,68,True,justintiensmith/MT_State_Recognition_200_OLD,68,Original 200
69,State Recognition,Move a yellow-white striped cup into the bowl.,State-masked physical exposure,"direct category=yellow-white striped cup; physical state=C, UD; no state word",state_yellow_white_striped_cup_c_ud_masked,white-cup×upside-down; striped-cup×open; brown-cup×closed; spice-container×upright,No,Replace episode + assign prompt,Use MT_State_Recognition_New episode 69 (Replacement 61 / source episode 21) in place of the original VLA benchmark episode.,"yellow-white striped cup A (C, UD) [target, P2]; white cup B (O, UR) — P1; brown cup B (O, UD) — P3; glass spice container A (C, UR) — P4",yellow-white striped cup A,Recovery,Move a yellow-white striped cup into the bowl.,,"Preserves yellow-white striped cup recognition and the recorded physical manipulation while omitting state language. Only one yellow-white striped cup appears, so this row cannot train state-based selection.",,69,15,justintiensmith/MT_State_Recognition_New,69,True,justintiensmith/SP_State_Recognition_61,21,Replacement 61
70,State Recognition,Place a yellow-white striped cup in the bowl.,State-masked physical exposure,"direct category=yellow-white striped cup; physical state=C, UR; no state word",state_yellow_white_striped_cup_c_ur_masked,white-cup×upside-down; striped-cup×open; brown-cup×closed; spice-container×upright,No,Replace episode + assign prompt,Use MT_State_Recognition_New episode 70 (Original 200 / source episode 70) in place of the original VLA benchmark episode.,"yellow-white striped cup A (C, UR) [target]; glass spice container A (O, UR); white cup A (O, UR)",yellow-white striped cup A,Home,Place a yellow-white striped cup in the bowl.,,"Preserves yellow-white striped cup recognition and the recorded physical manipulation while omitting state language. Only one yellow-white striped cup appears, so this row cannot train state-based selection.",,70,14,justintiensmith/MT_State_Recognition_New,70,True,justintiensmith/MT_State_Recognition_200_OLD,70,Original 200
71,State Recognition,Put a yellow-white striped cup in the bowl.,State-masked physical exposure,"direct category=yellow-white striped cup; physical state=O, UR; no state word",state_yellow_white_striped_cup_o_ur_masked,white-cup×upside-down; striped-cup×open; brown-cup×closed; spice-container×upright,No,Replace episode + assign prompt,Use MT_State_Recognition_New episode 71 (Replacement 61 / source episode 24) in place of the original VLA benchmark episode.,"yellow-white striped cup B (O, UR) [target, P1]; white cup A (C, UD) — P2; brown cup A (C, UR) — P3; glass spice container B (O, UR) — P4",yellow-white striped cup B,Home,Put a yellow-white striped cup in the bowl.,Move the open yellow-white striped cup into the bowl.,"Preserves yellow-white striped cup recognition and the recorded physical manipulation while omitting state language. Only one yellow-white striped cup appears, so this row cannot train state-based selection.",,71,12,justintiensmith/MT_State_Recognition_New,71,True,justintiensmith/SP_State_Recognition_61,24,Replacement 61
72,State Recognition,Move a yellow-white striped cup into the bowl.,State-masked physical exposure,"direct category=yellow-white striped cup; physical state=O, UR; no state word",state_yellow_white_striped_cup_o_ur_masked,white-cup×upside-down; striped-cup×open; brown-cup×closed; spice-container×upright,No,Replace episode + assign prompt,Use MT_State_Recognition_New episode 72 (Original 200 / source episode 72) in place of the original VLA benchmark episode.,"yellow-white striped cup B (O, UR) [target]; white cup A (C, UR); brown cup B (C, UR); glass spice container B (C, UR)",yellow-white striped cup B,Recovery,Move a yellow-white striped cup into the bowl.,Move the open yellow-white striped cup into the bowl.,"Preserves yellow-white striped cup recognition and the recorded physical manipulation while omitting state language. Only one yellow-white striped cup appears, so this row cannot train state-based selection.",,72,15,justintiensmith/MT_State_Recognition_New,72,True,justintiensmith/MT_State_Recognition_200_OLD,72,Original 200
73,State Recognition,Place the closed yellow-white striped cup in the bowl.,Explicit seen-cell grounding,closed × yellow-white striped cup; two same-category candidates; non-queried axis controlled,state_yellow_white_striped_cup_closed_explicit,white-cup×upside-down; striped-cup×open; brown-cup×closed; spice-container×upright,No,Replace episode + assign prompt,Use MT_State_Recognition_New episode 73 (Original 200 / source episode 73) in place of the original VLA benchmark episode.,"yellow-white striped cup A (C, UR) [target]; yellow-white striped cup B (O, UR); brown cup A (O, UR); glass spice container B (O, UR)",yellow-white striped cup A,Home,Place the closed yellow-white striped cup in the bowl.,,"Explicitly grounds closed with yellow-white striped cup using two same-category candidates. The non-queried state axis is held constant, so only one candidate satisfies the instruction.",,73,16,justintiensmith/MT_State_Recognition_New,73,True,justintiensmith/MT_State_Recognition_200_OLD,73,Original 200
74,State Recognition,Put the closed yellow-white striped cup in the bowl.,Explicit seen-cell grounding,closed × yellow-white striped cup; two same-category candidates; non-queried axis controlled,state_yellow_white_striped_cup_closed_explicit,white-cup×upside-down; striped-cup×open; brown-cup×closed; spice-container×upright,No,Replace episode + assign prompt,Use MT_State_Recognition_New episode 74 (Original 200 / source episode 74) in place of the original VLA benchmark episode.,"yellow-white striped cup A (C, UR) [target]; yellow-white striped cup B (O, UR); glass spice container B (C, UR); white cup A (C, UR)",yellow-white striped cup A,Home,Put the closed yellow-white striped cup in the bowl.,,"Explicitly grounds closed with yellow-white striped cup using two same-category candidates. The non-queried state axis is held constant, so only one candidate satisfies the instruction.",,74,17,justintiensmith/MT_State_Recognition_New,74,True,justintiensmith/MT_State_Recognition_200_OLD,74,Original 200
75,State Recognition,Move the upright yellow-white striped cup into the bowl.,Explicit seen-cell grounding,upright × yellow-white striped cup; two same-category candidates; non-queried axis controlled,state_yellow_white_striped_cup_upright_explicit,white-cup×upside-down; striped-cup×open; brown-cup×closed; spice-container×upright,No,Replace episode + assign prompt,Use MT_State_Recognition_New episode 75 (New Recollection 20 / source episode 2) in place of the original VLA benchmark episode.,"yellow-white striped cup A (O, UR) [target, P3]; yellow-white striped cup B (O, UD) [same-category counterfactual, P1]; glass spice container A (O, UR) [P2]; white cup B (C, UD) [P4]",yellow-white striped cup A,Home,Move the upright yellow-white striped cup into the bowl.,,"Explicitly grounds upright with yellow-white striped cup using two same-category candidates. The non-queried state axis is held constant, so only one candidate satisfies the instruction.",,75,18,justintiensmith/MT_State_Recognition_New,75,True,justintiensmith/MT_State_Recognition_20,2,New Recollection 20
76,State Recognition,Place the upright yellow-white striped cup in the bowl.,Explicit seen-cell grounding,upright × yellow-white striped cup; two same-category candidates; non-queried axis controlled,state_yellow_white_striped_cup_upright_explicit,white-cup×upside-down; striped-cup×open; brown-cup×closed; spice-container×upright,No,Replace episode + assign prompt,Use MT_State_Recognition_New episode 76 (New Recollection 20 / source episode 3) in place of the original VLA benchmark episode.,"yellow-white striped cup B (C, UR) [target, P4]; yellow-white striped cup A (C, UD) [same-category counterfactual, P2]; white cup B (C, UR) [P1]",yellow-white striped cup B,Home,Place the upright yellow-white striped cup in the bowl.,,"Explicitly grounds upright with yellow-white striped cup using two same-category candidates. The non-queried state axis is held constant, so only one candidate satisfies the instruction.",,76,19,justintiensmith/MT_State_Recognition_New,76,True,justintiensmith/MT_State_Recognition_20,3,New Recollection 20
77,State Recognition,Put a yellow-white striped cup in the bowl.,State-masked physical exposure,"direct category=yellow-white striped cup; physical state=C, UD; no state word",state_yellow_white_striped_cup_c_ud_masked,white-cup×upside-down; striped-cup×open; brown-cup×closed; spice-container×upright,No,Replace episode + assign prompt,Use MT_State_Recognition_New episode 77 (Original 200 / source episode 77) in place of the original VLA benchmark episode.,"yellow-white striped cup A (C, UD) [target]; glass spice container A (C, UR); white cup A (O, UR)",yellow-white striped cup A,Home,Put a yellow-white striped cup in the bowl.,,"Preserves yellow-white striped cup recognition and the recorded physical manipulation while omitting state language. Only one yellow-white striped cup appears, so this row cannot train state-based selection.",,77,12,justintiensmith/MT_State_Recognition_New,77,True,justintiensmith/MT_State_Recognition_200_OLD,77,Original 200
78,State Recognition,Move the upside-down yellow-white striped cup into the bowl.,Explicit seen-cell grounding,upside-down × yellow-white striped cup; two same-category candidates; non-queried axis controlled,state_yellow_white_striped_cup_upside_down_explicit,white-cup×upside-down; striped-cup×open; brown-cup×closed; spice-container×upright,No,Replace episode + assign prompt,Use MT_State_Recognition_New episode 78 (Original 200 / source episode 78) in place of the original VLA benchmark episode.,"yellow-white striped cup B (O, UD) [target]; yellow-white striped cup A (O, UR); brown cup B (C, UR); glass spice container A (O, UR)",yellow-white striped cup B,Home,Move the upside-down yellow-white striped cup into the bowl.,,"Explicitly grounds upside-down with yellow-white striped cup using two same-category candidates. The non-queried state axis is held constant, so only one candidate satisfies the instruction.",,78,20,justintiensmith/MT_State_Recognition_New,78,True,justintiensmith/MT_State_Recognition_200_OLD,78,Original 200
79,State Recognition,Place the upright yellow-white striped cup in the bowl.,Explicit seen-cell grounding,upright × yellow-white striped cup; two same-category candidates; non-queried axis controlled,state_yellow_white_striped_cup_upright_explicit,white-cup×upside-down; striped-cup×open; brown-cup×closed; spice-container×upright,No,Replace episode + assign prompt,Use MT_State_Recognition_New episode 79 (New Recollection 20 / source episode 4) in place of the original VLA benchmark episode.,"yellow-white striped cup A (O, UR) [target, P1]; yellow-white striped cup B (O, UD) [same-category counterfactual, P3]; brown cup A (O, UR) [P2]; glass spice container B (C, UD) [P4]",yellow-white striped cup A,Home,Place the upright yellow-white striped cup in the bowl.,,"Explicitly grounds upright with yellow-white striped cup using two same-category candidates. The non-queried state axis is held constant, so only one candidate satisfies the instruction.",,79,19,justintiensmith/MT_State_Recognition_New,79,True,justintiensmith/MT_State_Recognition_20,4,New Recollection 20
80,State Recognition,Put the upright yellow-white striped cup in the bowl.,Explicit seen-cell grounding,upright × yellow-white striped cup; two same-category candidates; non-queried axis controlled,state_yellow_white_striped_cup_upright_explicit,white-cup×upside-down; striped-cup×open; brown-cup×closed; spice-container×upright,No,Replace episode + assign prompt,Use MT_State_Recognition_New episode 80 (New Recollection 20 / source episode 5) in place of the original VLA benchmark episode.,"yellow-white striped cup B (C, UR) [target, P2]; yellow-white striped cup A (C, UD) [same-category counterfactual, P4]",yellow-white striped cup B,Recovery,Put the upright yellow-white striped cup in the bowl.,,"Explicitly grounds upright with yellow-white striped cup using two same-category candidates. The non-queried state axis is held constant, so only one candidate satisfies the instruction.",,80,21,justintiensmith/MT_State_Recognition_New,80,True,justintiensmith/MT_State_Recognition_20,5,New Recollection 20
81,State Recognition,Move a yellow-white striped cup into the bowl.,State-masked physical exposure,"direct category=yellow-white striped cup; physical state=C, UD; no state word",state_yellow_white_striped_cup_c_ud_masked,white-cup×upside-down; striped-cup×open; brown-cup×closed; spice-container×upright,No,Replace episode + assign prompt,Use MT_State_Recognition_New episode 81 (Original 200 / source episode 81) in place of the original VLA benchmark episode.,"yellow-white striped cup B (C, UD) [target]; white cup A (O, UR); brown cup B (C, UR); glass spice container B (O, UR)",yellow-white striped cup B,Home,Move a yellow-white striped cup into the bowl.,,"Preserves yellow-white striped cup recognition and the recorded physical manipulation while omitting state language. Only one yellow-white striped cup appears, so this row cannot train state-based selection.",,81,15,justintiensmith/MT_State_Recognition_New,81,True,justintiensmith/MT_State_Recognition_200_OLD,81,Original 200
82,State Recognition,Place the upright yellow-white striped cup in the bowl.,Explicit seen-cell grounding,upright × yellow-white striped cup; two same-category candidates; non-queried axis controlled,state_yellow_white_striped_cup_upright_explicit,white-cup×upside-down; striped-cup×open; brown-cup×closed; spice-container×upright,No,Replace episode + assign prompt,Use MT_State_Recognition_New episode 82 (Original 200 / source episode 82) in place of the original VLA benchmark episode.,"yellow-white striped cup B (O, UR) [target]; yellow-white striped cup A (O, UD); glass spice container B (C, UR)",yellow-white striped cup B,Home,Place the upright yellow-white striped cup in the bowl.,,"Explicitly grounds upright with yellow-white striped cup using two same-category candidates. The non-queried state axis is held constant, so only one candidate satisfies the instruction.",,82,19,justintiensmith/MT_State_Recognition_New,82,True,justintiensmith/MT_State_Recognition_200_OLD,82,Original 200
83,State Recognition,Put the upside-down yellow-white striped cup in the bowl.,Explicit seen-cell grounding,upside-down × yellow-white striped cup; two same-category candidates; non-queried axis controlled,state_yellow_white_striped_cup_upside_down_explicit,white-cup×upside-down; striped-cup×open; brown-cup×closed; spice-container×upright,No,Replace episode + assign prompt,Use MT_State_Recognition_New episode 83 (New Recollection 20 / source episode 7) in place of the original VLA benchmark episode.,"yellow-white striped cup B (C, UD) [target, P4]; yellow-white striped cup A (C, UR) [same-category counterfactual, P2]; brown cup B (C, UD) [P1]; glass spice container A (O, UR) [P3]",yellow-white striped cup B,Home,Put the upside-down yellow-white striped cup in the bowl.,,"Explicitly grounds upside-down with yellow-white striped cup using two same-category candidates. The non-queried state axis is held constant, so only one candidate satisfies the instruction.",,83,22,justintiensmith/MT_State_Recognition_New,83,True,justintiensmith/MT_State_Recognition_20,7,New Recollection 20
84,State Recognition,Move the upright yellow-white striped cup into the bowl.,Explicit seen-cell grounding,upright × yellow-white striped cup; two same-category candidates; non-queried axis controlled,state_yellow_white_striped_cup_upright_explicit,white-cup×upside-down; striped-cup×open; brown-cup×closed; spice-container×upright,No,Replace episode + assign prompt,Use MT_State_Recognition_New episode 84 (New Recollection 20 / source episode 6) in place of the original VLA benchmark episode.,"yellow-white striped cup A (O, UR) [target, P3]; yellow-white striped cup B (O, UD) [same-category counterfactual, P1]; white cup A (O, UR) [P2]",yellow-white striped cup A,Home,Move the upright yellow-white striped cup into the bowl.,,"Explicitly grounds upright with yellow-white striped cup using two same-category candidates. The non-queried state axis is held constant, so only one candidate satisfies the instruction.",,84,18,justintiensmith/MT_State_Recognition_New,84,True,justintiensmith/MT_State_Recognition_20,6,New Recollection 20
85,State Recognition,Place the upside-down yellow-white striped cup in the bowl.,Explicit seen-cell grounding,upside-down × yellow-white striped cup; two same-category candidates; non-queried axis controlled,state_yellow_white_striped_cup_upside_down_explicit,white-cup×upside-down; striped-cup×open; brown-cup×closed; spice-container×upright,No,Replace episode + assign prompt,Use MT_State_Recognition_New episode 85 (Original 200 / source episode 85) in place of the original VLA benchmark episode.,"yellow-white striped cup B (C, UD) [target]; yellow-white striped cup A (C, UR); glass spice container A (C, UD); white cup B (O, UR)",yellow-white striped cup B,Home,Place the upside-down yellow-white striped cup in the bowl.,,"Explicitly grounds upside-down with yellow-white striped cup using two same-category candidates. The non-queried state axis is held constant, so only one candidate satisfies the instruction.",,85,23,justintiensmith/MT_State_Recognition_New,85,True,justintiensmith/MT_State_Recognition_200_OLD,85,Original 200
86,State Recognition,Put the upside-down yellow-white striped cup in the bowl.,Explicit seen-cell grounding,upside-down × yellow-white striped cup; two same-category candidates; non-queried axis controlled,state_yellow_white_striped_cup_upside_down_explicit,white-cup×upside-down; striped-cup×open; brown-cup×closed; spice-container×upright,No,Replace episode + assign prompt,Use MT_State_Recognition_New episode 86 (Original 200 / source episode 86) in place of the original VLA benchmark episode.,"yellow-white striped cup B (O, UD) [target]; yellow-white striped cup A (O, UR); white cup B (C, UR); brown cup A (O, UR)",yellow-white striped cup B,Home,Put the upside-down yellow-white striped cup in the bowl.,,"Explicitly grounds upside-down with yellow-white striped cup using two same-category candidates. The non-queried state axis is held constant, so only one candidate satisfies the instruction.",,86,22,justintiensmith/MT_State_Recognition_New,86,True,justintiensmith/MT_State_Recognition_200_OLD,86,Original 200
87,State Recognition,Move a yellow-white striped cup into the bowl.,State-masked physical exposure,"direct category=yellow-white striped cup; physical state=C, UR; no state word",state_yellow_white_striped_cup_c_ur_masked,white-cup×upside-down; striped-cup×open; brown-cup×closed; spice-container×upright,No,Replace episode + assign prompt,Use MT_State_Recognition_New episode 87 (Original 200 / source episode 87) in place of the original VLA benchmark episode.,"yellow-white striped cup A (C, UR) [target]; brown cup B (C, UD); glass spice container B (O, UD); white cup B (C, UD)",yellow-white striped cup A,Home,Move a yellow-white striped cup into the bowl.,,"Preserves yellow-white striped cup recognition and the recorded physical manipulation while omitting state language. Only one yellow-white striped cup appears, so this row cannot train state-based selection.",,87,15,justintiensmith/MT_State_Recognition_New,87,True,justintiensmith/MT_State_Recognition_200_OLD,87,Original 200
88,State Recognition,Place the upside-down yellow-white striped cup in the bowl.,Explicit seen-cell grounding,upside-down × yellow-white striped cup; two same-category candidates; non-queried axis controlled,state_yellow_white_striped_cup_upside_down_explicit,white-cup×upside-down; striped-cup×open; brown-cup×closed; spice-container×upright,No,Replace episode + assign prompt,Use MT_State_Recognition_New episode 88 (New Recollection 20 / source episode 8) in place of the original VLA benchmark episode.,"yellow-white striped cup A (O, UD) [target, P1]; yellow-white striped cup B (O, UR) [same-category counterfactual, P3]",yellow-white striped cup A,Home,Place the upside-down yellow-white striped cup in the bowl.,,"Explicitly grounds upside-down with yellow-white striped cup using two same-category candidates. The non-queried state axis is held constant, so only one candidate satisfies the instruction.",,88,23,justintiensmith/MT_State_Recognition_New,88,True,justintiensmith/MT_State_Recognition_20,8,New Recollection 20
89,State Recognition,Put the upside-down yellow-white striped cup in the bowl.,Explicit seen-cell grounding,upside-down × yellow-white striped cup; two same-category candidates; non-queried axis controlled,state_yellow_white_striped_cup_upside_down_explicit,white-cup×upside-down; striped-cup×open; brown-cup×closed; spice-container×upright,No,Replace episode + assign prompt,Use MT_State_Recognition_New episode 89 (Original 200 / source episode 89) in place of the original VLA benchmark episode.,"yellow-white striped cup B (C, UD) [target]; yellow-white striped cup A (C, UR); white cup A (C, UD)",yellow-white striped cup B,Home,Put the upside-down yellow-white striped cup in the bowl.,,"Explicitly grounds upside-down with yellow-white striped cup using two same-category candidates. The non-queried state axis is held constant, so only one candidate satisfies the instruction.",,89,22,justintiensmith/MT_State_Recognition_New,89,True,justintiensmith/MT_State_Recognition_200_OLD,89,Original 200
90,State Recognition,Move the upright yellow-white striped cup into the bowl.,Explicit seen-cell grounding,upright × yellow-white striped cup; two same-category candidates; non-queried axis controlled,state_yellow_white_striped_cup_upright_explicit,white-cup×upside-down; striped-cup×open; brown-cup×closed; spice-container×upright,No,Replace episode + assign prompt,Use MT_State_Recognition_New episode 90 (Original 200 / source episode 90) in place of the original VLA benchmark episode.,"yellow-white striped cup A (O, UR) [target]; yellow-white striped cup B (O, UD); brown cup B (C, UD)",yellow-white striped cup A,Home,Move the upright yellow-white striped cup into the bowl.,,"Explicitly grounds upright with yellow-white striped cup using two same-category candidates. The non-queried state axis is held constant, so only one candidate satisfies the instruction.",,90,18,justintiensmith/MT_State_Recognition_New,90,True,justintiensmith/MT_State_Recognition_200_OLD,90,Original 200
91,State Recognition,Place the upside-down yellow-white striped cup in the bowl.,Explicit seen-cell grounding,upside-down × yellow-white striped cup; two same-category candidates; non-queried axis controlled,state_yellow_white_striped_cup_upside_down_explicit,white-cup×upside-down; striped-cup×open; brown-cup×closed; spice-container×upright,No,Replace episode + assign prompt,Use MT_State_Recognition_New episode 91 (New Recollection 20 / source episode 9) in place of the original VLA benchmark episode.,"yellow-white striped cup B (C, UD) [target, P2]; yellow-white striped cup A (C, UR) [same-category counterfactual, P4]; white cup B (C, UD) [P1]",yellow-white striped cup B,Home,Place the upside-down yellow-white striped cup in the bowl.,,"Explicitly grounds upside-down with yellow-white striped cup using two same-category candidates. The non-queried state axis is held constant, so only one candidate satisfies the instruction.",,91,23,justintiensmith/MT_State_Recognition_New,91,True,justintiensmith/MT_State_Recognition_20,9,New Recollection 20
92,State Recognition,Put a yellow-white striped cup in the bowl.,State-masked physical exposure,"direct category=yellow-white striped cup; physical state=C, UR; no state word",state_yellow_white_striped_cup_c_ur_masked,white-cup×upside-down; striped-cup×open; brown-cup×closed; spice-container×upright,No,Replace episode + assign prompt,Use MT_State_Recognition_New episode 92 (Replacement 61 / source episode 23) in place of the original VLA benchmark episode.,"yellow-white striped cup A (C, UR) [target, P4]; white cup B (O, UD) — P3; brown cup B (O, UR) — P1; glass spice container A (C, UD) — P2",yellow-white striped cup A,Home,Put a yellow-white striped cup in the bowl.,,"Preserves yellow-white striped cup recognition and the recorded physical manipulation while omitting state language. Only one yellow-white striped cup appears, so this row cannot train state-based selection.",,92,12,justintiensmith/MT_State_Recognition_New,92,True,justintiensmith/SP_State_Recognition_61,23,Replacement 61
93,State Recognition,Move a yellow-white striped cup into the bowl.,State-masked physical exposure,"direct category=yellow-white striped cup; physical state=C, UR; no state word",state_yellow_white_striped_cup_c_ur_masked,white-cup×upside-down; striped-cup×open; brown-cup×closed; spice-container×upright,No,Replace episode + assign prompt,Use MT_State_Recognition_New episode 93 (Original 200 / source episode 93) in place of the original VLA benchmark episode.,"yellow-white striped cup B (C, UR) [target]; glass spice container B (O, UD); white cup B (C, UD); brown cup A (O, UD)",yellow-white striped cup B,Recovery,Move a yellow-white striped cup into the bowl.,,"Preserves yellow-white striped cup recognition and the recorded physical manipulation while omitting state language. Only one yellow-white striped cup appears, so this row cannot train state-based selection.",,93,15,justintiensmith/MT_State_Recognition_New,93,True,justintiensmith/MT_State_Recognition_200_OLD,93,Original 200
94,State Recognition,Place the upside-down yellow-white striped cup in the bowl.,Explicit seen-cell grounding,upside-down × yellow-white striped cup; two same-category candidates; non-queried axis controlled,state_yellow_white_striped_cup_upside_down_explicit,white-cup×upside-down; striped-cup×open; brown-cup×closed; spice-container×upright,No,Replace episode + assign prompt,Use MT_State_Recognition_New episode 94 (Original 200 / source episode 94) in place of the original VLA benchmark episode.,"yellow-white striped cup A (O, UD) [target]; yellow-white striped cup B (O, UR); glass spice container B (C, UD)",yellow-white striped cup A,Home,Place the upside-down yellow-white striped cup in the bowl.,,"Explicitly grounds upside-down with yellow-white striped cup using two same-category candidates. The non-queried state axis is held constant, so only one candidate satisfies the instruction.",,94,23,justintiensmith/MT_State_Recognition_New,94,True,justintiensmith/MT_State_Recognition_200_OLD,94,Original 200
95,State Recognition,Put a yellow-white striped cup in the bowl.,State-masked physical exposure,"direct category=yellow-white striped cup; physical state=C, UD; no state word",state_yellow_white_striped_cup_c_ud_masked,white-cup×upside-down; striped-cup×open; brown-cup×closed; spice-container×upright,No,Replace episode + assign prompt,Use MT_State_Recognition_New episode 95 (Original 200 / source episode 95) in place of the original VLA benchmark episode.,"yellow-white striped cup B (C, UD) [target]; white cup B (C, UR); brown cup A (O, UR); glass spice container A (C, UR)",yellow-white striped cup B,Home,Put a yellow-white striped cup in the bowl.,,"Preserves yellow-white striped cup recognition and the recorded physical manipulation while omitting state language. Only one yellow-white striped cup appears, so this row cannot train state-based selection.",,95,12,justintiensmith/MT_State_Recognition_New,95,True,justintiensmith/MT_State_Recognition_200_OLD,95,Original 200
96,State Recognition,Move a yellow-white striped cup into the bowl.,State-masked physical exposure,"direct category=yellow-white striped cup; physical state=O, UD; no state word",state_yellow_white_striped_cup_o_ud_masked,white-cup×upside-down; striped-cup×open; brown-cup×closed; spice-container×upright,No,Replace episode + assign prompt,Use MT_State_Recognition_New episode 96 (Replacement 61 / source episode 30) in place of the original VLA benchmark episode.,"yellow-white striped cup A (O, UD) [target, P3]; white cup A (C, UR) — P1; brown cup A (C, UD) — P2; glass spice container B (O, UD) — P4",yellow-white striped cup A,Recovery,Move a yellow-white striped cup into the bowl.,Move the open yellow-white striped cup into the bowl.,"Preserves yellow-white striped cup recognition and the recorded physical manipulation while omitting state language. Only one yellow-white striped cup appears, so this row cannot train state-based selection.",,96,15,justintiensmith/MT_State_Recognition_New,96,True,justintiensmith/SP_State_Recognition_61,30,Replacement 61
97,State Recognition,Place the upright yellow-white striped cup in the bowl.,Explicit seen-cell grounding,upright × yellow-white striped cup; two same-category candidates; non-queried axis controlled,state_yellow_white_striped_cup_upright_explicit,white-cup×upside-down; striped-cup×open; brown-cup×closed; spice-container×upright,No,Replace episode + assign prompt,Use MT_State_Recognition_New episode 97 (Original 200 / source episode 97) in place of the original VLA benchmark episode.,"yellow-white striped cup B (C, UR) [target]; yellow-white striped cup A (C, UD); glass spice container A (C, UR)",yellow-white striped cup B,Home,Place the upright yellow-white striped cup in the bowl.,,"Explicitly grounds upright with yellow-white striped cup using two same-category candidates. The non-queried state axis is held constant, so only one candidate satisfies the instruction.",,97,19,justintiensmith/MT_State_Recognition_New,97,True,justintiensmith/MT_State_Recognition_200_OLD,97,Original 200
98,State Recognition,Put a yellow-white striped cup in the bowl.,State-masked physical exposure,"direct category=yellow-white striped cup; physical state=O, UD; no state word",state_yellow_white_striped_cup_o_ud_masked,white-cup×upside-down; striped-cup×open; brown-cup×closed; spice-container×upright,No,Replace episode + assign prompt,Use MT_State_Recognition_New episode 98 (Original 200 / source episode 98) in place of the original VLA benchmark episode.,"yellow-white striped cup A (O, UD) [target]; brown cup A (C, UR); glass spice container A (O, UR); white cup A (C, UR)",yellow-white striped cup A,Home,Put a yellow-white striped cup in the bowl.,Move the open yellow-white striped cup into the bowl.,"Preserves yellow-white striped cup recognition and the recorded physical manipulation while omitting state language. Only one yellow-white striped cup appears, so this row cannot train state-based selection.",,98,12,justintiensmith/MT_State_Recognition_New,98,True,justintiensmith/MT_State_Recognition_200_OLD,98,Original 200
99,State Recognition,Move a yellow-white striped cup into the bowl.,State-masked physical exposure,"direct category=yellow-white striped cup; physical state=C, UD; no state word",state_yellow_white_striped_cup_c_ud_masked,white-cup×upside-down; striped-cup×open; brown-cup×closed; spice-container×upright,No,Replace episode + assign prompt,Use MT_State_Recognition_New episode 99 (Replacement 61 / source episode 29) in place of the original VLA benchmark episode.,"yellow-white striped cup A (C, UD) [target, P2]; white cup B (O, UR) — P4; brown cup B (O, UD) — P1; glass spice container A (C, UR) — P3",yellow-white striped cup A,Home,Move a yellow-white striped cup into the bowl.,,"Preserves yellow-white striped cup recognition and the recorded physical manipulation while omitting state language. Only one yellow-white striped cup appears, so this row cannot train state-based selection.",,99,15,justintiensmith/MT_State_Recognition_New,99,True,justintiensmith/SP_State_Recognition_61,29,Replacement 61
100,State Recognition,Place a brown cup in the bowl.,State-masked physical exposure,"direct category=brown cup; physical state=C, UR; no state word",state_brown_cup_c_ur_masked,white-cup×upside-down; striped-cup×open; brown-cup×closed; spice-container×upright,No,Replace episode + assign prompt,Use MT_State_Recognition_New episode 100 (Additional 40 / source episode 27) in place of the original VLA benchmark episode.,"brown cup A (C, UR) [target, P2]; White cup B (O, UR); yellow-white striped cup B (C, UD); glass spice container A (O, UD)",brown cup A,Recovery,Place a brown cup in the bowl.,Move the closed brown cup into the bowl.,"Preserves brown cup recognition and the recorded physical manipulation while omitting state language. Only one brown cup appears, so this row cannot train state-based selection.",,100,24,justintiensmith/MT_State_Recognition_New,100,True,justintiensmith/MT_State_Recognition_40,27,Additional 40
101,State Recognition,Put the open brown cup in the bowl.,Explicit seen-cell grounding,open × brown cup; two same-category candidates; non-queried axis controlled,state_brown_cup_open_explicit,white-cup×upside-down; striped-cup×open; brown-cup×closed; spice-container×upright,No,Replace episode + assign prompt,Use MT_State_Recognition_New episode 101 (Original 200 / source episode 101) in place of the original VLA benchmark episode.,"brown cup A (O, UR) [target]; brown cup B (C, UR); glass spice container B (O, UR); white cup A (C, UR)",brown cup A,Home,Put the open brown cup in the bowl.,,"Explicitly grounds open with brown cup using two same-category candidates. The non-queried state axis is held constant, so only one candidate satisfies the instruction.",,101,25,justintiensmith/MT_State_Recognition_New,101,True,justintiensmith/MT_State_Recognition_200_OLD,101,Original 200
102,State Recognition,Move a brown cup into the bowl.,State-masked physical exposure,"direct category=brown cup; physical state=C, UR; no state word",state_brown_cup_c_ur_masked,white-cup×upside-down; striped-cup×open; brown-cup×closed; spice-container×upright,No,Replace episode + assign prompt,Use MT_State_Recognition_New episode 102 (Original 200 / source episode 102) in place of the original VLA benchmark episode.,"brown cup A (C, UR) [target]; white cup B (O, UR); yellow-white striped cup B (O, UR)",brown cup A,Home,Move a brown cup into the bowl.,Move the closed brown cup into the bowl.,"Preserves brown cup recognition and the recorded physical manipulation while omitting state language. Only one brown cup appears, so this row cannot train state-based selection.",,102,26,justintiensmith/MT_State_Recognition_New,102,True,justintiensmith/MT_State_Recognition_200_OLD,102,Original 200
103,State Recognition,Place a brown cup in the bowl.,State-masked physical exposure,"direct category=brown cup; physical state=C, UD; no state word",state_brown_cup_c_ud_masked,white-cup×upside-down; striped-cup×open; brown-cup×closed; spice-container×upright,No,Replace episode + assign prompt,Use MT_State_Recognition_New episode 103 (Additional 40 / source episode 22) in place of the original VLA benchmark episode.,"brown cup B (C, UD) [target, P1]; White cup A (O, UR); yellow-white striped cup A (O, UR); glass spice container A (C, UD)",brown cup B,Home,Place a brown cup in the bowl.,Move the closed brown cup into the bowl.,"Preserves brown cup recognition and the recorded physical manipulation while omitting state language. Only one brown cup appears, so this row cannot train state-based selection.",,103,24,justintiensmith/MT_State_Recognition_New,103,True,justintiensmith/MT_State_Recognition_40,22,Additional 40
104,State Recognition,Put the open brown cup in the bowl.,Explicit seen-cell grounding,open × brown cup; two same-category candidates; non-queried axis controlled,state_brown_cup_open_explicit,white-cup×upside-down; striped-cup×open; brown-cup×closed; spice-container×upright,No,Replace episode + assign prompt,Use MT_State_Recognition_New episode 104 (Original 200 / source episode 104) in place of the original VLA benchmark episode.,"brown cup B (O, UR) [target]; brown cup A (C, UR); glass spice container A (O, UR)",brown cup B,Recovery,Put the open brown cup in the bowl.,,"Explicitly grounds open with brown cup using two same-category candidates. The non-queried state axis is held constant, so only one candidate satisfies the instruction.",,104,25,justintiensmith/MT_State_Recognition_New,104,True,justintiensmith/MT_State_Recognition_200_OLD,104,Original 200
105,State Recognition,Move a brown cup into the bowl.,State-masked physical exposure,"direct category=brown cup; physical state=C, UR; no state word",state_brown_cup_c_ur_masked,white-cup×upside-down; striped-cup×open; brown-cup×closed; spice-container×upright,No,Replace episode + assign prompt,Use MT_State_Recognition_New episode 105 (Original 200 / source episode 105) in place of the original VLA benchmark episode.,"brown cup A (C, UR) [target]; yellow-white striped cup B (O, UR); glass spice container A (O, UR); white cup A (O, UR)",brown cup A,Recovery,Move a brown cup into the bowl.,Move the closed brown cup into the bowl.,"Preserves brown cup recognition and the recorded physical manipulation while omitting state language. Only one brown cup appears, so this row cannot train state-based selection.",,105,26,justintiensmith/MT_State_Recognition_New,105,True,justintiensmith/MT_State_Recognition_200_OLD,105,Original 200
106,State Recognition,Place the open brown cup in the bowl.,Explicit seen-cell grounding,open × brown cup; two same-category candidates; non-queried axis controlled,state_brown_cup_open_explicit,white-cup×upside-down; striped-cup×open; brown-cup×closed; spice-container×upright,No,Replace episode + assign prompt,Use MT_State_Recognition_New episode 106 (Original 200 / source episode 106) in place of the original VLA benchmark episode.,"brown cup B (O, UR) [target]; brown cup A (C, UR); yellow-white striped cup A (O, UR)",brown cup B,Home,Place the open brown cup in the bowl.,,"Explicitly grounds open with brown cup using two same-category candidates. The non-queried state axis is held constant, so only one candidate satisfies the instruction.",,106,27,justintiensmith/MT_State_Recognition_New,106,True,justintiensmith/MT_State_Recognition_200_OLD,106,Original 200
107,State Recognition,Put a brown cup in the bowl.,State-masked physical exposure,"direct category=brown cup; physical state=C, UD; no state word",state_brown_cup_c_ud_masked,white-cup×upside-down; striped-cup×open; brown-cup×closed; spice-container×upright,No,Replace episode + assign prompt,Use MT_State_Recognition_New episode 107 (Additional 40 / source episode 24) in place of the original VLA benchmark episode.,"brown cup A (C, UD) [target, P3]; White cup A (C, UR); yellow-white striped cup B (O, UD); glass spice container B (O, UR)",brown cup A,Home,Put a brown cup in the bowl.,Move the closed brown cup into the bowl.,"Preserves brown cup recognition and the recorded physical manipulation while omitting state language. Only one brown cup appears, so this row cannot train state-based selection.",,107,28,justintiensmith/MT_State_Recognition_New,107,True,justintiensmith/MT_State_Recognition_40,24,Additional 40
108,State Recognition,Move a brown cup into the bowl.,State-masked physical exposure,"direct category=brown cup; physical state=O, UR; no state word",state_brown_cup_o_ur_masked,white-cup×upside-down; striped-cup×open; brown-cup×closed; spice-container×upright,No,Replace episode + assign prompt,Use MT_State_Recognition_New episode 108 (Original 200 / source episode 108) in place of the original VLA benchmark episode.,"brown cup B (O, UR) [target]; glass spice container A (C, UR); white cup A (C, UR); yellow-white striped cup A (C, UR)",brown cup B,Home,Move a brown cup into the bowl.,,"Preserves brown cup recognition and the recorded physical manipulation while omitting state language. Only one brown cup appears, so this row cannot train state-based selection.",,108,26,justintiensmith/MT_State_Recognition_New,108,True,justintiensmith/MT_State_Recognition_200_OLD,108,Original 200
109,State Recognition,Place a brown cup in the bowl.,State-masked physical exposure,"direct category=brown cup; physical state=O, UD; no state word",state_brown_cup_o_ud_masked,white-cup×upside-down; striped-cup×open; brown-cup×closed; spice-container×upright,No,Replace episode + assign prompt,Use MT_State_Recognition_New episode 109 (Additional 40 / source episode 25) in place of the original VLA benchmark episode.,"brown cup B (O, UD) [target, P4]; White cup B (C, UR); yellow-white striped cup B (O, UR); glass spice container B (C, UD)",brown cup B,Home,Place a brown cup in the bowl.,,"Preserves brown cup recognition and the recorded physical manipulation while omitting state language. Only one brown cup appears, so this row cannot train state-based selection.",,109,24,justintiensmith/MT_State_Recognition_New,109,True,justintiensmith/MT_State_Recognition_40,25,Additional 40
110,State Recognition,Put the open brown cup in the bowl.,Explicit seen-cell grounding,open × brown cup; two same-category candidates; non-queried axis controlled,state_brown_cup_open_explicit,white-cup×upside-down; striped-cup×open; brown-cup×closed; spice-container×upright,No,Replace episode + assign prompt,Use MT_State_Recognition_New episode 110 (Original 200 / source episode 110) in place of the original VLA benchmark episode.,"brown cup B (O, UR) [target]; brown cup A (C, UR); glass spice container A (C, UR)",brown cup B,Home,Put the open brown cup in the bowl.,,"Explicitly grounds open with brown cup using two same-category candidates. The non-queried state axis is held constant, so only one candidate satisfies the instruction.",,110,25,justintiensmith/MT_State_Recognition_New,110,True,justintiensmith/MT_State_Recognition_200_OLD,110,Original 200
111,State Recognition,Move a brown cup into the bowl.,State-masked physical exposure,"direct category=brown cup; physical state=O, UD; no state word",state_brown_cup_o_ud_masked,white-cup×upside-down; striped-cup×open; brown-cup×closed; spice-container×upright,No,Replace episode + assign prompt,Use MT_State_Recognition_New episode 111 (Additional 40 / source episode 28) in place of the original VLA benchmark episode.,"brown cup B (O, UD) [target, P3]; White cup A (C, UD); yellow-white striped cup A (C, UR); glass spice container B (O, UR)",brown cup B,Home,Move a brown cup into the bowl.,,"Preserves brown cup recognition and the recorded physical manipulation while omitting state language. Only one brown cup appears, so this row cannot train state-based selection.",,111,26,justintiensmith/MT_State_Recognition_New,111,True,justintiensmith/MT_State_Recognition_40,28,Additional 40
112,State Recognition,Place the open brown cup in the bowl.,Explicit seen-cell grounding,open × brown cup; two same-category candidates; non-queried axis controlled,state_brown_cup_open_explicit,white-cup×upside-down; striped-cup×open; brown-cup×closed; spice-container×upright,No,Replace episode + assign prompt,Use MT_State_Recognition_New episode 112 (Original 200 / source episode 112) in place of the original VLA benchmark episode.,"brown cup B (O, UR) [target]; brown cup A (C, UR); yellow-white striped cup A (O, UR)",brown cup B,Home,Place the open brown cup in the bowl.,,"Explicitly grounds open with brown cup using two same-category candidates. The non-queried state axis is held constant, so only one candidate satisfies the instruction.",,112,27,justintiensmith/MT_State_Recognition_New,112,True,justintiensmith/MT_State_Recognition_200_OLD,112,Original 200
113,State Recognition,Put a brown cup in the bowl.,State-masked physical exposure,"direct category=brown cup; physical state=O, UR; no state word",state_brown_cup_o_ur_masked,white-cup×upside-down; striped-cup×open; brown-cup×closed; spice-container×upright,No,Replace episode + assign prompt,Use MT_State_Recognition_New episode 113 (Replacement 61 / source episode 32) in place of the original VLA benchmark episode.,"brown cup A (O, UR) [target, P1]; white cup A (C, UD) — P4; yellow-white striped cup B (O, UD) — P2; glass spice container B (O, UR) — P3",brown cup A,Home,Put a brown cup in the bowl.,,"Preserves brown cup recognition and the recorded physical manipulation while omitting state language. Only one brown cup appears, so this row cannot train state-based selection.",,113,28,justintiensmith/MT_State_Recognition_New,113,True,justintiensmith/SP_State_Recognition_61,32,Replacement 61
114,State Recognition,Move the open brown cup into the bowl.,Explicit seen-cell grounding,open × brown cup; two same-category candidates; non-queried axis controlled,state_brown_cup_open_explicit,white-cup×upside-down; striped-cup×open; brown-cup×closed; spice-container×upright,No,Replace episode + assign prompt,Use MT_State_Recognition_New episode 114 (Original 200 / source episode 114) in place of the original VLA benchmark episode.,"brown cup A (O, UR) [target]; brown cup B (C, UR); white cup A (O, UR)",brown cup A,Home,Move the open brown cup into the bowl.,,"Explicitly grounds open with brown cup using two same-category candidates. The non-queried state axis is held constant, so only one candidate satisfies the instruction.",,114,29,justintiensmith/MT_State_Recognition_New,114,True,justintiensmith/MT_State_Recognition_200_OLD,114,Original 200
115,State Recognition,Place a brown cup in the bowl.,State-masked physical exposure,"direct category=brown cup; physical state=O, UR; no state word",state_brown_cup_o_ur_masked,white-cup×upside-down; striped-cup×open; brown-cup×closed; spice-container×upright,No,Replace episode + assign prompt,Use MT_State_Recognition_New episode 115 (Original 200 / source episode 115) in place of the original VLA benchmark episode.,"brown cup B (O, UR) [target]; white cup A (C, UR); yellow-white striped cup A (C, UR); glass spice container B (C, UR)",brown cup B,Home,Place a brown cup in the bowl.,,"Preserves brown cup recognition and the recorded physical manipulation while omitting state language. Only one brown cup appears, so this row cannot train state-based selection.",,115,24,justintiensmith/MT_State_Recognition_New,115,True,justintiensmith/MT_State_Recognition_200_OLD,115,Original 200
116,State Recognition,Put a brown cup in the bowl.,State-masked physical exposure,"direct category=brown cup; physical state=O, UD; no state word",state_brown_cup_o_ud_masked,white-cup×upside-down; striped-cup×open; brown-cup×closed; spice-container×upright,No,Replace episode + assign prompt,Use MT_State_Recognition_New episode 116 (Replacement 61 / source episode 34) in place of the original VLA benchmark episode.,"brown cup A (O, UD) [target, P3]; white cup A (C, UR) — P2; yellow-white striped cup B (O, UR) — P4; glass spice container B (O, UD) — P1",brown cup A,Home,Put a brown cup in the bowl.,,"Preserves brown cup recognition and the recorded physical manipulation while omitting state language. Only one brown cup appears, so this row cannot train state-based selection.",,116,28,justintiensmith/MT_State_Recognition_New,116,True,justintiensmith/SP_State_Recognition_61,34,Replacement 61
117,State Recognition,Move a brown cup into the bowl.,State-masked physical exposure,"direct category=brown cup; physical state=O, UR; no state word",state_brown_cup_o_ur_masked,white-cup×upside-down; striped-cup×open; brown-cup×closed; spice-container×upright,No,Replace episode + assign prompt,Use MT_State_Recognition_New episode 117 (Original 200 / source episode 117) in place of the original VLA benchmark episode.,"brown cup B (O, UR) [target]; yellow-white striped cup A (C, UR); glass spice container B (C, UR)",brown cup B,Recovery,Move a brown cup into the bowl.,,"Preserves brown cup recognition and the recorded physical manipulation while omitting state language. Only one brown cup appears, so this row cannot train state-based selection.",,117,26,justintiensmith/MT_State_Recognition_New,117,True,justintiensmith/MT_State_Recognition_200_OLD,117,Original 200
118,State Recognition,Place the open brown cup in the bowl.,Explicit seen-cell grounding,open × brown cup; two same-category candidates; non-queried axis controlled,state_brown_cup_open_explicit,white-cup×upside-down; striped-cup×open; brown-cup×closed; spice-container×upright,No,Replace episode + assign prompt,Use MT_State_Recognition_New episode 118 (Original 200 / source episode 118) in place of the original VLA benchmark episode.,"brown cup A (O, UR) [target]; brown cup B (C, UR); yellow-white striped cup A (C, UR); glass spice container B (C, UR)",brown cup A,Home,Place the open brown cup in the bowl.,,"Explicitly grounds open with brown cup using two same-category candidates. The non-queried state axis is held constant, so only one candidate satisfies the instruction.",,118,27,justintiensmith/MT_State_Recognition_New,118,True,justintiensmith/MT_State_Recognition_200_OLD,118,Original 200
119,State Recognition,Put a brown cup in the bowl.,State-masked physical exposure,"direct category=brown cup; physical state=O, UD; no state word",state_brown_cup_o_ud_masked,white-cup×upside-down; striped-cup×open; brown-cup×closed; spice-container×upright,No,Replace episode + assign prompt,Use MT_State_Recognition_New episode 119 (Additional 40 / source episode 29) in place of the original VLA benchmark episode.,"brown cup A (O, UD) [target, P4]; White cup B (O, UR); yellow-white striped cup A (O, UD); glass spice container A (C, UR)",brown cup A,Recovery,Put a brown cup in the bowl.,,"Preserves brown cup recognition and the recorded physical manipulation while omitting state language. Only one brown cup appears, so this row cannot train state-based selection.",,119,28,justintiensmith/MT_State_Recognition_New,119,True,justintiensmith/MT_State_Recognition_40,29,Additional 40
120,State Recognition,Move the open brown cup into the bowl.,Explicit seen-cell grounding,open × brown cup; two same-category candidates; non-queried axis controlled,state_brown_cup_open_explicit,white-cup×upside-down; striped-cup×open; brown-cup×closed; spice-container×upright,No,Replace episode + assign prompt,Use MT_State_Recognition_New episode 120 (Original 200 / source episode 120) in place of the original VLA benchmark episode.,"brown cup A (O, UR) [target]; brown cup B (C, UR); white cup A (C, UR); yellow-white striped cup B (C, UR)",brown cup A,Home,Move the open brown cup into the bowl.,,"Explicitly grounds open with brown cup using two same-category candidates. The non-queried state axis is held constant, so only one candidate satisfies the instruction.",,120,29,justintiensmith/MT_State_Recognition_New,120,True,justintiensmith/MT_State_Recognition_200_OLD,120,Original 200
121,State Recognition,Place the open brown cup in the bowl.,Explicit seen-cell grounding,open × brown cup; two same-category candidates; non-queried axis controlled,state_brown_cup_open_explicit,white-cup×upside-down; striped-cup×open; brown-cup×closed; spice-container×upright,No,Replace episode + assign prompt,Use MT_State_Recognition_New episode 121 (Original 200 / source episode 121) in place of the original VLA benchmark episode.,"brown cup B (O, UR) [target]; brown cup A (C, UR); yellow-white striped cup B (O, UR)",brown cup B,Home,Place the open brown cup in the bowl.,,"Explicitly grounds open with brown cup using two same-category candidates. The non-queried state axis is held constant, so only one candidate satisfies the instruction.",,121,27,justintiensmith/MT_State_Recognition_New,121,True,justintiensmith/MT_State_Recognition_200_OLD,121,Original 200
122,State Recognition,Put a brown cup in the bowl.,State-masked physical exposure,"direct category=brown cup; physical state=C, UR; no state word",state_brown_cup_c_ur_masked,white-cup×upside-down; striped-cup×open; brown-cup×closed; spice-container×upright,No,Replace episode + assign prompt,Use MT_State_Recognition_New episode 122 (Original 200 / source episode 122) in place of the original VLA benchmark episode.,"brown cup B (C, UR) [target]; glass spice container B (O, UR); white cup B (O, UR); yellow-white striped cup B (O, UR)",brown cup B,Home,Put a brown cup in the bowl.,Move the closed brown cup into the bowl.,"Preserves brown cup recognition and the recorded physical manipulation while omitting state language. Only one brown cup appears, so this row cannot train state-based selection.",,122,28,justintiensmith/MT_State_Recognition_New,122,True,justintiensmith/MT_State_Recognition_200_OLD,122,Original 200
123,State Recognition,Move a brown cup into the bowl.,State-masked physical exposure,"direct category=brown cup; physical state=C, UR; no state word",state_brown_cup_c_ur_masked,white-cup×upside-down; striped-cup×open; brown-cup×closed; spice-container×upright,No,Replace episode + assign prompt,Use MT_State_Recognition_New episode 123 (Replacement 61 / source episode 35) in place of the original VLA benchmark episode.,"brown cup B (C, UR) [target, P4]; white cup B (O, UD) — P3; yellow-white striped cup A (C, UR) — P1; glass spice container A (C, UD) — P2",brown cup B,Home,Move a brown cup into the bowl.,Move the closed brown cup into the bowl.,"Preserves brown cup recognition and the recorded physical manipulation while omitting state language. Only one brown cup appears, so this row cannot train state-based selection.",,123,26,justintiensmith/MT_State_Recognition_New,123,True,justintiensmith/SP_State_Recognition_61,35,Replacement 61
124,State Recognition,Place the open brown cup in the bowl.,Explicit seen-cell grounding,open × brown cup; two same-category candidates; non-queried axis controlled,state_brown_cup_open_explicit,white-cup×upside-down; striped-cup×open; brown-cup×closed; spice-container×upright,No,Replace episode + assign prompt,Use MT_State_Recognition_New episode 124 (Original 200 / source episode 124) in place of the original VLA benchmark episode.,"brown cup B (O, UR) [target]; brown cup A (C, UR); yellow-white striped cup A (C, UR); glass spice container B (C, UR)",brown cup B,Home,Place the open brown cup in the bowl.,,"Explicitly grounds open with brown cup using two same-category candidates. The non-queried state axis is held constant, so only one candidate satisfies the instruction.",,124,27,justintiensmith/MT_State_Recognition_New,124,True,justintiensmith/MT_State_Recognition_200_OLD,124,Original 200
125,State Recognition,Put the upside-down brown cup in the bowl.,Explicit seen-cell grounding,upside-down × brown cup; two same-category candidates; non-queried axis controlled,state_brown_cup_upside_down_explicit,white-cup×upside-down; striped-cup×open; brown-cup×closed; spice-container×upright,No,Replace episode + assign prompt,Use MT_State_Recognition_New episode 125 (New Recollection 20 / source episode 14) in place of the original VLA benchmark episode.,"brown cup A (O, UD) [target, P3]; brown cup B (O, UR) [same-category counterfactual, P1]",brown cup A,Home,Put the upside-down brown cup in the bowl.,,"Explicitly grounds upside-down with brown cup using two same-category candidates. The non-queried state axis is held constant, so only one candidate satisfies the instruction.",,125,30,justintiensmith/MT_State_Recognition_New,125,True,justintiensmith/MT_State_Recognition_20,14,New Recollection 20
126,State Recognition,Move a brown cup into the bowl.,State-masked physical exposure,"direct category=brown cup; physical state=O, UD; no state word",state_brown_cup_o_ud_masked,white-cup×upside-down; striped-cup×open; brown-cup×closed; spice-container×upright,No,Replace episode + assign prompt,Use MT_State_Recognition_New episode 126 (Original 200 / source episode 126) in place of the original VLA benchmark episode.,"brown cup B (O, UD) [target]; yellow-white striped cup A (C, UR); glass spice container B (O, UR)",brown cup B,Home,Move a brown cup into the bowl.,,"Preserves brown cup recognition and the recorded physical manipulation while omitting state language. Only one brown cup appears, so this row cannot train state-based selection.",,126,26,justintiensmith/MT_State_Recognition_New,126,True,justintiensmith/MT_State_Recognition_200_OLD,126,Original 200
127,State Recognition,Place the upside-down brown cup in the bowl.,Explicit seen-cell grounding,upside-down × brown cup; two same-category candidates; non-queried axis controlled,state_brown_cup_upside_down_explicit,white-cup×upside-down; striped-cup×open; brown-cup×closed; spice-container×upright,No,Replace episode + assign prompt,Use MT_State_Recognition_New episode 127 (Original 200 / source episode 127) in place of the original VLA benchmark episode.,"brown cup B (C, UD) [target]; brown cup A (C, UR); glass spice container B (C, UR)",brown cup B,Home,Place the upside-down brown cup in the bowl.,,"Explicitly grounds upside-down with brown cup using two same-category candidates. The non-queried state axis is held constant, so only one candidate satisfies the instruction.",,127,31,justintiensmith/MT_State_Recognition_New,127,True,justintiensmith/MT_State_Recognition_200_OLD,127,Original 200
128,State Recognition,Put the upright brown cup in the bowl.,Explicit seen-cell grounding,upright × brown cup; two same-category candidates; non-queried axis controlled,state_brown_cup_upright_explicit,white-cup×upside-down; striped-cup×open; brown-cup×closed; spice-container×upright,No,Replace episode + assign prompt,Use MT_State_Recognition_New episode 128 (Original 200 / source episode 128) in place of the original VLA benchmark episode.,"brown cup A (O, UR) [target]; brown cup B (O, UD); white cup A (C, UR); yellow-white striped cup B (O, UR)",brown cup A,Recovery,Put the upright brown cup in the bowl.,,"Explicitly grounds upright with brown cup using two same-category candidates. The non-queried state axis is held constant, so only one candidate satisfies the instruction.",,128,32,justintiensmith/MT_State_Recognition_New,128,True,justintiensmith/MT_State_Recognition_200_OLD,128,Original 200
129,State Recognition,Move a brown cup into the bowl.,State-masked physical exposure,"direct category=brown cup; physical state=C, UD; no state word",state_brown_cup_c_ud_masked,white-cup×upside-down; striped-cup×open; brown-cup×closed; spice-container×upright,No,Replace episode + assign prompt,Use MT_State_Recognition_New episode 129 (Original 200 / source episode 129) in place of the original VLA benchmark episode.,"brown cup A (C, UD) [target]; glass spice container B (C, UR); white cup B (O, UR); yellow-white striped cup B (C, UR)",brown cup A,Home,Move a brown cup into the bowl.,Move the closed brown cup into the bowl.,"Preserves brown cup recognition and the recorded physical manipulation while omitting state language. Only one brown cup appears, so this row cannot train state-based selection.",,129,26,justintiensmith/MT_State_Recognition_New,129,True,justintiensmith/MT_State_Recognition_200_OLD,129,Original 200
130,State Recognition,Place the upright brown cup in the bowl.,Explicit seen-cell grounding,upright × brown cup; two same-category candidates; non-queried axis controlled,state_brown_cup_upright_explicit,white-cup×upside-down; striped-cup×open; brown-cup×closed; spice-container×upright,No,Replace episode + assign prompt,Use MT_State_Recognition_New episode 130 (New Recollection 20 / source episode 10) in place of the original VLA benchmark episode.,"brown cup A (O, UR) [target, P3]; brown cup B (O, UD) [same-category counterfactual, P1]; yellow-white striped cup A (O, UR) [P2]; glass spice container B (C, UD) [P4]",brown cup A,Recovery,Place the upright brown cup in the bowl.,,"Explicitly grounds upright with brown cup using two same-category candidates. The non-queried state axis is held constant, so only one candidate satisfies the instruction.",,130,33,justintiensmith/MT_State_Recognition_New,130,True,justintiensmith/MT_State_Recognition_20,10,New Recollection 20
131,State Recognition,Put the upright brown cup in the bowl.,Explicit seen-cell grounding,upright × brown cup; two same-category candidates; non-queried axis controlled,state_brown_cup_upright_explicit,white-cup×upside-down; striped-cup×open; brown-cup×closed; spice-container×upright,No,Replace episode + assign prompt,Use MT_State_Recognition_New episode 131 (Original 200 / source episode 131) in place of the original VLA benchmark episode.,"brown cup A (C, UR) [target]; brown cup B (C, UD); white cup B (C, UR); yellow-white striped cup A (O, UD)",brown cup A,Home,Put the upright brown cup in the bowl.,,"Explicitly grounds upright with brown cup using two same-category candidates. The non-queried state axis is held constant, so only one candidate satisfies the instruction.",,131,32,justintiensmith/MT_State_Recognition_New,131,True,justintiensmith/MT_State_Recognition_200_OLD,131,Original 200
132,State Recognition,Move the upside-down brown cup into the bowl.,Explicit seen-cell grounding,upside-down × brown cup; two same-category candidates; non-queried axis controlled,state_brown_cup_upside_down_explicit,white-cup×upside-down; striped-cup×open; brown-cup×closed; spice-container×upright,No,Replace episode + assign prompt,Use MT_State_Recognition_New episode 132 (Original 200 / source episode 132) in place of the original VLA benchmark episode.,"brown cup A (O, UD) [target]; brown cup B (O, UR); yellow-white striped cup A (C, UR)",brown cup A,Recovery,Move the upside-down brown cup into the bowl.,,"Explicitly grounds upside-down with brown cup using two same-category candidates. The non-queried state axis is held constant, so only one candidate satisfies the instruction.",,132,34,justintiensmith/MT_State_Recognition_New,132,True,justintiensmith/MT_State_Recognition_200_OLD,132,Original 200
133,State Recognition,Place the upside-down brown cup in the bowl.,Explicit seen-cell grounding,upside-down × brown cup; two same-category candidates; non-queried axis controlled,state_brown_cup_upside_down_explicit,white-cup×upside-down; striped-cup×open; brown-cup×closed; spice-container×upright,No,Replace episode + assign prompt,Use MT_State_Recognition_New episode 133 (New Recollection 20 / source episode 15) in place of the original VLA benchmark episode.,"brown cup B (C, UD) [target, P4]; brown cup A (C, UR) [same-category counterfactual, P2]; white cup B (C, UD) [P1]",brown cup B,Recovery,Place the upside-down brown cup in the bowl.,,"Explicitly grounds upside-down with brown cup using two same-category candidates. The non-queried state axis is held constant, so only one candidate satisfies the instruction.",,133,31,justintiensmith/MT_State_Recognition_New,133,True,justintiensmith/MT_State_Recognition_20,15,New Recollection 20
134,State Recognition,Put the upright brown cup in the bowl.,Explicit seen-cell grounding,upright × brown cup; two same-category candidates; non-queried axis controlled,state_brown_cup_upright_explicit,white-cup×upside-down; striped-cup×open; brown-cup×closed; spice-container×upright,No,Replace episode + assign prompt,Use MT_State_Recognition_New episode 134 (New Recollection 20 / source episode 11) in place of the original VLA benchmark episode.,"brown cup B (C, UR) [target, P4]; brown cup A (C, UD) [same-category counterfactual, P2]",brown cup B,Home,Put the upright brown cup in the bowl.,,"Explicitly grounds upright with brown cup using two same-category candidates. The non-queried state axis is held constant, so only one candidate satisfies the instruction.",,134,32,justintiensmith/MT_State_Recognition_New,134,True,justintiensmith/MT_State_Recognition_20,11,New Recollection 20
135,State Recognition,Move the upside-down brown cup into the bowl.,Explicit seen-cell grounding,upside-down × brown cup; two same-category candidates; non-queried axis controlled,state_brown_cup_upside_down_explicit,white-cup×upside-down; striped-cup×open; brown-cup×closed; spice-container×upright,No,Replace episode + assign prompt,Use MT_State_Recognition_New episode 135 (Original 200 / source episode 135) in place of the original VLA benchmark episode.,"brown cup A (C, UD) [target]; brown cup B (C, UR); yellow-white striped cup B (C, UD); glass spice container A (O, UR)",brown cup A,Home,Move the upside-down brown cup into the bowl.,,"Explicitly grounds upside-down with brown cup using two same-category candidates. The non-queried state axis is held constant, so only one candidate satisfies the instruction.",,135,34,justintiensmith/MT_State_Recognition_New,135,True,justintiensmith/MT_State_Recognition_200_OLD,135,Original 200
136,State Recognition,Place a brown cup in the bowl.,State-masked physical exposure,"direct category=brown cup; physical state=O, UR; no state word",state_brown_cup_o_ur_masked,white-cup×upside-down; striped-cup×open; brown-cup×closed; spice-container×upright,No,Replace episode + assign prompt,Use MT_State_Recognition_New episode 136 (Original 200 / source episode 136) in place of the original VLA benchmark episode.,"brown cup A (O, UR) [target]; white cup B (C, UD); yellow-white striped cup B (O, UD)",brown cup A,Home,Place a brown cup in the bowl.,,"Preserves brown cup recognition and the recorded physical manipulation while omitting state language. Only one brown cup appears, so this row cannot train state-based selection.",,136,24,justintiensmith/MT_State_Recognition_New,136,True,justintiensmith/MT_State_Recognition_200_OLD,136,Original 200
137,State Recognition,Put the upside-down brown cup in the bowl.,Explicit seen-cell grounding,upside-down × brown cup; two same-category candidates; non-queried axis controlled,state_brown_cup_upside_down_explicit,white-cup×upside-down; striped-cup×open; brown-cup×closed; spice-container×upright,No,Replace episode + assign prompt,Use MT_State_Recognition_New episode 137 (New Recollection 20 / source episode 16) in place of the original VLA benchmark episode.,"brown cup B (O, UD) [target, P1]; brown cup A (O, UR) [same-category counterfactual, P3]; yellow-white striped cup A (O, UD) [P2]; glass spice container B (C, UR) [P4]",brown cup B,Home,Put the upside-down brown cup in the bowl.,,"Explicitly grounds upside-down with brown cup using two same-category candidates. The non-queried state axis is held constant, so only one candidate satisfies the instruction.",,137,30,justintiensmith/MT_State_Recognition_New,137,True,justintiensmith/MT_State_Recognition_20,16,New Recollection 20
138,State Recognition,Move the upright brown cup into the bowl.,Explicit seen-cell grounding,upright × brown cup; two same-category candidates; non-queried axis controlled,state_brown_cup_upright_explicit,white-cup×upside-down; striped-cup×open; brown-cup×closed; spice-container×upright,No,Replace episode + assign prompt,Use MT_State_Recognition_New episode 138 (New Recollection 20 / source episode 12) in place of the original VLA benchmark episode.,"brown cup A (O, UR) [target, P1]; brown cup B (O, UD) [same-category counterfactual, P3]; white cup A (O, UR) [P2]",brown cup A,Home,Move the upright brown cup into the bowl.,,"Explicitly grounds upright with brown cup using two same-category candidates. The non-queried state axis is held constant, so only one candidate satisfies the instruction.",,138,35,justintiensmith/MT_State_Recognition_New,138,True,justintiensmith/MT_State_Recognition_20,12,New Recollection 20
139,State Recognition,Place the upright brown cup in the bowl.,Explicit seen-cell grounding,upright × brown cup; two same-category candidates; non-queried axis controlled,state_brown_cup_upright_explicit,white-cup×upside-down; striped-cup×open; brown-cup×closed; spice-container×upright,No,Replace episode + assign prompt,Use MT_State_Recognition_New episode 139 (Original 200 / source episode 139) in place of the original VLA benchmark episode.,"brown cup A (C, UR) [target]; brown cup B (C, UD); glass spice container B (C, UD)",brown cup A,Home,Place the upright brown cup in the bowl.,,"Explicitly grounds upright with brown cup using two same-category candidates. The non-queried state axis is held constant, so only one candidate satisfies the instruction.",,139,33,justintiensmith/MT_State_Recognition_New,139,True,justintiensmith/MT_State_Recognition_200_OLD,139,Original 200
140,State Recognition,Put the upright brown cup in the bowl.,Explicit seen-cell grounding,upright × brown cup; two same-category candidates; non-queried axis controlled,state_brown_cup_upright_explicit,white-cup×upside-down; striped-cup×open; brown-cup×closed; spice-container×upright,No,Replace episode + assign prompt,Use MT_State_Recognition_New episode 140 (Original 200 / source episode 140) in place of the original VLA benchmark episode.,"brown cup A (O, UR) [target]; brown cup B (O, UD); white cup A (C, UR); yellow-white striped cup B (O, UR)",brown cup A,Home,Put the upright brown cup in the bowl.,,"Explicitly grounds upright with brown cup using two same-category candidates. The non-queried state axis is held constant, so only one candidate satisfies the instruction.",,140,32,justintiensmith/MT_State_Recognition_New,140,True,justintiensmith/MT_State_Recognition_200_OLD,140,Original 200
141,State Recognition,Move a brown cup into the bowl.,State-masked physical exposure,"direct category=brown cup; physical state=C, UD; no state word",state_brown_cup_c_ud_masked,white-cup×upside-down; striped-cup×open; brown-cup×closed; spice-container×upright,No,Replace episode + assign prompt,Use MT_State_Recognition_New episode 141 (Original 200 / source episode 141) in place of the original VLA benchmark episode.,"brown cup B (C, UD) [target]; yellow-white striped cup B (C, UR); glass spice container A (O, UR)",brown cup B,Home,Move a brown cup into the bowl.,Move the closed brown cup into the bowl.,"Preserves brown cup recognition and the recorded physical manipulation while omitting state language. Only one brown cup appears, so this row cannot train state-based selection.",,141,26,justintiensmith/MT_State_Recognition_New,141,True,justintiensmith/MT_State_Recognition_200_OLD,141,Original 200
142,State Recognition,Place the upright brown cup in the bowl.,Explicit seen-cell grounding,upright × brown cup; two same-category candidates; non-queried axis controlled,state_brown_cup_upright_explicit,white-cup×upside-down; striped-cup×open; brown-cup×closed; spice-container×upright,No,Replace episode + assign prompt,Use MT_State_Recognition_New episode 142 (New Recollection 20 / source episode 13) in place of the original VLA benchmark episode.,"brown cup B (C, UR) [target, P2]; brown cup A (C, UD) [same-category counterfactual, P4]; yellow-white striped cup B (C, UR) [P1]; glass spice container A (O, UD) [P3]",brown cup B,Home,Place the upright brown cup in the bowl.,,"Explicitly grounds upright with brown cup using two same-category candidates. The non-queried state axis is held constant, so only one candidate satisfies the instruction.",,142,33,justintiensmith/MT_State_Recognition_New,142,True,justintiensmith/MT_State_Recognition_20,13,New Recollection 20
143,State Recognition,Put a brown cup in the bowl.,State-masked physical exposure,"direct category=brown cup; physical state=C, UR; no state word",state_brown_cup_c_ur_masked,white-cup×upside-down; striped-cup×open; brown-cup×closed; spice-container×upright,No,Replace episode + assign prompt,Use MT_State_Recognition_New episode 143 (Original 200 / source episode 143) in place of the original VLA benchmark episode.,"brown cup A (C, UR) [target]; glass spice container A (O, UD); white cup A (C, UD); yellow-white striped cup A (O, UD)",brown cup A,Home,Put a brown cup in the bowl.,Move the closed brown cup into the bowl.,"Preserves brown cup recognition and the recorded physical manipulation while omitting state language. Only one brown cup appears, so this row cannot train state-based selection.",,143,28,justintiensmith/MT_State_Recognition_New,143,True,justintiensmith/MT_State_Recognition_200_OLD,143,Original 200
144,State Recognition,Move the upside-down brown cup into the bowl.,Explicit seen-cell grounding,upside-down × brown cup; two same-category candidates; non-queried axis controlled,state_brown_cup_upside_down_explicit,white-cup×upside-down; striped-cup×open; brown-cup×closed; spice-container×upright,No,Replace episode + assign prompt,Use MT_State_Recognition_New episode 144 (Original 200 / source episode 144) in place of the original VLA benchmark episode.,"brown cup B (O, UD) [target]; brown cup A (O, UR); yellow-white striped cup A (C, UD); glass spice container B (O, UD)",brown cup B,Home,Move the upside-down brown cup into the bowl.,,"Explicitly grounds upside-down with brown cup using two same-category candidates. The non-queried state axis is held constant, so only one candidate satisfies the instruction.",,144,34,justintiensmith/MT_State_Recognition_New,144,True,justintiensmith/MT_State_Recognition_200_OLD,144,Original 200
145,State Recognition,Place a brown cup in the bowl.,State-masked physical exposure,"direct category=brown cup; physical state=C, UD; no state word",state_brown_cup_c_ud_masked,white-cup×upside-down; striped-cup×open; brown-cup×closed; spice-container×upright,No,Replace episode + assign prompt,Use MT_State_Recognition_New episode 145 (Replacement 61 / source episode 37) in place of the original VLA benchmark episode.,"brown cup B (C, UD) [target, P2]; white cup B (O, UR) — P3; yellow-white striped cup A (C, UD) — P4; glass spice container A (C, UR) — P1",brown cup B,Home,Place a brown cup in the bowl.,Move the closed brown cup into the bowl.,"Preserves brown cup recognition and the recorded physical manipulation while omitting state language. Only one brown cup appears, so this row cannot train state-based selection.",,145,24,justintiensmith/MT_State_Recognition_New,145,True,justintiensmith/SP_State_Recognition_61,37,Replacement 61
146,State Recognition,Put a brown cup in the bowl.,State-masked physical exposure,"direct category=brown cup; physical state=O, UD; no state word",state_brown_cup_o_ud_masked,white-cup×upside-down; striped-cup×open; brown-cup×closed; spice-container×upright,No,Replace episode + assign prompt,Use MT_State_Recognition_New episode 146 (Replacement 61 / source episode 38) in place of the original VLA benchmark episode.,"brown cup B (O, UD) [target, P3]; white cup A (C, UR) — P4; yellow-white striped cup B (O, UR) — P1; glass spice container B (O, UD) — P2",brown cup B,Home,Put a brown cup in the bowl.,,"Preserves brown cup recognition and the recorded physical manipulation while omitting state language. Only one brown cup appears, so this row cannot train state-based selection.",,146,28,justintiensmith/MT_State_Recognition_New,146,True,justintiensmith/SP_State_Recognition_61,38,Replacement 61
147,State Recognition,Move the upside-down brown cup into the bowl.,Explicit seen-cell grounding,upside-down × brown cup; two same-category candidates; non-queried axis controlled,state_brown_cup_upside_down_explicit,white-cup×upside-down; striped-cup×open; brown-cup×closed; spice-container×upright,No,Replace episode + assign prompt,Use MT_State_Recognition_New episode 147 (Original 200 / source episode 147) in place of the original VLA benchmark episode.,"brown cup A (C, UD) [target]; brown cup B (C, UR); yellow-white striped cup B (C, UD); glass spice container A (O, UR)",brown cup A,Home,Move the upside-down brown cup into the bowl.,,"Explicitly grounds upside-down with brown cup using two same-category candidates. The non-queried state axis is held constant, so only one candidate satisfies the instruction.",,147,34,justintiensmith/MT_State_Recognition_New,147,True,justintiensmith/MT_State_Recognition_200_OLD,147,Original 200
148,State Recognition,Place a brown cup in the bowl.,State-masked physical exposure,"direct category=brown cup; physical state=O, UR; no state word",state_brown_cup_o_ur_masked,white-cup×upside-down; striped-cup×open; brown-cup×closed; spice-container×upright,No,Replace episode + assign prompt,Use MT_State_Recognition_New episode 148 (Original 200 / source episode 148) in place of the original VLA benchmark episode.,"brown cup A (O, UR) [target]; white cup A (O, UD); yellow-white striped cup A (C, UD)",brown cup A,Home,Place a brown cup in the bowl.,,"Preserves brown cup recognition and the recorded physical manipulation while omitting state language. Only one brown cup appears, so this row cannot train state-based selection.",,148,24,justintiensmith/MT_State_Recognition_New,148,True,justintiensmith/MT_State_Recognition_200_OLD,148,Original 200
149,State Recognition,Put a brown cup in the bowl.,State-masked physical exposure,"direct category=brown cup; physical state=C, UD; no state word",state_brown_cup_c_ud_masked,white-cup×upside-down; striped-cup×open; brown-cup×closed; spice-container×upright,No,Replace episode + assign prompt,Use MT_State_Recognition_New episode 149 (Replacement 61 / source episode 45) in place of the original VLA benchmark episode.,"brown cup B (C, UD) [target, P2]; white cup B (O, UR) — P1; yellow-white striped cup A (C, UD) — P3; glass spice container A (C, UR) — P4",brown cup B,Home,Put a brown cup in the bowl.,Move the closed brown cup into the bowl.,"Preserves brown cup recognition and the recorded physical manipulation while omitting state language. Only one brown cup appears, so this row cannot train state-based selection.",,149,28,justintiensmith/MT_State_Recognition_New,149,True,justintiensmith/SP_State_Recognition_61,45,Replacement 61
150,State Recognition,Move the open glass spice container into the bowl.,Explicit seen-cell grounding,open × glass spice container; two same-category candidates; non-queried axis controlled,state_glass_spice_container_open_explicit,white-cup×upside-down; striped-cup×open; brown-cup×closed; spice-container×upright,No,Replace episode + assign prompt,Use MT_State_Recognition_New episode 150 (Original 200 / source episode 150) in place of the original VLA benchmark episode.,"glass spice container A (O, UR) [target]; glass spice container B (C, UR); white cup B (C, UR); yellow-white striped cup A (C, UR)",glass spice container A,Home,Move the open glass spice container into the bowl.,,"Explicitly grounds open with glass spice container using two same-category candidates. The non-queried state axis is held constant, so only one candidate satisfies the instruction.",,150,36,justintiensmith/MT_State_Recognition_New,150,True,justintiensmith/MT_State_Recognition_200_OLD,150,Original 200
151,State Recognition,Place the closed glass spice container in the bowl.,Explicit seen-cell grounding,closed × glass spice container; two same-category candidates; non-queried axis controlled,state_glass_spice_container_closed_explicit,white-cup×upside-down; striped-cup×open; brown-cup×closed; spice-container×upright,No,Replace episode + assign prompt,Use MT_State_Recognition_New episode 151 (Original 200 / source episode 151) in place of the original VLA benchmark episode.,"glass spice container A (C, UR) [target]; glass spice container B (O, UR); yellow-white striped cup A (C, UR)",glass spice container A,Home,Place the closed glass spice container in the bowl.,,"Explicitly grounds closed with glass spice container using two same-category candidates. The non-queried state axis is held constant, so only one candidate satisfies the instruction.",,151,37,justintiensmith/MT_State_Recognition_New,151,True,justintiensmith/MT_State_Recognition_200_OLD,151,Original 200
152,State Recognition,Put the closed glass spice container in the bowl.,Explicit seen-cell grounding,closed × glass spice container; two same-category candidates; non-queried axis controlled,state_glass_spice_container_closed_explicit,white-cup×upside-down; striped-cup×open; brown-cup×closed; spice-container×upright,No,Replace episode + assign prompt,Use MT_State_Recognition_New episode 152 (Original 200 / source episode 152) in place of the original VLA benchmark episode.,"glass spice container B (C, UR) [target]; glass spice container A (O, UR); brown cup B (C, UR)",glass spice container B,Home,Put the closed glass spice container in the bowl.,,"Explicitly grounds closed with glass spice container using two same-category candidates. The non-queried state axis is held constant, so only one candidate satisfies the instruction.",,152,38,justintiensmith/MT_State_Recognition_New,152,True,justintiensmith/MT_State_Recognition_200_OLD,152,Original 200
153,State Recognition,Move a glass spice container into the bowl.,State-masked physical exposure,"direct category=glass spice container; physical state=O, UR; no state word",state_glass_spice_container_o_ur_masked,white-cup×upside-down; striped-cup×open; brown-cup×closed; spice-container×upright,No,Replace episode + assign prompt,Use MT_State_Recognition_New episode 153 (Original 200 / source episode 153) in place of the original VLA benchmark episode.,"glass spice container B (O, UR) [target]; white cup A (C, UR); yellow-white striped cup A (C, UR)",glass spice container B,Recovery,Move a glass spice container into the bowl.,Move the upright glass spice container into the bowl.,"Preserves glass spice container recognition and the recorded physical manipulation while omitting state language. Only one glass spice container appears, so this row cannot train state-based selection.",,153,39,justintiensmith/MT_State_Recognition_New,153,True,justintiensmith/MT_State_Recognition_200_OLD,153,Original 200
154,State Recognition,Place the open glass spice container in the bowl.,Explicit seen-cell grounding,open × glass spice container; two same-category candidates; non-queried axis controlled,state_glass_spice_container_open_explicit,white-cup×upside-down; striped-cup×open; brown-cup×closed; spice-container×upright,No,Replace episode + assign prompt,Use MT_State_Recognition_New episode 154 (Original 200 / source episode 154) in place of the original VLA benchmark episode.,"glass spice container A (O, UR) [target]; glass spice container B (C, UR); yellow-white striped cup B (C, UR); brown cup A (C, UR)",glass spice container A,Home,Place the open glass spice container in the bowl.,,"Explicitly grounds open with glass spice container using two same-category candidates. The non-queried state axis is held constant, so only one candidate satisfies the instruction.",,154,40,justintiensmith/MT_State_Recognition_New,154,True,justintiensmith/MT_State_Recognition_200_OLD,154,Original 200
155,State Recognition,Put the closed glass spice container in the bowl.,Explicit seen-cell grounding,closed × glass spice container; two same-category candidates; non-queried axis controlled,state_glass_spice_container_closed_explicit,white-cup×upside-down; striped-cup×open; brown-cup×closed; spice-container×upright,No,Replace episode + assign prompt,Use MT_State_Recognition_New episode 155 (Original 200 / source episode 155) in place of the original VLA benchmark episode.,"glass spice container A (C, UR) [target]; glass spice container B (O, UR); brown cup A (C, UR); white cup B (O, UR)",glass spice container A,Home,Put the closed glass spice container in the bowl.,,"Explicitly grounds closed with glass spice container using two same-category candidates. The non-queried state axis is held constant, so only one candidate satisfies the instruction.",,155,38,justintiensmith/MT_State_Recognition_New,155,True,justintiensmith/MT_State_Recognition_200_OLD,155,Original 200
156,State Recognition,Move the open glass spice container into the bowl.,Explicit seen-cell grounding,open × glass spice container; two same-category candidates; non-queried axis controlled,state_glass_spice_container_open_explicit,white-cup×upside-down; striped-cup×open; brown-cup×closed; spice-container×upright,No,Replace episode + assign prompt,Use MT_State_Recognition_New episode 156 (Original 200 / source episode 156) in place of the original VLA benchmark episode.,"glass spice container B (O, UR) [target]; glass spice container A (C, UR); white cup B (O, UR)",glass spice container B,Recovery,Move the open glass spice container into the bowl.,,"Explicitly grounds open with glass spice container using two same-category candidates. The non-queried state axis is held constant, so only one candidate satisfies the instruction.",,156,36,justintiensmith/MT_State_Recognition_New,156,True,justintiensmith/MT_State_Recognition_200_OLD,156,Original 200
157,State Recognition,Place a glass spice container in the bowl.,State-masked physical exposure,"direct category=glass spice container; physical state=O, UR; no state word",state_glass_spice_container_o_ur_masked,white-cup×upside-down; striped-cup×open; brown-cup×closed; spice-container×upright,No,Replace episode + assign prompt,Use MT_State_Recognition_New episode 157 (Original 200 / source episode 157) in place of the original VLA benchmark episode.,"glass spice container B (O, UR) [target]; yellow-white striped cup A (C, UR); brown cup A (C, UR); white cup B (C, UR)",glass spice container B,Home,Place a glass spice container in the bowl.,Move the upright glass spice container into the bowl.,"Preserves glass spice container recognition and the recorded physical manipulation while omitting state language. Only one glass spice container appears, so this row cannot train state-based selection.",,157,41,justintiensmith/MT_State_Recognition_New,157,True,justintiensmith/MT_State_Recognition_200_OLD,157,Original 200
158,State Recognition,Put the closed glass spice container in the bowl.,Explicit seen-cell grounding,closed × glass spice container; two same-category candidates; non-queried axis controlled,state_glass_spice_container_closed_explicit,white-cup×upside-down; striped-cup×open; brown-cup×closed; spice-container×upright,No,Replace episode + assign prompt,Use MT_State_Recognition_New episode 158 (Original 200 / source episode 158) in place of the original VLA benchmark episode.,"glass spice container B (C, UR) [target]; glass spice container A (O, UR); brown cup B (C, UR)",glass spice container B,Home,Put the closed glass spice container in the bowl.,,"Explicitly grounds closed with glass spice container using two same-category candidates. The non-queried state axis is held constant, so only one candidate satisfies the instruction.",,158,38,justintiensmith/MT_State_Recognition_New,158,True,justintiensmith/MT_State_Recognition_200_OLD,158,Original 200
159,State Recognition,Move the closed glass spice container into the bowl.,Explicit seen-cell grounding,closed × glass spice container; two same-category candidates; non-queried axis controlled,state_glass_spice_container_closed_explicit,white-cup×upside-down; striped-cup×open; brown-cup×closed; spice-container×upright,No,Replace episode + assign prompt,Use MT_State_Recognition_New episode 159 (Original 200 / source episode 159) in place of the original VLA benchmark episode.,"glass spice container A (C, UR) [target]; glass spice container B (O, UR); white cup A (O, UR)",glass spice container A,Home,Move the closed glass spice container into the bowl.,,"Explicitly grounds closed with glass spice container using two same-category candidates. The non-queried state axis is held constant, so only one candidate satisfies the instruction.",,159,42,justintiensmith/MT_State_Recognition_New,159,True,justintiensmith/MT_State_Recognition_200_OLD,159,Original 200
160,State Recognition,Place the open glass spice container in the bowl.,Explicit seen-cell grounding,open × glass spice container; two same-category candidates; non-queried axis controlled,state_glass_spice_container_open_explicit,white-cup×upside-down; striped-cup×open; brown-cup×closed; spice-container×upright,No,Replace episode + assign prompt,Use MT_State_Recognition_New episode 160 (Original 200 / source episode 160) in place of the original VLA benchmark episode.,"glass spice container B (O, UR) [target]; glass spice container A (C, UR); yellow-white striped cup B (O, UR)",glass spice container B,Home,Place the open glass spice container in the bowl.,,"Explicitly grounds open with glass spice container using two same-category candidates. The non-queried state axis is held constant, so only one candidate satisfies the instruction.",,160,40,justintiensmith/MT_State_Recognition_New,160,True,justintiensmith/MT_State_Recognition_200_OLD,160,Original 200
161,State Recognition,Put a glass spice container in the bowl.,State-masked physical exposure,"direct category=glass spice container; physical state=C, UD; no state word",state_glass_spice_container_c_ud_masked,white-cup×upside-down; striped-cup×open; brown-cup×closed; spice-container×upright,No,Replace episode + assign prompt,Use MT_State_Recognition_New episode 161 (Additional 40 / source episode 31) in place of the original VLA benchmark episode.,"glass spice container A (C, UD) [target, P1]; White cup A (C, UD); yellow-white striped cup A (C, UR); Brown cup A (O, UD)",glass spice container A,Home,Put a glass spice container in the bowl.,,"Preserves glass spice container recognition and the recorded physical manipulation while omitting state language. Only one glass spice container appears, so this row cannot train state-based selection.",,161,43,justintiensmith/MT_State_Recognition_New,161,True,justintiensmith/MT_State_Recognition_40,31,Additional 40
162,State Recognition,Move the open glass spice container into the bowl.,Explicit seen-cell grounding,open × glass spice container; two same-category candidates; non-queried axis controlled,state_glass_spice_container_open_explicit,white-cup×upside-down; striped-cup×open; brown-cup×closed; spice-container×upright,No,Replace episode + assign prompt,Use MT_State_Recognition_New episode 162 (Original 200 / source episode 162) in place of the original VLA benchmark episode.,"glass spice container B (O, UR) [target]; glass spice container A (C, UR); white cup B (O, UR); yellow-white striped cup A (O, UR)",glass spice container B,Recovery,Move the open glass spice container into the bowl.,,"Explicitly grounds open with glass spice container using two same-category candidates. The non-queried state axis is held constant, so only one candidate satisfies the instruction.",,162,36,justintiensmith/MT_State_Recognition_New,162,True,justintiensmith/MT_State_Recognition_200_OLD,162,Original 200
163,State Recognition,Place the closed glass spice container in the bowl.,Explicit seen-cell grounding,closed × glass spice container; two same-category candidates; non-queried axis controlled,state_glass_spice_container_closed_explicit,white-cup×upside-down; striped-cup×open; brown-cup×closed; spice-container×upright,No,Replace episode + assign prompt,Use MT_State_Recognition_New episode 163 (Original 200 / source episode 163) in place of the original VLA benchmark episode.,"glass spice container A (C, UR) [target]; glass spice container B (O, UR); yellow-white striped cup A (O, UR); brown cup B (O, UR)",glass spice container A,Home,Place the closed glass spice container in the bowl.,,"Explicitly grounds closed with glass spice container using two same-category candidates. The non-queried state axis is held constant, so only one candidate satisfies the instruction.",,163,37,justintiensmith/MT_State_Recognition_New,163,True,justintiensmith/MT_State_Recognition_200_OLD,163,Original 200
164,State Recognition,Put a glass spice container in the bowl.,State-masked physical exposure,"direct category=glass spice container; physical state=O, UR; no state word",state_glass_spice_container_o_ur_masked,white-cup×upside-down; striped-cup×open; brown-cup×closed; spice-container×upright,No,Replace episode + assign prompt,Use MT_State_Recognition_New episode 164 (Original 200 / source episode 164) in place of the original VLA benchmark episode.,"glass spice container A (O, UR) [target]; white cup B (C, UR); yellow-white striped cup B (C, UR)",glass spice container A,Home,Put a glass spice container in the bowl.,Move the upright glass spice container into the bowl.,"Preserves glass spice container recognition and the recorded physical manipulation while omitting state language. Only one glass spice container appears, so this row cannot train state-based selection.",,164,43,justintiensmith/MT_State_Recognition_New,164,True,justintiensmith/MT_State_Recognition_200_OLD,164,Original 200
165,State Recognition,Move the open glass spice container into the bowl.,Explicit seen-cell grounding,open × glass spice container; two same-category candidates; non-queried axis controlled,state_glass_spice_container_open_explicit,white-cup×upside-down; striped-cup×open; brown-cup×closed; spice-container×upright,No,Replace episode + assign prompt,Use MT_State_Recognition_New episode 165 (Original 200 / source episode 165) in place of the original VLA benchmark episode.,"glass spice container B (O, UR) [target]; glass spice container A (C, UR); white cup A (O, UR); yellow-white striped cup B (C, UR)",glass spice container B,Home,Move the open glass spice container into the bowl.,,"Explicitly grounds open with glass spice container using two same-category candidates. The non-queried state axis is held constant, so only one candidate satisfies the instruction.",,165,36,justintiensmith/MT_State_Recognition_New,165,True,justintiensmith/MT_State_Recognition_200_OLD,165,Original 200
166,State Recognition,Place a glass spice container in the bowl.,State-masked physical exposure,"direct category=glass spice container; physical state=C, UR; no state word",state_glass_spice_container_c_ur_masked,white-cup×upside-down; striped-cup×open; brown-cup×closed; spice-container×upright,No,Replace episode + assign prompt,Use MT_State_Recognition_New episode 166 (Original 200 / source episode 166) in place of the original VLA benchmark episode.,"glass spice container A (C, UR) [target]; yellow-white striped cup B (O, UR); brown cup B (O, UR); white cup A (O, UR)",glass spice container A,Recovery,Place a glass spice container in the bowl.,Move the upright glass spice container into the bowl.,"Preserves glass spice container recognition and the recorded physical manipulation while omitting state language. Only one glass spice container appears, so this row cannot train state-based selection.",,166,41,justintiensmith/MT_State_Recognition_New,166,True,justintiensmith/MT_State_Recognition_200_OLD,166,Original 200
167,State Recognition,Put the closed glass spice container in the bowl.,Explicit seen-cell grounding,closed × glass spice container; two same-category candidates; non-queried axis controlled,state_glass_spice_container_closed_explicit,white-cup×upside-down; striped-cup×open; brown-cup×closed; spice-container×upright,No,Replace episode + assign prompt,Use MT_State_Recognition_New episode 167 (Original 200 / source episode 167) in place of the original VLA benchmark episode.,"glass spice container A (C, UR) [target]; glass spice container B (O, UR); brown cup A (C, UR)",glass spice container A,Home,Put the closed glass spice container in the bowl.,,"Explicitly grounds closed with glass spice container using two same-category candidates. The non-queried state axis is held constant, so only one candidate satisfies the instruction.",,167,38,justintiensmith/MT_State_Recognition_New,167,True,justintiensmith/MT_State_Recognition_200_OLD,167,Original 200
168,State Recognition,Move the open glass spice container into the bowl.,Explicit seen-cell grounding,open × glass spice container; two same-category candidates; non-queried axis controlled,state_glass_spice_container_open_explicit,white-cup×upside-down; striped-cup×open; brown-cup×closed; spice-container×upright,No,Replace episode + assign prompt,Use MT_State_Recognition_New episode 168 (Original 200 / source episode 168) in place of the original VLA benchmark episode.,"glass spice container B (O, UR) [target]; glass spice container A (C, UR); white cup B (C, UR)",glass spice container B,Home,Move the open glass spice container into the bowl.,,"Explicitly grounds open with glass spice container using two same-category candidates. The non-queried state axis is held constant, so only one candidate satisfies the instruction.",,168,36,justintiensmith/MT_State_Recognition_New,168,True,justintiensmith/MT_State_Recognition_200_OLD,168,Original 200
169,State Recognition,Place a glass spice container in the bowl.,State-masked physical exposure,"direct category=glass spice container; physical state=C, UR; no state word",state_glass_spice_container_c_ur_masked,white-cup×upside-down; striped-cup×open; brown-cup×closed; spice-container×upright,No,Replace episode + assign prompt,Use MT_State_Recognition_New episode 169 (Original 200 / source episode 169) in place of the original VLA benchmark episode.,"glass spice container B (C, UR) [target]; brown cup B (O, UR); white cup A (O, UR)",glass spice container B,Home,Place a glass spice container in the bowl.,Move the upright glass spice container into the bowl.,"Preserves glass spice container recognition and the recorded physical manipulation while omitting state language. Only one glass spice container appears, so this row cannot train state-based selection.",,169,41,justintiensmith/MT_State_Recognition_New,169,True,justintiensmith/MT_State_Recognition_200_OLD,169,Original 200
170,State Recognition,Put the open glass spice container in the bowl.,Explicit seen-cell grounding,open × glass spice container; two same-category candidates; non-queried axis controlled,state_glass_spice_container_open_explicit,white-cup×upside-down; striped-cup×open; brown-cup×closed; spice-container×upright,No,Replace episode + assign prompt,Use MT_State_Recognition_New episode 170 (Original 200 / source episode 170) in place of the original VLA benchmark episode.,"glass spice container A (O, UR) [target]; glass spice container B (C, UR); brown cup B (O, UR); white cup A (O, UR)",glass spice container A,Home,Put the open glass spice container in the bowl.,,"Explicitly grounds open with glass spice container using two same-category candidates. The non-queried state axis is held constant, so only one candidate satisfies the instruction.",,170,44,justintiensmith/MT_State_Recognition_New,170,True,justintiensmith/MT_State_Recognition_200_OLD,170,Original 200
171,State Recognition,Move the closed glass spice container into the bowl.,Explicit seen-cell grounding,closed × glass spice container; two same-category candidates; non-queried axis controlled,state_glass_spice_container_closed_explicit,white-cup×upside-down; striped-cup×open; brown-cup×closed; spice-container×upright,No,Replace episode + assign prompt,Use MT_State_Recognition_New episode 171 (Original 200 / source episode 171) in place of the original VLA benchmark episode.,"glass spice container A (C, UR) [target]; glass spice container B (O, UR); white cup A (O, UR); yellow-white striped cup B (O, UR)",glass spice container A,Recovery,Move the closed glass spice container into the bowl.,,"Explicitly grounds closed with glass spice container using two same-category candidates. The non-queried state axis is held constant, so only one candidate satisfies the instruction.",,171,42,justintiensmith/MT_State_Recognition_New,171,True,justintiensmith/MT_State_Recognition_200_OLD,171,Original 200
172,State Recognition,Place a glass spice container in the bowl.,State-masked physical exposure,"direct category=glass spice container; physical state=C, UR; no state word",state_glass_spice_container_c_ur_masked,white-cup×upside-down; striped-cup×open; brown-cup×closed; spice-container×upright,No,Replace episode + assign prompt,Use MT_State_Recognition_New episode 172 (Original 200 / source episode 172) in place of the original VLA benchmark episode.,"glass spice container B (C, UR) [target]; white cup A (O, UR); yellow-white striped cup A (O, UR); brown cup A (O, UR)",glass spice container B,Home,Place a glass spice container in the bowl.,Move the upright glass spice container into the bowl.,"Preserves glass spice container recognition and the recorded physical manipulation while omitting state language. Only one glass spice container appears, so this row cannot train state-based selection.",,172,41,justintiensmith/MT_State_Recognition_New,172,True,justintiensmith/MT_State_Recognition_200_OLD,172,Original 200
173,State Recognition,Put the open glass spice container in the bowl.,Explicit seen-cell grounding,open × glass spice container; two same-category candidates; non-queried axis controlled,state_glass_spice_container_open_explicit,white-cup×upside-down; striped-cup×open; brown-cup×closed; spice-container×upright,No,Replace episode + assign prompt,Use MT_State_Recognition_New episode 173 (Original 200 / source episode 173) in place of the original VLA benchmark episode.,"glass spice container A (O, UR) [target]; glass spice container B (C, UR); brown cup A (O, UR)",glass spice container A,Home,Put the open glass spice container in the bowl.,,"Explicitly grounds open with glass spice container using two same-category candidates. The non-queried state axis is held constant, so only one candidate satisfies the instruction.",,173,44,justintiensmith/MT_State_Recognition_New,173,True,justintiensmith/MT_State_Recognition_200_OLD,173,Original 200
174,State Recognition,Move the closed glass spice container into the bowl.,Explicit seen-cell grounding,closed × glass spice container; two same-category candidates; non-queried axis controlled,state_glass_spice_container_closed_explicit,white-cup×upside-down; striped-cup×open; brown-cup×closed; spice-container×upright,No,Replace episode + assign prompt,Use MT_State_Recognition_New episode 174 (Original 200 / source episode 174) in place of the original VLA benchmark episode.,"glass spice container B (C, UR) [target]; glass spice container A (O, UR); white cup B (C, UR)",glass spice container B,Home,Move the closed glass spice container into the bowl.,,"Explicitly grounds closed with glass spice container using two same-category candidates. The non-queried state axis is held constant, so only one candidate satisfies the instruction.",,174,42,justintiensmith/MT_State_Recognition_New,174,True,justintiensmith/MT_State_Recognition_200_OLD,174,Original 200
175,State Recognition,Place a glass spice container in the bowl.,State-masked physical exposure,"direct category=glass spice container; physical state=C, UD; no state word",state_glass_spice_container_c_ud_masked,white-cup×upside-down; striped-cup×open; brown-cup×closed; spice-container×upright,No,Replace episode + assign prompt,Use MT_State_Recognition_New episode 175 (Original 200 / source episode 175) in place of the original VLA benchmark episode.,"glass spice container B (C, UD) [target]; brown cup B (C, UR); white cup A (O, UR); yellow-white striped cup A (C, UR)",glass spice container B,Home,Place a glass spice container in the bowl.,,"Preserves glass spice container recognition and the recorded physical manipulation while omitting state language. Only one glass spice container appears, so this row cannot train state-based selection.",,175,41,justintiensmith/MT_State_Recognition_New,175,True,justintiensmith/MT_State_Recognition_200_OLD,175,Original 200
176,State Recognition,Put the upside-down glass spice container in the bowl.,Explicit seen-cell grounding,upside-down × glass spice container; two same-category candidates; non-queried axis controlled,state_glass_spice_container_upside_down_explicit,white-cup×upside-down; striped-cup×open; brown-cup×closed; spice-container×upright,No,Replace episode + assign prompt,Use MT_State_Recognition_New episode 176 (New Recollection 20 / source episode 17) in place of the original VLA benchmark episode.,"glass spice container B (C, UD) [target, P2]; glass spice container A (C, UR) [same-category counterfactual, P4]",glass spice container B,Home,Put the upside-down glass spice container in the bowl.,,"Explicitly grounds upside-down with glass spice container using two same-category candidates. The non-queried state axis is held constant, so only one candidate satisfies the instruction.",,176,45,justintiensmith/MT_State_Recognition_New,176,True,justintiensmith/MT_State_Recognition_20,17,New Recollection 20
177,State Recognition,Move the upside-down glass spice container into the bowl.,Explicit seen-cell grounding,upside-down × glass spice container; two same-category candidates; non-queried axis controlled,state_glass_spice_container_upside_down_explicit,white-cup×upside-down; striped-cup×open; brown-cup×closed; spice-container×upright,No,Replace episode + assign prompt,Use MT_State_Recognition_New episode 177 (Original 200 / source episode 177) in place of the original VLA benchmark episode.,"glass spice container A (C, UD) [target]; glass spice container B (C, UR); yellow-white striped cup A (C, UD); brown cup B (O, UR)",glass spice container A,Recovery,Move the upside-down glass spice container into the bowl.,,"Explicitly grounds upside-down with glass spice container using two same-category candidates. The non-queried state axis is held constant, so only one candidate satisfies the instruction.",,177,46,justintiensmith/MT_State_Recognition_New,177,True,justintiensmith/MT_State_Recognition_200_OLD,177,Original 200
178,State Recognition,Place a glass spice container in the bowl.,State-masked physical exposure,"direct category=glass spice container; physical state=O, UR; no state word",state_glass_spice_container_o_ur_masked,white-cup×upside-down; striped-cup×open; brown-cup×closed; spice-container×upright,No,Replace episode + assign prompt,Use MT_State_Recognition_New episode 178 (Original 200 / source episode 178) in place of the original VLA benchmark episode.,"glass spice container A (O, UR) [target]; white cup A (C, UD); yellow-white striped cup A (O, UD); brown cup A (C, UD)",glass spice container A,Home,Place a glass spice container in the bowl.,Move the upright glass spice container into the bowl.,"Preserves glass spice container recognition and the recorded physical manipulation while omitting state language. Only one glass spice container appears, so this row cannot train state-based selection.",,178,41,justintiensmith/MT_State_Recognition_New,178,True,justintiensmith/MT_State_Recognition_200_OLD,178,Original 200
179,State Recognition,Put a glass spice container in the bowl.,State-masked physical exposure,"direct category=glass spice container; physical state=C, UR; no state word",state_glass_spice_container_c_ur_masked,white-cup×upside-down; striped-cup×open; brown-cup×closed; spice-container×upright,No,Replace episode + assign prompt,Use MT_State_Recognition_New episode 179 (Original 200 / source episode 179) in place of the original VLA benchmark episode.,"glass spice container B (C, UR) [target]; yellow-white striped cup A (C, UD); brown cup A (O, UD); white cup B (C, UD)",glass spice container B,Home,Put a glass spice container in the bowl.,Move the upright glass spice container into the bowl.,"Preserves glass spice container recognition and the recorded physical manipulation while omitting state language. Only one glass spice container appears, so this row cannot train state-based selection.",,179,43,justintiensmith/MT_State_Recognition_New,179,True,justintiensmith/MT_State_Recognition_200_OLD,179,Original 200
180,State Recognition,Move a glass spice container into the bowl.,State-masked physical exposure,"direct category=glass spice container; physical state=C, UD; no state word",state_glass_spice_container_c_ud_masked,white-cup×upside-down; striped-cup×open; brown-cup×closed; spice-container×upright,No,Replace episode + assign prompt,Use MT_State_Recognition_New episode 180 (Additional 40 / source episode 32) in place of the original VLA benchmark episode.,"glass spice container B (C, UD) [target, P2]; White cup B (O, UR); yellow-white striped cup A (C, UD); Brown cup B (O, UR)",glass spice container B,Recovery,Move a glass spice container into the bowl.,,"Preserves glass spice container recognition and the recorded physical manipulation while omitting state language. Only one glass spice container appears, so this row cannot train state-based selection.",,180,39,justintiensmith/MT_State_Recognition_New,180,True,justintiensmith/MT_State_Recognition_40,32,Additional 40
181,State Recognition,Place the upside-down glass spice container in the bowl.,Explicit seen-cell grounding,upside-down × glass spice container; two same-category candidates; non-queried axis controlled,state_glass_spice_container_upside_down_explicit,white-cup×upside-down; striped-cup×open; brown-cup×closed; spice-container×upright,No,Replace episode + assign prompt,Use MT_State_Recognition_New episode 181 (Original 200 / source episode 181) in place of the original VLA benchmark episode.,"glass spice container A (C, UD) [target]; glass spice container B (C, UR); brown cup A (C, UD); white cup B (O, UR)",glass spice container A,Home,Place the upside-down glass spice container in the bowl.,,"Explicitly grounds upside-down with glass spice container using two same-category candidates. The non-queried state axis is held constant, so only one candidate satisfies the instruction.",,181,47,justintiensmith/MT_State_Recognition_New,181,True,justintiensmith/MT_State_Recognition_200_OLD,181,Original 200
182,State Recognition,Put a glass spice container in the bowl.,State-masked physical exposure,"direct category=glass spice container; physical state=C, UR; no state word",state_glass_spice_container_c_ur_masked,white-cup×upside-down; striped-cup×open; brown-cup×closed; spice-container×upright,No,Replace episode + assign prompt,Use MT_State_Recognition_New episode 182 (Replacement 61 / source episode 55) in place of the original VLA benchmark episode.,"glass spice container B (C, UR) [target, P4]; white cup B (O, UD) — P2; yellow-white striped cup A (C, UR) — P3; brown cup B (O, UR) — P1",glass spice container B,Recovery,Put a glass spice container in the bowl.,Move the upright glass spice container into the bowl.,"Preserves glass spice container recognition and the recorded physical manipulation while omitting state language. Only one glass spice container appears, so this row cannot train state-based selection.",,182,43,justintiensmith/MT_State_Recognition_New,182,True,justintiensmith/SP_State_Recognition_61,55,Replacement 61
183,State Recognition,Move a glass spice container into the bowl.,State-masked physical exposure,"direct category=glass spice container; physical state=O, UR; no state word",state_glass_spice_container_o_ur_masked,white-cup×upside-down; striped-cup×open; brown-cup×closed; spice-container×upright,No,Replace episode + assign prompt,Use MT_State_Recognition_New episode 183 (Additional 40 / source episode 36) in place of the original VLA benchmark episode.,"glass spice container B (O, UR) [target, P2]; White cup B (C, UR); yellow-white striped cup B (O, UD); Brown cup A (C, UD)",glass spice container B,Home,Move a glass spice container into the bowl.,Move the upright glass spice container into the bowl.,"Preserves glass spice container recognition and the recorded physical manipulation while omitting state language. Only one glass spice container appears, so this row cannot train state-based selection.",,183,39,justintiensmith/MT_State_Recognition_New,183,True,justintiensmith/MT_State_Recognition_40,36,Additional 40
184,State Recognition,Place the upside-down glass spice container in the bowl.,Explicit seen-cell grounding,upside-down × glass spice container; two same-category candidates; non-queried axis controlled,state_glass_spice_container_upside_down_explicit,white-cup×upside-down; striped-cup×open; brown-cup×closed; spice-container×upright,No,Replace episode + assign prompt,Use MT_State_Recognition_New episode 184 (New Recollection 20 / source episode 18) in place of the original VLA benchmark episode.,"glass spice container B (O, UD) [target, P3]; glass spice container A (O, UR) [same-category counterfactual, P1]; white cup A (O, UD) [P2]",glass spice container B,Home,Place the upside-down glass spice container in the bowl.,,"Explicitly grounds upside-down with glass spice container using two same-category candidates. The non-queried state axis is held constant, so only one candidate satisfies the instruction.",,184,47,justintiensmith/MT_State_Recognition_New,184,True,justintiensmith/MT_State_Recognition_20,18,New Recollection 20
185,State Recognition,Put a glass spice container in the bowl.,State-masked physical exposure,"direct category=glass spice container; physical state=C, UD; no state word",state_glass_spice_container_c_ud_masked,white-cup×upside-down; striped-cup×open; brown-cup×closed; spice-container×upright,No,Replace episode + assign prompt,Use MT_State_Recognition_New episode 185 (Replacement 61 / source episode 57) in place of the original VLA benchmark episode.,"glass spice container A (C, UD) [target, P2]; white cup B (O, UR) — P1; yellow-white striped cup A (C, UD) — P3; brown cup B (O, UD) — P4",glass spice container A,Home,Put a glass spice container in the bowl.,,"Preserves glass spice container recognition and the recorded physical manipulation while omitting state language. Only one glass spice container appears, so this row cannot train state-based selection.",,185,43,justintiensmith/MT_State_Recognition_New,185,True,justintiensmith/SP_State_Recognition_61,57,Replacement 61
186,State Recognition,Move the upside-down glass spice container into the bowl.,Explicit seen-cell grounding,upside-down × glass spice container; two same-category candidates; non-queried axis controlled,state_glass_spice_container_upside_down_explicit,white-cup×upside-down; striped-cup×open; brown-cup×closed; spice-container×upright,No,Replace episode + assign prompt,Use MT_State_Recognition_New episode 186 (Original 200 / source episode 186) in place of the original VLA benchmark episode.,"glass spice container A (O, UD) [target]; glass spice container B (O, UR); yellow-white striped cup B (C, UD); brown cup A (O, UD)",glass spice container A,Home,Move the upside-down glass spice container into the bowl.,,"Explicitly grounds upside-down with glass spice container using two same-category candidates. The non-queried state axis is held constant, so only one candidate satisfies the instruction.",,186,46,justintiensmith/MT_State_Recognition_New,186,True,justintiensmith/MT_State_Recognition_200_OLD,186,Original 200
187,State Recognition,Place the upside-down glass spice container in the bowl.,Explicit seen-cell grounding,upside-down × glass spice container; two same-category candidates; non-queried axis controlled,state_glass_spice_container_upside_down_explicit,white-cup×upside-down; striped-cup×open; brown-cup×closed; spice-container×upright,No,Replace episode + assign prompt,Use MT_State_Recognition_New episode 187 (New Recollection 20 / source episode 19) in place of the original VLA benchmark episode.,"glass spice container B (C, UD) [target, P4]; glass spice container A (C, UR) [same-category counterfactual, P2]; yellow-white striped cup B (C, UD) [P1]; brown cup A (O, UR) [P3]",glass spice container B,Home,Place the upside-down glass spice container in the bowl.,,"Explicitly grounds upside-down with glass spice container using two same-category candidates. The non-queried state axis is held constant, so only one candidate satisfies the instruction.",,187,47,justintiensmith/MT_State_Recognition_New,187,True,justintiensmith/MT_State_Recognition_20,19,New Recollection 20
188,State Recognition,Put a glass spice container in the bowl.,State-masked physical exposure,"direct category=glass spice container; physical state=O, UD; no state word",state_glass_spice_container_o_ud_masked,white-cup×upside-down; striped-cup×open; brown-cup×closed; spice-container×upright,No,Replace episode + assign prompt,Use MT_State_Recognition_New episode 188 (Replacement 61 / source episode 46) in place of the original VLA benchmark episode.,"glass spice container B (O, UD) [target, P3]; white cup A (C, UR) — P2; yellow-white striped cup B (O, UR) — P4; brown cup A (C, UD) — P1",glass spice container B,Home,Put a glass spice container in the bowl.,,"Preserves glass spice container recognition and the recorded physical manipulation while omitting state language. Only one glass spice container appears, so this row cannot train state-based selection.",,188,43,justintiensmith/MT_State_Recognition_New,188,True,justintiensmith/SP_State_Recognition_61,46,Replacement 61
189,State Recognition,Move the upside-down glass spice container into the bowl.,Explicit seen-cell grounding,upside-down × glass spice container; two same-category candidates; non-queried axis controlled,state_glass_spice_container_upside_down_explicit,white-cup×upside-down; striped-cup×open; brown-cup×closed; spice-container×upright,No,Replace episode + assign prompt,Use MT_State_Recognition_New episode 189 (Original 200 / source episode 189) in place of the original VLA benchmark episode.,"glass spice container A (C, UD) [target]; glass spice container B (C, UR); yellow-white striped cup A (C, UD)",glass spice container A,Home,Move the upside-down glass spice container into the bowl.,,"Explicitly grounds upside-down with glass spice container using two same-category candidates. The non-queried state axis is held constant, so only one candidate satisfies the instruction.",,189,46,justintiensmith/MT_State_Recognition_New,189,True,justintiensmith/MT_State_Recognition_200_OLD,189,Original 200
190,State Recognition,Place the upside-down glass spice container in the bowl.,Explicit seen-cell grounding,upside-down × glass spice container; two same-category candidates; non-queried axis controlled,state_glass_spice_container_upside_down_explicit,white-cup×upside-down; striped-cup×open; brown-cup×closed; spice-container×upright,No,Replace episode + assign prompt,Use MT_State_Recognition_New episode 190 (Original 200 / source episode 190) in place of the original VLA benchmark episode.,"glass spice container B (O, UD) [target]; glass spice container A (O, UR); brown cup B (C, UD); white cup A (O, UD)",glass spice container B,Home,Place the upside-down glass spice container in the bowl.,,"Explicitly grounds upside-down with glass spice container using two same-category candidates. The non-queried state axis is held constant, so only one candidate satisfies the instruction.",,190,47,justintiensmith/MT_State_Recognition_New,190,True,justintiensmith/MT_State_Recognition_200_OLD,190,Original 200
191,State Recognition,Put a glass spice container in the bowl.,State-masked physical exposure,"direct category=glass spice container; physical state=C, UR; no state word",state_glass_spice_container_c_ur_masked,white-cup×upside-down; striped-cup×open; brown-cup×closed; spice-container×upright,No,Replace episode + assign prompt,Use MT_State_Recognition_New episode 191 (Original 200 / source episode 191) in place of the original VLA benchmark episode.,"glass spice container A (C, UR) [target]; brown cup A (O, UD); white cup B (C, UD)",glass spice container A,Home,Put a glass spice container in the bowl.,Move the upright glass spice container into the bowl.,"Preserves glass spice container recognition and the recorded physical manipulation while omitting state language. Only one glass spice container appears, so this row cannot train state-based selection.",,191,43,justintiensmith/MT_State_Recognition_New,191,True,justintiensmith/MT_State_Recognition_200_OLD,191,Original 200
192,State Recognition,Move a glass spice container into the bowl.,State-masked physical exposure,"direct category=glass spice container; physical state=C, UD; no state word",state_glass_spice_container_c_ud_masked,white-cup×upside-down; striped-cup×open; brown-cup×closed; spice-container×upright,No,Replace episode + assign prompt,Use MT_State_Recognition_New episode 192 (Replacement 61 / source episode 49) in place of the original VLA benchmark episode.,"glass spice container B (C, UD) [target, P2]; white cup B (O, UR) — P3; yellow-white striped cup A (C, UD) — P4; brown cup B (O, UD) — P1",glass spice container B,Home,Move a glass spice container into the bowl.,,"Preserves glass spice container recognition and the recorded physical manipulation while omitting state language. Only one glass spice container appears, so this row cannot train state-based selection.",,192,39,justintiensmith/MT_State_Recognition_New,192,True,justintiensmith/SP_State_Recognition_61,49,Replacement 61
193,State Recognition,Place a glass spice container in the bowl.,State-masked physical exposure,"direct category=glass spice container; physical state=C, UR; no state word",state_glass_spice_container_c_ur_masked,white-cup×upside-down; striped-cup×open; brown-cup×closed; spice-container×upright,No,Replace episode + assign prompt,Use MT_State_Recognition_New episode 193 (Original 200 / source episode 193) in place of the original VLA benchmark episode.,"glass spice container A (C, UR) [target]; white cup B (C, UD); yellow-white striped cup B (O, UD)",glass spice container A,Recovery,Place a glass spice container in the bowl.,Move the upright glass spice container into the bowl.,"Preserves glass spice container recognition and the recorded physical manipulation while omitting state language. Only one glass spice container appears, so this row cannot train state-based selection.",,193,41,justintiensmith/MT_State_Recognition_New,193,True,justintiensmith/MT_State_Recognition_200_OLD,193,Original 200
194,State Recognition,Put a glass spice container in the bowl.,State-masked physical exposure,"direct category=glass spice container; physical state=O, UD; no state word",state_glass_spice_container_o_ud_masked,white-cup×upside-down; striped-cup×open; brown-cup×closed; spice-container×upright,No,Replace episode + assign prompt,Use MT_State_Recognition_New episode 194 (Additional 40 / source episode 38) in place of the original VLA benchmark episode.,"glass spice container B (O, UD) [target, P4]; White cup B (O, UD); yellow-white striped cup A (O, UD); Brown cup A (C, UR)",glass spice container B,Home,Put a glass spice container in the bowl.,,"Preserves glass spice container recognition and the recorded physical manipulation while omitting state language. Only one glass spice container appears, so this row cannot train state-based selection.",,194,43,justintiensmith/MT_State_Recognition_New,194,True,justintiensmith/MT_State_Recognition_40,38,Additional 40
195,State Recognition,Move a glass spice container into the bowl.,State-masked physical exposure,"direct category=glass spice container; physical state=O, UD; no state word",state_glass_spice_container_o_ud_masked,white-cup×upside-down; striped-cup×open; brown-cup×closed; spice-container×upright,No,Replace episode + assign prompt,Use MT_State_Recognition_New episode 195 (Additional 40 / source episode 39) in place of the original VLA benchmark episode.,"glass spice container A (O, UD) [target, P1]; White cup A (O, UR); yellow-white striped cup B (C, UD); Brown cup A (O, UR)",glass spice container A,Home,Move a glass spice container into the bowl.,,"Preserves glass spice container recognition and the recorded physical manipulation while omitting state language. Only one glass spice container appears, so this row cannot train state-based selection.",,195,39,justintiensmith/MT_State_Recognition_New,195,True,justintiensmith/MT_State_Recognition_40,39,Additional 40
196,State Recognition,Place a glass spice container in the bowl.,State-masked physical exposure,"direct category=glass spice container; physical state=O, UD; no state word",state_glass_spice_container_o_ud_masked,white-cup×upside-down; striped-cup×open; brown-cup×closed; spice-container×upright,No,Replace episode + assign prompt,Use MT_State_Recognition_New episode 196 (Original 200 / source episode 196) in place of the original VLA benchmark episode.,"glass spice container A (O, UD) [target]; yellow-white striped cup B (C, UR); brown cup B (O, UR)",glass spice container A,Home,Place a glass spice container in the bowl.,,"Preserves glass spice container recognition and the recorded physical manipulation while omitting state language. Only one glass spice container appears, so this row cannot train state-based selection.",,196,41,justintiensmith/MT_State_Recognition_New,196,True,justintiensmith/MT_State_Recognition_200_OLD,196,Original 200
197,State Recognition,Put a glass spice container in the bowl.,State-masked physical exposure,"direct category=glass spice container; physical state=O, UR; no state word",state_glass_spice_container_o_ur_masked,white-cup×upside-down; striped-cup×open; brown-cup×closed; spice-container×upright,No,Replace episode + assign prompt,Use MT_State_Recognition_New episode 197 (Replacement 61 / source episode 60) in place of the original VLA benchmark episode.,"glass spice container B (O, UR) [target, P1]; white cup A (C, UD) — P2; yellow-white striped cup B (O, UD) — P3; brown cup A (C, UR) — P4",glass spice container B,Home,Put a glass spice container in the bowl.,Move the upright glass spice container into the bowl.,"Preserves glass spice container recognition and the recorded physical manipulation while omitting state language. Only one glass spice container appears, so this row cannot train state-based selection.",,197,43,justintiensmith/MT_State_Recognition_New,197,True,justintiensmith/SP_State_Recognition_61,60,Replacement 61
198,State Recognition,Move a glass spice container into the bowl.,State-masked physical exposure,"direct category=glass spice container; physical state=O, UD; no state word",state_glass_spice_container_o_ud_masked,white-cup×upside-down; striped-cup×open; brown-cup×closed; spice-container×upright,No,Replace episode + assign prompt,Use MT_State_Recognition_New episode 198 (Replacement 61 / source episode 50) in place of the original VLA benchmark episode.,"glass spice container A (O, UD) [target, P3]; white cup A (C, UR) — P4; yellow-white striped cup B (O, UR) — P1; brown cup A (C, UD) — P2",glass spice container A,Home,Move a glass spice container into the bowl.,,"Preserves glass spice container recognition and the recorded physical manipulation while omitting state language. Only one glass spice container appears, so this row cannot train state-based selection.",,198,39,justintiensmith/MT_State_Recognition_New,198,True,justintiensmith/SP_State_Recognition_61,50,Replacement 61
199,State Recognition,Place a glass spice container in the bowl.,State-masked physical exposure,"direct category=glass spice container; physical state=C, UD; no state word",state_glass_spice_container_c_ud_masked,white-cup×upside-down; striped-cup×open; brown-cup×closed; spice-container×upright,No,Replace episode + assign prompt,Use MT_State_Recognition_New episode 199 (Replacement 61 / source episode 53) in place of the original VLA benchmark episode.,"glass spice container A (C, UD) [target, P2]; white cup B (O, UR) — P4; yellow-white striped cup A (C, UD) — P1; brown cup B (O, UD) — P3",glass spice container A,Home,Place a glass spice container in the bowl.,,"Preserves glass spice container recognition and the recorded physical manipulation while omitting state language. Only one glass spice container appears, so this row cannot train state-based selection.",,199,41,justintiensmith/MT_State_Recognition_New,199,True,justintiensmith/SP_State_Recognition_61,53,Replacement 61
200,Relational Placement,Move the green pen near the red block.,Masked unordered-pair composition,near / beside / next to with the green-pen/red-block pair,relational_green_pen_red_block_direction_masked,direction × ordered green-pen/red-block target/reference role,No,Keep prompt,No prompt change required under the missing-cell design.,"green pen, red block",green pen,Home,Move the green pen near the red block.,Place the green pen in front of the red block.,"The green pen and red block are both named and manipulated with a familiar near relation, while directional language is withheld for this ordered pair.",,200,48,justintiensmith/VLA_Benchmark_Prompted_1200,200,False,justintiensmith/VLA_Benchmark_Prompted_1200,200,
201,Relational Placement,Place the green pen next to the red block.,Masked unordered-pair composition,near / beside / next to with the green-pen/red-block pair,relational_green_pen_red_block_direction_masked,direction × ordered green-pen/red-block target/reference role,No,Keep prompt,No prompt change required under the missing-cell design.,"green pen, red block, pink marker",green pen,Home,Place the green pen next to the red block.,Place the green pen in front of the red block.,"The green pen and red block are both named and manipulated with a familiar near relation, while directional language is withheld for this ordered pair.",,201,49,justintiensmith/VLA_Benchmark_Prompted_1200,201,False,justintiensmith/VLA_Benchmark_Prompted_1200,201,
202,Relational Placement,Put the green pen beside the red block.,Masked unordered-pair composition,near / beside / next to with the green-pen/red-block pair,relational_green_pen_red_block_direction_masked,direction × ordered green-pen/red-block target/reference role,No,Keep prompt,No prompt change required under the missing-cell design.,"green pen, red block, pink marker, blue block",green pen,Home,Put the green pen beside the red block.,Place the green pen in front of the red block.,"The green pen and red block are both named and manipulated with a familiar near relation, while directional language is withheld for this ordered pair.",,202,50,justintiensmith/VLA_Benchmark_Prompted_1200,202,False,justintiensmith/VLA_Benchmark_Prompted_1200,202,
203,Relational Placement,Move the green pen near the red block.,Masked unordered-pair composition,near / beside / next to with the green-pen/red-block pair,relational_green_pen_red_block_direction_masked,direction × ordered green-pen/red-block target/reference role,No,Keep prompt,No prompt change required under the missing-cell design.,"green pen, red block, blue block",green pen,Recovery,Move the green pen near the red block.,Place the green pen in front of the red block.,"The green pen and red block are both named and manipulated with a familiar near relation, while directional language is withheld for this ordered pair.",,203,48,justintiensmith/VLA_Benchmark_Prompted_1200,203,False,justintiensmith/VLA_Benchmark_Prompted_1200,203,
204,Relational Placement,Move the green pen to the front of the pink marker.,Explicit spatial-relation grounding,left / right / front / behind with other ordered object pairs,relational_direction_explicit_other_pair,direction × ordered green-pen/red-block target/reference role,No,Keep prompt,No prompt change required under the missing-cell design.,"green pen, pink marker",green pen,Home,Move the green pen to the front of the pink marker.,,Directional concepts are explicitly grounded on other ordered object pairs.,,204,51,justintiensmith/VLA_Benchmark_Prompted_1200,204,False,justintiensmith/VLA_Benchmark_Prompted_1200,204,
205,Relational Placement,Put the green pen on the table in front of the pink marker.,Explicit spatial-relation grounding,left / right / front / behind with other ordered object pairs,relational_direction_explicit_other_pair,direction × ordered green-pen/red-block target/reference role,No,Keep prompt,No prompt change required under the missing-cell design.,"green pen, pink marker, red block",green pen,Home,Put the green pen on the table in front of the pink marker.,,Directional concepts are explicitly grounded on other ordered object pairs.,,205,52,justintiensmith/VLA_Benchmark_Prompted_1200,205,False,justintiensmith/VLA_Benchmark_Prompted_1200,205,
206,Relational Placement,Put the green pen on the table in front of the pink marker.,Explicit spatial-relation grounding,left / right / front / behind with other ordered object pairs,relational_direction_explicit_other_pair,direction × ordered green-pen/red-block target/reference role,No,Keep prompt,No prompt change required under the missing-cell design.,"green pen, red block, pink marker, blue block",green pen,Home,Put the green pen on the table in front of the pink marker.,,Directional concepts are explicitly grounded on other ordered object pairs.,,206,52,justintiensmith/VLA_Benchmark_Prompted_1200,206,False,justintiensmith/VLA_Benchmark_Prompted_1200,206,
207,Relational Placement,Place the green pen in front of the pink marker.,Explicit spatial-relation grounding,left / right / front / behind with other ordered object pairs,relational_direction_explicit_other_pair,direction × ordered green-pen/red-block target/reference role,No,Keep prompt,No prompt change required under the missing-cell design.,"green pen, pink marker, blue block",green pen,Recovery,Place the green pen in front of the pink marker.,,Directional concepts are explicitly grounded on other ordered object pairs.,,207,53,justintiensmith/VLA_Benchmark_Prompted_1200,207,False,justintiensmith/VLA_Benchmark_Prompted_1200,207,
208,Relational Placement,Move the green pen to the front of the blue block.,Explicit spatial-relation grounding,left / right / front / behind with other ordered object pairs,relational_direction_explicit_other_pair,direction × ordered green-pen/red-block target/reference role,No,Keep prompt,No prompt change required under the missing-cell design.,"green pen, blue block",green pen,Home,Move the green pen to the front of the blue block.,,Directional concepts are explicitly grounded on other ordered object pairs.,,208,54,justintiensmith/VLA_Benchmark_Prompted_1200,208,False,justintiensmith/VLA_Benchmark_Prompted_1200,208,
209,Relational Placement,Put the green pen on the table in front of the blue block.,Explicit spatial-relation grounding,left / right / front / behind with other ordered object pairs,relational_direction_explicit_other_pair,direction × ordered green-pen/red-block target/reference role,No,Keep prompt,No prompt change required under the missing-cell design.,"green pen, blue block, red block",green pen,Home,Put the green pen on the table in front of the blue block.,,Directional concepts are explicitly grounded on other ordered object pairs.,,209,55,justintiensmith/VLA_Benchmark_Prompted_1200,209,False,justintiensmith/VLA_Benchmark_Prompted_1200,209,
210,Relational Placement,Place the green pen in front of the blue block.,Explicit spatial-relation grounding,left / right / front / behind with other ordered object pairs,relational_direction_explicit_other_pair,direction × ordered green-pen/red-block target/reference role,No,Keep prompt,No prompt change required under the missing-cell design.,"green pen, red block, pink marker, blue block",green pen,Home,Place the green pen in front of the blue block.,,Directional concepts are explicitly grounded on other ordered object pairs.,,210,56,justintiensmith/VLA_Benchmark_Prompted_1200,210,False,justintiensmith/VLA_Benchmark_Prompted_1200,210,
211,Relational Placement,Place the green pen in front of the blue block.,Explicit spatial-relation grounding,left / right / front / behind with other ordered object pairs,relational_direction_explicit_other_pair,direction × ordered green-pen/red-block target/reference role,No,Keep prompt,No prompt change required under the missing-cell design.,"green pen, blue block, pink marker",green pen,Home,Place the green pen in front of the blue block.,,Directional concepts are explicitly grounded on other ordered object pairs.,,211,56,justintiensmith/VLA_Benchmark_Prompted_1200,211,False,justintiensmith/VLA_Benchmark_Prompted_1200,211,
212,Relational Placement,Move the green pen near the red block.,Masked unordered-pair composition,near / beside / next to with the green-pen/red-block pair,relational_green_pen_red_block_direction_masked,direction × ordered green-pen/red-block target/reference role,No,Keep prompt,No prompt change required under the missing-cell design.,"green pen, red block",green pen,Home,Move the green pen near the red block.,Place the green pen behind the red block.,"The green pen and red block are both named and manipulated with a familiar near relation, while directional language is withheld for this ordered pair.",,212,48,justintiensmith/VLA_Benchmark_Prompted_1200,212,False,justintiensmith/VLA_Benchmark_Prompted_1200,212,
213,Relational Placement,Place the green pen next to the red block.,Masked unordered-pair composition,near / beside / next to with the green-pen/red-block pair,relational_green_pen_red_block_direction_masked,direction × ordered green-pen/red-block target/reference role,No,Keep prompt,No prompt change required under the missing-cell design.,"green pen, red block, pink marker",green pen,Home,Place the green pen next to the red block.,Place the green pen behind the red block.,"The green pen and red block are both named and manipulated with a familiar near relation, while directional language is withheld for this ordered pair.",,213,49,justintiensmith/VLA_Benchmark_Prompted_1200,213,False,justintiensmith/VLA_Benchmark_Prompted_1200,213,
214,Relational Placement,Put the green pen beside the red block.,Masked unordered-pair composition,near / beside / next to with the green-pen/red-block pair,relational_green_pen_red_block_direction_masked,direction × ordered green-pen/red-block target/reference role,No,Keep prompt,No prompt change required under the missing-cell design.,"green pen, red block, pink marker, blue block",green pen,Home,Put the green pen beside the red block.,Place the green pen behind the red block.,"The green pen and red block are both named and manipulated with a familiar near relation, while directional language is withheld for this ordered pair.",,214,50,justintiensmith/VLA_Benchmark_Prompted_1200,214,False,justintiensmith/VLA_Benchmark_Prompted_1200,214,
215,Relational Placement,Move the green pen near the red block.,Masked unordered-pair composition,near / beside / next to with the green-pen/red-block pair,relational_green_pen_red_block_direction_masked,direction × ordered green-pen/red-block target/reference role,No,Keep prompt,No prompt change required under the missing-cell design.,"green pen, red block, blue block",green pen,Recovery,Move the green pen near the red block.,Place the green pen behind the red block.,"The green pen and red block are both named and manipulated with a familiar near relation, while directional language is withheld for this ordered pair.",,215,48,justintiensmith/VLA_Benchmark_Prompted_1200,215,False,justintiensmith/VLA_Benchmark_Prompted_1200,215,
216,Relational Placement,Place the green pen next to the red block.,Masked unordered-pair composition,near / beside / next to with the green-pen/red-block pair,relational_green_pen_red_block_direction_masked,direction × ordered green-pen/red-block target/reference role,No,Keep prompt,No prompt change required under the missing-cell design.,"green pen, red block, pink marker, blue block",green pen,Home,Place the green pen next to the red block.,Place the green pen behind the red block.,"The green pen and red block are both named and manipulated with a familiar near relation, while directional language is withheld for this ordered pair.",,216,49,justintiensmith/VLA_Benchmark_Prompted_1200,216,False,justintiensmith/VLA_Benchmark_Prompted_1200,216,
217,Relational Placement,Move the green pen to the back of the pink marker.,Explicit spatial-relation grounding,left / right / front / behind with other ordered object pairs,relational_direction_explicit_other_pair,direction × ordered green-pen/red-block target/reference role,No,Keep prompt,No prompt change required under the missing-cell design.,"green pen, pink marker",green pen,Home,Move the green pen to the back of the pink marker.,,Directional concepts are explicitly grounded on other ordered object pairs.,,217,57,justintiensmith/VLA_Benchmark_Prompted_1200,217,False,justintiensmith/VLA_Benchmark_Prompted_1200,217,
218,Relational Placement,Place the green pen behind the pink marker.,Explicit spatial-relation grounding,left / right / front / behind with other ordered object pairs,relational_direction_explicit_other_pair,direction × ordered green-pen/red-block target/reference role,No,Keep prompt,No prompt change required under the missing-cell design.,"green pen, pink marker, red block",green pen,Home,Place the green pen behind the pink marker.,,Directional concepts are explicitly grounded on other ordered object pairs.,,218,58,justintiensmith/VLA_Benchmark_Prompted_1200,218,False,justintiensmith/VLA_Benchmark_Prompted_1200,218,
219,Relational Placement,Place the green pen behind the pink marker.,Explicit spatial-relation grounding,left / right / front / behind with other ordered object pairs,relational_direction_explicit_other_pair,direction × ordered green-pen/red-block target/reference role,No,Keep prompt,No prompt change required under the missing-cell design.,"green pen, red block, pink marker, blue block",green pen,Home,Place the green pen behind the pink marker.,,Directional concepts are explicitly grounded on other ordered object pairs.,,219,58,justintiensmith/VLA_Benchmark_Prompted_1200,219,False,justintiensmith/VLA_Benchmark_Prompted_1200,219,
220,Relational Placement,Place the green pen behind the pink marker.,Explicit spatial-relation grounding,left / right / front / behind with other ordered object pairs,relational_direction_explicit_other_pair,direction × ordered green-pen/red-block target/reference role,No,Keep prompt,No prompt change required under the missing-cell design.,"green pen, pink marker, blue block",green pen,Recovery,Place the green pen behind the pink marker.,,Directional concepts are explicitly grounded on other ordered object pairs.,,220,58,justintiensmith/VLA_Benchmark_Prompted_1200,220,False,justintiensmith/VLA_Benchmark_Prompted_1200,220,
221,Relational Placement,Move the green pen to the back of the blue block.,Explicit spatial-relation grounding,left / right / front / behind with other ordered object pairs,relational_direction_explicit_other_pair,direction × ordered green-pen/red-block target/reference role,No,Keep prompt,No prompt change required under the missing-cell design.,"green pen, blue block",green pen,Home,Move the green pen to the back of the blue block.,,Directional concepts are explicitly grounded on other ordered object pairs.,,221,59,justintiensmith/VLA_Benchmark_Prompted_1200,221,False,justintiensmith/VLA_Benchmark_Prompted_1200,221,
222,Relational Placement,Move the green pen to the back of the blue block.,Explicit spatial-relation grounding,left / right / front / behind with other ordered object pairs,relational_direction_explicit_other_pair,direction × ordered green-pen/red-block target/reference role,No,Keep prompt,No prompt change required under the missing-cell design.,"green pen, blue block, red block",green pen,Home,Move the green pen to the back of the blue block.,,Directional concepts are explicitly grounded on other ordered object pairs.,,222,59,justintiensmith/VLA_Benchmark_Prompted_1200,222,False,justintiensmith/VLA_Benchmark_Prompted_1200,222,
223,Relational Placement,Put the green pen on the table behind the blue block.,Explicit spatial-relation grounding,left / right / front / behind with other ordered object pairs,relational_direction_explicit_other_pair,direction × ordered green-pen/red-block target/reference role,No,Keep prompt,No prompt change required under the missing-cell design.,"green pen, red block, pink marker, blue block",green pen,Home,Put the green pen on the table behind the blue block.,,Directional concepts are explicitly grounded on other ordered object pairs.,,223,60,justintiensmith/VLA_Benchmark_Prompted_1200,223,False,justintiensmith/VLA_Benchmark_Prompted_1200,223,
224,Relational Placement,Put the green pen on the table behind the blue block.,Explicit spatial-relation grounding,left / right / front / behind with other ordered object pairs,relational_direction_explicit_other_pair,direction × ordered green-pen/red-block target/reference role,No,Keep prompt,No prompt change required under the missing-cell design.,"green pen, blue block, pink marker",green pen,Recovery,Put the green pen on the table behind the blue block.,,Directional concepts are explicitly grounded on other ordered object pairs.,,224,60,justintiensmith/VLA_Benchmark_Prompted_1200,224,False,justintiensmith/VLA_Benchmark_Prompted_1200,224,
225,Relational Placement,Place the green pen next to the red block.,Masked unordered-pair composition,near / beside / next to with the green-pen/red-block pair,relational_green_pen_red_block_direction_masked,direction × ordered green-pen/red-block target/reference role,No,Keep prompt,No prompt change required under the missing-cell design.,"green pen, red block",green pen,Home,Place the green pen next to the red block.,Place the green pen to the left of the red block.,"The green pen and red block are both named and manipulated with a familiar near relation, while directional language is withheld for this ordered pair.",,225,49,justintiensmith/VLA_Benchmark_Prompted_1200,225,False,justintiensmith/VLA_Benchmark_Prompted_1200,225,
226,Relational Placement,Put the green pen beside the red block.,Masked unordered-pair composition,near / beside / next to with the green-pen/red-block pair,relational_green_pen_red_block_direction_masked,direction × ordered green-pen/red-block target/reference role,No,Keep prompt,No prompt change required under the missing-cell design.,"green pen, red block, pink marker",green pen,Home,Put the green pen beside the red block.,Place the green pen to the left of the red block.,"The green pen and red block are both named and manipulated with a familiar near relation, while directional language is withheld for this ordered pair.",,226,50,justintiensmith/VLA_Benchmark_Prompted_1200,226,False,justintiensmith/VLA_Benchmark_Prompted_1200,226,
227,Relational Placement,Move the green pen near the red block.,Masked unordered-pair composition,near / beside / next to with the green-pen/red-block pair,relational_green_pen_red_block_direction_masked,direction × ordered green-pen/red-block target/reference role,No,Keep prompt,No prompt change required under the missing-cell design.,"green pen, red block, pink marker, blue block",green pen,Home,Move the green pen near the red block.,Place the green pen to the left of the red block.,"The green pen and red block are both named and manipulated with a familiar near relation, while directional language is withheld for this ordered pair.",,227,48,justintiensmith/VLA_Benchmark_Prompted_1200,227,False,justintiensmith/VLA_Benchmark_Prompted_1200,227,
228,Relational Placement,Place the green pen next to the red block.,Masked unordered-pair composition,near / beside / next to with the green-pen/red-block pair,relational_green_pen_red_block_direction_masked,direction × ordered green-pen/red-block target/reference role,No,Keep prompt,No prompt change required under the missing-cell design.,"green pen, red block, blue block",green pen,Home,Place the green pen next to the red block.,Place the green pen to the left of the red block.,"The green pen and red block are both named and manipulated with a familiar near relation, while directional language is withheld for this ordered pair.",,228,49,justintiensmith/VLA_Benchmark_Prompted_1200,228,False,justintiensmith/VLA_Benchmark_Prompted_1200,228,
229,Relational Placement,Place the green pen to the left of the pink marker.,Explicit spatial-relation grounding,left / right / front / behind with other ordered object pairs,relational_direction_explicit_other_pair,direction × ordered green-pen/red-block target/reference role,No,Keep prompt,No prompt change required under the missing-cell design.,"green pen, pink marker",green pen,Home,Place the green pen to the left of the pink marker.,,Directional concepts are explicitly grounded on other ordered object pairs.,,229,61,justintiensmith/VLA_Benchmark_Prompted_1200,229,False,justintiensmith/VLA_Benchmark_Prompted_1200,229,
230,Relational Placement,Place the green pen to the left of the pink marker.,Explicit spatial-relation grounding,left / right / front / behind with other ordered object pairs,relational_direction_explicit_other_pair,direction × ordered green-pen/red-block target/reference role,No,Keep prompt,No prompt change required under the missing-cell design.,"green pen, pink marker, red block",green pen,Home,Place the green pen to the left of the pink marker.,,Directional concepts are explicitly grounded on other ordered object pairs.,,230,61,justintiensmith/VLA_Benchmark_Prompted_1200,230,False,justintiensmith/VLA_Benchmark_Prompted_1200,230,
231,Relational Placement,Place the green pen to the left of the pink marker.,Explicit spatial-relation grounding,left / right / front / behind with other ordered object pairs,relational_direction_explicit_other_pair,direction × ordered green-pen/red-block target/reference role,No,Keep prompt,No prompt change required under the missing-cell design.,"green pen, red block, pink marker, blue block",green pen,Home,Place the green pen to the left of the pink marker.,,Directional concepts are explicitly grounded on other ordered object pairs.,,231,61,justintiensmith/VLA_Benchmark_Prompted_1200,231,False,justintiensmith/VLA_Benchmark_Prompted_1200,231,
232,Relational Placement,Place the green pen to the left of the pink marker.,Explicit spatial-relation grounding,left / right / front / behind with other ordered object pairs,relational_direction_explicit_other_pair,direction × ordered green-pen/red-block target/reference role,No,Keep prompt,No prompt change required under the missing-cell design.,"green pen, pink marker, blue block",green pen,Recovery,Place the green pen to the left of the pink marker.,,Directional concepts are explicitly grounded on other ordered object pairs.,,232,61,justintiensmith/VLA_Benchmark_Prompted_1200,232,False,justintiensmith/VLA_Benchmark_Prompted_1200,232,
233,Relational Placement,Place the green pen to the left of the blue block.,Explicit spatial-relation grounding,left / right / front / behind with other ordered object pairs,relational_direction_explicit_other_pair,direction × ordered green-pen/red-block target/reference role,No,Keep prompt,No prompt change required under the missing-cell design.,"green pen, blue block",green pen,Home,Place the green pen to the left of the blue block.,,Directional concepts are explicitly grounded on other ordered object pairs.,,233,62,justintiensmith/VLA_Benchmark_Prompted_1200,233,False,justintiensmith/VLA_Benchmark_Prompted_1200,233,
234,Relational Placement,Place the green pen to the left of the blue block.,Explicit spatial-relation grounding,left / right / front / behind with other ordered object pairs,relational_direction_explicit_other_pair,direction × ordered green-pen/red-block target/reference role,No,Keep prompt,No prompt change required under the missing-cell design.,"green pen, blue block, red block",green pen,Home,Place the green pen to the left of the blue block.,,Directional concepts are explicitly grounded on other ordered object pairs.,,234,62,justintiensmith/VLA_Benchmark_Prompted_1200,234,False,justintiensmith/VLA_Benchmark_Prompted_1200,234,
235,Relational Placement,Place the green pen to the left of the blue block.,Explicit spatial-relation grounding,left / right / front / behind with other ordered object pairs,relational_direction_explicit_other_pair,direction × ordered green-pen/red-block target/reference role,No,Keep prompt,No prompt change required under the missing-cell design.,"green pen, red block, pink marker, blue block",green pen,Home,Place the green pen to the left of the blue block.,,Directional concepts are explicitly grounded on other ordered object pairs.,,235,62,justintiensmith/VLA_Benchmark_Prompted_1200,235,False,justintiensmith/VLA_Benchmark_Prompted_1200,235,
236,Relational Placement,Place the green pen to the left of the blue block.,Explicit spatial-relation grounding,left / right / front / behind with other ordered object pairs,relational_direction_explicit_other_pair,direction × ordered green-pen/red-block target/reference role,No,Keep prompt,No prompt change required under the missing-cell design.,"green pen, blue block, pink marker",green pen,Recovery,Place the green pen to the left of the blue block.,,Directional concepts are explicitly grounded on other ordered object pairs.,,236,62,justintiensmith/VLA_Benchmark_Prompted_1200,236,False,justintiensmith/VLA_Benchmark_Prompted_1200,236,
237,Relational Placement,Place the green pen next to the red block.,Masked unordered-pair composition,near / beside / next to with the green-pen/red-block pair,relational_green_pen_red_block_direction_masked,direction × ordered green-pen/red-block target/reference role,No,Keep prompt,No prompt change required under the missing-cell design.,"green pen, red block",green pen,Home,Place the green pen next to the red block.,Place the green pen to the right of the red block.,"The green pen and red block are both named and manipulated with a familiar near relation, while directional language is withheld for this ordered pair.",,237,49,justintiensmith/VLA_Benchmark_Prompted_1200,237,False,justintiensmith/VLA_Benchmark_Prompted_1200,237,
238,Relational Placement,Put the green pen beside the red block.,Masked unordered-pair composition,near / beside / next to with the green-pen/red-block pair,relational_green_pen_red_block_direction_masked,direction × ordered green-pen/red-block target/reference role,No,Keep prompt,No prompt change required under the missing-cell design.,"green pen, red block, pink marker",green pen,Home,Put the green pen beside the red block.,Place the green pen to the right of the red block.,"The green pen and red block are both named and manipulated with a familiar near relation, while directional language is withheld for this ordered pair.",,238,50,justintiensmith/VLA_Benchmark_Prompted_1200,238,False,justintiensmith/VLA_Benchmark_Prompted_1200,238,
239,Relational Placement,Move the green pen near the red block.,Masked unordered-pair composition,near / beside / next to with the green-pen/red-block pair,relational_green_pen_red_block_direction_masked,direction × ordered green-pen/red-block target/reference role,No,Keep prompt,No prompt change required under the missing-cell design.,"green pen, red block, pink marker, blue block",green pen,Home,Move the green pen near the red block.,Place the green pen to the right of the red block.,"The green pen and red block are both named and manipulated with a familiar near relation, while directional language is withheld for this ordered pair.",,239,48,justintiensmith/VLA_Benchmark_Prompted_1200,239,False,justintiensmith/VLA_Benchmark_Prompted_1200,239,
240,Relational Placement,Place the green pen next to the red block.,Masked unordered-pair composition,near / beside / next to with the green-pen/red-block pair,relational_green_pen_red_block_direction_masked,direction × ordered green-pen/red-block target/reference role,No,Keep prompt,No prompt change required under the missing-cell design.,"green pen, red block, blue block",green pen,Recovery,Place the green pen next to the red block.,Place the green pen to the right of the red block.,"The green pen and red block are both named and manipulated with a familiar near relation, while directional language is withheld for this ordered pair.",,240,49,justintiensmith/VLA_Benchmark_Prompted_1200,240,False,justintiensmith/VLA_Benchmark_Prompted_1200,240,
241,Relational Placement,Put the green pen beside the red block.,Masked unordered-pair composition,near / beside / next to with the green-pen/red-block pair,relational_green_pen_red_block_direction_masked,direction × ordered green-pen/red-block target/reference role,No,Keep prompt,No prompt change required under the missing-cell design.,"green pen, red block, pink marker, blue block",green pen,Home,Put the green pen beside the red block.,Place the green pen to the right of the red block.,"The green pen and red block are both named and manipulated with a familiar near relation, while directional language is withheld for this ordered pair.",,241,50,justintiensmith/VLA_Benchmark_Prompted_1200,241,False,justintiensmith/VLA_Benchmark_Prompted_1200,241,
242,Relational Placement,Place the green pen to the right of the pink marker.,Explicit spatial-relation grounding,left / right / front / behind with other ordered object pairs,relational_direction_explicit_other_pair,direction × ordered green-pen/red-block target/reference role,No,Keep prompt,No prompt change required under the missing-cell design.,"green pen, pink marker",green pen,Home,Place the green pen to the right of the pink marker.,,Directional concepts are explicitly grounded on other ordered object pairs.,,242,63,justintiensmith/VLA_Benchmark_Prompted_1200,242,False,justintiensmith/VLA_Benchmark_Prompted_1200,242,
243,Relational Placement,Place the green pen to the right of the pink marker.,Explicit spatial-relation grounding,left / right / front / behind with other ordered object pairs,relational_direction_explicit_other_pair,direction × ordered green-pen/red-block target/reference role,No,Keep prompt,No prompt change required under the missing-cell design.,"green pen, pink marker, red block",green pen,Home,Place the green pen to the right of the pink marker.,,Directional concepts are explicitly grounded on other ordered object pairs.,,243,63,justintiensmith/VLA_Benchmark_Prompted_1200,243,False,justintiensmith/VLA_Benchmark_Prompted_1200,243,
244,Relational Placement,Place the green pen to the right of the pink marker.,Explicit spatial-relation grounding,left / right / front / behind with other ordered object pairs,relational_direction_explicit_other_pair,direction × ordered green-pen/red-block target/reference role,No,Keep prompt,No prompt change required under the missing-cell design.,"green pen, red block, pink marker, blue block",green pen,Home,Place the green pen to the right of the pink marker.,,Directional concepts are explicitly grounded on other ordered object pairs.,,244,63,justintiensmith/VLA_Benchmark_Prompted_1200,244,False,justintiensmith/VLA_Benchmark_Prompted_1200,244,
245,Relational Placement,Place the green pen to the right of the pink marker.,Explicit spatial-relation grounding,left / right / front / behind with other ordered object pairs,relational_direction_explicit_other_pair,direction × ordered green-pen/red-block target/reference role,No,Keep prompt,No prompt change required under the missing-cell design.,"green pen, pink marker, blue block",green pen,Recovery,Place the green pen to the right of the pink marker.,,Directional concepts are explicitly grounded on other ordered object pairs.,,245,63,justintiensmith/VLA_Benchmark_Prompted_1200,245,False,justintiensmith/VLA_Benchmark_Prompted_1200,245,
246,Relational Placement,Place the green pen to the right of the blue block.,Explicit spatial-relation grounding,left / right / front / behind with other ordered object pairs,relational_direction_explicit_other_pair,direction × ordered green-pen/red-block target/reference role,No,Keep prompt,No prompt change required under the missing-cell design.,"green pen, blue block",green pen,Home,Place the green pen to the right of the blue block.,,Directional concepts are explicitly grounded on other ordered object pairs.,,246,64,justintiensmith/VLA_Benchmark_Prompted_1200,246,False,justintiensmith/VLA_Benchmark_Prompted_1200,246,
247,Relational Placement,Place the green pen to the right of the blue block.,Explicit spatial-relation grounding,left / right / front / behind with other ordered object pairs,relational_direction_explicit_other_pair,direction × ordered green-pen/red-block target/reference role,No,Keep prompt,No prompt change required under the missing-cell design.,"green pen, blue block, red block",green pen,Home,Place the green pen to the right of the blue block.,,Directional concepts are explicitly grounded on other ordered object pairs.,,247,64,justintiensmith/VLA_Benchmark_Prompted_1200,247,False,justintiensmith/VLA_Benchmark_Prompted_1200,247,
248,Relational Placement,Place the green pen to the right of the blue block.,Explicit spatial-relation grounding,left / right / front / behind with other ordered object pairs,relational_direction_explicit_other_pair,direction × ordered green-pen/red-block target/reference role,No,Keep prompt,No prompt change required under the missing-cell design.,"green pen, red block, pink marker, blue block",green pen,Home,Place the green pen to the right of the blue block.,,Directional concepts are explicitly grounded on other ordered object pairs.,,248,64,justintiensmith/VLA_Benchmark_Prompted_1200,248,False,justintiensmith/VLA_Benchmark_Prompted_1200,248,
249,Relational Placement,Place the green pen to the right of the blue block.,Explicit spatial-relation grounding,left / right / front / behind with other ordered object pairs,relational_direction_explicit_other_pair,direction × ordered green-pen/red-block target/reference role,No,Keep prompt,No prompt change required under the missing-cell design.,"green pen, blue block, pink marker",green pen,Recovery,Place the green pen to the right of the blue block.,,Directional concepts are explicitly grounded on other ordered object pairs.,,249,64,justintiensmith/VLA_Benchmark_Prompted_1200,249,False,justintiensmith/VLA_Benchmark_Prompted_1200,249,
250,Relational Placement,Move the red block to the front of the pink marker.,Explicit spatial-relation grounding,left / right / front / behind with other ordered object pairs,relational_direction_explicit_other_pair,direction × ordered green-pen/red-block target/reference role,No,Keep prompt,No prompt change required under the missing-cell design.,"red block, pink marker",red block,Home,Move the red block to the front of the pink marker.,,Directional concepts are explicitly grounded on other ordered object pairs.,,250,65,justintiensmith/VLA_Benchmark_Prompted_1200,250,False,justintiensmith/VLA_Benchmark_Prompted_1200,250,
251,Relational Placement,Put the red block on the table in front of the pink marker.,Explicit spatial-relation grounding,left / right / front / behind with other ordered object pairs,relational_direction_explicit_other_pair,direction × ordered green-pen/red-block target/reference role,No,Keep prompt,No prompt change required under the missing-cell design.,"red block, pink marker, blue block",red block,Home,Put the red block on the table in front of the pink marker.,,Directional concepts are explicitly grounded on other ordered object pairs.,,251,66,justintiensmith/VLA_Benchmark_Prompted_1200,251,False,justintiensmith/VLA_Benchmark_Prompted_1200,251,
252,Relational Placement,Move the red block to the front of the pink marker.,Explicit spatial-relation grounding,left / right / front / behind with other ordered object pairs,relational_direction_explicit_other_pair,direction × ordered green-pen/red-block target/reference role,No,Keep prompt,No prompt change required under the missing-cell design.,"green pen, red block, pink marker, blue block",red block,Home,Move the red block to the front of the pink marker.,,Directional concepts are explicitly grounded on other ordered object pairs.,,252,65,justintiensmith/VLA_Benchmark_Prompted_1200,252,False,justintiensmith/VLA_Benchmark_Prompted_1200,252,
253,Relational Placement,Place the red block in front of the pink marker.,Explicit spatial-relation grounding,left / right / front / behind with other ordered object pairs,relational_direction_explicit_other_pair,direction × ordered green-pen/red-block target/reference role,No,Keep prompt,No prompt change required under the missing-cell design.,"red block, pink marker, green pen",red block,Recovery,Place the red block in front of the pink marker.,,Directional concepts are explicitly grounded on other ordered object pairs.,,253,67,justintiensmith/VLA_Benchmark_Prompted_1200,253,False,justintiensmith/VLA_Benchmark_Prompted_1200,253,
254,Relational Placement,Move the red block to the front of the blue block.,Explicit spatial-relation grounding,left / right / front / behind with other ordered object pairs,relational_direction_explicit_other_pair,direction × ordered green-pen/red-block target/reference role,No,Keep prompt,No prompt change required under the missing-cell design.,"red block, blue block",red block,Home,Move the red block to the front of the blue block.,,Directional concepts are explicitly grounded on other ordered object pairs.,,254,68,justintiensmith/VLA_Benchmark_Prompted_1200,254,False,justintiensmith/VLA_Benchmark_Prompted_1200,254,
255,Relational Placement,Put the red block on the table in front of the blue block.,Explicit spatial-relation grounding,left / right / front / behind with other ordered object pairs,relational_direction_explicit_other_pair,direction × ordered green-pen/red-block target/reference role,No,Keep prompt,No prompt change required under the missing-cell design.,"red block, blue block, pink marker",red block,Home,Put the red block on the table in front of the blue block.,,Directional concepts are explicitly grounded on other ordered object pairs.,,255,69,justintiensmith/VLA_Benchmark_Prompted_1200,255,False,justintiensmith/VLA_Benchmark_Prompted_1200,255,
256,Relational Placement,Place the red block in front of the blue block.,Explicit spatial-relation grounding,left / right / front / behind with other ordered object pairs,relational_direction_explicit_other_pair,direction × ordered green-pen/red-block target/reference role,No,Keep prompt,No prompt change required under the missing-cell design.,"green pen, red block, pink marker, blue block",red block,Home,Place the red block in front of the blue block.,,Directional concepts are explicitly grounded on other ordered object pairs.,,256,70,justintiensmith/VLA_Benchmark_Prompted_1200,256,False,justintiensmith/VLA_Benchmark_Prompted_1200,256,
257,Relational Placement,Move the red block to the front of the blue block.,Explicit spatial-relation grounding,left / right / front / behind with other ordered object pairs,relational_direction_explicit_other_pair,direction × ordered green-pen/red-block target/reference role,No,Keep prompt,No prompt change required under the missing-cell design.,"red block, blue block, green pen",red block,Recovery,Move the red block to the front of the blue block.,,Directional concepts are explicitly grounded on other ordered object pairs.,,257,68,justintiensmith/VLA_Benchmark_Prompted_1200,257,False,justintiensmith/VLA_Benchmark_Prompted_1200,257,
258,Relational Placement,Place the red block next to the green pen.,Masked unordered-pair composition,near / beside / next to with the green-pen/red-block pair,relational_green_pen_red_block_direction_masked,direction × ordered green-pen/red-block target/reference role,No,Keep prompt,No prompt change required under the missing-cell design.,"red block, green pen",red block,Home,Place the red block next to the green pen.,Place the red block in front of the green pen.,"The green pen and red block are both named and manipulated with a familiar near relation, while directional language is withheld for this ordered pair.",,258,71,justintiensmith/VLA_Benchmark_Prompted_1200,258,False,justintiensmith/VLA_Benchmark_Prompted_1200,258,
259,Relational Placement,Put the red block beside the green pen.,Masked unordered-pair composition,near / beside / next to with the green-pen/red-block pair,relational_green_pen_red_block_direction_masked,direction × ordered green-pen/red-block target/reference role,No,Keep prompt,No prompt change required under the missing-cell design.,"red block, green pen, pink marker",red block,Home,Put the red block beside the green pen.,Put the red block on the table in front of the green pen.,"The green pen and red block are both named and manipulated with a familiar near relation, while directional language is withheld for this ordered pair.",,259,72,justintiensmith/VLA_Benchmark_Prompted_1200,259,False,justintiensmith/VLA_Benchmark_Prompted_1200,259,
260,Relational Placement,Move the red block near the green pen.,Masked unordered-pair composition,near / beside / next to with the green-pen/red-block pair,relational_green_pen_red_block_direction_masked,direction × ordered green-pen/red-block target/reference role,No,Keep prompt,No prompt change required under the missing-cell design.,"green pen, red block, pink marker, blue block",red block,Home,Move the red block near the green pen.,Place the red block in front of the green pen.,"The green pen and red block are both named and manipulated with a familiar near relation, while directional language is withheld for this ordered pair.",,260,73,justintiensmith/VLA_Benchmark_Prompted_1200,260,False,justintiensmith/VLA_Benchmark_Prompted_1200,260,
261,Relational Placement,Place the red block next to the green pen.,Masked unordered-pair composition,near / beside / next to with the green-pen/red-block pair,relational_green_pen_red_block_direction_masked,direction × ordered green-pen/red-block target/reference role,No,Keep prompt,No prompt change required under the missing-cell design.,"red block, green pen, blue block",red block,Home,Place the red block next to the green pen.,Put the red block on the table in front of the green pen.,"The green pen and red block are both named and manipulated with a familiar near relation, while directional language is withheld for this ordered pair.",,261,71,justintiensmith/VLA_Benchmark_Prompted_1200,261,False,justintiensmith/VLA_Benchmark_Prompted_1200,261,
262,Relational Placement,Place the red block behind the pink marker.,Explicit spatial-relation grounding,left / right / front / behind with other ordered object pairs,relational_direction_explicit_other_pair,direction × ordered green-pen/red-block target/reference role,No,Keep prompt,No prompt change required under the missing-cell design.,"red block, pink marker",red block,Home,Place the red block behind the pink marker.,,Directional concepts are explicitly grounded on other ordered object pairs.,,262,74,justintiensmith/VLA_Benchmark_Prompted_1200,262,False,justintiensmith/VLA_Benchmark_Prompted_1200,262,
263,Relational Placement,Place the red block behind the pink marker.,Explicit spatial-relation grounding,left / right / front / behind with other ordered object pairs,relational_direction_explicit_other_pair,direction × ordered green-pen/red-block target/reference role,No,Keep prompt,No prompt change required under the missing-cell design.,"red block, pink marker, blue block",red block,Home,Place the red block behind the pink marker.,,Directional concepts are explicitly grounded on other ordered object pairs.,,263,74,justintiensmith/VLA_Benchmark_Prompted_1200,263,False,justintiensmith/VLA_Benchmark_Prompted_1200,263,
264,Relational Placement,Move the red block to the back of the pink marker.,Explicit spatial-relation grounding,left / right / front / behind with other ordered object pairs,relational_direction_explicit_other_pair,direction × ordered green-pen/red-block target/reference role,No,Keep prompt,No prompt change required under the missing-cell design.,"green pen, red block, pink marker, blue block",red block,Home,Move the red block to the back of the pink marker.,,Directional concepts are explicitly grounded on other ordered object pairs.,,264,75,justintiensmith/VLA_Benchmark_Prompted_1200,264,False,justintiensmith/VLA_Benchmark_Prompted_1200,264,
265,Relational Placement,Put the red block on the table behind the pink marker.,Explicit spatial-relation grounding,left / right / front / behind with other ordered object pairs,relational_direction_explicit_other_pair,direction × ordered green-pen/red-block target/reference role,No,Keep prompt,No prompt change required under the missing-cell design.,"red block, pink marker, green pen",red block,Home,Put the red block on the table behind the pink marker.,,Directional concepts are explicitly grounded on other ordered object pairs.,,265,76,justintiensmith/VLA_Benchmark_Prompted_1200,265,False,justintiensmith/VLA_Benchmark_Prompted_1200,265,
266,Relational Placement,Put the red block on the table behind the pink marker.,Explicit spatial-relation grounding,left / right / front / behind with other ordered object pairs,relational_direction_explicit_other_pair,direction × ordered green-pen/red-block target/reference role,No,Keep prompt,No prompt change required under the missing-cell design.,"green pen, red block, pink marker, blue block",red block,Recovery,Put the red block on the table behind the pink marker.,,Directional concepts are explicitly grounded on other ordered object pairs.,,266,76,justintiensmith/VLA_Benchmark_Prompted_1200,266,False,justintiensmith/VLA_Benchmark_Prompted_1200,266,
267,Relational Placement,Place the red block behind the blue block.,Explicit spatial-relation grounding,left / right / front / behind with other ordered object pairs,relational_direction_explicit_other_pair,direction × ordered green-pen/red-block target/reference role,No,Keep prompt,No prompt change required under the missing-cell design.,"red block, blue block",red block,Home,Place the red block behind the blue block.,,Directional concepts are explicitly grounded on other ordered object pairs.,,267,77,justintiensmith/VLA_Benchmark_Prompted_1200,267,False,justintiensmith/VLA_Benchmark_Prompted_1200,267,
268,Relational Placement,Place the red block behind the blue block.,Explicit spatial-relation grounding,left / right / front / behind with other ordered object pairs,relational_direction_explicit_other_pair,direction × ordered green-pen/red-block target/reference role,No,Keep prompt,No prompt change required under the missing-cell design.,"red block, blue block, pink marker",red block,Home,Place the red block behind the blue block.,,Directional concepts are explicitly grounded on other ordered object pairs.,,268,77,justintiensmith/VLA_Benchmark_Prompted_1200,268,False,justintiensmith/VLA_Benchmark_Prompted_1200,268,
269,Relational Placement,Move the red block to the back of the blue block.,Explicit spatial-relation grounding,left / right / front / behind with other ordered object pairs,relational_direction_explicit_other_pair,direction × ordered green-pen/red-block target/reference role,No,Keep prompt,No prompt change required under the missing-cell design.,"green pen, red block, pink marker, blue block",red block,Home,Move the red block to the back of the blue block.,,Directional concepts are explicitly grounded on other ordered object pairs.,,269,78,justintiensmith/VLA_Benchmark_Prompted_1200,269,False,justintiensmith/VLA_Benchmark_Prompted_1200,269,
270,Relational Placement,Put the red block on the table behind the blue block.,Explicit spatial-relation grounding,left / right / front / behind with other ordered object pairs,relational_direction_explicit_other_pair,direction × ordered green-pen/red-block target/reference role,No,Keep prompt,No prompt change required under the missing-cell design.,"red block, blue block, green pen",red block,Recovery,Put the red block on the table behind the blue block.,,Directional concepts are explicitly grounded on other ordered object pairs.,,270,79,justintiensmith/VLA_Benchmark_Prompted_1200,270,False,justintiensmith/VLA_Benchmark_Prompted_1200,270,
271,Relational Placement,Put the red block beside the green pen.,Masked unordered-pair composition,near / beside / next to with the green-pen/red-block pair,relational_green_pen_red_block_direction_masked,direction × ordered green-pen/red-block target/reference role,No,Keep prompt,No prompt change required under the missing-cell design.,"red block, green pen",red block,Home,Put the red block beside the green pen.,Put the red block on the table behind the green pen.,"The green pen and red block are both named and manipulated with a familiar near relation, while directional language is withheld for this ordered pair.",,271,72,justintiensmith/VLA_Benchmark_Prompted_1200,271,False,justintiensmith/VLA_Benchmark_Prompted_1200,271,
272,Relational Placement,Move the red block near the green pen.,Masked unordered-pair composition,near / beside / next to with the green-pen/red-block pair,relational_green_pen_red_block_direction_masked,direction × ordered green-pen/red-block target/reference role,No,Keep prompt,No prompt change required under the missing-cell design.,"red block, green pen, pink marker",red block,Home,Move the red block near the green pen.,Place the red block behind the green pen.,"The green pen and red block are both named and manipulated with a familiar near relation, while directional language is withheld for this ordered pair.",,272,73,justintiensmith/VLA_Benchmark_Prompted_1200,272,False,justintiensmith/VLA_Benchmark_Prompted_1200,272,
273,Relational Placement,Place the red block next to the green pen.,Masked unordered-pair composition,near / beside / next to with the green-pen/red-block pair,relational_green_pen_red_block_direction_masked,direction × ordered green-pen/red-block target/reference role,No,Keep prompt,No prompt change required under the missing-cell design.,"green pen, red block, pink marker, blue block",red block,Home,Place the red block next to the green pen.,Place the red block behind the green pen.,"The green pen and red block are both named and manipulated with a familiar near relation, while directional language is withheld for this ordered pair.",,273,71,justintiensmith/VLA_Benchmark_Prompted_1200,273,False,justintiensmith/VLA_Benchmark_Prompted_1200,273,
274,Relational Placement,Put the red block beside the green pen.,Masked unordered-pair composition,near / beside / next to with the green-pen/red-block pair,relational_green_pen_red_block_direction_masked,direction × ordered green-pen/red-block target/reference role,No,Keep prompt,No prompt change required under the missing-cell design.,"red block, green pen, blue block",red block,Recovery,Put the red block beside the green pen.,Move the red block to the back of the green pen.,"The green pen and red block are both named and manipulated with a familiar near relation, while directional language is withheld for this ordered pair.",,274,72,justintiensmith/VLA_Benchmark_Prompted_1200,274,False,justintiensmith/VLA_Benchmark_Prompted_1200,274,
275,Relational Placement,Place the red block to the left of the pink marker.,Explicit spatial-relation grounding,left / right / front / behind with other ordered object pairs,relational_direction_explicit_other_pair,direction × ordered green-pen/red-block target/reference role,No,Keep prompt,No prompt change required under the missing-cell design.,"red block, pink marker",red block,Home,Place the red block to the left of the pink marker.,,Directional concepts are explicitly grounded on other ordered object pairs.,,275,80,justintiensmith/VLA_Benchmark_Prompted_1200,275,False,justintiensmith/VLA_Benchmark_Prompted_1200,275,
276,Relational Placement,Place the red block to the left of the pink marker.,Explicit spatial-relation grounding,left / right / front / behind with other ordered object pairs,relational_direction_explicit_other_pair,direction × ordered green-pen/red-block target/reference role,No,Keep prompt,No prompt change required under the missing-cell design.,"red block, pink marker, blue block",red block,Home,Place the red block to the left of the pink marker.,,Directional concepts are explicitly grounded on other ordered object pairs.,,276,80,justintiensmith/VLA_Benchmark_Prompted_1200,276,False,justintiensmith/VLA_Benchmark_Prompted_1200,276,
277,Relational Placement,Place the red block to the left of the pink marker.,Explicit spatial-relation grounding,left / right / front / behind with other ordered object pairs,relational_direction_explicit_other_pair,direction × ordered green-pen/red-block target/reference role,No,Keep prompt,No prompt change required under the missing-cell design.,"green pen, red block, pink marker, blue block",red block,Home,Place the red block to the left of the pink marker.,,Directional concepts are explicitly grounded on other ordered object pairs.,,277,80,justintiensmith/VLA_Benchmark_Prompted_1200,277,False,justintiensmith/VLA_Benchmark_Prompted_1200,277,
278,Relational Placement,Place the red block to the left of the pink marker.,Explicit spatial-relation grounding,left / right / front / behind with other ordered object pairs,relational_direction_explicit_other_pair,direction × ordered green-pen/red-block target/reference role,No,Keep prompt,No prompt change required under the missing-cell design.,"red block, pink marker, green pen",red block,Home,Place the red block to the left of the pink marker.,,Directional concepts are explicitly grounded on other ordered object pairs.,,278,80,justintiensmith/VLA_Benchmark_Prompted_1200,278,False,justintiensmith/VLA_Benchmark_Prompted_1200,278,
279,Relational Placement,Place the red block to the left of the blue block.,Explicit spatial-relation grounding,left / right / front / behind with other ordered object pairs,relational_direction_explicit_other_pair,direction × ordered green-pen/red-block target/reference role,No,Keep prompt,No prompt change required under the missing-cell design.,"red block, blue block",red block,Home,Place the red block to the left of the blue block.,,Directional concepts are explicitly grounded on other ordered object pairs.,,279,81,justintiensmith/VLA_Benchmark_Prompted_1200,279,False,justintiensmith/VLA_Benchmark_Prompted_1200,279,
280,Relational Placement,Place the red block to the left of the blue block.,Explicit spatial-relation grounding,left / right / front / behind with other ordered object pairs,relational_direction_explicit_other_pair,direction × ordered green-pen/red-block target/reference role,No,Keep prompt,No prompt change required under the missing-cell design.,"red block, blue block, pink marker",red block,Home,Place the red block to the left of the blue block.,,Directional concepts are explicitly grounded on other ordered object pairs.,,280,81,justintiensmith/VLA_Benchmark_Prompted_1200,280,False,justintiensmith/VLA_Benchmark_Prompted_1200,280,
281,Relational Placement,Place the red block to the left of the blue block.,Explicit spatial-relation grounding,left / right / front / behind with other ordered object pairs,relational_direction_explicit_other_pair,direction × ordered green-pen/red-block target/reference role,No,Keep prompt,No prompt change required under the missing-cell design.,"green pen, red block, pink marker, blue block",red block,Home,Place the red block to the left of the blue block.,,Directional concepts are explicitly grounded on other ordered object pairs.,,281,81,justintiensmith/VLA_Benchmark_Prompted_1200,281,False,justintiensmith/VLA_Benchmark_Prompted_1200,281,
282,Relational Placement,Place the red block to the left of the blue block.,Explicit spatial-relation grounding,left / right / front / behind with other ordered object pairs,relational_direction_explicit_other_pair,direction × ordered green-pen/red-block target/reference role,No,Keep prompt,No prompt change required under the missing-cell design.,"red block, blue block, green pen",red block,Recovery,Place the red block to the left of the blue block.,,Directional concepts are explicitly grounded on other ordered object pairs.,,282,81,justintiensmith/VLA_Benchmark_Prompted_1200,282,False,justintiensmith/VLA_Benchmark_Prompted_1200,282,
283,Relational Placement,Put the red block beside the green pen.,Masked unordered-pair composition,near / beside / next to with the green-pen/red-block pair,relational_green_pen_red_block_direction_masked,direction × ordered green-pen/red-block target/reference role,No,Keep prompt,No prompt change required under the missing-cell design.,"red block, green pen",red block,Home,Put the red block beside the green pen.,Place the red block to the left of the green pen.,"The green pen and red block are both named and manipulated with a familiar near relation, while directional language is withheld for this ordered pair.",,283,72,justintiensmith/VLA_Benchmark_Prompted_1200,283,False,justintiensmith/VLA_Benchmark_Prompted_1200,283,
284,Relational Placement,Move the red block near the green pen.,Masked unordered-pair composition,near / beside / next to with the green-pen/red-block pair,relational_green_pen_red_block_direction_masked,direction × ordered green-pen/red-block target/reference role,No,Keep prompt,No prompt change required under the missing-cell design.,"red block, green pen, pink marker",red block,Home,Move the red block near the green pen.,Place the red block to the left of the green pen.,"The green pen and red block are both named and manipulated with a familiar near relation, while directional language is withheld for this ordered pair.",,284,73,justintiensmith/VLA_Benchmark_Prompted_1200,284,False,justintiensmith/VLA_Benchmark_Prompted_1200,284,
285,Relational Placement,Place the red block next to the green pen.,Masked unordered-pair composition,near / beside / next to with the green-pen/red-block pair,relational_green_pen_red_block_direction_masked,direction × ordered green-pen/red-block target/reference role,No,Keep prompt,No prompt change required under the missing-cell design.,"green pen, red block, pink marker, blue block",red block,Home,Place the red block next to the green pen.,Place the red block to the left of the green pen.,"The green pen and red block are both named and manipulated with a familiar near relation, while directional language is withheld for this ordered pair.",,285,71,justintiensmith/VLA_Benchmark_Prompted_1200,285,False,justintiensmith/VLA_Benchmark_Prompted_1200,285,
286,Relational Placement,Put the red block beside the green pen.,Masked unordered-pair composition,near / beside / next to with the green-pen/red-block pair,relational_green_pen_red_block_direction_masked,direction × ordered green-pen/red-block target/reference role,No,Keep prompt,No prompt change required under the missing-cell design.,"red block, green pen, blue block",red block,Recovery,Put the red block beside the green pen.,Place the red block to the left of the green pen.,"The green pen and red block are both named and manipulated with a familiar near relation, while directional language is withheld for this ordered pair.",,286,72,justintiensmith/VLA_Benchmark_Prompted_1200,286,False,justintiensmith/VLA_Benchmark_Prompted_1200,286,
287,Relational Placement,Place the red block to the right of the pink marker.,Explicit spatial-relation grounding,left / right / front / behind with other ordered object pairs,relational_direction_explicit_other_pair,direction × ordered green-pen/red-block target/reference role,No,Keep prompt,No prompt change required under the missing-cell design.,"red block, pink marker",red block,Home,Place the red block to the right of the pink marker.,,Directional concepts are explicitly grounded on other ordered object pairs.,,287,82,justintiensmith/VLA_Benchmark_Prompted_1200,287,False,justintiensmith/VLA_Benchmark_Prompted_1200,287,
288,Relational Placement,Place the red block to the right of the pink marker.,Explicit spatial-relation grounding,left / right / front / behind with other ordered object pairs,relational_direction_explicit_other_pair,direction × ordered green-pen/red-block target/reference role,No,Keep prompt,No prompt change required under the missing-cell design.,"red block, pink marker, blue block",red block,Home,Place the red block to the right of the pink marker.,,Directional concepts are explicitly grounded on other ordered object pairs.,,288,82,justintiensmith/VLA_Benchmark_Prompted_1200,288,False,justintiensmith/VLA_Benchmark_Prompted_1200,288,
289,Relational Placement,Place the red block to the right of the pink marker.,Explicit spatial-relation grounding,left / right / front / behind with other ordered object pairs,relational_direction_explicit_other_pair,direction × ordered green-pen/red-block target/reference role,No,Keep prompt,No prompt change required under the missing-cell design.,"green pen, red block, pink marker, blue block",red block,Home,Place the red block to the right of the pink marker.,,Directional concepts are explicitly grounded on other ordered object pairs.,,289,82,justintiensmith/VLA_Benchmark_Prompted_1200,289,False,justintiensmith/VLA_Benchmark_Prompted_1200,289,
290,Relational Placement,Place the red block to the right of the pink marker.,Explicit spatial-relation grounding,left / right / front / behind with other ordered object pairs,relational_direction_explicit_other_pair,direction × ordered green-pen/red-block target/reference role,No,Keep prompt,No prompt change required under the missing-cell design.,"red block, pink marker, green pen",red block,Recovery,Place the red block to the right of the pink marker.,,Directional concepts are explicitly grounded on other ordered object pairs.,,290,82,justintiensmith/VLA_Benchmark_Prompted_1200,290,False,justintiensmith/VLA_Benchmark_Prompted_1200,290,
291,Relational Placement,Place the red block to the right of the pink marker.,Explicit spatial-relation grounding,left / right / front / behind with other ordered object pairs,relational_direction_explicit_other_pair,direction × ordered green-pen/red-block target/reference role,No,Keep prompt,No prompt change required under the missing-cell design.,"green pen, red block, pink marker, blue block",red block,Home,Place the red block to the right of the pink marker.,,Directional concepts are explicitly grounded on other ordered object pairs.,,291,82,justintiensmith/VLA_Benchmark_Prompted_1200,291,False,justintiensmith/VLA_Benchmark_Prompted_1200,291,
292,Relational Placement,Place the red block to the right of the blue block.,Explicit spatial-relation grounding,left / right / front / behind with other ordered object pairs,relational_direction_explicit_other_pair,direction × ordered green-pen/red-block target/reference role,No,Keep prompt,No prompt change required under the missing-cell design.,"red block, blue block",red block,Home,Place the red block to the right of the blue block.,,Directional concepts are explicitly grounded on other ordered object pairs.,,292,83,justintiensmith/VLA_Benchmark_Prompted_1200,292,False,justintiensmith/VLA_Benchmark_Prompted_1200,292,
293,Relational Placement,Place the red block to the right of the blue block.,Explicit spatial-relation grounding,left / right / front / behind with other ordered object pairs,relational_direction_explicit_other_pair,direction × ordered green-pen/red-block target/reference role,No,Keep prompt,No prompt change required under the missing-cell design.,"red block, blue block, pink marker",red block,Home,Place the red block to the right of the blue block.,,Directional concepts are explicitly grounded on other ordered object pairs.,,293,83,justintiensmith/VLA_Benchmark_Prompted_1200,293,False,justintiensmith/VLA_Benchmark_Prompted_1200,293,
294,Relational Placement,Place the red block to the right of the blue block.,Explicit spatial-relation grounding,left / right / front / behind with other ordered object pairs,relational_direction_explicit_other_pair,direction × ordered green-pen/red-block target/reference role,No,Keep prompt,No prompt change required under the missing-cell design.,"green pen, red block, pink marker, blue block",red block,Home,Place the red block to the right of the blue block.,,Directional concepts are explicitly grounded on other ordered object pairs.,,294,83,justintiensmith/VLA_Benchmark_Prompted_1200,294,False,justintiensmith/VLA_Benchmark_Prompted_1200,294,
295,Relational Placement,Place the red block to the right of the blue block.,Explicit spatial-relation grounding,left / right / front / behind with other ordered object pairs,relational_direction_explicit_other_pair,direction × ordered green-pen/red-block target/reference role,No,Keep prompt,No prompt change required under the missing-cell design.,"red block, blue block, green pen",red block,Recovery,Place the red block to the right of the blue block.,,Directional concepts are explicitly grounded on other ordered object pairs.,,295,83,justintiensmith/VLA_Benchmark_Prompted_1200,295,False,justintiensmith/VLA_Benchmark_Prompted_1200,295,
296,Relational Placement,Move the red block near the green pen.,Masked unordered-pair composition,near / beside / next to with the green-pen/red-block pair,relational_green_pen_red_block_direction_masked,direction × ordered green-pen/red-block target/reference role,No,Keep prompt,No prompt change required under the missing-cell design.,"red block, green pen",red block,Home,Move the red block near the green pen.,Place the red block to the right of the green pen.,"The green pen and red block are both named and manipulated with a familiar near relation, while directional language is withheld for this ordered pair.",,296,73,justintiensmith/VLA_Benchmark_Prompted_1200,296,False,justintiensmith/VLA_Benchmark_Prompted_1200,296,
297,Relational Placement,Place the red block next to the green pen.,Masked unordered-pair composition,near / beside / next to with the green-pen/red-block pair,relational_green_pen_red_block_direction_masked,direction × ordered green-pen/red-block target/reference role,No,Keep prompt,No prompt change required under the missing-cell design.,"red block, green pen, pink marker",red block,Home,Place the red block next to the green pen.,Place the red block to the right of the green pen.,"The green pen and red block are both named and manipulated with a familiar near relation, while directional language is withheld for this ordered pair.",,297,71,justintiensmith/VLA_Benchmark_Prompted_1200,297,False,justintiensmith/VLA_Benchmark_Prompted_1200,297,
298,Relational Placement,Put the red block beside the green pen.,Masked unordered-pair composition,near / beside / next to with the green-pen/red-block pair,relational_green_pen_red_block_direction_masked,direction × ordered green-pen/red-block target/reference role,No,Keep prompt,No prompt change required under the missing-cell design.,"green pen, red block, pink marker, blue block",red block,Home,Put the red block beside the green pen.,Place the red block to the right of the green pen.,"The green pen and red block are both named and manipulated with a familiar near relation, while directional language is withheld for this ordered pair.",,298,72,justintiensmith/VLA_Benchmark_Prompted_1200,298,False,justintiensmith/VLA_Benchmark_Prompted_1200,298,
299,Relational Placement,Move the red block near the green pen.,Masked unordered-pair composition,near / beside / next to with the green-pen/red-block pair,relational_green_pen_red_block_direction_masked,direction × ordered green-pen/red-block target/reference role,No,Keep prompt,No prompt change required under the missing-cell design.,"red block, green pen, blue block",red block,Recovery,Move the red block near the green pen.,Place the red block to the right of the green pen.,"The green pen and red block are both named and manipulated with a familiar near relation, while directional language is withheld for this ordered pair.",,299,73,justintiensmith/VLA_Benchmark_Prompted_1200,299,False,justintiensmith/VLA_Benchmark_Prompted_1200,299,
300,Relational Placement,Move the pink marker to the front of the blue block.,Explicit spatial-relation grounding,left / right / front / behind with other ordered object pairs,relational_direction_explicit_other_pair,direction × ordered green-pen/red-block target/reference role,No,Keep prompt,No prompt change required under the missing-cell design.,"pink marker, blue block",pink marker,Home,Move the pink marker to the front of the blue block.,,Directional concepts are explicitly grounded on other ordered object pairs.,,300,84,justintiensmith/VLA_Benchmark_Prompted_1200,300,False,justintiensmith/VLA_Benchmark_Prompted_1200,300,
301,Relational Placement,Put the pink marker on the table in front of the blue block.,Explicit spatial-relation grounding,left / right / front / behind with other ordered object pairs,relational_direction_explicit_other_pair,direction × ordered green-pen/red-block target/reference role,No,Keep prompt,No prompt change required under the missing-cell design.,"pink marker, blue block, green pen",pink marker,Home,Put the pink marker on the table in front of the blue block.,,Directional concepts are explicitly grounded on other ordered object pairs.,,301,85,justintiensmith/VLA_Benchmark_Prompted_1200,301,False,justintiensmith/VLA_Benchmark_Prompted_1200,301,
302,Relational Placement,Move the pink marker to the front of the blue block.,Explicit spatial-relation grounding,left / right / front / behind with other ordered object pairs,relational_direction_explicit_other_pair,direction × ordered green-pen/red-block target/reference role,No,Keep prompt,No prompt change required under the missing-cell design.,"green pen, red block, pink marker, blue block",pink marker,Home,Move the pink marker to the front of the blue block.,,Directional concepts are explicitly grounded on other ordered object pairs.,,302,84,justintiensmith/VLA_Benchmark_Prompted_1200,302,False,justintiensmith/VLA_Benchmark_Prompted_1200,302,
303,Relational Placement,Put the pink marker on the table in front of the blue block.,Explicit spatial-relation grounding,left / right / front / behind with other ordered object pairs,relational_direction_explicit_other_pair,direction × ordered green-pen/red-block target/reference role,No,Keep prompt,No prompt change required under the missing-cell design.,"pink marker, blue block, red block",pink marker,Recovery,Put the pink marker on the table in front of the blue block.,,Directional concepts are explicitly grounded on other ordered object pairs.,,303,85,justintiensmith/VLA_Benchmark_Prompted_1200,303,False,justintiensmith/VLA_Benchmark_Prompted_1200,303,
304,Relational Placement,Put the pink marker on the table in front of the green pen.,Explicit spatial-relation grounding,left / right / front / behind with other ordered object pairs,relational_direction_explicit_other_pair,direction × ordered green-pen/red-block target/reference role,No,Keep prompt,No prompt change required under the missing-cell design.,"pink marker, green pen",pink marker,Home,Put the pink marker on the table in front of the green pen.,,Directional concepts are explicitly grounded on other ordered object pairs.,,304,86,justintiensmith/VLA_Benchmark_Prompted_1200,304,False,justintiensmith/VLA_Benchmark_Prompted_1200,304,
305,Relational Placement,Move the pink marker to the front of the green pen.,Explicit spatial-relation grounding,left / right / front / behind with other ordered object pairs,relational_direction_explicit_other_pair,direction × ordered green-pen/red-block target/reference role,No,Keep prompt,No prompt change required under the missing-cell design.,"pink marker, green pen, blue block",pink marker,Home,Move the pink marker to the front of the green pen.,,Directional concepts are explicitly grounded on other ordered object pairs.,,305,87,justintiensmith/VLA_Benchmark_Prompted_1200,305,False,justintiensmith/VLA_Benchmark_Prompted_1200,305,
306,Relational Placement,Place the pink marker in front of the green pen.,Explicit spatial-relation grounding,left / right / front / behind with other ordered object pairs,relational_direction_explicit_other_pair,direction × ordered green-pen/red-block target/reference role,No,Keep prompt,No prompt change required under the missing-cell design.,"green pen, red block, pink marker, blue block",pink marker,Home,Place the pink marker in front of the green pen.,,Directional concepts are explicitly grounded on other ordered object pairs.,,306,88,justintiensmith/VLA_Benchmark_Prompted_1200,306,False,justintiensmith/VLA_Benchmark_Prompted_1200,306,
307,Relational Placement,Place the pink marker in front of the green pen.,Explicit spatial-relation grounding,left / right / front / behind with other ordered object pairs,relational_direction_explicit_other_pair,direction × ordered green-pen/red-block target/reference role,No,Keep prompt,No prompt change required under the missing-cell design.,"pink marker, green pen, red block",pink marker,Recovery,Place the pink marker in front of the green pen.,,Directional concepts are explicitly grounded on other ordered object pairs.,,307,88,justintiensmith/VLA_Benchmark_Prompted_1200,307,False,justintiensmith/VLA_Benchmark_Prompted_1200,307,
308,Relational Placement,Move the pink marker to the front of the red block.,Explicit spatial-relation grounding,left / right / front / behind with other ordered object pairs,relational_direction_explicit_other_pair,direction × ordered green-pen/red-block target/reference role,No,Keep prompt,No prompt change required under the missing-cell design.,"pink marker, red block",pink marker,Home,Move the pink marker to the front of the red block.,,Directional concepts are explicitly grounded on other ordered object pairs.,,308,89,justintiensmith/VLA_Benchmark_Prompted_1200,308,False,justintiensmith/VLA_Benchmark_Prompted_1200,308,
309,Relational Placement,Place the pink marker in front of the red block.,Explicit spatial-relation grounding,left / right / front / behind with other ordered object pairs,relational_direction_explicit_other_pair,direction × ordered green-pen/red-block target/reference role,No,Keep prompt,No prompt change required under the missing-cell design.,"pink marker, red block, blue block",pink marker,Home,Place the pink marker in front of the red block.,,Directional concepts are explicitly grounded on other ordered object pairs.,,309,90,justintiensmith/VLA_Benchmark_Prompted_1200,309,False,justintiensmith/VLA_Benchmark_Prompted_1200,309,
310,Relational Placement,Place the pink marker in front of the red block.,Explicit spatial-relation grounding,left / right / front / behind with other ordered object pairs,relational_direction_explicit_other_pair,direction × ordered green-pen/red-block target/reference role,No,Keep prompt,No prompt change required under the missing-cell design.,"green pen, red block, pink marker, blue block",pink marker,Home,Place the pink marker in front of the red block.,,Directional concepts are explicitly grounded on other ordered object pairs.,,310,90,justintiensmith/VLA_Benchmark_Prompted_1200,310,False,justintiensmith/VLA_Benchmark_Prompted_1200,310,
311,Relational Placement,Move the pink marker to the front of the red block.,Explicit spatial-relation grounding,left / right / front / behind with other ordered object pairs,relational_direction_explicit_other_pair,direction × ordered green-pen/red-block target/reference role,No,Keep prompt,No prompt change required under the missing-cell design.,"pink marker, red block, green pen",pink marker,Home,Move the pink marker to the front of the red block.,,Directional concepts are explicitly grounded on other ordered object pairs.,,311,89,justintiensmith/VLA_Benchmark_Prompted_1200,311,False,justintiensmith/VLA_Benchmark_Prompted_1200,311,
312,Relational Placement,Move the pink marker to the back of the blue block.,Explicit spatial-relation grounding,left / right / front / behind with other ordered object pairs,relational_direction_explicit_other_pair,direction × ordered green-pen/red-block target/reference role,No,Keep prompt,No prompt change required under the missing-cell design.,"pink marker, blue block",pink marker,Home,Move the pink marker to the back of the blue block.,,Directional concepts are explicitly grounded on other ordered object pairs.,,312,91,justintiensmith/VLA_Benchmark_Prompted_1200,312,False,justintiensmith/VLA_Benchmark_Prompted_1200,312,
313,Relational Placement,Move the pink marker to the back of the blue block.,Explicit spatial-relation grounding,left / right / front / behind with other ordered object pairs,relational_direction_explicit_other_pair,direction × ordered green-pen/red-block target/reference role,No,Keep prompt,No prompt change required under the missing-cell design.,"pink marker, blue block, green pen",pink marker,Home,Move the pink marker to the back of the blue block.,,Directional concepts are explicitly grounded on other ordered object pairs.,,313,91,justintiensmith/VLA_Benchmark_Prompted_1200,313,False,justintiensmith/VLA_Benchmark_Prompted_1200,313,
314,Relational Placement,Move the pink marker to the back of the blue block.,Explicit spatial-relation grounding,left / right / front / behind with other ordered object pairs,relational_direction_explicit_other_pair,direction × ordered green-pen/red-block target/reference role,No,Keep prompt,No prompt change required under the missing-cell design.,"green pen, red block, pink marker, blue block",pink marker,Home,Move the pink marker to the back of the blue block.,,Directional concepts are explicitly grounded on other ordered object pairs.,,314,91,justintiensmith/VLA_Benchmark_Prompted_1200,314,False,justintiensmith/VLA_Benchmark_Prompted_1200,314,
315,Relational Placement,Move the pink marker to the back of the blue block.,Explicit spatial-relation grounding,left / right / front / behind with other ordered object pairs,relational_direction_explicit_other_pair,direction × ordered green-pen/red-block target/reference role,No,Keep prompt,No prompt change required under the missing-cell design.,"pink marker, blue block, red block",pink marker,Recovery,Move the pink marker to the back of the blue block.,,Directional concepts are explicitly grounded on other ordered object pairs.,,315,91,justintiensmith/VLA_Benchmark_Prompted_1200,315,False,justintiensmith/VLA_Benchmark_Prompted_1200,315,
316,Relational Placement,Put the pink marker on the table behind the blue block.,Explicit spatial-relation grounding,left / right / front / behind with other ordered object pairs,relational_direction_explicit_other_pair,direction × ordered green-pen/red-block target/reference role,No,Keep prompt,No prompt change required under the missing-cell design.,"green pen, red block, pink marker, blue block",pink marker,Home,Put the pink marker on the table behind the blue block.,,Directional concepts are explicitly grounded on other ordered object pairs.,,316,92,justintiensmith/VLA_Benchmark_Prompted_1200,316,False,justintiensmith/VLA_Benchmark_Prompted_1200,316,
317,Relational Placement,Move the pink marker to the back of the green pen.,Explicit spatial-relation grounding,left / right / front / behind with other ordered object pairs,relational_direction_explicit_other_pair,direction × ordered green-pen/red-block target/reference role,No,Keep prompt,No prompt change required under the missing-cell design.,"pink marker, green pen",pink marker,Home,Move the pink marker to the back of the green pen.,,Directional concepts are explicitly grounded on other ordered object pairs.,,317,93,justintiensmith/VLA_Benchmark_Prompted_1200,317,False,justintiensmith/VLA_Benchmark_Prompted_1200,317,
318,Relational Placement,Move the pink marker to the back of the green pen.,Explicit spatial-relation grounding,left / right / front / behind with other ordered object pairs,relational_direction_explicit_other_pair,direction × ordered green-pen/red-block target/reference role,No,Keep prompt,No prompt change required under the missing-cell design.,"pink marker, green pen, blue block",pink marker,Home,Move the pink marker to the back of the green pen.,,Directional concepts are explicitly grounded on other ordered object pairs.,,318,93,justintiensmith/VLA_Benchmark_Prompted_1200,318,False,justintiensmith/VLA_Benchmark_Prompted_1200,318,
319,Relational Placement,Move the pink marker to the back of the green pen.,Explicit spatial-relation grounding,left / right / front / behind with other ordered object pairs,relational_direction_explicit_other_pair,direction × ordered green-pen/red-block target/reference role,No,Keep prompt,No prompt change required under the missing-cell design.,"green pen, red block, pink marker, blue block",pink marker,Home,Move the pink marker to the back of the green pen.,,Directional concepts are explicitly grounded on other ordered object pairs.,,319,93,justintiensmith/VLA_Benchmark_Prompted_1200,319,False,justintiensmith/VLA_Benchmark_Prompted_1200,319,
320,Relational Placement,Put the pink marker on the table behind the green pen.,Explicit spatial-relation grounding,left / right / front / behind with other ordered object pairs,relational_direction_explicit_other_pair,direction × ordered green-pen/red-block target/reference role,No,Keep prompt,No prompt change required under the missing-cell design.,"pink marker, green pen, red block",pink marker,Recovery,Put the pink marker on the table behind the green pen.,,Directional concepts are explicitly grounded on other ordered object pairs.,,320,94,justintiensmith/VLA_Benchmark_Prompted_1200,320,False,justintiensmith/VLA_Benchmark_Prompted_1200,320,
321,Relational Placement,Put the pink marker on the table behind the red block.,Explicit spatial-relation grounding,left / right / front / behind with other ordered object pairs,relational_direction_explicit_other_pair,direction × ordered green-pen/red-block target/reference role,No,Keep prompt,No prompt change required under the missing-cell design.,"pink marker, red block",pink marker,Home,Put the pink marker on the table behind the red block.,,Directional concepts are explicitly grounded on other ordered object pairs.,,321,95,justintiensmith/VLA_Benchmark_Prompted_1200,321,False,justintiensmith/VLA_Benchmark_Prompted_1200,321,
322,Relational Placement,Place the pink marker behind the red block.,Explicit spatial-relation grounding,left / right / front / behind with other ordered object pairs,relational_direction_explicit_other_pair,direction × ordered green-pen/red-block target/reference role,No,Keep prompt,No prompt change required under the missing-cell design.,"pink marker, red block, blue block",pink marker,Home,Place the pink marker behind the red block.,,Directional concepts are explicitly grounded on other ordered object pairs.,,322,96,justintiensmith/VLA_Benchmark_Prompted_1200,322,False,justintiensmith/VLA_Benchmark_Prompted_1200,322,
323,Relational Placement,Put the pink marker on the table behind the red block.,Explicit spatial-relation grounding,left / right / front / behind with other ordered object pairs,relational_direction_explicit_other_pair,direction × ordered green-pen/red-block target/reference role,No,Keep prompt,No prompt change required under the missing-cell design.,"green pen, red block, pink marker, blue block",pink marker,Home,Put the pink marker on the table behind the red block.,,Directional concepts are explicitly grounded on other ordered object pairs.,,323,95,justintiensmith/VLA_Benchmark_Prompted_1200,323,False,justintiensmith/VLA_Benchmark_Prompted_1200,323,
324,Relational Placement,Put the pink marker on the table behind the red block.,Explicit spatial-relation grounding,left / right / front / behind with other ordered object pairs,relational_direction_explicit_other_pair,direction × ordered green-pen/red-block target/reference role,No,Keep prompt,No prompt change required under the missing-cell design.,"pink marker, red block, green pen",pink marker,Recovery,Put the pink marker on the table behind the red block.,,Directional concepts are explicitly grounded on other ordered object pairs.,,324,95,justintiensmith/VLA_Benchmark_Prompted_1200,324,False,justintiensmith/VLA_Benchmark_Prompted_1200,324,
325,Relational Placement,Place the pink marker to the left of the blue block.,Explicit spatial-relation grounding,left / right / front / behind with other ordered object pairs,relational_direction_explicit_other_pair,direction × ordered green-pen/red-block target/reference role,No,Keep prompt,No prompt change required under the missing-cell design.,"pink marker, blue block",pink marker,Home,Place the pink marker to the left of the blue block.,,Directional concepts are explicitly grounded on other ordered object pairs.,,325,97,justintiensmith/VLA_Benchmark_Prompted_1200,325,False,justintiensmith/VLA_Benchmark_Prompted_1200,325,
326,Relational Placement,Place the pink marker to the left of the blue block.,Explicit spatial-relation grounding,left / right / front / behind with other ordered object pairs,relational_direction_explicit_other_pair,direction × ordered green-pen/red-block target/reference role,No,Keep prompt,No prompt change required under the missing-cell design.,"pink marker, blue block, green pen",pink marker,Home,Place the pink marker to the left of the blue block.,,Directional concepts are explicitly grounded on other ordered object pairs.,,326,97,justintiensmith/VLA_Benchmark_Prompted_1200,326,False,justintiensmith/VLA_Benchmark_Prompted_1200,326,
327,Relational Placement,Place the pink marker to the left of the blue block.,Explicit spatial-relation grounding,left / right / front / behind with other ordered object pairs,relational_direction_explicit_other_pair,direction × ordered green-pen/red-block target/reference role,No,Keep prompt,No prompt change required under the missing-cell design.,"green pen, red block, pink marker, blue block",pink marker,Home,Place the pink marker to the left of the blue block.,,Directional concepts are explicitly grounded on other ordered object pairs.,,327,97,justintiensmith/VLA_Benchmark_Prompted_1200,327,False,justintiensmith/VLA_Benchmark_Prompted_1200,327,
328,Relational Placement,Place the pink marker to the left of the blue block.,Explicit spatial-relation grounding,left / right / front / behind with other ordered object pairs,relational_direction_explicit_other_pair,direction × ordered green-pen/red-block target/reference role,No,Keep prompt,No prompt change required under the missing-cell design.,"pink marker, blue block, red block",pink marker,Home,Place the pink marker to the left of the blue block.,,Directional concepts are explicitly grounded on other ordered object pairs.,,328,97,justintiensmith/VLA_Benchmark_Prompted_1200,328,False,justintiensmith/VLA_Benchmark_Prompted_1200,328,
329,Relational Placement,Place the pink marker to the left of the green pen.,Explicit spatial-relation grounding,left / right / front / behind with other ordered object pairs,relational_direction_explicit_other_pair,direction × ordered green-pen/red-block target/reference role,No,Keep prompt,No prompt change required under the missing-cell design.,"pink marker, green pen",pink marker,Home,Place the pink marker to the left of the green pen.,,Directional concepts are explicitly grounded on other ordered object pairs.,,329,98,justintiensmith/VLA_Benchmark_Prompted_1200,329,False,justintiensmith/VLA_Benchmark_Prompted_1200,329,
330,Relational Placement,Place the pink marker to the left of the green pen.,Explicit spatial-relation grounding,left / right / front / behind with other ordered object pairs,relational_direction_explicit_other_pair,direction × ordered green-pen/red-block target/reference role,No,Keep prompt,No prompt change required under the missing-cell design.,"pink marker, green pen, blue block",pink marker,Home,Place the pink marker to the left of the green pen.,,Directional concepts are explicitly grounded on other ordered object pairs.,,330,98,justintiensmith/VLA_Benchmark_Prompted_1200,330,False,justintiensmith/VLA_Benchmark_Prompted_1200,330,
331,Relational Placement,Place the pink marker to the left of the green pen.,Explicit spatial-relation grounding,left / right / front / behind with other ordered object pairs,relational_direction_explicit_other_pair,direction × ordered green-pen/red-block target/reference role,No,Keep prompt,No prompt change required under the missing-cell design.,"green pen, red block, pink marker, blue block",pink marker,Home,Place the pink marker to the left of the green pen.,,Directional concepts are explicitly grounded on other ordered object pairs.,,331,98,justintiensmith/VLA_Benchmark_Prompted_1200,331,False,justintiensmith/VLA_Benchmark_Prompted_1200,331,
332,Relational Placement,Place the pink marker to the left of the green pen.,Explicit spatial-relation grounding,left / right / front / behind with other ordered object pairs,relational_direction_explicit_other_pair,direction × ordered green-pen/red-block target/reference role,No,Keep prompt,No prompt change required under the missing-cell design.,"pink marker, green pen, red block",pink marker,Recovery,Place the pink marker to the left of the green pen.,,Directional concepts are explicitly grounded on other ordered object pairs.,,332,98,justintiensmith/VLA_Benchmark_Prompted_1200,332,False,justintiensmith/VLA_Benchmark_Prompted_1200,332,
333,Relational Placement,Place the pink marker to the left of the red block.,Explicit spatial-relation grounding,left / right / front / behind with other ordered object pairs,relational_direction_explicit_other_pair,direction × ordered green-pen/red-block target/reference role,No,Keep prompt,No prompt change required under the missing-cell design.,"pink marker, red block",pink marker,Home,Place the pink marker to the left of the red block.,,Directional concepts are explicitly grounded on other ordered object pairs.,,333,99,justintiensmith/VLA_Benchmark_Prompted_1200,333,False,justintiensmith/VLA_Benchmark_Prompted_1200,333,
334,Relational Placement,Place the pink marker to the left of the red block.,Explicit spatial-relation grounding,left / right / front / behind with other ordered object pairs,relational_direction_explicit_other_pair,direction × ordered green-pen/red-block target/reference role,No,Keep prompt,No prompt change required under the missing-cell design.,"pink marker, red block, blue block",pink marker,Home,Place the pink marker to the left of the red block.,,Directional concepts are explicitly grounded on other ordered object pairs.,,334,99,justintiensmith/VLA_Benchmark_Prompted_1200,334,False,justintiensmith/VLA_Benchmark_Prompted_1200,334,
335,Relational Placement,Place the pink marker to the left of the red block.,Explicit spatial-relation grounding,left / right / front / behind with other ordered object pairs,relational_direction_explicit_other_pair,direction × ordered green-pen/red-block target/reference role,No,Keep prompt,No prompt change required under the missing-cell design.,"green pen, red block, pink marker, blue block",pink marker,Home,Place the pink marker to the left of the red block.,,Directional concepts are explicitly grounded on other ordered object pairs.,,335,99,justintiensmith/VLA_Benchmark_Prompted_1200,335,False,justintiensmith/VLA_Benchmark_Prompted_1200,335,
336,Relational Placement,Place the pink marker to the left of the red block.,Explicit spatial-relation grounding,left / right / front / behind with other ordered object pairs,relational_direction_explicit_other_pair,direction × ordered green-pen/red-block target/reference role,No,Keep prompt,No prompt change required under the missing-cell design.,"pink marker, red block, green pen",pink marker,Recovery,Place the pink marker to the left of the red block.,,Directional concepts are explicitly grounded on other ordered object pairs.,,336,99,justintiensmith/VLA_Benchmark_Prompted_1200,336,False,justintiensmith/VLA_Benchmark_Prompted_1200,336,
337,Relational Placement,Place the pink marker to the right of the blue block.,Explicit spatial-relation grounding,left / right / front / behind with other ordered object pairs,relational_direction_explicit_other_pair,direction × ordered green-pen/red-block target/reference role,No,Keep prompt,No prompt change required under the missing-cell design.,"pink marker, blue block",pink marker,Home,Place the pink marker to the right of the blue block.,,Directional concepts are explicitly grounded on other ordered object pairs.,,337,100,justintiensmith/VLA_Benchmark_Prompted_1200,337,False,justintiensmith/VLA_Benchmark_Prompted_1200,337,
338,Relational Placement,Place the pink marker to the right of the blue block.,Explicit spatial-relation grounding,left / right / front / behind with other ordered object pairs,relational_direction_explicit_other_pair,direction × ordered green-pen/red-block target/reference role,No,Keep prompt,No prompt change required under the missing-cell design.,"pink marker, blue block, green pen",pink marker,Home,Place the pink marker to the right of the blue block.,,Directional concepts are explicitly grounded on other ordered object pairs.,,338,100,justintiensmith/VLA_Benchmark_Prompted_1200,338,False,justintiensmith/VLA_Benchmark_Prompted_1200,338,
339,Relational Placement,Place the pink marker to the right of the blue block.,Explicit spatial-relation grounding,left / right / front / behind with other ordered object pairs,relational_direction_explicit_other_pair,direction × ordered green-pen/red-block target/reference role,No,Keep prompt,No prompt change required under the missing-cell design.,"green pen, red block, pink marker, blue block",pink marker,Home,Place the pink marker to the right of the blue block.,,Directional concepts are explicitly grounded on other ordered object pairs.,,339,100,justintiensmith/VLA_Benchmark_Prompted_1200,339,False,justintiensmith/VLA_Benchmark_Prompted_1200,339,
340,Relational Placement,Place the pink marker to the right of the blue block.,Explicit spatial-relation grounding,left / right / front / behind with other ordered object pairs,relational_direction_explicit_other_pair,direction × ordered green-pen/red-block target/reference role,No,Keep prompt,No prompt change required under the missing-cell design.,"pink marker, blue block, red block",pink marker,Recovery,Place the pink marker to the right of the blue block.,,Directional concepts are explicitly grounded on other ordered object pairs.,,340,100,justintiensmith/VLA_Benchmark_Prompted_1200,340,False,justintiensmith/VLA_Benchmark_Prompted_1200,340,
341,Relational Placement,Place the pink marker to the right of the blue block.,Explicit spatial-relation grounding,left / right / front / behind with other ordered object pairs,relational_direction_explicit_other_pair,direction × ordered green-pen/red-block target/reference role,No,Keep prompt,No prompt change required under the missing-cell design.,"green pen, red block, pink marker, blue block",pink marker,Home,Place the pink marker to the right of the blue block.,,Directional concepts are explicitly grounded on other ordered object pairs.,,341,100,justintiensmith/VLA_Benchmark_Prompted_1200,341,False,justintiensmith/VLA_Benchmark_Prompted_1200,341,
342,Relational Placement,Place the pink marker to the right of the green pen.,Explicit spatial-relation grounding,left / right / front / behind with other ordered object pairs,relational_direction_explicit_other_pair,direction × ordered green-pen/red-block target/reference role,No,Keep prompt,No prompt change required under the missing-cell design.,"pink marker, green pen",pink marker,Home,Place the pink marker to the right of the green pen.,,Directional concepts are explicitly grounded on other ordered object pairs.,,342,101,justintiensmith/VLA_Benchmark_Prompted_1200,342,False,justintiensmith/VLA_Benchmark_Prompted_1200,342,
343,Relational Placement,Place the pink marker to the right of the green pen.,Explicit spatial-relation grounding,left / right / front / behind with other ordered object pairs,relational_direction_explicit_other_pair,direction × ordered green-pen/red-block target/reference role,No,Keep prompt,No prompt change required under the missing-cell design.,"pink marker, green pen, blue block",pink marker,Home,Place the pink marker to the right of the green pen.,,Directional concepts are explicitly grounded on other ordered object pairs.,,343,101,justintiensmith/VLA_Benchmark_Prompted_1200,343,False,justintiensmith/VLA_Benchmark_Prompted_1200,343,
344,Relational Placement,Place the pink marker to the right of the green pen.,Explicit spatial-relation grounding,left / right / front / behind with other ordered object pairs,relational_direction_explicit_other_pair,direction × ordered green-pen/red-block target/reference role,No,Keep prompt,No prompt change required under the missing-cell design.,"green pen, red block, pink marker, blue block",pink marker,Home,Place the pink marker to the right of the green pen.,,Directional concepts are explicitly grounded on other ordered object pairs.,,344,101,justintiensmith/VLA_Benchmark_Prompted_1200,344,False,justintiensmith/VLA_Benchmark_Prompted_1200,344,
345,Relational Placement,Place the pink marker to the right of the green pen.,Explicit spatial-relation grounding,left / right / front / behind with other ordered object pairs,relational_direction_explicit_other_pair,direction × ordered green-pen/red-block target/reference role,No,Keep prompt,No prompt change required under the missing-cell design.,"pink marker, green pen, red block",pink marker,Recovery,Place the pink marker to the right of the green pen.,,Directional concepts are explicitly grounded on other ordered object pairs.,,345,101,justintiensmith/VLA_Benchmark_Prompted_1200,345,False,justintiensmith/VLA_Benchmark_Prompted_1200,345,
346,Relational Placement,Place the pink marker to the right of the red block.,Explicit spatial-relation grounding,left / right / front / behind with other ordered object pairs,relational_direction_explicit_other_pair,direction × ordered green-pen/red-block target/reference role,No,Keep prompt,No prompt change required under the missing-cell design.,"pink marker, red block",pink marker,Home,Place the pink marker to the right of the red block.,,Directional concepts are explicitly grounded on other ordered object pairs.,,346,102,justintiensmith/VLA_Benchmark_Prompted_1200,346,False,justintiensmith/VLA_Benchmark_Prompted_1200,346,
347,Relational Placement,Place the pink marker to the right of the red block.,Explicit spatial-relation grounding,left / right / front / behind with other ordered object pairs,relational_direction_explicit_other_pair,direction × ordered green-pen/red-block target/reference role,No,Keep prompt,No prompt change required under the missing-cell design.,"pink marker, red block, blue block",pink marker,Home,Place the pink marker to the right of the red block.,,Directional concepts are explicitly grounded on other ordered object pairs.,,347,102,justintiensmith/VLA_Benchmark_Prompted_1200,347,False,justintiensmith/VLA_Benchmark_Prompted_1200,347,
348,Relational Placement,Place the pink marker to the right of the red block.,Explicit spatial-relation grounding,left / right / front / behind with other ordered object pairs,relational_direction_explicit_other_pair,direction × ordered green-pen/red-block target/reference role,No,Keep prompt,No prompt change required under the missing-cell design.,"green pen, red block, pink marker, blue block",pink marker,Home,Place the pink marker to the right of the red block.,,Directional concepts are explicitly grounded on other ordered object pairs.,,348,102,justintiensmith/VLA_Benchmark_Prompted_1200,348,False,justintiensmith/VLA_Benchmark_Prompted_1200,348,
349,Relational Placement,Place the pink marker to the right of the red block.,Explicit spatial-relation grounding,left / right / front / behind with other ordered object pairs,relational_direction_explicit_other_pair,direction × ordered green-pen/red-block target/reference role,No,Keep prompt,No prompt change required under the missing-cell design.,"pink marker, red block, green pen",pink marker,Recovery,Place the pink marker to the right of the red block.,,Directional concepts are explicitly grounded on other ordered object pairs.,,349,102,justintiensmith/VLA_Benchmark_Prompted_1200,349,False,justintiensmith/VLA_Benchmark_Prompted_1200,349,
350,Relational Placement,Put the blue block on the table in front of the green pen.,Explicit spatial-relation grounding,left / right / front / behind with other ordered object pairs,relational_direction_explicit_other_pair,direction × ordered green-pen/red-block target/reference role,No,Keep prompt,No prompt change required under the missing-cell design.,"blue block, green pen",blue block,Home,Put the blue block on the table in front of the green pen.,,Directional concepts are explicitly grounded on other ordered object pairs.,,350,103,justintiensmith/VLA_Benchmark_Prompted_1200,350,False,justintiensmith/VLA_Benchmark_Prompted_1200,350,
351,Relational Placement,Move the blue block to the front of the green pen.,Explicit spatial-relation grounding,left / right / front / behind with other ordered object pairs,relational_direction_explicit_other_pair,direction × ordered green-pen/red-block target/reference role,No,Keep prompt,No prompt change required under the missing-cell design.,"blue block, green pen, red block",blue block,Home,Move the blue block to the front of the green pen.,,Directional concepts are explicitly grounded on other ordered object pairs.,,351,104,justintiensmith/VLA_Benchmark_Prompted_1200,351,False,justintiensmith/VLA_Benchmark_Prompted_1200,351,
352,Relational Placement,Place the blue block in front of the green pen.,Explicit spatial-relation grounding,left / right / front / behind with other ordered object pairs,relational_direction_explicit_other_pair,direction × ordered green-pen/red-block target/reference role,No,Keep prompt,No prompt change required under the missing-cell design.,"green pen, red block, pink marker, blue block",blue block,Home,Place the blue block in front of the green pen.,,Directional concepts are explicitly grounded on other ordered object pairs.,,352,105,justintiensmith/VLA_Benchmark_Prompted_1200,352,False,justintiensmith/VLA_Benchmark_Prompted_1200,352,
353,Relational Placement,Move the blue block to the front of the green pen.,Explicit spatial-relation grounding,left / right / front / behind with other ordered object pairs,relational_direction_explicit_other_pair,direction × ordered green-pen/red-block target/reference role,No,Keep prompt,No prompt change required under the missing-cell design.,"blue block, green pen, pink marker",blue block,Recovery,Move the blue block to the front of the green pen.,,Directional concepts are explicitly grounded on other ordered object pairs.,,353,104,justintiensmith/VLA_Benchmark_Prompted_1200,353,False,justintiensmith/VLA_Benchmark_Prompted_1200,353,
354,Relational Placement,Place the blue block in front of the red block.,Explicit spatial-relation grounding,left / right / front / behind with other ordered object pairs,relational_direction_explicit_other_pair,direction × ordered green-pen/red-block target/reference role,No,Keep prompt,No prompt change required under the missing-cell design.,"blue block, red block",blue block,Home,Place the blue block in front of the red block.,,Directional concepts are explicitly grounded on other ordered object pairs.,,354,106,justintiensmith/VLA_Benchmark_Prompted_1200,354,False,justintiensmith/VLA_Benchmark_Prompted_1200,354,
355,Relational Placement,Put the blue block on the table in front of the red block.,Explicit spatial-relation grounding,left / right / front / behind with other ordered object pairs,relational_direction_explicit_other_pair,direction × ordered green-pen/red-block target/reference role,No,Keep prompt,No prompt change required under the missing-cell design.,"blue block, red block, green pen",blue block,Home,Put the blue block on the table in front of the red block.,,Directional concepts are explicitly grounded on other ordered object pairs.,,355,107,justintiensmith/VLA_Benchmark_Prompted_1200,355,False,justintiensmith/VLA_Benchmark_Prompted_1200,355,
356,Relational Placement,Place the blue block in front of the red block.,Explicit spatial-relation grounding,left / right / front / behind with other ordered object pairs,relational_direction_explicit_other_pair,direction × ordered green-pen/red-block target/reference role,No,Keep prompt,No prompt change required under the missing-cell design.,"green pen, red block, pink marker, blue block",blue block,Home,Place the blue block in front of the red block.,,Directional concepts are explicitly grounded on other ordered object pairs.,,356,106,justintiensmith/VLA_Benchmark_Prompted_1200,356,False,justintiensmith/VLA_Benchmark_Prompted_1200,356,
357,Relational Placement,Move the blue block to the front of the red block.,Explicit spatial-relation grounding,left / right / front / behind with other ordered object pairs,relational_direction_explicit_other_pair,direction × ordered green-pen/red-block target/reference role,No,Keep prompt,No prompt change required under the missing-cell design.,"blue block, red block, pink marker",blue block,Recovery,Move the blue block to the front of the red block.,,Directional concepts are explicitly grounded on other ordered object pairs.,,357,108,justintiensmith/VLA_Benchmark_Prompted_1200,357,False,justintiensmith/VLA_Benchmark_Prompted_1200,357,
358,Relational Placement,Put the blue block on the table in front of the pink marker.,Explicit spatial-relation grounding,left / right / front / behind with other ordered object pairs,relational_direction_explicit_other_pair,direction × ordered green-pen/red-block target/reference role,No,Keep prompt,No prompt change required under the missing-cell design.,"blue block, pink marker",blue block,Home,Put the blue block on the table in front of the pink marker.,,Directional concepts are explicitly grounded on other ordered object pairs.,,358,109,justintiensmith/VLA_Benchmark_Prompted_1200,358,False,justintiensmith/VLA_Benchmark_Prompted_1200,358,
359,Relational Placement,Place the blue block in front of the pink marker.,Explicit spatial-relation grounding,left / right / front / behind with other ordered object pairs,relational_direction_explicit_other_pair,direction × ordered green-pen/red-block target/reference role,No,Keep prompt,No prompt change required under the missing-cell design.,"blue block, pink marker, green pen",blue block,Home,Place the blue block in front of the pink marker.,,Directional concepts are explicitly grounded on other ordered object pairs.,,359,110,justintiensmith/VLA_Benchmark_Prompted_1200,359,False,justintiensmith/VLA_Benchmark_Prompted_1200,359,
360,Relational Placement,Put the blue block on the table in front of the pink marker.,Explicit spatial-relation grounding,left / right / front / behind with other ordered object pairs,relational_direction_explicit_other_pair,direction × ordered green-pen/red-block target/reference role,No,Keep prompt,No prompt change required under the missing-cell design.,"green pen, red block, pink marker, blue block",blue block,Home,Put the blue block on the table in front of the pink marker.,,Directional concepts are explicitly grounded on other ordered object pairs.,,360,109,justintiensmith/VLA_Benchmark_Prompted_1200,360,False,justintiensmith/VLA_Benchmark_Prompted_1200,360,
361,Relational Placement,Move the blue block to the front of the pink marker.,Explicit spatial-relation grounding,left / right / front / behind with other ordered object pairs,relational_direction_explicit_other_pair,direction × ordered green-pen/red-block target/reference role,No,Keep prompt,No prompt change required under the missing-cell design.,"blue block, pink marker, red block",blue block,Home,Move the blue block to the front of the pink marker.,,Directional concepts are explicitly grounded on other ordered object pairs.,,361,111,justintiensmith/VLA_Benchmark_Prompted_1200,361,False,justintiensmith/VLA_Benchmark_Prompted_1200,361,
362,Relational Placement,Put the blue block on the table behind the green pen.,Explicit spatial-relation grounding,left / right / front / behind with other ordered object pairs,relational_direction_explicit_other_pair,direction × ordered green-pen/red-block target/reference role,No,Keep prompt,No prompt change required under the missing-cell design.,"blue block, green pen",blue block,Home,Put the blue block on the table behind the green pen.,,Directional concepts are explicitly grounded on other ordered object pairs.,,362,112,justintiensmith/VLA_Benchmark_Prompted_1200,362,False,justintiensmith/VLA_Benchmark_Prompted_1200,362,
363,Relational Placement,Place the blue block behind the green pen.,Explicit spatial-relation grounding,left / right / front / behind with other ordered object pairs,relational_direction_explicit_other_pair,direction × ordered green-pen/red-block target/reference role,No,Keep prompt,No prompt change required under the missing-cell design.,"blue block, green pen, red block",blue block,Home,Place the blue block behind the green pen.,,Directional concepts are explicitly grounded on other ordered object pairs.,,363,113,justintiensmith/VLA_Benchmark_Prompted_1200,363,False,justintiensmith/VLA_Benchmark_Prompted_1200,363,
364,Relational Placement,Place the blue block behind the green pen.,Explicit spatial-relation grounding,left / right / front / behind with other ordered object pairs,relational_direction_explicit_other_pair,direction × ordered green-pen/red-block target/reference role,No,Keep prompt,No prompt change required under the missing-cell design.,"green pen, red block, pink marker, blue block",blue block,Home,Place the blue block behind the green pen.,,Directional concepts are explicitly grounded on other ordered object pairs.,,364,113,justintiensmith/VLA_Benchmark_Prompted_1200,364,False,justintiensmith/VLA_Benchmark_Prompted_1200,364,
365,Relational Placement,Put the blue block on the table behind the green pen.,Explicit spatial-relation grounding,left / right / front / behind with other ordered object pairs,relational_direction_explicit_other_pair,direction × ordered green-pen/red-block target/reference role,No,Keep prompt,No prompt change required under the missing-cell design.,"blue block, green pen, pink marker",blue block,Recovery,Put the blue block on the table behind the green pen.,,Directional concepts are explicitly grounded on other ordered object pairs.,,365,112,justintiensmith/VLA_Benchmark_Prompted_1200,365,False,justintiensmith/VLA_Benchmark_Prompted_1200,365,
366,Relational Placement,Move the blue block to the back of the green pen.,Explicit spatial-relation grounding,left / right / front / behind with other ordered object pairs,relational_direction_explicit_other_pair,direction × ordered green-pen/red-block target/reference role,No,Keep prompt,No prompt change required under the missing-cell design.,"green pen, red block, pink marker, blue block",blue block,Home,Move the blue block to the back of the green pen.,,Directional concepts are explicitly grounded on other ordered object pairs.,,366,114,justintiensmith/VLA_Benchmark_Prompted_1200,366,False,justintiensmith/VLA_Benchmark_Prompted_1200,366,
367,Relational Placement,Place the blue block behind the red block.,Explicit spatial-relation grounding,left / right / front / behind with other ordered object pairs,relational_direction_explicit_other_pair,direction × ordered green-pen/red-block target/reference role,No,Keep prompt,No prompt change required under the missing-cell design.,"blue block, red block",blue block,Home,Place the blue block behind the red block.,,Directional concepts are explicitly grounded on other ordered object pairs.,,367,115,justintiensmith/VLA_Benchmark_Prompted_1200,367,False,justintiensmith/VLA_Benchmark_Prompted_1200,367,
368,Relational Placement,Place the blue block behind the red block.,Explicit spatial-relation grounding,left / right / front / behind with other ordered object pairs,relational_direction_explicit_other_pair,direction × ordered green-pen/red-block target/reference role,No,Keep prompt,No prompt change required under the missing-cell design.,"blue block, red block, green pen",blue block,Home,Place the blue block behind the red block.,,Directional concepts are explicitly grounded on other ordered object pairs.,,368,115,justintiensmith/VLA_Benchmark_Prompted_1200,368,False,justintiensmith/VLA_Benchmark_Prompted_1200,368,
369,Relational Placement,Put the blue block on the table behind the red block.,Explicit spatial-relation grounding,left / right / front / behind with other ordered object pairs,relational_direction_explicit_other_pair,direction × ordered green-pen/red-block target/reference role,No,Keep prompt,No prompt change required under the missing-cell design.,"green pen, red block, pink marker, blue block",blue block,Home,Put the blue block on the table behind the red block.,,Directional concepts are explicitly grounded on other ordered object pairs.,,369,116,justintiensmith/VLA_Benchmark_Prompted_1200,369,False,justintiensmith/VLA_Benchmark_Prompted_1200,369,
370,Relational Placement,Place the blue block behind the red block.,Explicit spatial-relation grounding,left / right / front / behind with other ordered object pairs,relational_direction_explicit_other_pair,direction × ordered green-pen/red-block target/reference role,No,Keep prompt,No prompt change required under the missing-cell design.,"blue block, red block, pink marker",blue block,Recovery,Place the blue block behind the red block.,,Directional concepts are explicitly grounded on other ordered object pairs.,,370,115,justintiensmith/VLA_Benchmark_Prompted_1200,370,False,justintiensmith/VLA_Benchmark_Prompted_1200,370,
371,Relational Placement,Move the blue block to the back of the pink marker.,Explicit spatial-relation grounding,left / right / front / behind with other ordered object pairs,relational_direction_explicit_other_pair,direction × ordered green-pen/red-block target/reference role,No,Keep prompt,No prompt change required under the missing-cell design.,"blue block, pink marker",blue block,Home,Move the blue block to the back of the pink marker.,,Directional concepts are explicitly grounded on other ordered object pairs.,,371,117,justintiensmith/VLA_Benchmark_Prompted_1200,371,False,justintiensmith/VLA_Benchmark_Prompted_1200,371,
372,Relational Placement,Put the blue block on the table behind the pink marker.,Explicit spatial-relation grounding,left / right / front / behind with other ordered object pairs,relational_direction_explicit_other_pair,direction × ordered green-pen/red-block target/reference role,No,Keep prompt,No prompt change required under the missing-cell design.,"blue block, pink marker, red block",blue block,Home,Put the blue block on the table behind the pink marker.,,Directional concepts are explicitly grounded on other ordered object pairs.,,372,118,justintiensmith/VLA_Benchmark_Prompted_1200,372,False,justintiensmith/VLA_Benchmark_Prompted_1200,372,
373,Relational Placement,Move the blue block to the back of the pink marker.,Explicit spatial-relation grounding,left / right / front / behind with other ordered object pairs,relational_direction_explicit_other_pair,direction × ordered green-pen/red-block target/reference role,No,Keep prompt,No prompt change required under the missing-cell design.,"green pen, red block, pink marker, blue block",blue block,Home,Move the blue block to the back of the pink marker.,,Directional concepts are explicitly grounded on other ordered object pairs.,,373,117,justintiensmith/VLA_Benchmark_Prompted_1200,373,False,justintiensmith/VLA_Benchmark_Prompted_1200,373,
374,Relational Placement,Put the blue block on the table behind the pink marker.,Explicit spatial-relation grounding,left / right / front / behind with other ordered object pairs,relational_direction_explicit_other_pair,direction × ordered green-pen/red-block target/reference role,No,Keep prompt,No prompt change required under the missing-cell design.,"blue block, pink marker, green pen",blue block,Recovery,Put the blue block on the table behind the pink marker.,,Directional concepts are explicitly grounded on other ordered object pairs.,,374,118,justintiensmith/VLA_Benchmark_Prompted_1200,374,False,justintiensmith/VLA_Benchmark_Prompted_1200,374,
375,Relational Placement,Place the blue block to the left of the green pen.,Explicit spatial-relation grounding,left / right / front / behind with other ordered object pairs,relational_direction_explicit_other_pair,direction × ordered green-pen/red-block target/reference role,No,Keep prompt,No prompt change required under the missing-cell design.,"blue block, green pen",blue block,Home,Place the blue block to the left of the green pen.,,Directional concepts are explicitly grounded on other ordered object pairs.,,375,119,justintiensmith/VLA_Benchmark_Prompted_1200,375,False,justintiensmith/VLA_Benchmark_Prompted_1200,375,
376,Relational Placement,Place the blue block to the left of the green pen.,Explicit spatial-relation grounding,left / right / front / behind with other ordered object pairs,relational_direction_explicit_other_pair,direction × ordered green-pen/red-block target/reference role,No,Keep prompt,No prompt change required under the missing-cell design.,"blue block, green pen, red block",blue block,Home,Place the blue block to the left of the green pen.,,Directional concepts are explicitly grounded on other ordered object pairs.,,376,119,justintiensmith/VLA_Benchmark_Prompted_1200,376,False,justintiensmith/VLA_Benchmark_Prompted_1200,376,
377,Relational Placement,Place the blue block to the left of the green pen.,Explicit spatial-relation grounding,left / right / front / behind with other ordered object pairs,relational_direction_explicit_other_pair,direction × ordered green-pen/red-block target/reference role,No,Keep prompt,No prompt change required under the missing-cell design.,"green pen, red block, pink marker, blue block",blue block,Home,Place the blue block to the left of the green pen.,,Directional concepts are explicitly grounded on other ordered object pairs.,,377,119,justintiensmith/VLA_Benchmark_Prompted_1200,377,False,justintiensmith/VLA_Benchmark_Prompted_1200,377,
378,Relational Placement,Place the blue block to the left of the green pen.,Explicit spatial-relation grounding,left / right / front / behind with other ordered object pairs,relational_direction_explicit_other_pair,direction × ordered green-pen/red-block target/reference role,No,Keep prompt,No prompt change required under the missing-cell design.,"blue block, green pen, pink marker",blue block,Home,Place the blue block to the left of the green pen.,,Directional concepts are explicitly grounded on other ordered object pairs.,,378,119,justintiensmith/VLA_Benchmark_Prompted_1200,378,False,justintiensmith/VLA_Benchmark_Prompted_1200,378,
379,Relational Placement,Place the blue block to the left of the red block.,Explicit spatial-relation grounding,left / right / front / behind with other ordered object pairs,relational_direction_explicit_other_pair,direction × ordered green-pen/red-block target/reference role,No,Keep prompt,No prompt change required under the missing-cell design.,"blue block, red block",blue block,Home,Place the blue block to the left of the red block.,,Directional concepts are explicitly grounded on other ordered object pairs.,,379,120,justintiensmith/VLA_Benchmark_Prompted_1200,379,False,justintiensmith/VLA_Benchmark_Prompted_1200,379,
380,Relational Placement,Place the blue block to the left of the red block.,Explicit spatial-relation grounding,left / right / front / behind with other ordered object pairs,relational_direction_explicit_other_pair,direction × ordered green-pen/red-block target/reference role,No,Keep prompt,No prompt change required under the missing-cell design.,"blue block, red block, green pen",blue block,Home,Place the blue block to the left of the red block.,,Directional concepts are explicitly grounded on other ordered object pairs.,,380,120,justintiensmith/VLA_Benchmark_Prompted_1200,380,False,justintiensmith/VLA_Benchmark_Prompted_1200,380,
381,Relational Placement,Place the blue block to the left of the red block.,Explicit spatial-relation grounding,left / right / front / behind with other ordered object pairs,relational_direction_explicit_other_pair,direction × ordered green-pen/red-block target/reference role,No,Keep prompt,No prompt change required under the missing-cell design.,"green pen, red block, pink marker, blue block",blue block,Home,Place the blue block to the left of the red block.,,Directional concepts are explicitly grounded on other ordered object pairs.,,381,120,justintiensmith/VLA_Benchmark_Prompted_1200,381,False,justintiensmith/VLA_Benchmark_Prompted_1200,381,
382,Relational Placement,Place the blue block to the left of the red block.,Explicit spatial-relation grounding,left / right / front / behind with other ordered object pairs,relational_direction_explicit_other_pair,direction × ordered green-pen/red-block target/reference role,No,Keep prompt,No prompt change required under the missing-cell design.,"blue block, red block, pink marker",blue block,Recovery,Place the blue block to the left of the red block.,,Directional concepts are explicitly grounded on other ordered object pairs.,,382,120,justintiensmith/VLA_Benchmark_Prompted_1200,382,False,justintiensmith/VLA_Benchmark_Prompted_1200,382,
383,Relational Placement,Place the blue block to the left of the pink marker.,Explicit spatial-relation grounding,left / right / front / behind with other ordered object pairs,relational_direction_explicit_other_pair,direction × ordered green-pen/red-block target/reference role,No,Keep prompt,No prompt change required under the missing-cell design.,"blue block, pink marker",blue block,Home,Place the blue block to the left of the pink marker.,,Directional concepts are explicitly grounded on other ordered object pairs.,,383,121,justintiensmith/VLA_Benchmark_Prompted_1200,383,False,justintiensmith/VLA_Benchmark_Prompted_1200,383,
384,Relational Placement,Place the blue block to the left of the pink marker.,Explicit spatial-relation grounding,left / right / front / behind with other ordered object pairs,relational_direction_explicit_other_pair,direction × ordered green-pen/red-block target/reference role,No,Keep prompt,No prompt change required under the missing-cell design.,"blue block, pink marker, green pen",blue block,Home,Place the blue block to the left of the pink marker.,,Directional concepts are explicitly grounded on other ordered object pairs.,,384,121,justintiensmith/VLA_Benchmark_Prompted_1200,384,False,justintiensmith/VLA_Benchmark_Prompted_1200,384,
385,Relational Placement,Place the blue block to the left of the pink marker.,Explicit spatial-relation grounding,left / right / front / behind with other ordered object pairs,relational_direction_explicit_other_pair,direction × ordered green-pen/red-block target/reference role,No,Keep prompt,No prompt change required under the missing-cell design.,"green pen, red block, pink marker, blue block",blue block,Home,Place the blue block to the left of the pink marker.,,Directional concepts are explicitly grounded on other ordered object pairs.,,385,121,justintiensmith/VLA_Benchmark_Prompted_1200,385,False,justintiensmith/VLA_Benchmark_Prompted_1200,385,
386,Relational Placement,Place the blue block to the left of the pink marker.,Explicit spatial-relation grounding,left / right / front / behind with other ordered object pairs,relational_direction_explicit_other_pair,direction × ordered green-pen/red-block target/reference role,No,Keep prompt,No prompt change required under the missing-cell design.,"blue block, pink marker, red block",blue block,Recovery,Place the blue block to the left of the pink marker.,,Directional concepts are explicitly grounded on other ordered object pairs.,,386,121,justintiensmith/VLA_Benchmark_Prompted_1200,386,False,justintiensmith/VLA_Benchmark_Prompted_1200,386,
387,Relational Placement,Place the blue block to the right of the green pen.,Explicit spatial-relation grounding,left / right / front / behind with other ordered object pairs,relational_direction_explicit_other_pair,direction × ordered green-pen/red-block target/reference role,No,Keep prompt,No prompt change required under the missing-cell design.,"blue block, green pen",blue block,Home,Place the blue block to the right of the green pen.,,Directional concepts are explicitly grounded on other ordered object pairs.,,387,122,justintiensmith/VLA_Benchmark_Prompted_1200,387,False,justintiensmith/VLA_Benchmark_Prompted_1200,387,
388,Relational Placement,Place the blue block to the right of the green pen.,Explicit spatial-relation grounding,left / right / front / behind with other ordered object pairs,relational_direction_explicit_other_pair,direction × ordered green-pen/red-block target/reference role,No,Keep prompt,No prompt change required under the missing-cell design.,"blue block, green pen, red block",blue block,Home,Place the blue block to the right of the green pen.,,Directional concepts are explicitly grounded on other ordered object pairs.,,388,122,justintiensmith/VLA_Benchmark_Prompted_1200,388,False,justintiensmith/VLA_Benchmark_Prompted_1200,388,
389,Relational Placement,Place the blue block to the right of the green pen.,Explicit spatial-relation grounding,left / right / front / behind with other ordered object pairs,relational_direction_explicit_other_pair,direction × ordered green-pen/red-block target/reference role,No,Keep prompt,No prompt change required under the missing-cell design.,"green pen, red block, pink marker, blue block",blue block,Home,Place the blue block to the right of the green pen.,,Directional concepts are explicitly grounded on other ordered object pairs.,,389,122,justintiensmith/VLA_Benchmark_Prompted_1200,389,False,justintiensmith/VLA_Benchmark_Prompted_1200,389,
390,Relational Placement,Place the blue block to the right of the green pen.,Explicit spatial-relation grounding,left / right / front / behind with other ordered object pairs,relational_direction_explicit_other_pair,direction × ordered green-pen/red-block target/reference role,No,Keep prompt,No prompt change required under the missing-cell design.,"blue block, green pen, pink marker",blue block,Recovery,Place the blue block to the right of the green pen.,,Directional concepts are explicitly grounded on other ordered object pairs.,,390,122,justintiensmith/VLA_Benchmark_Prompted_1200,390,False,justintiensmith/VLA_Benchmark_Prompted_1200,390,
391,Relational Placement,Place the blue block to the right of the green pen.,Explicit spatial-relation grounding,left / right / front / behind with other ordered object pairs,relational_direction_explicit_other_pair,direction × ordered green-pen/red-block target/reference role,No,Keep prompt,No prompt change required under the missing-cell design.,"green pen, red block, pink marker, blue block",blue block,Home,Place the blue block to the right of the green pen.,,Directional concepts are explicitly grounded on other ordered object pairs.,,391,122,justintiensmith/VLA_Benchmark_Prompted_1200,391,False,justintiensmith/VLA_Benchmark_Prompted_1200,391,
392,Relational Placement,Place the blue block to the right of the red block.,Explicit spatial-relation grounding,left / right / front / behind with other ordered object pairs,relational_direction_explicit_other_pair,direction × ordered green-pen/red-block target/reference role,No,Keep prompt,No prompt change required under the missing-cell design.,"blue block, red block",blue block,Home,Place the blue block to the right of the red block.,,Directional concepts are explicitly grounded on other ordered object pairs.,,392,123,justintiensmith/VLA_Benchmark_Prompted_1200,392,False,justintiensmith/VLA_Benchmark_Prompted_1200,392,
393,Relational Placement,Place the blue block to the right of the red block.,Explicit spatial-relation grounding,left / right / front / behind with other ordered object pairs,relational_direction_explicit_other_pair,direction × ordered green-pen/red-block target/reference role,No,Keep prompt,No prompt change required under the missing-cell design.,"blue block, red block, green pen",blue block,Home,Place the blue block to the right of the red block.,,Directional concepts are explicitly grounded on other ordered object pairs.,,393,123,justintiensmith/VLA_Benchmark_Prompted_1200,393,False,justintiensmith/VLA_Benchmark_Prompted_1200,393,
394,Relational Placement,Place the blue block to the right of the red block.,Explicit spatial-relation grounding,left / right / front / behind with other ordered object pairs,relational_direction_explicit_other_pair,direction × ordered green-pen/red-block target/reference role,No,Keep prompt,No prompt change required under the missing-cell design.,"green pen, red block, pink marker, blue block",blue block,Home,Place the blue block to the right of the red block.,,Directional concepts are explicitly grounded on other ordered object pairs.,,394,123,justintiensmith/VLA_Benchmark_Prompted_1200,394,False,justintiensmith/VLA_Benchmark_Prompted_1200,394,
395,Relational Placement,Place the blue block to the right of the red block.,Explicit spatial-relation grounding,left / right / front / behind with other ordered object pairs,relational_direction_explicit_other_pair,direction × ordered green-pen/red-block target/reference role,No,Keep prompt,No prompt change required under the missing-cell design.,"blue block, red block, pink marker",blue block,Recovery,Place the blue block to the right of the red block.,,Directional concepts are explicitly grounded on other ordered object pairs.,,395,123,justintiensmith/VLA_Benchmark_Prompted_1200,395,False,justintiensmith/VLA_Benchmark_Prompted_1200,395,
396,Relational Placement,Place the blue block to the right of the pink marker.,Explicit spatial-relation grounding,left / right / front / behind with other ordered object pairs,relational_direction_explicit_other_pair,direction × ordered green-pen/red-block target/reference role,No,Keep prompt,No prompt change required under the missing-cell design.,"blue block, pink marker",blue block,Home,Place the blue block to the right of the pink marker.,,Directional concepts are explicitly grounded on other ordered object pairs.,,396,124,justintiensmith/VLA_Benchmark_Prompted_1200,396,False,justintiensmith/VLA_Benchmark_Prompted_1200,396,
397,Relational Placement,Place the blue block to the right of the pink marker.,Explicit spatial-relation grounding,left / right / front / behind with other ordered object pairs,relational_direction_explicit_other_pair,direction × ordered green-pen/red-block target/reference role,No,Keep prompt,No prompt change required under the missing-cell design.,"blue block, pink marker, red block",blue block,Home,Place the blue block to the right of the pink marker.,,Directional concepts are explicitly grounded on other ordered object pairs.,,397,124,justintiensmith/VLA_Benchmark_Prompted_1200,397,False,justintiensmith/VLA_Benchmark_Prompted_1200,397,
398,Relational Placement,Place the blue block to the right of the pink marker.,Explicit spatial-relation grounding,left / right / front / behind with other ordered object pairs,relational_direction_explicit_other_pair,direction × ordered green-pen/red-block target/reference role,No,Keep prompt,No prompt change required under the missing-cell design.,"green pen, red block, pink marker, blue block",blue block,Home,Place the blue block to the right of the pink marker.,,Directional concepts are explicitly grounded on other ordered object pairs.,,398,124,justintiensmith/VLA_Benchmark_Prompted_1200,398,False,justintiensmith/VLA_Benchmark_Prompted_1200,398,
399,Relational Placement,Place the blue block to the right of the pink marker.,Explicit spatial-relation grounding,left / right / front / behind with other ordered object pairs,relational_direction_explicit_other_pair,direction × ordered green-pen/red-block target/reference role,No,Keep prompt,No prompt change required under the missing-cell design.,"blue block, pink marker, green pen",blue block,Recovery,Place the blue block to the right of the pink marker.,,Directional concepts are explicitly grounded on other ordered object pairs.,,399,124,justintiensmith/VLA_Benchmark_Prompted_1200,399,False,justintiensmith/VLA_Benchmark_Prompted_1200,399,
400,Referential Disambiguation,Put the crushed Coke can in the bowl.,Masked relation × candidate-category composition,direct identity=crushed Coke can; hidden relation=closest; candidate category=crushed soda can,referential_crushed_soda_can_closest_masked,airplane×furthest; crushed-soda-can×closest; pencil-sharpener×between; pen fully crossed,Yes,Replace prompt only,"Prompt-only relabeling; preserve episode 400 video, scene, trajectory, target, and start position.","crushed Coke can, crushed Pepsi can, green pencil sharpener",crushed Coke can,Home,Pick up the crushed soda can nearest to the green pencil sharpener and place it in the bowl.,Pick up the crushed soda can nearest to the green pencil sharpener and place it in the bowl.,"The crushed soda can is still named and manipulated directly, but closest is never used to select this candidate category during training.",,400,125,justintiensmith/VLA_Benchmark_Prompted_1200,400,False,justintiensmith/VLA_Benchmark_Prompted_1200,400,
401,Referential Disambiguation,Pick up the crushed Pepsi can and place it in the bowl.,Masked relation × candidate-category composition,direct identity=crushed Pepsi can; hidden relation=closest; candidate category=crushed soda can,referential_crushed_soda_can_closest_masked,airplane×furthest; crushed-soda-can×closest; pencil-sharpener×between; pen fully crossed,Yes,Replace prompt only,"Prompt-only relabeling; preserve episode 401 video, scene, trajectory, target, and start position.","crushed Coke can, crushed Pepsi can, red pencil sharpener, yellow pen",crushed Pepsi can,Home,Pick up the crushed soda can nearest to the red pencil sharpener and place it in the bowl.,Pick up the crushed soda can nearest to the red pencil sharpener and place it in the bowl.,"The crushed soda can is still named and manipulated directly, but closest is never used to select this candidate category during training.",,401,126,justintiensmith/VLA_Benchmark_Prompted_1200,401,False,justintiensmith/VLA_Benchmark_Prompted_1200,401,
402,Referential Disambiguation,Move the crushed Coke can into the bowl.,Masked relation × candidate-category composition,direct identity=crushed Coke can; hidden relation=closest; candidate category=crushed soda can,referential_crushed_soda_can_closest_masked,airplane×furthest; crushed-soda-can×closest; pencil-sharpener×between; pen fully crossed,Yes,Replace prompt only,"Prompt-only relabeling; preserve episode 402 video, scene, trajectory, target, and start position.","crushed Coke can, crushed Pepsi can, green pen",crushed Coke can,Home,Put the crushed soda can closest to the green pen in the bowl.,Put the crushed soda can closest to the green pen in the bowl.,"The crushed soda can is still named and manipulated directly, but closest is never used to select this candidate category during training.",,402,127,justintiensmith/VLA_Benchmark_Prompted_1200,402,False,justintiensmith/VLA_Benchmark_Prompted_1200,402,
403,Referential Disambiguation,Put the crushed Pepsi can in the bowl.,Masked relation × candidate-category composition,direct identity=crushed Pepsi can; hidden relation=closest; candidate category=crushed soda can,referential_crushed_soda_can_closest_masked,airplane×furthest; crushed-soda-can×closest; pencil-sharpener×between; pen fully crossed,Yes,Replace prompt only,"Prompt-only relabeling; preserve episode 403 video, scene, trajectory, target, and start position.","crushed Coke can, crushed Pepsi can, yellow pen, airplane toy without propellers",crushed Pepsi can,Home,Pick up the crushed soda can nearest to the yellow pen and place it in the bowl.,Pick up the crushed soda can nearest to the yellow pen and place it in the bowl.,"The crushed soda can is still named and manipulated directly, but closest is never used to select this candidate category during training.",,403,128,justintiensmith/VLA_Benchmark_Prompted_1200,403,False,justintiensmith/VLA_Benchmark_Prompted_1200,403,
404,Referential Disambiguation,Pick up the crushed Coke can and place it in the bowl.,Masked relation × candidate-category composition,direct identity=crushed Coke can; hidden relation=closest; candidate category=crushed soda can,referential_crushed_soda_can_closest_masked,airplane×furthest; crushed-soda-can×closest; pencil-sharpener×between; pen fully crossed,Yes,Replace prompt only,"Prompt-only relabeling; preserve episode 404 video, scene, trajectory, target, and start position.","crushed Coke can, crushed Pepsi can, airplane toy with propellers",crushed Coke can,Recovery,Pick up the crushed soda can nearest to the airplane toy with propellers and place it in the bowl.,Pick up the crushed soda can nearest to the airplane toy with propellers and place it in the bowl.,"The crushed soda can is still named and manipulated directly, but closest is never used to select this candidate category during training.",,404,129,justintiensmith/VLA_Benchmark_Prompted_1200,404,False,justintiensmith/VLA_Benchmark_Prompted_1200,404,
405,Referential Disambiguation,Move the crushed Pepsi can into the bowl.,Masked relation × candidate-category composition,direct identity=crushed Pepsi can; hidden relation=closest; candidate category=crushed soda can,referential_crushed_soda_can_closest_masked,airplane×furthest; crushed-soda-can×closest; pencil-sharpener×between; pen fully crossed,Yes,Replace prompt only,"Prompt-only relabeling; preserve episode 405 video, scene, trajectory, target, and start position.","crushed Coke can, crushed Pepsi can, airplane toy without propellers, red pencil sharpener",crushed Pepsi can,Home,Move the crushed soda can that is closest to the airplane toy without propellers into the bowl.,Move the crushed soda can that is closest to the airplane toy without propellers into the bowl.,"The crushed soda can is still named and manipulated directly, but closest is never used to select this candidate category during training.",,405,130,justintiensmith/VLA_Benchmark_Prompted_1200,405,False,justintiensmith/VLA_Benchmark_Prompted_1200,405,
406,Referential Disambiguation,Put the crushed Coke can in the bowl.,Masked relation × candidate-category composition,direct identity=crushed Coke can; hidden relation=closest; candidate category=crushed soda can,referential_crushed_soda_can_closest_masked,airplane×furthest; crushed-soda-can×closest; pencil-sharpener×between; pen fully crossed,Yes,Replace prompt only,"Prompt-only relabeling; preserve episode 406 video, scene, trajectory, target, and start position.","crushed Coke can, crushed Pepsi can, green pencil sharpener",crushed Coke can,Home,Put the crushed soda can closest to the green pencil sharpener in the bowl.,Put the crushed soda can closest to the green pencil sharpener in the bowl.,"The crushed soda can is still named and manipulated directly, but closest is never used to select this candidate category during training.",,406,125,justintiensmith/VLA_Benchmark_Prompted_1200,406,False,justintiensmith/VLA_Benchmark_Prompted_1200,406,
407,Referential Disambiguation,Pick up the crushed Pepsi can and place it in the bowl.,Masked relation × candidate-category composition,direct identity=crushed Pepsi can; hidden relation=closest; candidate category=crushed soda can,referential_crushed_soda_can_closest_masked,airplane×furthest; crushed-soda-can×closest; pencil-sharpener×between; pen fully crossed,Yes,Replace prompt only,"Prompt-only relabeling; preserve episode 407 video, scene, trajectory, target, and start position.","crushed Coke can, crushed Pepsi can, red pencil sharpener, green pencil sharpener",crushed Pepsi can,Home,Put the crushed soda can closest to the red pencil sharpener in the bowl.,Put the crushed soda can closest to the red pencil sharpener in the bowl.,"The crushed soda can is still named and manipulated directly, but closest is never used to select this candidate category during training.",,407,126,justintiensmith/VLA_Benchmark_Prompted_1200,407,False,justintiensmith/VLA_Benchmark_Prompted_1200,407,
408,Referential Disambiguation,Move the crushed Coke can into the bowl.,Masked relation × candidate-category composition,direct identity=crushed Coke can; hidden relation=closest; candidate category=crushed soda can,referential_crushed_soda_can_closest_masked,airplane×furthest; crushed-soda-can×closest; pencil-sharpener×between; pen fully crossed,Yes,Replace prompt only,"Prompt-only relabeling; preserve episode 408 video, scene, trajectory, target, and start position.","crushed Coke can, crushed Pepsi can, green pen",crushed Coke can,Home,Pick up the crushed soda can nearest to the green pen and place it in the bowl.,Pick up the crushed soda can nearest to the green pen and place it in the bowl.,"The crushed soda can is still named and manipulated directly, but closest is never used to select this candidate category during training.",,408,127,justintiensmith/VLA_Benchmark_Prompted_1200,408,False,justintiensmith/VLA_Benchmark_Prompted_1200,408,
409,Referential Disambiguation,Put the crushed Pepsi can in the bowl.,Masked relation × candidate-category composition,direct identity=crushed Pepsi can; hidden relation=closest; candidate category=crushed soda can,referential_crushed_soda_can_closest_masked,airplane×furthest; crushed-soda-can×closest; pencil-sharpener×between; pen fully crossed,Yes,Replace prompt only,"Prompt-only relabeling; preserve episode 409 video, scene, trajectory, target, and start position.","crushed Coke can, crushed Pepsi can, yellow pen, red pencil sharpener",crushed Pepsi can,Recovery,Pick up the crushed soda can nearest to the yellow pen and place it in the bowl.,Pick up the crushed soda can nearest to the yellow pen and place it in the bowl.,"The crushed soda can is still named and manipulated directly, but closest is never used to select this candidate category during training.",,409,128,justintiensmith/VLA_Benchmark_Prompted_1200,409,False,justintiensmith/VLA_Benchmark_Prompted_1200,409,
410,Referential Disambiguation,Pick up the crushed Coke can and place it in the bowl.,Masked relation × candidate-category composition,direct identity=crushed Coke can; hidden relation=closest; candidate category=crushed soda can,referential_crushed_soda_can_closest_masked,airplane×furthest; crushed-soda-can×closest; pencil-sharpener×between; pen fully crossed,Yes,Replace prompt only,"Prompt-only relabeling; preserve episode 410 video, scene, trajectory, target, and start position.","crushed Coke can, crushed Pepsi can, airplane toy with propellers",crushed Coke can,Home,Pick up the crushed soda can nearest to the airplane toy with propellers and place it in the bowl.,Pick up the crushed soda can nearest to the airplane toy with propellers and place it in the bowl.,"The crushed soda can is still named and manipulated directly, but closest is never used to select this candidate category during training.",,410,129,justintiensmith/VLA_Benchmark_Prompted_1200,410,False,justintiensmith/VLA_Benchmark_Prompted_1200,410,
411,Referential Disambiguation,Move the crushed Pepsi can into the bowl.,Masked relation × candidate-category composition,direct identity=crushed Pepsi can; hidden relation=closest; candidate category=crushed soda can,referential_crushed_soda_can_closest_masked,airplane×furthest; crushed-soda-can×closest; pencil-sharpener×between; pen fully crossed,Yes,Replace prompt only,"Prompt-only relabeling; preserve episode 411 video, scene, trajectory, target, and start position.","crushed Coke can, crushed Pepsi can, airplane toy without propellers, yellow pen",crushed Pepsi can,Home,Move the crushed soda can that is closest to the airplane toy without propellers into the bowl.,Move the crushed soda can that is closest to the airplane toy without propellers into the bowl.,"The crushed soda can is still named and manipulated directly, but closest is never used to select this candidate category during training.",,411,130,justintiensmith/VLA_Benchmark_Prompted_1200,411,False,justintiensmith/VLA_Benchmark_Prompted_1200,411,
412,Referential Disambiguation,Put the crushed Coke can in the bowl.,Masked relation × candidate-category composition,direct identity=crushed Coke can; hidden relation=closest; candidate category=crushed soda can,referential_crushed_soda_can_closest_masked,airplane×furthest; crushed-soda-can×closest; pencil-sharpener×between; pen fully crossed,Yes,Replace prompt only,"Prompt-only relabeling; preserve episode 412 video, scene, trajectory, target, and start position.","crushed Coke can, crushed Pepsi can, green pencil sharpener",crushed Coke can,Home,Pick up the crushed soda can nearest to the green pencil sharpener and place it in the bowl.,Pick up the crushed soda can nearest to the green pencil sharpener and place it in the bowl.,"The crushed soda can is still named and manipulated directly, but closest is never used to select this candidate category during training.",,412,125,justintiensmith/VLA_Benchmark_Prompted_1200,412,False,justintiensmith/VLA_Benchmark_Prompted_1200,412,
413,Referential Disambiguation,Pick up the crushed Pepsi can and place it in the bowl.,Masked relation × candidate-category composition,direct identity=crushed Pepsi can; hidden relation=closest; candidate category=crushed soda can,referential_crushed_soda_can_closest_masked,airplane×furthest; crushed-soda-can×closest; pencil-sharpener×between; pen fully crossed,Yes,Replace prompt only,"Prompt-only relabeling; preserve episode 413 video, scene, trajectory, target, and start position.","crushed Coke can, crushed Pepsi can, red pencil sharpener, yellow pen",crushed Pepsi can,Home,Pick up the crushed soda can nearest to the red pencil sharpener and place it in the bowl.,Pick up the crushed soda can nearest to the red pencil sharpener and place it in the bowl.,"The crushed soda can is still named and manipulated directly, but closest is never used to select this candidate category during training.",,413,126,justintiensmith/VLA_Benchmark_Prompted_1200,413,False,justintiensmith/VLA_Benchmark_Prompted_1200,413,
414,Referential Disambiguation,Move the crushed Coke can into the bowl.,Masked relation × candidate-category composition,direct identity=crushed Coke can; hidden relation=closest; candidate category=crushed soda can,referential_crushed_soda_can_closest_masked,airplane×furthest; crushed-soda-can×closest; pencil-sharpener×between; pen fully crossed,Yes,Replace prompt only,"Prompt-only relabeling; preserve episode 414 video, scene, trajectory, target, and start position.","crushed Coke can, crushed Pepsi can, green pen, yellow pen",crushed Coke can,Recovery,Pick up the crushed soda can nearest to the green pen and place it in the bowl.,Pick up the crushed soda can nearest to the green pen and place it in the bowl.,"The crushed soda can is still named and manipulated directly, but closest is never used to select this candidate category during training.",,414,127,justintiensmith/VLA_Benchmark_Prompted_1200,414,False,justintiensmith/VLA_Benchmark_Prompted_1200,414,
415,Referential Disambiguation,Pick up the crushed soda can furthest from the green pen and place it in the bowl.,Explicit furthest grounding,furthest × crushed soda can candidate category,referential_crushed_soda_can_furthest_explicit,airplane×furthest; crushed-soda-can×closest; pencil-sharpener×between; pen fully crossed,Yes,Replace prompt only,"Prompt-only relabeling; preserve episode 415 video, scene, trajectory, target, and start position.","crushed Coke can, crushed Pepsi can, green pen",crushed Pepsi can,Home,Move the crushed Pepsi can into the bowl.,,Explicitly grounds furthest with crushed soda can candidates; only the selected category-specific missing cell is withheld.,,415,131,justintiensmith/VLA_Benchmark_Prompted_1200,415,False,justintiensmith/VLA_Benchmark_Prompted_1200,415,
416,Referential Disambiguation,Pick up the crushed soda can furthest from the yellow pen and place it in the bowl.,Explicit furthest grounding,furthest × crushed soda can candidate category,referential_crushed_soda_can_furthest_explicit,airplane×furthest; crushed-soda-can×closest; pencil-sharpener×between; pen fully crossed,Yes,Replace prompt only,"Prompt-only relabeling; preserve episode 416 video, scene, trajectory, target, and start position.","crushed Coke can, crushed Pepsi can, yellow pen, airplane toy with propellers",crushed Coke can,Home,Put the crushed Coke can in the bowl.,,Explicitly grounds furthest with crushed soda can candidates; only the selected category-specific missing cell is withheld.,,416,132,justintiensmith/VLA_Benchmark_Prompted_1200,416,False,justintiensmith/VLA_Benchmark_Prompted_1200,416,
417,Referential Disambiguation,Pick up the crushed soda can furthest from the airplane toy with propellers and place it in the bowl.,Explicit furthest grounding,furthest × crushed soda can candidate category,referential_crushed_soda_can_furthest_explicit,airplane×furthest; crushed-soda-can×closest; pencil-sharpener×between; pen fully crossed,Yes,Replace prompt only,"Prompt-only relabeling; preserve episode 417 video, scene, trajectory, target, and start position.","crushed Coke can, crushed Pepsi can, airplane toy with propellers",crushed Pepsi can,Home,Pick up the crushed Pepsi can and place it in the bowl.,,Explicitly grounds furthest with crushed soda can candidates; only the selected category-specific missing cell is withheld.,,417,133,justintiensmith/VLA_Benchmark_Prompted_1200,417,False,justintiensmith/VLA_Benchmark_Prompted_1200,417,
418,Referential Disambiguation,Pick up the crushed soda can furthest from the airplane toy without propellers and place it in the bowl.,Explicit furthest grounding,furthest × crushed soda can candidate category,referential_crushed_soda_can_furthest_explicit,airplane×furthest; crushed-soda-can×closest; pencil-sharpener×between; pen fully crossed,Yes,Replace prompt only,"Prompt-only relabeling; preserve episode 418 video, scene, trajectory, target, and start position.","crushed Coke can, crushed Pepsi can, airplane toy without propellers, green pencil sharpener",crushed Coke can,Recovery,Put the crushed Coke can in the bowl.,,Explicitly grounds furthest with crushed soda can candidates; only the selected category-specific missing cell is withheld.,,418,134,justintiensmith/VLA_Benchmark_Prompted_1200,418,False,justintiensmith/VLA_Benchmark_Prompted_1200,418,
419,Referential Disambiguation,Pick up the crushed soda can furthest from the green pencil sharpener and place it in the bowl.,Explicit furthest grounding,furthest × crushed soda can candidate category,referential_crushed_soda_can_furthest_explicit,airplane×furthest; crushed-soda-can×closest; pencil-sharpener×between; pen fully crossed,Yes,Replace prompt only,"Prompt-only relabeling; preserve episode 419 video, scene, trajectory, target, and start position.","crushed Coke can, crushed Pepsi can, green pencil sharpener",crushed Pepsi can,Home,Put the crushed Pepsi can in the bowl.,,Explicitly grounds furthest with crushed soda can candidates; only the selected category-specific missing cell is withheld.,,419,135,justintiensmith/VLA_Benchmark_Prompted_1200,419,False,justintiensmith/VLA_Benchmark_Prompted_1200,419,
420,Referential Disambiguation,Pick up the crushed soda can furthest from the red pencil sharpener and place it in the bowl.,Explicit furthest grounding,furthest × crushed soda can candidate category,referential_crushed_soda_can_furthest_explicit,airplane×furthest; crushed-soda-can×closest; pencil-sharpener×between; pen fully crossed,Yes,Replace prompt only,"Prompt-only relabeling; preserve episode 420 video, scene, trajectory, target, and start position.","crushed Coke can, crushed Pepsi can, red pencil sharpener, green pencil sharpener",crushed Coke can,Home,Move the crushed Coke can into the bowl.,,Explicitly grounds furthest with crushed soda can candidates; only the selected category-specific missing cell is withheld.,,420,136,justintiensmith/VLA_Benchmark_Prompted_1200,420,False,justintiensmith/VLA_Benchmark_Prompted_1200,420,
421,Referential Disambiguation,Pick up the crushed soda can furthest from the green pen and place it in the bowl.,Explicit furthest grounding,furthest × crushed soda can candidate category,referential_crushed_soda_can_furthest_explicit,airplane×furthest; crushed-soda-can×closest; pencil-sharpener×between; pen fully crossed,Yes,Replace prompt only,"Prompt-only relabeling; preserve episode 421 video, scene, trajectory, target, and start position.","crushed Coke can, crushed Pepsi can, green pen",crushed Pepsi can,Home,Put the crushed Pepsi can in the bowl.,,Explicitly grounds furthest with crushed soda can candidates; only the selected category-specific missing cell is withheld.,,421,131,justintiensmith/VLA_Benchmark_Prompted_1200,421,False,justintiensmith/VLA_Benchmark_Prompted_1200,421,
422,Referential Disambiguation,Pick up the crushed soda can furthest from the yellow pen and place it in the bowl.,Explicit furthest grounding,furthest × crushed soda can candidate category,referential_crushed_soda_can_furthest_explicit,airplane×furthest; crushed-soda-can×closest; pencil-sharpener×between; pen fully crossed,Yes,Replace prompt only,"Prompt-only relabeling; preserve episode 422 video, scene, trajectory, target, and start position.","crushed Coke can, crushed Pepsi can, yellow pen, green pencil sharpener",crushed Coke can,Home,Pick up the crushed Coke can and place it in the bowl.,,Explicitly grounds furthest with crushed soda can candidates; only the selected category-specific missing cell is withheld.,,422,132,justintiensmith/VLA_Benchmark_Prompted_1200,422,False,justintiensmith/VLA_Benchmark_Prompted_1200,422,
423,Referential Disambiguation,Pick up the crushed soda can furthest from the airplane toy with propellers and place it in the bowl.,Explicit furthest grounding,furthest × crushed soda can candidate category,referential_crushed_soda_can_furthest_explicit,airplane×furthest; crushed-soda-can×closest; pencil-sharpener×between; pen fully crossed,Yes,Replace prompt only,"Prompt-only relabeling; preserve episode 423 video, scene, trajectory, target, and start position.","crushed Coke can, crushed Pepsi can, airplane toy with propellers",crushed Pepsi can,Recovery,Put the crushed Pepsi can in the bowl.,,Explicitly grounds furthest with crushed soda can candidates; only the selected category-specific missing cell is withheld.,,423,133,justintiensmith/VLA_Benchmark_Prompted_1200,423,False,justintiensmith/VLA_Benchmark_Prompted_1200,423,
424,Referential Disambiguation,Pick up the crushed soda can furthest from the airplane toy without propellers and place it in the bowl.,Explicit furthest grounding,furthest × crushed soda can candidate category,referential_crushed_soda_can_furthest_explicit,airplane×furthest; crushed-soda-can×closest; pencil-sharpener×between; pen fully crossed,Yes,Replace prompt only,"Prompt-only relabeling; preserve episode 424 video, scene, trajectory, target, and start position.","crushed Coke can, crushed Pepsi can, airplane toy without propellers, green pen",crushed Coke can,Home,Pick up the crushed Coke can and place it in the bowl.,,Explicitly grounds furthest with crushed soda can candidates; only the selected category-specific missing cell is withheld.,,424,134,justintiensmith/VLA_Benchmark_Prompted_1200,424,False,justintiensmith/VLA_Benchmark_Prompted_1200,424,
425,Referential Disambiguation,Pick up the crushed soda can furthest from the green pencil sharpener and place it in the bowl.,Explicit furthest grounding,furthest × crushed soda can candidate category,referential_crushed_soda_can_furthest_explicit,airplane×furthest; crushed-soda-can×closest; pencil-sharpener×between; pen fully crossed,Yes,Replace prompt only,"Prompt-only relabeling; preserve episode 425 video, scene, trajectory, target, and start position.","crushed Coke can, crushed Pepsi can, green pencil sharpener",crushed Pepsi can,Home,Move the crushed Pepsi can into the bowl.,,Explicitly grounds furthest with crushed soda can candidates; only the selected category-specific missing cell is withheld.,,425,135,justintiensmith/VLA_Benchmark_Prompted_1200,425,False,justintiensmith/VLA_Benchmark_Prompted_1200,425,
426,Referential Disambiguation,Pick up the crushed soda can furthest from the red pencil sharpener and place it in the bowl.,Explicit furthest grounding,furthest × crushed soda can candidate category,referential_crushed_soda_can_furthest_explicit,airplane×furthest; crushed-soda-can×closest; pencil-sharpener×between; pen fully crossed,Yes,Replace prompt only,"Prompt-only relabeling; preserve episode 426 video, scene, trajectory, target, and start position.","crushed Coke can, crushed Pepsi can, red pencil sharpener, green pen",crushed Coke can,Home,Move the crushed Coke can into the bowl.,,Explicitly grounds furthest with crushed soda can candidates; only the selected category-specific missing cell is withheld.,,426,136,justintiensmith/VLA_Benchmark_Prompted_1200,426,False,justintiensmith/VLA_Benchmark_Prompted_1200,426,
427,Referential Disambiguation,Pick up the crushed soda can furthest from the green pen and place it in the bowl.,Explicit furthest grounding,furthest × crushed soda can candidate category,referential_crushed_soda_can_furthest_explicit,airplane×furthest; crushed-soda-can×closest; pencil-sharpener×between; pen fully crossed,Yes,Replace prompt only,"Prompt-only relabeling; preserve episode 427 video, scene, trajectory, target, and start position.","crushed Coke can, crushed Pepsi can, green pen",crushed Pepsi can,Home,Pick up the crushed Pepsi can and place it in the bowl.,,Explicitly grounds furthest with crushed soda can candidates; only the selected category-specific missing cell is withheld.,,427,131,justintiensmith/VLA_Benchmark_Prompted_1200,427,False,justintiensmith/VLA_Benchmark_Prompted_1200,427,
428,Referential Disambiguation,Pick up the crushed soda can furthest from the yellow pen and place it in the bowl.,Explicit furthest grounding,furthest × crushed soda can candidate category,referential_crushed_soda_can_furthest_explicit,airplane×furthest; crushed-soda-can×closest; pencil-sharpener×between; pen fully crossed,Yes,Replace prompt only,"Prompt-only relabeling; preserve episode 428 video, scene, trajectory, target, and start position.","crushed Coke can, crushed Pepsi can, yellow pen, green pen",crushed Coke can,Recovery,Put the crushed Coke can in the bowl.,,Explicitly grounds furthest with crushed soda can candidates; only the selected category-specific missing cell is withheld.,,428,132,justintiensmith/VLA_Benchmark_Prompted_1200,428,False,justintiensmith/VLA_Benchmark_Prompted_1200,428,
429,Referential Disambiguation,Pick up the crushed soda can furthest from the airplane toy with propellers and place it in the bowl.,Explicit furthest grounding,furthest × crushed soda can candidate category,referential_crushed_soda_can_furthest_explicit,airplane×furthest; crushed-soda-can×closest; pencil-sharpener×between; pen fully crossed,Yes,Replace prompt only,"Prompt-only relabeling; preserve episode 429 video, scene, trajectory, target, and start position.","crushed Coke can, crushed Pepsi can, airplane toy with propellers",crushed Pepsi can,Home,Pick up the crushed Pepsi can and place it in the bowl.,,Explicitly grounds furthest with crushed soda can candidates; only the selected category-specific missing cell is withheld.,,429,133,justintiensmith/VLA_Benchmark_Prompted_1200,429,False,justintiensmith/VLA_Benchmark_Prompted_1200,429,
430,Referential Disambiguation,Move the crushed soda can lying between the green pencil sharpener and the green pen into the bowl.,Explicit between grounding,between × crushed soda can candidate category,referential_crushed_soda_can_between_explicit,airplane×furthest; crushed-soda-can×closest; pencil-sharpener×between; pen fully crossed,No,Keep prompt,No prompt change required under the missing-cell design.,"crushed Coke can, crushed Pepsi can, green pencil sharpener, green pen",crushed Coke can,Home,Move the crushed soda can lying between the green pencil sharpener and the green pen into the bowl.,,Explicitly grounds between with crushed soda can candidates; only the selected category-specific missing cell is withheld.,,430,137,justintiensmith/VLA_Benchmark_Prompted_1200,430,False,justintiensmith/VLA_Benchmark_Prompted_1200,430,
431,Referential Disambiguation,"Pick up the crushed soda can positioned between the airplane toy with propellers and the green pencil sharpener, then place it in the bowl.",Explicit between grounding,between × crushed soda can candidate category,referential_crushed_soda_can_between_explicit,airplane×furthest; crushed-soda-can×closest; pencil-sharpener×between; pen fully crossed,No,Keep prompt,No prompt change required under the missing-cell design.,"crushed Coke can, crushed Pepsi can, airplane toy with propellers, green pencil sharpener",crushed Coke can,Home,"Pick up the crushed soda can positioned between the airplane toy with propellers and the green pencil sharpener, then place it in the bowl.",,Explicitly grounds between with crushed soda can candidates; only the selected category-specific missing cell is withheld.,,431,138,justintiensmith/VLA_Benchmark_Prompted_1200,431,False,justintiensmith/VLA_Benchmark_Prompted_1200,431,
432,Referential Disambiguation,"Pick up the crushed soda can positioned between the airplane toy with propellers and the green pen, then place it in the bowl.",Explicit between grounding,between × crushed soda can candidate category,referential_crushed_soda_can_between_explicit,airplane×furthest; crushed-soda-can×closest; pencil-sharpener×between; pen fully crossed,No,Keep prompt,No prompt change required under the missing-cell design.,"crushed Coke can, crushed Pepsi can, airplane toy with propellers, green pen, green pencil sharpener",crushed Pepsi can,Home,"Pick up the crushed soda can positioned between the airplane toy with propellers and the green pen, then place it in the bowl.",,Explicitly grounds between with crushed soda can candidates; only the selected category-specific missing cell is withheld.,,432,139,justintiensmith/VLA_Benchmark_Prompted_1200,432,False,justintiensmith/VLA_Benchmark_Prompted_1200,432,
433,Referential Disambiguation,Move the crushed soda can lying between the green pencil sharpener and the yellow pen into the bowl.,Explicit between grounding,between × crushed soda can candidate category,referential_crushed_soda_can_between_explicit,airplane×furthest; crushed-soda-can×closest; pencil-sharpener×between; pen fully crossed,No,Keep prompt,No prompt change required under the missing-cell design.,"crushed Coke can, crushed Pepsi can, green pencil sharpener, yellow pen, green pen",crushed Pepsi can,Recovery,Move the crushed soda can lying between the green pencil sharpener and the yellow pen into the bowl.,,Explicitly grounds between with crushed soda can candidates; only the selected category-specific missing cell is withheld.,,433,140,justintiensmith/VLA_Benchmark_Prompted_1200,433,False,justintiensmith/VLA_Benchmark_Prompted_1200,433,
434,Referential Disambiguation,Move the crushed soda can lying between the red pencil sharpener and the airplane toy with propellers into the bowl.,Explicit between grounding,between × crushed soda can candidate category,referential_crushed_soda_can_between_explicit,airplane×furthest; crushed-soda-can×closest; pencil-sharpener×between; pen fully crossed,No,Keep prompt,No prompt change required under the missing-cell design.,"crushed Coke can, crushed Pepsi can, red pencil sharpener, airplane toy with propellers",crushed Coke can,Home,Move the crushed soda can lying between the red pencil sharpener and the airplane toy with propellers into the bowl.,,Explicitly grounds between with crushed soda can candidates; only the selected category-specific missing cell is withheld.,,434,141,justintiensmith/VLA_Benchmark_Prompted_1200,434,False,justintiensmith/VLA_Benchmark_Prompted_1200,434,
435,Referential Disambiguation,"Pick up the crushed soda can positioned between the airplane toy without propellers and the yellow pen, then place it in the bowl.",Explicit between grounding,between × crushed soda can candidate category,referential_crushed_soda_can_between_explicit,airplane×furthest; crushed-soda-can×closest; pencil-sharpener×between; pen fully crossed,No,Keep prompt,No prompt change required under the missing-cell design.,"crushed Coke can, crushed Pepsi can, airplane toy without propellers, yellow pen, red pencil sharpener",crushed Pepsi can,Recovery,"Pick up the crushed soda can positioned between the airplane toy without propellers and the yellow pen, then place it in the bowl.",,Explicitly grounds between with crushed soda can candidates; only the selected category-specific missing cell is withheld.,,435,142,justintiensmith/VLA_Benchmark_Prompted_1200,435,False,justintiensmith/VLA_Benchmark_Prompted_1200,435,
436,Referential Disambiguation,"Pick up the crushed soda can positioned between the green pen and the red pencil sharpener, then place it in the bowl.",Explicit between grounding,between × crushed soda can candidate category,referential_crushed_soda_can_between_explicit,airplane×furthest; crushed-soda-can×closest; pencil-sharpener×between; pen fully crossed,No,Keep prompt,No prompt change required under the missing-cell design.,"crushed Coke can, crushed Pepsi can, green pen, red pencil sharpener, green pencil sharpener",crushed Coke can,Home,"Pick up the crushed soda can positioned between the green pen and the red pencil sharpener, then place it in the bowl.",,Explicitly grounds between with crushed soda can candidates; only the selected category-specific missing cell is withheld.,,436,143,justintiensmith/VLA_Benchmark_Prompted_1200,436,False,justintiensmith/VLA_Benchmark_Prompted_1200,436,
437,Referential Disambiguation,Put the crushed soda can between the red pencil sharpener and the airplane toy without propellers in the bowl.,Explicit between grounding,between × crushed soda can candidate category,referential_crushed_soda_can_between_explicit,airplane×furthest; crushed-soda-can×closest; pencil-sharpener×between; pen fully crossed,No,Keep prompt,No prompt change required under the missing-cell design.,"crushed Coke can, crushed Pepsi can, red pencil sharpener, airplane toy without propellers",crushed Pepsi can,Home,Put the crushed soda can between the red pencil sharpener and the airplane toy without propellers in the bowl.,,Explicitly grounds between with crushed soda can candidates; only the selected category-specific missing cell is withheld.,,437,144,justintiensmith/VLA_Benchmark_Prompted_1200,437,False,justintiensmith/VLA_Benchmark_Prompted_1200,437,
438,Referential Disambiguation,Put the crushed soda can between the green pen and the airplane toy without propellers in the bowl.,Explicit between grounding,between × crushed soda can candidate category,referential_crushed_soda_can_between_explicit,airplane×furthest; crushed-soda-can×closest; pencil-sharpener×between; pen fully crossed,No,Keep prompt,No prompt change required under the missing-cell design.,"crushed Coke can, crushed Pepsi can, green pen, airplane toy without propellers, airplane toy with propellers",crushed Coke can,Home,Put the crushed soda can between the green pen and the airplane toy without propellers in the bowl.,,Explicitly grounds between with crushed soda can candidates; only the selected category-specific missing cell is withheld.,,438,145,justintiensmith/VLA_Benchmark_Prompted_1200,438,False,justintiensmith/VLA_Benchmark_Prompted_1200,438,
439,Referential Disambiguation,Move the crushed soda can lying between the yellow pen and the red pencil sharpener into the bowl.,Explicit between grounding,between × crushed soda can candidate category,referential_crushed_soda_can_between_explicit,airplane×furthest; crushed-soda-can×closest; pencil-sharpener×between; pen fully crossed,No,Keep prompt,No prompt change required under the missing-cell design.,"crushed Coke can, crushed Pepsi can, yellow pen, red pencil sharpener",crushed Pepsi can,Home,Move the crushed soda can lying between the yellow pen and the red pencil sharpener into the bowl.,,Explicitly grounds between with crushed soda can candidates; only the selected category-specific missing cell is withheld.,,439,146,justintiensmith/VLA_Benchmark_Prompted_1200,439,False,justintiensmith/VLA_Benchmark_Prompted_1200,439,
440,Referential Disambiguation,Put the crushed soda can between the airplane toy without propellers and the green pencil sharpener in the bowl.,Explicit between grounding,between × crushed soda can candidate category,referential_crushed_soda_can_between_explicit,airplane×furthest; crushed-soda-can×closest; pencil-sharpener×between; pen fully crossed,No,Keep prompt,No prompt change required under the missing-cell design.,"crushed Coke can, crushed Pepsi can, airplane toy without propellers, green pencil sharpener",crushed Pepsi can,Home,Put the crushed soda can between the airplane toy without propellers and the green pencil sharpener in the bowl.,,Explicitly grounds between with crushed soda can candidates; only the selected category-specific missing cell is withheld.,,440,147,justintiensmith/VLA_Benchmark_Prompted_1200,440,False,justintiensmith/VLA_Benchmark_Prompted_1200,440,
441,Referential Disambiguation,Move the crushed soda can lying between the yellow pen and the airplane toy with propellers into the bowl.,Explicit between grounding,between × crushed soda can candidate category,referential_crushed_soda_can_between_explicit,airplane×furthest; crushed-soda-can×closest; pencil-sharpener×between; pen fully crossed,No,Keep prompt,No prompt change required under the missing-cell design.,"crushed Coke can, crushed Pepsi can, yellow pen, airplane toy with propellers, red pencil sharpener",crushed Coke can,Home,Move the crushed soda can lying between the yellow pen and the airplane toy with propellers into the bowl.,,Explicitly grounds between with crushed soda can candidates; only the selected category-specific missing cell is withheld.,,441,148,justintiensmith/VLA_Benchmark_Prompted_1200,441,False,justintiensmith/VLA_Benchmark_Prompted_1200,441,
442,Referential Disambiguation,"Pick up the crushed soda can positioned between the green pencil sharpener and the green pen, then place it in the bowl.",Explicit between grounding,between × crushed soda can candidate category,referential_crushed_soda_can_between_explicit,airplane×furthest; crushed-soda-can×closest; pencil-sharpener×between; pen fully crossed,No,Keep prompt,No prompt change required under the missing-cell design.,"crushed Coke can, crushed Pepsi can, green pencil sharpener, green pen, airplane toy without propellers",crushed Pepsi can,Home,"Pick up the crushed soda can positioned between the green pencil sharpener and the green pen, then place it in the bowl.",,Explicitly grounds between with crushed soda can candidates; only the selected category-specific missing cell is withheld.,,442,149,justintiensmith/VLA_Benchmark_Prompted_1200,442,False,justintiensmith/VLA_Benchmark_Prompted_1200,442,
443,Referential Disambiguation,"Pick up the crushed soda can positioned between the airplane toy with propellers and the green pencil sharpener, then place it in the bowl.",Explicit between grounding,between × crushed soda can candidate category,referential_crushed_soda_can_between_explicit,airplane×furthest; crushed-soda-can×closest; pencil-sharpener×between; pen fully crossed,No,Keep prompt,No prompt change required under the missing-cell design.,"crushed Coke can, crushed Pepsi can, airplane toy with propellers, green pencil sharpener, green pen",crushed Coke can,Home,"Pick up the crushed soda can positioned between the airplane toy with propellers and the green pencil sharpener, then place it in the bowl.",,Explicitly grounds between with crushed soda can candidates; only the selected category-specific missing cell is withheld.,,443,138,justintiensmith/VLA_Benchmark_Prompted_1200,443,False,justintiensmith/VLA_Benchmark_Prompted_1200,443,
444,Referential Disambiguation,Move the crushed soda can lying between the airplane toy with propellers and the green pen into the bowl.,Explicit between grounding,between × crushed soda can candidate category,referential_crushed_soda_can_between_explicit,airplane×furthest; crushed-soda-can×closest; pencil-sharpener×between; pen fully crossed,No,Keep prompt,No prompt change required under the missing-cell design.,"crushed Coke can, crushed Pepsi can, airplane toy with propellers, green pen",crushed Coke can,Recovery,Move the crushed soda can lying between the airplane toy with propellers and the green pen into the bowl.,,Explicitly grounds between with crushed soda can candidates; only the selected category-specific missing cell is withheld.,,444,150,justintiensmith/VLA_Benchmark_Prompted_1200,444,False,justintiensmith/VLA_Benchmark_Prompted_1200,444,
445,Referential Disambiguation,Move the crushed soda can lying between the green pencil sharpener and the yellow pen into the bowl.,Explicit between grounding,between × crushed soda can candidate category,referential_crushed_soda_can_between_explicit,airplane×furthest; crushed-soda-can×closest; pencil-sharpener×between; pen fully crossed,No,Keep prompt,No prompt change required under the missing-cell design.,"crushed Coke can, crushed Pepsi can, green pencil sharpener, yellow pen",crushed Pepsi can,Home,Move the crushed soda can lying between the green pencil sharpener and the yellow pen into the bowl.,,Explicitly grounds between with crushed soda can candidates; only the selected category-specific missing cell is withheld.,,445,140,justintiensmith/VLA_Benchmark_Prompted_1200,445,False,justintiensmith/VLA_Benchmark_Prompted_1200,445,
446,Referential Disambiguation,"Pick up the crushed soda can positioned between the red pencil sharpener and the airplane toy with propellers, then place it in the bowl.",Explicit between grounding,between × crushed soda can candidate category,referential_crushed_soda_can_between_explicit,airplane×furthest; crushed-soda-can×closest; pencil-sharpener×between; pen fully crossed,No,Keep prompt,No prompt change required under the missing-cell design.,"crushed Coke can, crushed Pepsi can, red pencil sharpener, airplane toy with propellers",crushed Pepsi can,Home,"Pick up the crushed soda can positioned between the red pencil sharpener and the airplane toy with propellers, then place it in the bowl.",,Explicitly grounds between with crushed soda can candidates; only the selected category-specific missing cell is withheld.,,446,151,justintiensmith/VLA_Benchmark_Prompted_1200,446,False,justintiensmith/VLA_Benchmark_Prompted_1200,446,
447,Referential Disambiguation,Move the crushed soda can lying between the airplane toy without propellers and the yellow pen into the bowl.,Explicit between grounding,between × crushed soda can candidate category,referential_crushed_soda_can_between_explicit,airplane×furthest; crushed-soda-can×closest; pencil-sharpener×between; pen fully crossed,No,Keep prompt,No prompt change required under the missing-cell design.,"crushed Coke can, crushed Pepsi can, airplane toy without propellers, yellow pen, green pen",crushed Pepsi can,Recovery,Move the crushed soda can lying between the airplane toy without propellers and the yellow pen into the bowl.,,Explicitly grounds between with crushed soda can candidates; only the selected category-specific missing cell is withheld.,,447,152,justintiensmith/VLA_Benchmark_Prompted_1200,447,False,justintiensmith/VLA_Benchmark_Prompted_1200,447,
448,Referential Disambiguation,Put the crushed soda can between the green pen and the red pencil sharpener in the bowl.,Explicit between grounding,between × crushed soda can candidate category,referential_crushed_soda_can_between_explicit,airplane×furthest; crushed-soda-can×closest; pencil-sharpener×between; pen fully crossed,No,Keep prompt,No prompt change required under the missing-cell design.,"crushed Coke can, crushed Pepsi can, green pen, red pencil sharpener",crushed Coke can,Home,Put the crushed soda can between the green pen and the red pencil sharpener in the bowl.,,Explicitly grounds between with crushed soda can candidates; only the selected category-specific missing cell is withheld.,,448,153,justintiensmith/VLA_Benchmark_Prompted_1200,448,False,justintiensmith/VLA_Benchmark_Prompted_1200,448,
449,Referential Disambiguation,"Pick up the crushed soda can positioned between the red pencil sharpener and the airplane toy without propellers, then place it in the bowl.",Explicit between grounding,between × crushed soda can candidate category,referential_crushed_soda_can_between_explicit,airplane×furthest; crushed-soda-can×closest; pencil-sharpener×between; pen fully crossed,No,Keep prompt,No prompt change required under the missing-cell design.,"crushed Coke can, crushed Pepsi can, red pencil sharpener, airplane toy without propellers, yellow pen",crushed Coke can,Home,"Pick up the crushed soda can positioned between the red pencil sharpener and the airplane toy without propellers, then place it in the bowl.",,Explicitly grounds between with crushed soda can candidates; only the selected category-specific missing cell is withheld.,,449,154,justintiensmith/VLA_Benchmark_Prompted_1200,449,False,justintiensmith/VLA_Benchmark_Prompted_1200,449,
450,Referential Disambiguation,Pick up the pencil sharpener nearest to the crushed Coke can and place it in the bowl.,Explicit closest grounding,closest × pencil sharpener candidate category,referential_pencil_sharpener_closest_explicit,airplane×furthest; crushed-soda-can×closest; pencil-sharpener×between; pen fully crossed,No,Keep prompt,No prompt change required under the missing-cell design.,"green pencil sharpener, red pencil sharpener, crushed Coke can",green pencil sharpener,Home,Pick up the pencil sharpener nearest to the crushed Coke can and place it in the bowl.,,Explicitly grounds closest with pencil sharpener candidates; only the selected category-specific missing cell is withheld.,,450,155,justintiensmith/VLA_Benchmark_Prompted_1200,450,False,justintiensmith/VLA_Benchmark_Prompted_1200,450,
451,Referential Disambiguation,Move the pencil sharpener that is closest to the crushed Pepsi can into the bowl.,Explicit closest grounding,closest × pencil sharpener candidate category,referential_pencil_sharpener_closest_explicit,airplane×furthest; crushed-soda-can×closest; pencil-sharpener×between; pen fully crossed,No,Keep prompt,No prompt change required under the missing-cell design.,"green pencil sharpener, red pencil sharpener, crushed Pepsi can, airplane toy with propellers",red pencil sharpener,Home,Move the pencil sharpener that is closest to the crushed Pepsi can into the bowl.,,Explicitly grounds closest with pencil sharpener candidates; only the selected category-specific missing cell is withheld.,,451,156,justintiensmith/VLA_Benchmark_Prompted_1200,451,False,justintiensmith/VLA_Benchmark_Prompted_1200,451,
452,Referential Disambiguation,Move the pencil sharpener that is closest to the green pen into the bowl.,Explicit closest grounding,closest × pencil sharpener candidate category,referential_pencil_sharpener_closest_explicit,airplane×furthest; crushed-soda-can×closest; pencil-sharpener×between; pen fully crossed,No,Keep prompt,No prompt change required under the missing-cell design.,"green pencil sharpener, red pencil sharpener, green pen",green pencil sharpener,Home,Move the pencil sharpener that is closest to the green pen into the bowl.,,Explicitly grounds closest with pencil sharpener candidates; only the selected category-specific missing cell is withheld.,,452,157,justintiensmith/VLA_Benchmark_Prompted_1200,452,False,justintiensmith/VLA_Benchmark_Prompted_1200,452,
453,Referential Disambiguation,Put the pencil sharpener closest to the yellow pen in the bowl.,Explicit closest grounding,closest × pencil sharpener candidate category,referential_pencil_sharpener_closest_explicit,airplane×furthest; crushed-soda-can×closest; pencil-sharpener×between; pen fully crossed,No,Keep prompt,No prompt change required under the missing-cell design.,"green pencil sharpener, red pencil sharpener, yellow pen, crushed Coke can",red pencil sharpener,Home,Put the pencil sharpener closest to the yellow pen in the bowl.,,Explicitly grounds closest with pencil sharpener candidates; only the selected category-specific missing cell is withheld.,,453,158,justintiensmith/VLA_Benchmark_Prompted_1200,453,False,justintiensmith/VLA_Benchmark_Prompted_1200,453,
454,Referential Disambiguation,Put the pencil sharpener closest to the airplane toy with propellers in the bowl.,Explicit closest grounding,closest × pencil sharpener candidate category,referential_pencil_sharpener_closest_explicit,airplane×furthest; crushed-soda-can×closest; pencil-sharpener×between; pen fully crossed,No,Keep prompt,No prompt change required under the missing-cell design.,"green pencil sharpener, red pencil sharpener, airplane toy with propellers",green pencil sharpener,Recovery,Put the pencil sharpener closest to the airplane toy with propellers in the bowl.,,Explicitly grounds closest with pencil sharpener candidates; only the selected category-specific missing cell is withheld.,,454,159,justintiensmith/VLA_Benchmark_Prompted_1200,454,False,justintiensmith/VLA_Benchmark_Prompted_1200,454,
455,Referential Disambiguation,Move the pencil sharpener that is closest to the airplane toy without propellers into the bowl.,Explicit closest grounding,closest × pencil sharpener candidate category,referential_pencil_sharpener_closest_explicit,airplane×furthest; crushed-soda-can×closest; pencil-sharpener×between; pen fully crossed,No,Keep prompt,No prompt change required under the missing-cell design.,"green pencil sharpener, red pencil sharpener, airplane toy without propellers, green pen",red pencil sharpener,Home,Move the pencil sharpener that is closest to the airplane toy without propellers into the bowl.,,Explicitly grounds closest with pencil sharpener candidates; only the selected category-specific missing cell is withheld.,,455,160,justintiensmith/VLA_Benchmark_Prompted_1200,455,False,justintiensmith/VLA_Benchmark_Prompted_1200,455,
456,Referential Disambiguation,Move the pencil sharpener that is closest to the crushed Coke can into the bowl.,Explicit closest grounding,closest × pencil sharpener candidate category,referential_pencil_sharpener_closest_explicit,airplane×furthest; crushed-soda-can×closest; pencil-sharpener×between; pen fully crossed,No,Keep prompt,No prompt change required under the missing-cell design.,"green pencil sharpener, red pencil sharpener, crushed Coke can",green pencil sharpener,Home,Move the pencil sharpener that is closest to the crushed Coke can into the bowl.,,Explicitly grounds closest with pencil sharpener candidates; only the selected category-specific missing cell is withheld.,,456,161,justintiensmith/VLA_Benchmark_Prompted_1200,456,False,justintiensmith/VLA_Benchmark_Prompted_1200,456,
457,Referential Disambiguation,Put the pencil sharpener closest to the crushed Pepsi can in the bowl.,Explicit closest grounding,closest × pencil sharpener candidate category,referential_pencil_sharpener_closest_explicit,airplane×furthest; crushed-soda-can×closest; pencil-sharpener×between; pen fully crossed,No,Keep prompt,No prompt change required under the missing-cell design.,"green pencil sharpener, red pencil sharpener, crushed Pepsi can, crushed Coke can",red pencil sharpener,Home,Put the pencil sharpener closest to the crushed Pepsi can in the bowl.,,Explicitly grounds closest with pencil sharpener candidates; only the selected category-specific missing cell is withheld.,,457,162,justintiensmith/VLA_Benchmark_Prompted_1200,457,False,justintiensmith/VLA_Benchmark_Prompted_1200,457,
458,Referential Disambiguation,Move the pencil sharpener that is closest to the green pen into the bowl.,Explicit closest grounding,closest × pencil sharpener candidate category,referential_pencil_sharpener_closest_explicit,airplane×furthest; crushed-soda-can×closest; pencil-sharpener×between; pen fully crossed,No,Keep prompt,No prompt change required under the missing-cell design.,"green pencil sharpener, red pencil sharpener, green pen",green pencil sharpener,Home,Move the pencil sharpener that is closest to the green pen into the bowl.,,Explicitly grounds closest with pencil sharpener candidates; only the selected category-specific missing cell is withheld.,,458,157,justintiensmith/VLA_Benchmark_Prompted_1200,458,False,justintiensmith/VLA_Benchmark_Prompted_1200,458,
459,Referential Disambiguation,Put the pencil sharpener closest to the yellow pen in the bowl.,Explicit closest grounding,closest × pencil sharpener candidate category,referential_pencil_sharpener_closest_explicit,airplane×furthest; crushed-soda-can×closest; pencil-sharpener×between; pen fully crossed,No,Keep prompt,No prompt change required under the missing-cell design.,"green pencil sharpener, red pencil sharpener, yellow pen, airplane toy with propellers",red pencil sharpener,Recovery,Put the pencil sharpener closest to the yellow pen in the bowl.,,Explicitly grounds closest with pencil sharpener candidates; only the selected category-specific missing cell is withheld.,,459,158,justintiensmith/VLA_Benchmark_Prompted_1200,459,False,justintiensmith/VLA_Benchmark_Prompted_1200,459,
460,Referential Disambiguation,Pick up the pencil sharpener nearest to the airplane toy with propellers and place it in the bowl.,Explicit closest grounding,closest × pencil sharpener candidate category,referential_pencil_sharpener_closest_explicit,airplane×furthest; crushed-soda-can×closest; pencil-sharpener×between; pen fully crossed,No,Keep prompt,No prompt change required under the missing-cell design.,"green pencil sharpener, red pencil sharpener, airplane toy with propellers",green pencil sharpener,Home,Pick up the pencil sharpener nearest to the airplane toy with propellers and place it in the bowl.,,Explicitly grounds closest with pencil sharpener candidates; only the selected category-specific missing cell is withheld.,,460,163,justintiensmith/VLA_Benchmark_Prompted_1200,460,False,justintiensmith/VLA_Benchmark_Prompted_1200,460,
461,Referential Disambiguation,Pick up the pencil sharpener nearest to the airplane toy without propellers and place it in the bowl.,Explicit closest grounding,closest × pencil sharpener candidate category,referential_pencil_sharpener_closest_explicit,airplane×furthest; crushed-soda-can×closest; pencil-sharpener×between; pen fully crossed,No,Keep prompt,No prompt change required under the missing-cell design.,"green pencil sharpener, red pencil sharpener, airplane toy without propellers, crushed Coke can",red pencil sharpener,Home,Pick up the pencil sharpener nearest to the airplane toy without propellers and place it in the bowl.,,Explicitly grounds closest with pencil sharpener candidates; only the selected category-specific missing cell is withheld.,,461,164,justintiensmith/VLA_Benchmark_Prompted_1200,461,False,justintiensmith/VLA_Benchmark_Prompted_1200,461,
462,Referential Disambiguation,Put the pencil sharpener closest to the crushed Coke can in the bowl.,Explicit closest grounding,closest × pencil sharpener candidate category,referential_pencil_sharpener_closest_explicit,airplane×furthest; crushed-soda-can×closest; pencil-sharpener×between; pen fully crossed,No,Keep prompt,No prompt change required under the missing-cell design.,"green pencil sharpener, red pencil sharpener, crushed Coke can",green pencil sharpener,Home,Put the pencil sharpener closest to the crushed Coke can in the bowl.,,Explicitly grounds closest with pencil sharpener candidates; only the selected category-specific missing cell is withheld.,,462,165,justintiensmith/VLA_Benchmark_Prompted_1200,462,False,justintiensmith/VLA_Benchmark_Prompted_1200,462,
463,Referential Disambiguation,Pick up the pencil sharpener nearest to the crushed Pepsi can and place it in the bowl.,Explicit closest grounding,closest × pencil sharpener candidate category,referential_pencil_sharpener_closest_explicit,airplane×furthest; crushed-soda-can×closest; pencil-sharpener×between; pen fully crossed,No,Keep prompt,No prompt change required under the missing-cell design.,"green pencil sharpener, red pencil sharpener, crushed Pepsi can, airplane toy with propellers",red pencil sharpener,Home,Pick up the pencil sharpener nearest to the crushed Pepsi can and place it in the bowl.,,Explicitly grounds closest with pencil sharpener candidates; only the selected category-specific missing cell is withheld.,,463,166,justintiensmith/VLA_Benchmark_Prompted_1200,463,False,justintiensmith/VLA_Benchmark_Prompted_1200,463,
464,Referential Disambiguation,Move the pencil sharpener that is closest to the green pen into the bowl.,Explicit closest grounding,closest × pencil sharpener candidate category,referential_pencil_sharpener_closest_explicit,airplane×furthest; crushed-soda-can×closest; pencil-sharpener×between; pen fully crossed,No,Keep prompt,No prompt change required under the missing-cell design.,"green pencil sharpener, red pencil sharpener, green pen, yellow pen",green pencil sharpener,Recovery,Move the pencil sharpener that is closest to the green pen into the bowl.,,Explicitly grounds closest with pencil sharpener candidates; only the selected category-specific missing cell is withheld.,,464,157,justintiensmith/VLA_Benchmark_Prompted_1200,464,False,justintiensmith/VLA_Benchmark_Prompted_1200,464,
465,Referential Disambiguation,Pick up the pencil sharpener furthest from the green pen and place it in the bowl.,Explicit furthest grounding,furthest × pencil sharpener candidate category,referential_pencil_sharpener_furthest_explicit,airplane×furthest; crushed-soda-can×closest; pencil-sharpener×between; pen fully crossed,Yes,Replace prompt only,"Prompt-only relabeling; preserve episode 465 video, scene, trajectory, target, and start position.","green pencil sharpener, red pencil sharpener, green pen",red pencil sharpener,Home,Pick up the red pencil sharpener and place it in the bowl.,,Explicitly grounds furthest with pencil sharpener candidates; only the selected category-specific missing cell is withheld.,,465,167,justintiensmith/VLA_Benchmark_Prompted_1200,465,False,justintiensmith/VLA_Benchmark_Prompted_1200,465,
466,Referential Disambiguation,Pick up the pencil sharpener furthest from the yellow pen and place it in the bowl.,Explicit furthest grounding,furthest × pencil sharpener candidate category,referential_pencil_sharpener_furthest_explicit,airplane×furthest; crushed-soda-can×closest; pencil-sharpener×between; pen fully crossed,Yes,Replace prompt only,"Prompt-only relabeling; preserve episode 466 video, scene, trajectory, target, and start position.","green pencil sharpener, red pencil sharpener, yellow pen, airplane toy without propellers",green pencil sharpener,Home,Move the green pencil sharpener into the bowl.,,Explicitly grounds furthest with pencil sharpener candidates; only the selected category-specific missing cell is withheld.,,466,168,justintiensmith/VLA_Benchmark_Prompted_1200,466,False,justintiensmith/VLA_Benchmark_Prompted_1200,466,
467,Referential Disambiguation,Pick up the pencil sharpener furthest from the airplane toy with propellers and place it in the bowl.,Explicit furthest grounding,furthest × pencil sharpener candidate category,referential_pencil_sharpener_furthest_explicit,airplane×furthest; crushed-soda-can×closest; pencil-sharpener×between; pen fully crossed,Yes,Replace prompt only,"Prompt-only relabeling; preserve episode 467 video, scene, trajectory, target, and start position.","green pencil sharpener, red pencil sharpener, airplane toy with propellers",red pencil sharpener,Home,Move the red pencil sharpener into the bowl.,,Explicitly grounds furthest with pencil sharpener candidates; only the selected category-specific missing cell is withheld.,,467,169,justintiensmith/VLA_Benchmark_Prompted_1200,467,False,justintiensmith/VLA_Benchmark_Prompted_1200,467,
468,Referential Disambiguation,Pick up the pencil sharpener furthest from the airplane toy without propellers and place it in the bowl.,Explicit furthest grounding,furthest × pencil sharpener candidate category,referential_pencil_sharpener_furthest_explicit,airplane×furthest; crushed-soda-can×closest; pencil-sharpener×between; pen fully crossed,Yes,Replace prompt only,"Prompt-only relabeling; preserve episode 468 video, scene, trajectory, target, and start position.","green pencil sharpener, red pencil sharpener, airplane toy without propellers, crushed Pepsi can",green pencil sharpener,Recovery,Move the green pencil sharpener into the bowl.,,Explicitly grounds furthest with pencil sharpener candidates; only the selected category-specific missing cell is withheld.,,468,170,justintiensmith/VLA_Benchmark_Prompted_1200,468,False,justintiensmith/VLA_Benchmark_Prompted_1200,468,
469,Referential Disambiguation,Pick up the pencil sharpener furthest from the crushed Coke can and place it in the bowl.,Explicit furthest grounding,furthest × pencil sharpener candidate category,referential_pencil_sharpener_furthest_explicit,airplane×furthest; crushed-soda-can×closest; pencil-sharpener×between; pen fully crossed,Yes,Replace prompt only,"Prompt-only relabeling; preserve episode 469 video, scene, trajectory, target, and start position.","green pencil sharpener, red pencil sharpener, crushed Coke can",red pencil sharpener,Home,Put the red pencil sharpener in the bowl.,,Explicitly grounds furthest with pencil sharpener candidates; only the selected category-specific missing cell is withheld.,,469,171,justintiensmith/VLA_Benchmark_Prompted_1200,469,False,justintiensmith/VLA_Benchmark_Prompted_1200,469,
470,Referential Disambiguation,Pick up the pencil sharpener furthest from the crushed Pepsi can and place it in the bowl.,Explicit furthest grounding,furthest × pencil sharpener candidate category,referential_pencil_sharpener_furthest_explicit,airplane×furthest; crushed-soda-can×closest; pencil-sharpener×between; pen fully crossed,Yes,Replace prompt only,"Prompt-only relabeling; preserve episode 470 video, scene, trajectory, target, and start position.","green pencil sharpener, red pencil sharpener, crushed Pepsi can, crushed Coke can",green pencil sharpener,Home,Pick up the green pencil sharpener and place it in the bowl.,,Explicitly grounds furthest with pencil sharpener candidates; only the selected category-specific missing cell is withheld.,,470,172,justintiensmith/VLA_Benchmark_Prompted_1200,470,False,justintiensmith/VLA_Benchmark_Prompted_1200,470,
471,Referential Disambiguation,Pick up the pencil sharpener furthest from the green pen and place it in the bowl.,Explicit furthest grounding,furthest × pencil sharpener candidate category,referential_pencil_sharpener_furthest_explicit,airplane×furthest; crushed-soda-can×closest; pencil-sharpener×between; pen fully crossed,Yes,Replace prompt only,"Prompt-only relabeling; preserve episode 471 video, scene, trajectory, target, and start position.","green pencil sharpener, red pencil sharpener, green pen",red pencil sharpener,Home,Put the red pencil sharpener in the bowl.,,Explicitly grounds furthest with pencil sharpener candidates; only the selected category-specific missing cell is withheld.,,471,167,justintiensmith/VLA_Benchmark_Prompted_1200,471,False,justintiensmith/VLA_Benchmark_Prompted_1200,471,
472,Referential Disambiguation,Pick up the pencil sharpener furthest from the yellow pen and place it in the bowl.,Explicit furthest grounding,furthest × pencil sharpener candidate category,referential_pencil_sharpener_furthest_explicit,airplane×furthest; crushed-soda-can×closest; pencil-sharpener×between; pen fully crossed,Yes,Replace prompt only,"Prompt-only relabeling; preserve episode 472 video, scene, trajectory, target, and start position.","green pencil sharpener, red pencil sharpener, yellow pen, crushed Pepsi can",green pencil sharpener,Home,Put the green pencil sharpener in the bowl.,,Explicitly grounds furthest with pencil sharpener candidates; only the selected category-specific missing cell is withheld.,,472,168,justintiensmith/VLA_Benchmark_Prompted_1200,472,False,justintiensmith/VLA_Benchmark_Prompted_1200,472,
473,Referential Disambiguation,Pick up the pencil sharpener furthest from the airplane toy with propellers and place it in the bowl.,Explicit furthest grounding,furthest × pencil sharpener candidate category,referential_pencil_sharpener_furthest_explicit,airplane×furthest; crushed-soda-can×closest; pencil-sharpener×between; pen fully crossed,Yes,Replace prompt only,"Prompt-only relabeling; preserve episode 473 video, scene, trajectory, target, and start position.","green pencil sharpener, red pencil sharpener, airplane toy with propellers",red pencil sharpener,Recovery,Pick up the red pencil sharpener and place it in the bowl.,,Explicitly grounds furthest with pencil sharpener candidates; only the selected category-specific missing cell is withheld.,,473,169,justintiensmith/VLA_Benchmark_Prompted_1200,473,False,justintiensmith/VLA_Benchmark_Prompted_1200,473,
474,Referential Disambiguation,Pick up the pencil sharpener furthest from the airplane toy without propellers and place it in the bowl.,Explicit furthest grounding,furthest × pencil sharpener candidate category,referential_pencil_sharpener_furthest_explicit,airplane×furthest; crushed-soda-can×closest; pencil-sharpener×between; pen fully crossed,Yes,Replace prompt only,"Prompt-only relabeling; preserve episode 474 video, scene, trajectory, target, and start position.","green pencil sharpener, red pencil sharpener, airplane toy without propellers, yellow pen",green pencil sharpener,Home,Pick up the green pencil sharpener and place it in the bowl.,,Explicitly grounds furthest with pencil sharpener candidates; only the selected category-specific missing cell is withheld.,,474,170,justintiensmith/VLA_Benchmark_Prompted_1200,474,False,justintiensmith/VLA_Benchmark_Prompted_1200,474,
475,Referential Disambiguation,Pick up the pencil sharpener furthest from the crushed Coke can and place it in the bowl.,Explicit furthest grounding,furthest × pencil sharpener candidate category,referential_pencil_sharpener_furthest_explicit,airplane×furthest; crushed-soda-can×closest; pencil-sharpener×between; pen fully crossed,Yes,Replace prompt only,"Prompt-only relabeling; preserve episode 475 video, scene, trajectory, target, and start position.","green pencil sharpener, red pencil sharpener, crushed Coke can",red pencil sharpener,Home,Pick up the red pencil sharpener and place it in the bowl.,,Explicitly grounds furthest with pencil sharpener candidates; only the selected category-specific missing cell is withheld.,,475,171,justintiensmith/VLA_Benchmark_Prompted_1200,475,False,justintiensmith/VLA_Benchmark_Prompted_1200,475,
476,Referential Disambiguation,Pick up the pencil sharpener furthest from the crushed Pepsi can and place it in the bowl.,Explicit furthest grounding,furthest × pencil sharpener candidate category,referential_pencil_sharpener_furthest_explicit,airplane×furthest; crushed-soda-can×closest; pencil-sharpener×between; pen fully crossed,Yes,Replace prompt only,"Prompt-only relabeling; preserve episode 476 video, scene, trajectory, target, and start position.","green pencil sharpener, red pencil sharpener, crushed Pepsi can, yellow pen",green pencil sharpener,Home,Put the green pencil sharpener in the bowl.,,Explicitly grounds furthest with pencil sharpener candidates; only the selected category-specific missing cell is withheld.,,476,172,justintiensmith/VLA_Benchmark_Prompted_1200,476,False,justintiensmith/VLA_Benchmark_Prompted_1200,476,
477,Referential Disambiguation,Pick up the pencil sharpener furthest from the green pen and place it in the bowl.,Explicit furthest grounding,furthest × pencil sharpener candidate category,referential_pencil_sharpener_furthest_explicit,airplane×furthest; crushed-soda-can×closest; pencil-sharpener×between; pen fully crossed,Yes,Replace prompt only,"Prompt-only relabeling; preserve episode 477 video, scene, trajectory, target, and start position.","green pencil sharpener, red pencil sharpener, green pen",red pencil sharpener,Home,Move the red pencil sharpener into the bowl.,,Explicitly grounds furthest with pencil sharpener candidates; only the selected category-specific missing cell is withheld.,,477,167,justintiensmith/VLA_Benchmark_Prompted_1200,477,False,justintiensmith/VLA_Benchmark_Prompted_1200,477,
478,Referential Disambiguation,Pick up the pencil sharpener furthest from the yellow pen and place it in the bowl.,Explicit furthest grounding,furthest × pencil sharpener candidate category,referential_pencil_sharpener_furthest_explicit,airplane×furthest; crushed-soda-can×closest; pencil-sharpener×between; pen fully crossed,Yes,Replace prompt only,"Prompt-only relabeling; preserve episode 478 video, scene, trajectory, target, and start position.","green pencil sharpener, red pencil sharpener, yellow pen, green pen",green pencil sharpener,Recovery,Put the green pencil sharpener in the bowl.,,Explicitly grounds furthest with pencil sharpener candidates; only the selected category-specific missing cell is withheld.,,478,168,justintiensmith/VLA_Benchmark_Prompted_1200,478,False,justintiensmith/VLA_Benchmark_Prompted_1200,478,
479,Referential Disambiguation,Pick up the pencil sharpener furthest from the airplane toy with propellers and place it in the bowl.,Explicit furthest grounding,furthest × pencil sharpener candidate category,referential_pencil_sharpener_furthest_explicit,airplane×furthest; crushed-soda-can×closest; pencil-sharpener×between; pen fully crossed,Yes,Replace prompt only,"Prompt-only relabeling; preserve episode 479 video, scene, trajectory, target, and start position.","green pencil sharpener, red pencil sharpener, airplane toy with propellers",red pencil sharpener,Home,Put the red pencil sharpener in the bowl.,,Explicitly grounds furthest with pencil sharpener candidates; only the selected category-specific missing cell is withheld.,,479,169,justintiensmith/VLA_Benchmark_Prompted_1200,479,False,justintiensmith/VLA_Benchmark_Prompted_1200,479,
480,Referential Disambiguation,Move the red pencil sharpener into the bowl.,Masked relation × candidate-category composition,direct identity=red pencil sharpener; hidden relation=between; candidate category=pencil sharpener,referential_pencil_sharpener_between_masked,airplane×furthest; crushed-soda-can×closest; pencil-sharpener×between; pen fully crossed,Yes,Replace prompt only,"Prompt-only relabeling; preserve episode 480 video, scene, trajectory, target, and start position.","green pencil sharpener, red pencil sharpener, airplane toy without propellers, yellow pen, crushed Pepsi can",red pencil sharpener,Home,Put the pencil sharpener between the airplane toy without propellers and the yellow pen in the bowl.,Put the pencil sharpener between the airplane toy without propellers and the yellow pen in the bowl.,"The pencil sharpener is still named and manipulated directly, but between is never used to select this candidate category during training.",,480,173,justintiensmith/VLA_Benchmark_Prompted_1200,480,False,justintiensmith/VLA_Benchmark_Prompted_1200,480,
481,Referential Disambiguation,Put the red pencil sharpener in the bowl.,Masked relation × candidate-category composition,direct identity=red pencil sharpener; hidden relation=between; candidate category=pencil sharpener,referential_pencil_sharpener_between_masked,airplane×furthest; crushed-soda-can×closest; pencil-sharpener×between; pen fully crossed,Yes,Replace prompt only,"Prompt-only relabeling; preserve episode 481 video, scene, trajectory, target, and start position.","green pencil sharpener, red pencil sharpener, green pen, crushed Pepsi can, airplane toy with propellers",red pencil sharpener,Home,Move the pencil sharpener lying between the green pen and the crushed Pepsi can into the bowl.,Move the pencil sharpener lying between the green pen and the crushed Pepsi can into the bowl.,"The pencil sharpener is still named and manipulated directly, but between is never used to select this candidate category during training.",,481,174,justintiensmith/VLA_Benchmark_Prompted_1200,481,False,justintiensmith/VLA_Benchmark_Prompted_1200,481,
482,Referential Disambiguation,Pick up the green pencil sharpener and place it in the bowl.,Masked relation × candidate-category composition,direct identity=green pencil sharpener; hidden relation=between; candidate category=pencil sharpener,referential_pencil_sharpener_between_masked,airplane×furthest; crushed-soda-can×closest; pencil-sharpener×between; pen fully crossed,Yes,Replace prompt only,"Prompt-only relabeling; preserve episode 482 video, scene, trajectory, target, and start position.","green pencil sharpener, red pencil sharpener, crushed Pepsi can, airplane toy without propellers",green pencil sharpener,Home,Put the pencil sharpener between the crushed Pepsi can and the airplane toy without propellers in the bowl.,Put the pencil sharpener between the crushed Pepsi can and the airplane toy without propellers in the bowl.,"The pencil sharpener is still named and manipulated directly, but between is never used to select this candidate category during training.",,482,175,justintiensmith/VLA_Benchmark_Prompted_1200,482,False,justintiensmith/VLA_Benchmark_Prompted_1200,482,
483,Referential Disambiguation,Move the green pencil sharpener into the bowl.,Masked relation × candidate-category composition,direct identity=green pencil sharpener; hidden relation=between; candidate category=pencil sharpener,referential_pencil_sharpener_between_masked,airplane×furthest; crushed-soda-can×closest; pencil-sharpener×between; pen fully crossed,Yes,Replace prompt only,"Prompt-only relabeling; preserve episode 483 video, scene, trajectory, target, and start position.","green pencil sharpener, red pencil sharpener, green pen, airplane toy without propellers",green pencil sharpener,Recovery,Move the pencil sharpener lying between the green pen and the airplane toy without propellers into the bowl.,Move the pencil sharpener lying between the green pen and the airplane toy without propellers into the bowl.,"The pencil sharpener is still named and manipulated directly, but between is never used to select this candidate category during training.",,483,176,justintiensmith/VLA_Benchmark_Prompted_1200,483,False,justintiensmith/VLA_Benchmark_Prompted_1200,483,
484,Referential Disambiguation,Put the red pencil sharpener in the bowl.,Masked relation × candidate-category composition,direct identity=red pencil sharpener; hidden relation=between; candidate category=pencil sharpener,referential_pencil_sharpener_between_masked,airplane×furthest; crushed-soda-can×closest; pencil-sharpener×between; pen fully crossed,Yes,Replace prompt only,"Prompt-only relabeling; preserve episode 484 video, scene, trajectory, target, and start position.","green pencil sharpener, red pencil sharpener, yellow pen, crushed Pepsi can, green pen",red pencil sharpener,Recovery,Put the pencil sharpener between the yellow pen and the crushed Pepsi can in the bowl.,Put the pencil sharpener between the yellow pen and the crushed Pepsi can in the bowl.,"The pencil sharpener is still named and manipulated directly, but between is never used to select this candidate category during training.",,484,174,justintiensmith/VLA_Benchmark_Prompted_1200,484,False,justintiensmith/VLA_Benchmark_Prompted_1200,484,
485,Referential Disambiguation,Pick up the green pencil sharpener and place it in the bowl.,Masked relation × candidate-category composition,direct identity=green pencil sharpener; hidden relation=between; candidate category=pencil sharpener,referential_pencil_sharpener_between_masked,airplane×furthest; crushed-soda-can×closest; pencil-sharpener×between; pen fully crossed,Yes,Replace prompt only,"Prompt-only relabeling; preserve episode 485 video, scene, trajectory, target, and start position.","green pencil sharpener, red pencil sharpener, airplane toy without propellers, crushed Coke can",green pencil sharpener,Home,Put the pencil sharpener between the airplane toy without propellers and the crushed Coke can in the bowl.,Put the pencil sharpener between the airplane toy without propellers and the crushed Coke can in the bowl.,"The pencil sharpener is still named and manipulated directly, but between is never used to select this candidate category during training.",,485,175,justintiensmith/VLA_Benchmark_Prompted_1200,485,False,justintiensmith/VLA_Benchmark_Prompted_1200,485,
486,Referential Disambiguation,Move the red pencil sharpener into the bowl.,Masked relation × candidate-category composition,direct identity=red pencil sharpener; hidden relation=between; candidate category=pencil sharpener,referential_pencil_sharpener_between_masked,airplane×furthest; crushed-soda-can×closest; pencil-sharpener×between; pen fully crossed,Yes,Replace prompt only,"Prompt-only relabeling; preserve episode 486 video, scene, trajectory, target, and start position.","green pencil sharpener, red pencil sharpener, yellow pen, airplane toy with propellers",red pencil sharpener,Home,Put the pencil sharpener between the yellow pen and the airplane toy with propellers in the bowl.,Put the pencil sharpener between the yellow pen and the airplane toy with propellers in the bowl.,"The pencil sharpener is still named and manipulated directly, but between is never used to select this candidate category during training.",,486,173,justintiensmith/VLA_Benchmark_Prompted_1200,486,False,justintiensmith/VLA_Benchmark_Prompted_1200,486,
487,Referential Disambiguation,Put the green pencil sharpener in the bowl.,Masked relation × candidate-category composition,direct identity=green pencil sharpener; hidden relation=between; candidate category=pencil sharpener,referential_pencil_sharpener_between_masked,airplane×furthest; crushed-soda-can×closest; pencil-sharpener×between; pen fully crossed,Yes,Replace prompt only,"Prompt-only relabeling; preserve episode 487 video, scene, trajectory, target, and start position.","green pencil sharpener, red pencil sharpener, crushed Coke can, green pen, crushed Pepsi can",green pencil sharpener,Home,Put the pencil sharpener between the crushed Coke can and the green pen in the bowl.,Put the pencil sharpener between the crushed Coke can and the green pen in the bowl.,"The pencil sharpener is still named and manipulated directly, but between is never used to select this candidate category during training.",,487,177,justintiensmith/VLA_Benchmark_Prompted_1200,487,False,justintiensmith/VLA_Benchmark_Prompted_1200,487,
488,Referential Disambiguation,Pick up the red pencil sharpener and place it in the bowl.,Masked relation × candidate-category composition,direct identity=red pencil sharpener; hidden relation=between; candidate category=pencil sharpener,referential_pencil_sharpener_between_masked,airplane×furthest; crushed-soda-can×closest; pencil-sharpener×between; pen fully crossed,Yes,Replace prompt only,"Prompt-only relabeling; preserve episode 488 video, scene, trajectory, target, and start position.","green pencil sharpener, red pencil sharpener, airplane toy with propellers, crushed Coke can",red pencil sharpener,Home,"Pick up the pencil sharpener positioned between the airplane toy with propellers and the crushed Coke can, then place it in the bowl.","Pick up the pencil sharpener positioned between the airplane toy with propellers and the crushed Coke can, then place it in the bowl.","The pencil sharpener is still named and manipulated directly, but between is never used to select this candidate category during training.",,488,178,justintiensmith/VLA_Benchmark_Prompted_1200,488,False,justintiensmith/VLA_Benchmark_Prompted_1200,488,
489,Referential Disambiguation,Move the green pencil sharpener into the bowl.,Masked relation × candidate-category composition,direct identity=green pencil sharpener; hidden relation=between; candidate category=pencil sharpener,referential_pencil_sharpener_between_masked,airplane×furthest; crushed-soda-can×closest; pencil-sharpener×between; pen fully crossed,Yes,Replace prompt only,"Prompt-only relabeling; preserve episode 489 video, scene, trajectory, target, and start position.","green pencil sharpener, red pencil sharpener, airplane toy with propellers, green pen, yellow pen",green pencil sharpener,Home,"Pick up the pencil sharpener positioned between the airplane toy with propellers and the green pen, then place it in the bowl.","Pick up the pencil sharpener positioned between the airplane toy with propellers and the green pen, then place it in the bowl.","The pencil sharpener is still named and manipulated directly, but between is never used to select this candidate category during training.",,489,176,justintiensmith/VLA_Benchmark_Prompted_1200,489,False,justintiensmith/VLA_Benchmark_Prompted_1200,489,
490,Referential Disambiguation,Put the green pencil sharpener in the bowl.,Masked relation × candidate-category composition,direct identity=green pencil sharpener; hidden relation=between; candidate category=pencil sharpener,referential_pencil_sharpener_between_masked,airplane×furthest; crushed-soda-can×closest; pencil-sharpener×between; pen fully crossed,Yes,Replace prompt only,"Prompt-only relabeling; preserve episode 490 video, scene, trajectory, target, and start position.","green pencil sharpener, red pencil sharpener, crushed Coke can, yellow pen, airplane toy with propellers",green pencil sharpener,Home,Put the pencil sharpener between the crushed Coke can and the yellow pen in the bowl.,Put the pencil sharpener between the crushed Coke can and the yellow pen in the bowl.,"The pencil sharpener is still named and manipulated directly, but between is never used to select this candidate category during training.",,490,177,justintiensmith/VLA_Benchmark_Prompted_1200,490,False,justintiensmith/VLA_Benchmark_Prompted_1200,490,
491,Referential Disambiguation,Pick up the red pencil sharpener and place it in the bowl.,Masked relation × candidate-category composition,direct identity=red pencil sharpener; hidden relation=between; candidate category=pencil sharpener,referential_pencil_sharpener_between_masked,airplane×furthest; crushed-soda-can×closest; pencil-sharpener×between; pen fully crossed,Yes,Replace prompt only,"Prompt-only relabeling; preserve episode 491 video, scene, trajectory, target, and start position.","green pencil sharpener, red pencil sharpener, crushed Pepsi can, airplane toy with propellers",red pencil sharpener,Home,Put the pencil sharpener between the crushed Pepsi can and the airplane toy with propellers in the bowl.,Put the pencil sharpener between the crushed Pepsi can and the airplane toy with propellers in the bowl.,"The pencil sharpener is still named and manipulated directly, but between is never used to select this candidate category during training.",,491,178,justintiensmith/VLA_Benchmark_Prompted_1200,491,False,justintiensmith/VLA_Benchmark_Prompted_1200,491,
492,Referential Disambiguation,Move the green pencil sharpener into the bowl.,Masked relation × candidate-category composition,direct identity=green pencil sharpener; hidden relation=between; candidate category=pencil sharpener,referential_pencil_sharpener_between_masked,airplane×furthest; crushed-soda-can×closest; pencil-sharpener×between; pen fully crossed,Yes,Replace prompt only,"Prompt-only relabeling; preserve episode 492 video, scene, trajectory, target, and start position.","green pencil sharpener, red pencil sharpener, airplane toy without propellers, yellow pen",green pencil sharpener,Home,"Pick up the pencil sharpener positioned between the airplane toy without propellers and the yellow pen, then place it in the bowl.","Pick up the pencil sharpener positioned between the airplane toy without propellers and the yellow pen, then place it in the bowl.","The pencil sharpener is still named and manipulated directly, but between is never used to select this candidate category during training.",,492,176,justintiensmith/VLA_Benchmark_Prompted_1200,492,False,justintiensmith/VLA_Benchmark_Prompted_1200,492,
493,Referential Disambiguation,Put the red pencil sharpener in the bowl.,Masked relation × candidate-category composition,direct identity=red pencil sharpener; hidden relation=between; candidate category=pencil sharpener,referential_pencil_sharpener_between_masked,airplane×furthest; crushed-soda-can×closest; pencil-sharpener×between; pen fully crossed,Yes,Replace prompt only,"Prompt-only relabeling; preserve episode 493 video, scene, trajectory, target, and start position.","green pencil sharpener, red pencil sharpener, green pen, crushed Pepsi can",red pencil sharpener,Home,Put the pencil sharpener between the green pen and the crushed Pepsi can in the bowl.,Put the pencil sharpener between the green pen and the crushed Pepsi can in the bowl.,"The pencil sharpener is still named and manipulated directly, but between is never used to select this candidate category during training.",,493,174,justintiensmith/VLA_Benchmark_Prompted_1200,493,False,justintiensmith/VLA_Benchmark_Prompted_1200,493,
494,Referential Disambiguation,Pick up the red pencil sharpener and place it in the bowl.,Masked relation × candidate-category composition,direct identity=red pencil sharpener; hidden relation=between; candidate category=pencil sharpener,referential_pencil_sharpener_between_masked,airplane×furthest; crushed-soda-can×closest; pencil-sharpener×between; pen fully crossed,Yes,Replace prompt only,"Prompt-only relabeling; preserve episode 494 video, scene, trajectory, target, and start position.","green pencil sharpener, red pencil sharpener, crushed Pepsi can, airplane toy without propellers, crushed Coke can",red pencil sharpener,Recovery,Put the pencil sharpener between the crushed Pepsi can and the airplane toy without propellers in the bowl.,Put the pencil sharpener between the crushed Pepsi can and the airplane toy without propellers in the bowl.,"The pencil sharpener is still named and manipulated directly, but between is never used to select this candidate category during training.",,494,178,justintiensmith/VLA_Benchmark_Prompted_1200,494,False,justintiensmith/VLA_Benchmark_Prompted_1200,494,
495,Referential Disambiguation,Move the green pencil sharpener into the bowl.,Masked relation × candidate-category composition,direct identity=green pencil sharpener; hidden relation=between; candidate category=pencil sharpener,referential_pencil_sharpener_between_masked,airplane×furthest; crushed-soda-can×closest; pencil-sharpener×between; pen fully crossed,Yes,Replace prompt only,"Prompt-only relabeling; preserve episode 495 video, scene, trajectory, target, and start position.","green pencil sharpener, red pencil sharpener, crushed Coke can, green pen, airplane toy without propellers",green pencil sharpener,Home,"Pick up the pencil sharpener positioned between the crushed Coke can and the green pen, then place it in the bowl.","Pick up the pencil sharpener positioned between the crushed Coke can and the green pen, then place it in the bowl.","The pencil sharpener is still named and manipulated directly, but between is never used to select this candidate category during training.",,495,176,justintiensmith/VLA_Benchmark_Prompted_1200,495,False,justintiensmith/VLA_Benchmark_Prompted_1200,495,
496,Referential Disambiguation,Put the green pencil sharpener in the bowl.,Masked relation × candidate-category composition,direct identity=green pencil sharpener; hidden relation=between; candidate category=pencil sharpener,referential_pencil_sharpener_between_masked,airplane×furthest; crushed-soda-can×closest; pencil-sharpener×between; pen fully crossed,Yes,Replace prompt only,"Prompt-only relabeling; preserve episode 496 video, scene, trajectory, target, and start position.","green pencil sharpener, red pencil sharpener, airplane toy with propellers, crushed Coke can, green pen",green pencil sharpener,Home,Put the pencil sharpener between the airplane toy with propellers and the crushed Coke can in the bowl.,Put the pencil sharpener between the airplane toy with propellers and the crushed Coke can in the bowl.,"The pencil sharpener is still named and manipulated directly, but between is never used to select this candidate category during training.",,496,177,justintiensmith/VLA_Benchmark_Prompted_1200,496,False,justintiensmith/VLA_Benchmark_Prompted_1200,496,
497,Referential Disambiguation,Pick up the green pencil sharpener and place it in the bowl.,Masked relation × candidate-category composition,direct identity=green pencil sharpener; hidden relation=between; candidate category=pencil sharpener,referential_pencil_sharpener_between_masked,airplane×furthest; crushed-soda-can×closest; pencil-sharpener×between; pen fully crossed,Yes,Replace prompt only,"Prompt-only relabeling; preserve episode 497 video, scene, trajectory, target, and start position.","green pencil sharpener, red pencil sharpener, airplane toy with propellers, green pen",green pencil sharpener,Recovery,Move the pencil sharpener lying between the airplane toy with propellers and the green pen into the bowl.,Move the pencil sharpener lying between the airplane toy with propellers and the green pen into the bowl.,"The pencil sharpener is still named and manipulated directly, but between is never used to select this candidate category during training.",,497,175,justintiensmith/VLA_Benchmark_Prompted_1200,497,False,justintiensmith/VLA_Benchmark_Prompted_1200,497,
498,Referential Disambiguation,Move the red pencil sharpener into the bowl.,Masked relation × candidate-category composition,direct identity=red pencil sharpener; hidden relation=between; candidate category=pencil sharpener,referential_pencil_sharpener_between_masked,airplane×furthest; crushed-soda-can×closest; pencil-sharpener×between; pen fully crossed,Yes,Replace prompt only,"Prompt-only relabeling; preserve episode 498 video, scene, trajectory, target, and start position.","green pencil sharpener, red pencil sharpener, crushed Coke can, yellow pen, airplane toy without propellers",red pencil sharpener,Home,"Pick up the pencil sharpener positioned between the crushed Coke can and the yellow pen, then place it in the bowl.","Pick up the pencil sharpener positioned between the crushed Coke can and the yellow pen, then place it in the bowl.","The pencil sharpener is still named and manipulated directly, but between is never used to select this candidate category during training.",,498,173,justintiensmith/VLA_Benchmark_Prompted_1200,498,False,justintiensmith/VLA_Benchmark_Prompted_1200,498,
499,Referential Disambiguation,Put the red pencil sharpener in the bowl.,Masked relation × candidate-category composition,direct identity=red pencil sharpener; hidden relation=between; candidate category=pencil sharpener,referential_pencil_sharpener_between_masked,airplane×furthest; crushed-soda-can×closest; pencil-sharpener×between; pen fully crossed,Yes,Replace prompt only,"Prompt-only relabeling; preserve episode 499 video, scene, trajectory, target, and start position.","green pencil sharpener, red pencil sharpener, crushed Pepsi can, airplane toy with propellers",red pencil sharpener,Home,Put the pencil sharpener between the crushed Pepsi can and the airplane toy with propellers in the bowl.,Put the pencil sharpener between the crushed Pepsi can and the airplane toy with propellers in the bowl.,"The pencil sharpener is still named and manipulated directly, but between is never used to select this candidate category during training.",,499,174,justintiensmith/VLA_Benchmark_Prompted_1200,499,False,justintiensmith/VLA_Benchmark_Prompted_1200,499,
500,Referential Disambiguation,Pick up the pen nearest to the green pencil sharpener and place it in the bowl.,Explicit closest grounding,closest × pen candidate category,referential_pen_closest_explicit,airplane×furthest; crushed-soda-can×closest; pencil-sharpener×between; pen fully crossed,No,Keep prompt,No prompt change required under the missing-cell design.,"green pen, yellow pen, green pencil sharpener",green pen,Home,Pick up the pen nearest to the green pencil sharpener and place it in the bowl.,,Explicitly grounds closest with pen candidates; only the selected category-specific missing cell is withheld.,,500,179,justintiensmith/VLA_Benchmark_Prompted_1200,500,False,justintiensmith/VLA_Benchmark_Prompted_1200,500,
501,Referential Disambiguation,Put the pen closest to the red pencil sharpener in the bowl.,Explicit closest grounding,closest × pen candidate category,referential_pen_closest_explicit,airplane×furthest; crushed-soda-can×closest; pencil-sharpener×between; pen fully crossed,No,Keep prompt,No prompt change required under the missing-cell design.,"green pen, yellow pen, red pencil sharpener, airplane toy without propellers",yellow pen,Home,Put the pen closest to the red pencil sharpener in the bowl.,,Explicitly grounds closest with pen candidates; only the selected category-specific missing cell is withheld.,,501,180,justintiensmith/VLA_Benchmark_Prompted_1200,501,False,justintiensmith/VLA_Benchmark_Prompted_1200,501,
502,Referential Disambiguation,Pick up the pen nearest to the crushed Coke can and place it in the bowl.,Explicit closest grounding,closest × pen candidate category,referential_pen_closest_explicit,airplane×furthest; crushed-soda-can×closest; pencil-sharpener×between; pen fully crossed,No,Keep prompt,No prompt change required under the missing-cell design.,"green pen, yellow pen, crushed Coke can",green pen,Home,Pick up the pen nearest to the crushed Coke can and place it in the bowl.,,Explicitly grounds closest with pen candidates; only the selected category-specific missing cell is withheld.,,502,181,justintiensmith/VLA_Benchmark_Prompted_1200,502,False,justintiensmith/VLA_Benchmark_Prompted_1200,502,
503,Referential Disambiguation,Put the pen closest to the crushed Pepsi can in the bowl.,Explicit closest grounding,closest × pen candidate category,referential_pen_closest_explicit,airplane×furthest; crushed-soda-can×closest; pencil-sharpener×between; pen fully crossed,No,Keep prompt,No prompt change required under the missing-cell design.,"green pen, yellow pen, crushed Pepsi can, red pencil sharpener",yellow pen,Home,Put the pen closest to the crushed Pepsi can in the bowl.,,Explicitly grounds closest with pen candidates; only the selected category-specific missing cell is withheld.,,503,182,justintiensmith/VLA_Benchmark_Prompted_1200,503,False,justintiensmith/VLA_Benchmark_Prompted_1200,503,
504,Referential Disambiguation,Pick up the pen nearest to the airplane toy with propellers and place it in the bowl.,Explicit closest grounding,closest × pen candidate category,referential_pen_closest_explicit,airplane×furthest; crushed-soda-can×closest; pencil-sharpener×between; pen fully crossed,No,Keep prompt,No prompt change required under the missing-cell design.,"green pen, yellow pen, airplane toy with propellers",green pen,Recovery,Pick up the pen nearest to the airplane toy with propellers and place it in the bowl.,,Explicitly grounds closest with pen candidates; only the selected category-specific missing cell is withheld.,,504,183,justintiensmith/VLA_Benchmark_Prompted_1200,504,False,justintiensmith/VLA_Benchmark_Prompted_1200,504,
505,Referential Disambiguation,Move the pen that is closest to the airplane toy without propellers into the bowl.,Explicit closest grounding,closest × pen candidate category,referential_pen_closest_explicit,airplane×furthest; crushed-soda-can×closest; pencil-sharpener×between; pen fully crossed,No,Keep prompt,No prompt change required under the missing-cell design.,"green pen, yellow pen, airplane toy without propellers, crushed Pepsi can",yellow pen,Home,Move the pen that is closest to the airplane toy without propellers into the bowl.,,Explicitly grounds closest with pen candidates; only the selected category-specific missing cell is withheld.,,505,184,justintiensmith/VLA_Benchmark_Prompted_1200,505,False,justintiensmith/VLA_Benchmark_Prompted_1200,505,
506,Referential Disambiguation,Move the pen that is closest to the green pencil sharpener into the bowl.,Explicit closest grounding,closest × pen candidate category,referential_pen_closest_explicit,airplane×furthest; crushed-soda-can×closest; pencil-sharpener×between; pen fully crossed,No,Keep prompt,No prompt change required under the missing-cell design.,"green pen, yellow pen, green pencil sharpener",green pen,Home,Move the pen that is closest to the green pencil sharpener into the bowl.,,Explicitly grounds closest with pen candidates; only the selected category-specific missing cell is withheld.,,506,185,justintiensmith/VLA_Benchmark_Prompted_1200,506,False,justintiensmith/VLA_Benchmark_Prompted_1200,506,
507,Referential Disambiguation,Move the pen that is closest to the red pencil sharpener into the bowl.,Explicit closest grounding,closest × pen candidate category,referential_pen_closest_explicit,airplane×furthest; crushed-soda-can×closest; pencil-sharpener×between; pen fully crossed,No,Keep prompt,No prompt change required under the missing-cell design.,"green pen, yellow pen, red pencil sharpener, green pencil sharpener",yellow pen,Home,Move the pen that is closest to the red pencil sharpener into the bowl.,,Explicitly grounds closest with pen candidates; only the selected category-specific missing cell is withheld.,,507,186,justintiensmith/VLA_Benchmark_Prompted_1200,507,False,justintiensmith/VLA_Benchmark_Prompted_1200,507,
508,Referential Disambiguation,Put the pen closest to the crushed Coke can in the bowl.,Explicit closest grounding,closest × pen candidate category,referential_pen_closest_explicit,airplane×furthest; crushed-soda-can×closest; pencil-sharpener×between; pen fully crossed,No,Keep prompt,No prompt change required under the missing-cell design.,"green pen, yellow pen, crushed Coke can",green pen,Home,Put the pen closest to the crushed Coke can in the bowl.,,Explicitly grounds closest with pen candidates; only the selected category-specific missing cell is withheld.,,508,187,justintiensmith/VLA_Benchmark_Prompted_1200,508,False,justintiensmith/VLA_Benchmark_Prompted_1200,508,
509,Referential Disambiguation,Move the pen that is closest to the crushed Pepsi can into the bowl.,Explicit closest grounding,closest × pen candidate category,referential_pen_closest_explicit,airplane×furthest; crushed-soda-can×closest; pencil-sharpener×between; pen fully crossed,No,Keep prompt,No prompt change required under the missing-cell design.,"green pen, yellow pen, crushed Pepsi can, airplane toy without propellers",yellow pen,Recovery,Move the pen that is closest to the crushed Pepsi can into the bowl.,,Explicitly grounds closest with pen candidates; only the selected category-specific missing cell is withheld.,,509,188,justintiensmith/VLA_Benchmark_Prompted_1200,509,False,justintiensmith/VLA_Benchmark_Prompted_1200,509,
510,Referential Disambiguation,Put the pen closest to the airplane toy with propellers in the bowl.,Explicit closest grounding,closest × pen candidate category,referential_pen_closest_explicit,airplane×furthest; crushed-soda-can×closest; pencil-sharpener×between; pen fully crossed,No,Keep prompt,No prompt change required under the missing-cell design.,"green pen, yellow pen, airplane toy with propellers",green pen,Home,Put the pen closest to the airplane toy with propellers in the bowl.,,Explicitly grounds closest with pen candidates; only the selected category-specific missing cell is withheld.,,510,189,justintiensmith/VLA_Benchmark_Prompted_1200,510,False,justintiensmith/VLA_Benchmark_Prompted_1200,510,
511,Referential Disambiguation,Put the pen closest to the airplane toy without propellers in the bowl.,Explicit closest grounding,closest × pen candidate category,referential_pen_closest_explicit,airplane×furthest; crushed-soda-can×closest; pencil-sharpener×between; pen fully crossed,No,Keep prompt,No prompt change required under the missing-cell design.,"green pen, yellow pen, airplane toy without propellers, red pencil sharpener",yellow pen,Home,Put the pen closest to the airplane toy without propellers in the bowl.,,Explicitly grounds closest with pen candidates; only the selected category-specific missing cell is withheld.,,511,190,justintiensmith/VLA_Benchmark_Prompted_1200,511,False,justintiensmith/VLA_Benchmark_Prompted_1200,511,
512,Referential Disambiguation,Move the pen that is closest to the green pencil sharpener into the bowl.,Explicit closest grounding,closest × pen candidate category,referential_pen_closest_explicit,airplane×furthest; crushed-soda-can×closest; pencil-sharpener×between; pen fully crossed,No,Keep prompt,No prompt change required under the missing-cell design.,"green pen, yellow pen, green pencil sharpener",green pen,Home,Move the pen that is closest to the green pencil sharpener into the bowl.,,Explicitly grounds closest with pen candidates; only the selected category-specific missing cell is withheld.,,512,185,justintiensmith/VLA_Benchmark_Prompted_1200,512,False,justintiensmith/VLA_Benchmark_Prompted_1200,512,
513,Referential Disambiguation,Put the pen closest to the red pencil sharpener in the bowl.,Explicit closest grounding,closest × pen candidate category,referential_pen_closest_explicit,airplane×furthest; crushed-soda-can×closest; pencil-sharpener×between; pen fully crossed,No,Keep prompt,No prompt change required under the missing-cell design.,"green pen, yellow pen, red pencil sharpener, airplane toy without propellers",yellow pen,Home,Put the pen closest to the red pencil sharpener in the bowl.,,Explicitly grounds closest with pen candidates; only the selected category-specific missing cell is withheld.,,513,180,justintiensmith/VLA_Benchmark_Prompted_1200,513,False,justintiensmith/VLA_Benchmark_Prompted_1200,513,
514,Referential Disambiguation,Put the pen closest to the crushed Coke can in the bowl.,Explicit closest grounding,closest × pen candidate category,referential_pen_closest_explicit,airplane×furthest; crushed-soda-can×closest; pencil-sharpener×between; pen fully crossed,No,Keep prompt,No prompt change required under the missing-cell design.,"green pen, yellow pen, crushed Coke can, crushed Pepsi can",green pen,Recovery,Put the pen closest to the crushed Coke can in the bowl.,,Explicitly grounds closest with pen candidates; only the selected category-specific missing cell is withheld.,,514,187,justintiensmith/VLA_Benchmark_Prompted_1200,514,False,justintiensmith/VLA_Benchmark_Prompted_1200,514,
515,Referential Disambiguation,Pick up the pen furthest from the crushed Coke can and place it in the bowl.,Explicit furthest grounding,furthest × pen candidate category,referential_pen_furthest_explicit,airplane×furthest; crushed-soda-can×closest; pencil-sharpener×between; pen fully crossed,Yes,Replace prompt only,"Prompt-only relabeling; preserve episode 515 video, scene, trajectory, target, and start position.","green pen, yellow pen, crushed Coke can",yellow pen,Home,Move the yellow pen into the bowl.,,Explicitly grounds furthest with pen candidates; only the selected category-specific missing cell is withheld.,,515,191,justintiensmith/VLA_Benchmark_Prompted_1200,515,False,justintiensmith/VLA_Benchmark_Prompted_1200,515,
516,Referential Disambiguation,Pick up the pen furthest from the crushed Pepsi can and place it in the bowl.,Explicit furthest grounding,furthest × pen candidate category,referential_pen_furthest_explicit,airplane×furthest; crushed-soda-can×closest; pencil-sharpener×between; pen fully crossed,Yes,Replace prompt only,"Prompt-only relabeling; preserve episode 516 video, scene, trajectory, target, and start position.","green pen, yellow pen, crushed Pepsi can, green pencil sharpener",green pen,Home,Put the green pen in the bowl.,,Explicitly grounds furthest with pen candidates; only the selected category-specific missing cell is withheld.,,516,192,justintiensmith/VLA_Benchmark_Prompted_1200,516,False,justintiensmith/VLA_Benchmark_Prompted_1200,516,
517,Referential Disambiguation,Pick up the pen furthest from the airplane toy with propellers and place it in the bowl.,Explicit furthest grounding,furthest × pen candidate category,referential_pen_furthest_explicit,airplane×furthest; crushed-soda-can×closest; pencil-sharpener×between; pen fully crossed,Yes,Replace prompt only,"Prompt-only relabeling; preserve episode 517 video, scene, trajectory, target, and start position.","green pen, yellow pen, airplane toy with propellers",yellow pen,Home,Put the yellow pen in the bowl.,,Explicitly grounds furthest with pen candidates; only the selected category-specific missing cell is withheld.,,517,193,justintiensmith/VLA_Benchmark_Prompted_1200,517,False,justintiensmith/VLA_Benchmark_Prompted_1200,517,
518,Referential Disambiguation,Pick up the pen furthest from the airplane toy without propellers and place it in the bowl.,Explicit furthest grounding,furthest × pen candidate category,referential_pen_furthest_explicit,airplane×furthest; crushed-soda-can×closest; pencil-sharpener×between; pen fully crossed,Yes,Replace prompt only,"Prompt-only relabeling; preserve episode 518 video, scene, trajectory, target, and start position.","green pen, yellow pen, airplane toy without propellers, crushed Coke can",green pen,Recovery,Pick up the green pen and place it in the bowl.,,Explicitly grounds furthest with pen candidates; only the selected category-specific missing cell is withheld.,,518,194,justintiensmith/VLA_Benchmark_Prompted_1200,518,False,justintiensmith/VLA_Benchmark_Prompted_1200,518,
519,Referential Disambiguation,Pick up the pen furthest from the green pencil sharpener and place it in the bowl.,Explicit furthest grounding,furthest × pen candidate category,referential_pen_furthest_explicit,airplane×furthest; crushed-soda-can×closest; pencil-sharpener×between; pen fully crossed,Yes,Replace prompt only,"Prompt-only relabeling; preserve episode 519 video, scene, trajectory, target, and start position.","green pen, yellow pen, green pencil sharpener",yellow pen,Home,Put the yellow pen in the bowl.,,Explicitly grounds furthest with pen candidates; only the selected category-specific missing cell is withheld.,,519,195,justintiensmith/VLA_Benchmark_Prompted_1200,519,False,justintiensmith/VLA_Benchmark_Prompted_1200,519,
520,Referential Disambiguation,Pick up the pen furthest from the red pencil sharpener and place it in the bowl.,Explicit furthest grounding,furthest × pen candidate category,referential_pen_furthest_explicit,airplane×furthest; crushed-soda-can×closest; pencil-sharpener×between; pen fully crossed,Yes,Replace prompt only,"Prompt-only relabeling; preserve episode 520 video, scene, trajectory, target, and start position.","green pen, yellow pen, red pencil sharpener, green pencil sharpener",green pen,Home,Put the green pen in the bowl.,,Explicitly grounds furthest with pen candidates; only the selected category-specific missing cell is withheld.,,520,196,justintiensmith/VLA_Benchmark_Prompted_1200,520,False,justintiensmith/VLA_Benchmark_Prompted_1200,520,
521,Referential Disambiguation,Pick up the pen furthest from the crushed Coke can and place it in the bowl.,Explicit furthest grounding,furthest × pen candidate category,referential_pen_furthest_explicit,airplane×furthest; crushed-soda-can×closest; pencil-sharpener×between; pen fully crossed,Yes,Replace prompt only,"Prompt-only relabeling; preserve episode 521 video, scene, trajectory, target, and start position.","green pen, yellow pen, crushed Coke can",yellow pen,Home,Put the yellow pen in the bowl.,,Explicitly grounds furthest with pen candidates; only the selected category-specific missing cell is withheld.,,521,191,justintiensmith/VLA_Benchmark_Prompted_1200,521,False,justintiensmith/VLA_Benchmark_Prompted_1200,521,
522,Referential Disambiguation,Pick up the pen furthest from the crushed Pepsi can and place it in the bowl.,Explicit furthest grounding,furthest × pen candidate category,referential_pen_furthest_explicit,airplane×furthest; crushed-soda-can×closest; pencil-sharpener×between; pen fully crossed,Yes,Replace prompt only,"Prompt-only relabeling; preserve episode 522 video, scene, trajectory, target, and start position.","green pen, yellow pen, crushed Pepsi can, airplane toy with propellers",green pen,Home,Move the green pen into the bowl.,,Explicitly grounds furthest with pen candidates; only the selected category-specific missing cell is withheld.,,522,192,justintiensmith/VLA_Benchmark_Prompted_1200,522,False,justintiensmith/VLA_Benchmark_Prompted_1200,522,
523,Referential Disambiguation,Pick up the pen furthest from the airplane toy with propellers and place it in the bowl.,Explicit furthest grounding,furthest × pen candidate category,referential_pen_furthest_explicit,airplane×furthest; crushed-soda-can×closest; pencil-sharpener×between; pen fully crossed,Yes,Replace prompt only,"Prompt-only relabeling; preserve episode 523 video, scene, trajectory, target, and start position.","green pen, yellow pen, airplane toy with propellers",yellow pen,Recovery,Pick up the yellow pen and place it in the bowl.,,Explicitly grounds furthest with pen candidates; only the selected category-specific missing cell is withheld.,,523,193,justintiensmith/VLA_Benchmark_Prompted_1200,523,False,justintiensmith/VLA_Benchmark_Prompted_1200,523,
524,Referential Disambiguation,Pick up the pen furthest from the airplane toy without propellers and place it in the bowl.,Explicit furthest grounding,furthest × pen candidate category,referential_pen_furthest_explicit,airplane×furthest; crushed-soda-can×closest; pencil-sharpener×between; pen fully crossed,Yes,Replace prompt only,"Prompt-only relabeling; preserve episode 524 video, scene, trajectory, target, and start position.","green pen, yellow pen, airplane toy without propellers, green pencil sharpener",green pen,Home,Pick up the green pen and place it in the bowl.,,Explicitly grounds furthest with pen candidates; only the selected category-specific missing cell is withheld.,,524,194,justintiensmith/VLA_Benchmark_Prompted_1200,524,False,justintiensmith/VLA_Benchmark_Prompted_1200,524,
525,Referential Disambiguation,Pick up the pen furthest from the green pencil sharpener and place it in the bowl.,Explicit furthest grounding,furthest × pen candidate category,referential_pen_furthest_explicit,airplane×furthest; crushed-soda-can×closest; pencil-sharpener×between; pen fully crossed,Yes,Replace prompt only,"Prompt-only relabeling; preserve episode 525 video, scene, trajectory, target, and start position.","green pen, yellow pen, green pencil sharpener",yellow pen,Home,Pick up the yellow pen and place it in the bowl.,,Explicitly grounds furthest with pen candidates; only the selected category-specific missing cell is withheld.,,525,195,justintiensmith/VLA_Benchmark_Prompted_1200,525,False,justintiensmith/VLA_Benchmark_Prompted_1200,525,
526,Referential Disambiguation,Pick up the pen furthest from the red pencil sharpener and place it in the bowl.,Explicit furthest grounding,furthest × pen candidate category,referential_pen_furthest_explicit,airplane×furthest; crushed-soda-can×closest; pencil-sharpener×between; pen fully crossed,Yes,Replace prompt only,"Prompt-only relabeling; preserve episode 526 video, scene, trajectory, target, and start position.","green pen, yellow pen, red pencil sharpener, airplane toy with propellers",green pen,Home,Put the green pen in the bowl.,,Explicitly grounds furthest with pen candidates; only the selected category-specific missing cell is withheld.,,526,196,justintiensmith/VLA_Benchmark_Prompted_1200,526,False,justintiensmith/VLA_Benchmark_Prompted_1200,526,
527,Referential Disambiguation,Pick up the pen furthest from the crushed Coke can and place it in the bowl.,Explicit furthest grounding,furthest × pen candidate category,referential_pen_furthest_explicit,airplane×furthest; crushed-soda-can×closest; pencil-sharpener×between; pen fully crossed,Yes,Replace prompt only,"Prompt-only relabeling; preserve episode 527 video, scene, trajectory, target, and start position.","green pen, yellow pen, crushed Coke can",yellow pen,Home,Move the yellow pen into the bowl.,,Explicitly grounds furthest with pen candidates; only the selected category-specific missing cell is withheld.,,527,191,justintiensmith/VLA_Benchmark_Prompted_1200,527,False,justintiensmith/VLA_Benchmark_Prompted_1200,527,
528,Referential Disambiguation,Pick up the pen furthest from the crushed Pepsi can and place it in the bowl.,Explicit furthest grounding,furthest × pen candidate category,referential_pen_furthest_explicit,airplane×furthest; crushed-soda-can×closest; pencil-sharpener×between; pen fully crossed,Yes,Replace prompt only,"Prompt-only relabeling; preserve episode 528 video, scene, trajectory, target, and start position.","green pen, yellow pen, crushed Pepsi can, crushed Coke can",green pen,Recovery,Move the green pen into the bowl.,,Explicitly grounds furthest with pen candidates; only the selected category-specific missing cell is withheld.,,528,192,justintiensmith/VLA_Benchmark_Prompted_1200,528,False,justintiensmith/VLA_Benchmark_Prompted_1200,528,
529,Referential Disambiguation,Pick up the pen furthest from the airplane toy with propellers and place it in the bowl.,Explicit furthest grounding,furthest × pen candidate category,referential_pen_furthest_explicit,airplane×furthest; crushed-soda-can×closest; pencil-sharpener×between; pen fully crossed,Yes,Replace prompt only,"Prompt-only relabeling; preserve episode 529 video, scene, trajectory, target, and start position.","green pen, yellow pen, airplane toy with propellers",yellow pen,Home,Pick up the yellow pen and place it in the bowl.,,Explicitly grounds furthest with pen candidates; only the selected category-specific missing cell is withheld.,,529,193,justintiensmith/VLA_Benchmark_Prompted_1200,529,False,justintiensmith/VLA_Benchmark_Prompted_1200,529,
530,Referential Disambiguation,"Pick up the pen positioned between the airplane toy without propellers and the green pencil sharpener, then place it in the bowl.",Explicit between grounding,between × pen candidate category,referential_pen_between_explicit,airplane×furthest; crushed-soda-can×closest; pencil-sharpener×between; pen fully crossed,No,Keep prompt,No prompt change required under the missing-cell design.,"green pen, yellow pen, airplane toy without propellers, green pencil sharpener",green pen,Home,"Pick up the pen positioned between the airplane toy without propellers and the green pencil sharpener, then place it in the bowl.",,Explicitly grounds between with pen candidates; only the selected category-specific missing cell is withheld.,,530,197,justintiensmith/VLA_Benchmark_Prompted_1200,530,False,justintiensmith/VLA_Benchmark_Prompted_1200,530,
531,Referential Disambiguation,Move the pen lying between the crushed Pepsi can and the airplane toy with propellers into the bowl.,Explicit between grounding,between × pen candidate category,referential_pen_between_explicit,airplane×furthest; crushed-soda-can×closest; pencil-sharpener×between; pen fully crossed,No,Keep prompt,No prompt change required under the missing-cell design.,"green pen, yellow pen, crushed Pepsi can, airplane toy with propellers",green pen,Home,Move the pen lying between the crushed Pepsi can and the airplane toy with propellers into the bowl.,,Explicitly grounds between with pen candidates; only the selected category-specific missing cell is withheld.,,531,198,justintiensmith/VLA_Benchmark_Prompted_1200,531,False,justintiensmith/VLA_Benchmark_Prompted_1200,531,
532,Referential Disambiguation,Put the pen between the green pencil sharpener and the crushed Coke can in the bowl.,Explicit between grounding,between × pen candidate category,referential_pen_between_explicit,airplane×furthest; crushed-soda-can×closest; pencil-sharpener×between; pen fully crossed,No,Keep prompt,No prompt change required under the missing-cell design.,"green pen, yellow pen, green pencil sharpener, crushed Coke can, airplane toy with propellers",yellow pen,Home,Put the pen between the green pencil sharpener and the crushed Coke can in the bowl.,,Explicitly grounds between with pen candidates; only the selected category-specific missing cell is withheld.,,532,199,justintiensmith/VLA_Benchmark_Prompted_1200,532,False,justintiensmith/VLA_Benchmark_Prompted_1200,532,
533,Referential Disambiguation,"Pick up the pen positioned between the airplane toy with propellers and the green pencil sharpener, then place it in the bowl.",Explicit between grounding,between × pen candidate category,referential_pen_between_explicit,airplane×furthest; crushed-soda-can×closest; pencil-sharpener×between; pen fully crossed,No,Keep prompt,No prompt change required under the missing-cell design.,"green pen, yellow pen, airplane toy with propellers, green pencil sharpener, red pencil sharpener",yellow pen,Recovery,"Pick up the pen positioned between the airplane toy with propellers and the green pencil sharpener, then place it in the bowl.",,Explicitly grounds between with pen candidates; only the selected category-specific missing cell is withheld.,,533,200,justintiensmith/VLA_Benchmark_Prompted_1200,533,False,justintiensmith/VLA_Benchmark_Prompted_1200,533,
534,Referential Disambiguation,"Pick up the pen positioned between the airplane toy with propellers and the crushed Coke can, then place it in the bowl.",Explicit between grounding,between × pen candidate category,referential_pen_between_explicit,airplane×furthest; crushed-soda-can×closest; pencil-sharpener×between; pen fully crossed,No,Keep prompt,No prompt change required under the missing-cell design.,"green pen, yellow pen, airplane toy with propellers, crushed Coke can",green pen,Home,"Pick up the pen positioned between the airplane toy with propellers and the crushed Coke can, then place it in the bowl.",,Explicitly grounds between with pen candidates; only the selected category-specific missing cell is withheld.,,534,201,justintiensmith/VLA_Benchmark_Prompted_1200,534,False,justintiensmith/VLA_Benchmark_Prompted_1200,534,
535,Referential Disambiguation,Put the pen between the green pencil sharpener and the crushed Pepsi can in the bowl.,Explicit between grounding,between × pen candidate category,referential_pen_between_explicit,airplane×furthest; crushed-soda-can×closest; pencil-sharpener×between; pen fully crossed,No,Keep prompt,No prompt change required under the missing-cell design.,"green pen, yellow pen, green pencil sharpener, crushed Pepsi can, airplane toy without propellers",yellow pen,Recovery,Put the pen between the green pencil sharpener and the crushed Pepsi can in the bowl.,,Explicitly grounds between with pen candidates; only the selected category-specific missing cell is withheld.,,535,202,justintiensmith/VLA_Benchmark_Prompted_1200,535,False,justintiensmith/VLA_Benchmark_Prompted_1200,535,
536,Referential Disambiguation,Move the pen lying between the red pencil sharpener and the airplane toy with propellers into the bowl.,Explicit between grounding,between × pen candidate category,referential_pen_between_explicit,airplane×furthest; crushed-soda-can×closest; pencil-sharpener×between; pen fully crossed,No,Keep prompt,No prompt change required under the missing-cell design.,"green pen, yellow pen, red pencil sharpener, airplane toy with propellers, green pencil sharpener",green pen,Home,Move the pen lying between the red pencil sharpener and the airplane toy with propellers into the bowl.,,Explicitly grounds between with pen candidates; only the selected category-specific missing cell is withheld.,,536,203,justintiensmith/VLA_Benchmark_Prompted_1200,536,False,justintiensmith/VLA_Benchmark_Prompted_1200,536,
537,Referential Disambiguation,Put the pen between the airplane toy without propellers and the crushed Pepsi can in the bowl.,Explicit between grounding,between × pen candidate category,referential_pen_between_explicit,airplane×furthest; crushed-soda-can×closest; pencil-sharpener×between; pen fully crossed,No,Keep prompt,No prompt change required under the missing-cell design.,"green pen, yellow pen, airplane toy without propellers, crushed Pepsi can",yellow pen,Home,Put the pen between the airplane toy without propellers and the crushed Pepsi can in the bowl.,,Explicitly grounds between with pen candidates; only the selected category-specific missing cell is withheld.,,537,204,justintiensmith/VLA_Benchmark_Prompted_1200,537,False,justintiensmith/VLA_Benchmark_Prompted_1200,537,
538,Referential Disambiguation,Move the pen lying between the crushed Coke can and the red pencil sharpener into the bowl.,Explicit between grounding,between × pen candidate category,referential_pen_between_explicit,airplane×furthest; crushed-soda-can×closest; pencil-sharpener×between; pen fully crossed,No,Keep prompt,No prompt change required under the missing-cell design.,"green pen, yellow pen, crushed Coke can, red pencil sharpener, crushed Pepsi can",green pen,Home,Move the pen lying between the crushed Coke can and the red pencil sharpener into the bowl.,,Explicitly grounds between with pen candidates; only the selected category-specific missing cell is withheld.,,538,205,justintiensmith/VLA_Benchmark_Prompted_1200,538,False,justintiensmith/VLA_Benchmark_Prompted_1200,538,
539,Referential Disambiguation,Move the pen lying between the red pencil sharpener and the airplane toy without propellers into the bowl.,Explicit between grounding,between × pen candidate category,referential_pen_between_explicit,airplane×furthest; crushed-soda-can×closest; pencil-sharpener×between; pen fully crossed,No,Keep prompt,No prompt change required under the missing-cell design.,"green pen, yellow pen, red pencil sharpener, airplane toy without propellers",yellow pen,Home,Move the pen lying between the red pencil sharpener and the airplane toy without propellers into the bowl.,,Explicitly grounds between with pen candidates; only the selected category-specific missing cell is withheld.,,539,206,justintiensmith/VLA_Benchmark_Prompted_1200,539,False,justintiensmith/VLA_Benchmark_Prompted_1200,539,
540,Referential Disambiguation,Move the pen lying between the green pencil sharpener and the crushed Coke can into the bowl.,Explicit between grounding,between × pen candidate category,referential_pen_between_explicit,airplane×furthest; crushed-soda-can×closest; pencil-sharpener×between; pen fully crossed,No,Keep prompt,No prompt change required under the missing-cell design.,"green pen, yellow pen, green pencil sharpener, crushed Coke can",yellow pen,Home,Move the pen lying between the green pencil sharpener and the crushed Coke can into the bowl.,,Explicitly grounds between with pen candidates; only the selected category-specific missing cell is withheld.,,540,207,justintiensmith/VLA_Benchmark_Prompted_1200,540,False,justintiensmith/VLA_Benchmark_Prompted_1200,540,
541,Referential Disambiguation,Put the pen between the airplane toy with propellers and the green pencil sharpener in the bowl.,Explicit between grounding,between × pen candidate category,referential_pen_between_explicit,airplane×furthest; crushed-soda-can×closest; pencil-sharpener×between; pen fully crossed,No,Keep prompt,No prompt change required under the missing-cell design.,"green pen, yellow pen, airplane toy with propellers, green pencil sharpener, crushed Coke can",green pen,Home,Put the pen between the airplane toy with propellers and the green pencil sharpener in the bowl.,,Explicitly grounds between with pen candidates; only the selected category-specific missing cell is withheld.,,541,208,justintiensmith/VLA_Benchmark_Prompted_1200,541,False,justintiensmith/VLA_Benchmark_Prompted_1200,541,
542,Referential Disambiguation,Move the pen lying between the airplane toy with propellers and the crushed Coke can into the bowl.,Explicit between grounding,between × pen candidate category,referential_pen_between_explicit,airplane×furthest; crushed-soda-can×closest; pencil-sharpener×between; pen fully crossed,No,Keep prompt,No prompt change required under the missing-cell design.,"green pen, yellow pen, airplane toy with propellers, crushed Coke can, red pencil sharpener",yellow pen,Home,Move the pen lying between the airplane toy with propellers and the crushed Coke can into the bowl.,,Explicitly grounds between with pen candidates; only the selected category-specific missing cell is withheld.,,542,209,justintiensmith/VLA_Benchmark_Prompted_1200,542,False,justintiensmith/VLA_Benchmark_Prompted_1200,542,
543,Referential Disambiguation,"Pick up the pen positioned between the green pencil sharpener and the crushed Pepsi can, then place it in the bowl.",Explicit between grounding,between × pen candidate category,referential_pen_between_explicit,airplane×furthest; crushed-soda-can×closest; pencil-sharpener×between; pen fully crossed,No,Keep prompt,No prompt change required under the missing-cell design.,"green pen, yellow pen, green pencil sharpener, crushed Pepsi can, airplane toy with propellers",green pen,Home,"Pick up the pen positioned between the green pencil sharpener and the crushed Pepsi can, then place it in the bowl.",,Explicitly grounds between with pen candidates; only the selected category-specific missing cell is withheld.,,543,210,justintiensmith/VLA_Benchmark_Prompted_1200,543,False,justintiensmith/VLA_Benchmark_Prompted_1200,543,
544,Referential Disambiguation,"Pick up the pen positioned between the red pencil sharpener and the airplane toy with propellers, then place it in the bowl.",Explicit between grounding,between × pen candidate category,referential_pen_between_explicit,airplane×furthest; crushed-soda-can×closest; pencil-sharpener×between; pen fully crossed,No,Keep prompt,No prompt change required under the missing-cell design.,"green pen, yellow pen, red pencil sharpener, airplane toy with propellers",green pen,Recovery,"Pick up the pen positioned between the red pencil sharpener and the airplane toy with propellers, then place it in the bowl.",,Explicitly grounds between with pen candidates; only the selected category-specific missing cell is withheld.,,544,211,justintiensmith/VLA_Benchmark_Prompted_1200,544,False,justintiensmith/VLA_Benchmark_Prompted_1200,544,
545,Referential Disambiguation,Move the pen lying between the airplane toy without propellers and the crushed Pepsi can into the bowl.,Explicit between grounding,between × pen candidate category,referential_pen_between_explicit,airplane×furthest; crushed-soda-can×closest; pencil-sharpener×between; pen fully crossed,No,Keep prompt,No prompt change required under the missing-cell design.,"green pen, yellow pen, airplane toy without propellers, crushed Pepsi can",yellow pen,Home,Move the pen lying between the airplane toy without propellers and the crushed Pepsi can into the bowl.,,Explicitly grounds between with pen candidates; only the selected category-specific missing cell is withheld.,,545,212,justintiensmith/VLA_Benchmark_Prompted_1200,545,False,justintiensmith/VLA_Benchmark_Prompted_1200,545,
546,Referential Disambiguation,Move the pen lying between the crushed Coke can and the red pencil sharpener into the bowl.,Explicit between grounding,between × pen candidate category,referential_pen_between_explicit,airplane×furthest; crushed-soda-can×closest; pencil-sharpener×between; pen fully crossed,No,Keep prompt,No prompt change required under the missing-cell design.,"green pen, yellow pen, crushed Coke can, red pencil sharpener",yellow pen,Home,Move the pen lying between the crushed Coke can and the red pencil sharpener into the bowl.,,Explicitly grounds between with pen candidates; only the selected category-specific missing cell is withheld.,,546,205,justintiensmith/VLA_Benchmark_Prompted_1200,546,False,justintiensmith/VLA_Benchmark_Prompted_1200,546,
547,Referential Disambiguation,"Pick up the pen positioned between the red pencil sharpener and the airplane toy without propellers, then place it in the bowl.",Explicit between grounding,between × pen candidate category,referential_pen_between_explicit,airplane×furthest; crushed-soda-can×closest; pencil-sharpener×between; pen fully crossed,No,Keep prompt,No prompt change required under the missing-cell design.,"green pen, yellow pen, red pencil sharpener, airplane toy without propellers, green pencil sharpener",yellow pen,Recovery,"Pick up the pen positioned between the red pencil sharpener and the airplane toy without propellers, then place it in the bowl.",,Explicitly grounds between with pen candidates; only the selected category-specific missing cell is withheld.,,547,213,justintiensmith/VLA_Benchmark_Prompted_1200,547,False,justintiensmith/VLA_Benchmark_Prompted_1200,547,
548,Referential Disambiguation,Put the pen between the crushed Coke can and the airplane toy without propellers in the bowl.,Explicit between grounding,between × pen candidate category,referential_pen_between_explicit,airplane×furthest; crushed-soda-can×closest; pencil-sharpener×between; pen fully crossed,No,Keep prompt,No prompt change required under the missing-cell design.,"green pen, yellow pen, crushed Coke can, airplane toy without propellers",green pen,Home,Put the pen between the crushed Coke can and the airplane toy without propellers in the bowl.,,Explicitly grounds between with pen candidates; only the selected category-specific missing cell is withheld.,,548,214,justintiensmith/VLA_Benchmark_Prompted_1200,548,False,justintiensmith/VLA_Benchmark_Prompted_1200,548,
549,Referential Disambiguation,Put the pen between the crushed Pepsi can and the red pencil sharpener in the bowl.,Explicit between grounding,between × pen candidate category,referential_pen_between_explicit,airplane×furthest; crushed-soda-can×closest; pencil-sharpener×between; pen fully crossed,No,Keep prompt,No prompt change required under the missing-cell design.,"green pen, yellow pen, crushed Pepsi can, red pencil sharpener, airplane toy without propellers",green pen,Home,Put the pen between the crushed Pepsi can and the red pencil sharpener in the bowl.,,Explicitly grounds between with pen candidates; only the selected category-specific missing cell is withheld.,,549,215,justintiensmith/VLA_Benchmark_Prompted_1200,549,False,justintiensmith/VLA_Benchmark_Prompted_1200,549,
550,Referential Disambiguation,Put the airplane toy closest to the green pen in the bowl.,Explicit closest grounding,closest × airplane toy candidate category,referential_airplane_toy_closest_explicit,airplane×furthest; crushed-soda-can×closest; pencil-sharpener×between; pen fully crossed,No,Keep prompt,No prompt change required under the missing-cell design.,"airplane toy with propellers, airplane toy without propellers, green pen",airplane toy with propellers,Home,Put the airplane toy closest to the green pen in the bowl.,,Explicitly grounds closest with airplane toy candidates; only the selected category-specific missing cell is withheld.,,550,216,justintiensmith/VLA_Benchmark_Prompted_1200,550,False,justintiensmith/VLA_Benchmark_Prompted_1200,550,
551,Referential Disambiguation,Pick up the airplane toy nearest to the yellow pen and place it in the bowl.,Explicit closest grounding,closest × airplane toy candidate category,referential_airplane_toy_closest_explicit,airplane×furthest; crushed-soda-can×closest; pencil-sharpener×between; pen fully crossed,No,Keep prompt,No prompt change required under the missing-cell design.,"airplane toy with propellers, airplane toy without propellers, yellow pen, green pencil sharpener",airplane toy without propellers,Home,Pick up the airplane toy nearest to the yellow pen and place it in the bowl.,,Explicitly grounds closest with airplane toy candidates; only the selected category-specific missing cell is withheld.,,551,217,justintiensmith/VLA_Benchmark_Prompted_1200,551,False,justintiensmith/VLA_Benchmark_Prompted_1200,551,
552,Referential Disambiguation,Put the airplane toy closest to the green pencil sharpener in the bowl.,Explicit closest grounding,closest × airplane toy candidate category,referential_airplane_toy_closest_explicit,airplane×furthest; crushed-soda-can×closest; pencil-sharpener×between; pen fully crossed,No,Keep prompt,No prompt change required under the missing-cell design.,"airplane toy with propellers, airplane toy without propellers, green pencil sharpener",airplane toy with propellers,Home,Put the airplane toy closest to the green pencil sharpener in the bowl.,,Explicitly grounds closest with airplane toy candidates; only the selected category-specific missing cell is withheld.,,552,218,justintiensmith/VLA_Benchmark_Prompted_1200,552,False,justintiensmith/VLA_Benchmark_Prompted_1200,552,
553,Referential Disambiguation,Put the airplane toy closest to the red pencil sharpener in the bowl.,Explicit closest grounding,closest × airplane toy candidate category,referential_airplane_toy_closest_explicit,airplane×furthest; crushed-soda-can×closest; pencil-sharpener×between; pen fully crossed,No,Keep prompt,No prompt change required under the missing-cell design.,"airplane toy with propellers, airplane toy without propellers, red pencil sharpener, crushed Coke can",airplane toy without propellers,Home,Put the airplane toy closest to the red pencil sharpener in the bowl.,,Explicitly grounds closest with airplane toy candidates; only the selected category-specific missing cell is withheld.,,553,219,justintiensmith/VLA_Benchmark_Prompted_1200,553,False,justintiensmith/VLA_Benchmark_Prompted_1200,553,
554,Referential Disambiguation,Move the airplane toy that is closest to the crushed Coke can into the bowl.,Explicit closest grounding,closest × airplane toy candidate category,referential_airplane_toy_closest_explicit,airplane×furthest; crushed-soda-can×closest; pencil-sharpener×between; pen fully crossed,No,Keep prompt,No prompt change required under the missing-cell design.,"airplane toy with propellers, airplane toy without propellers, crushed Coke can",airplane toy with propellers,Recovery,Move the airplane toy that is closest to the crushed Coke can into the bowl.,,Explicitly grounds closest with airplane toy candidates; only the selected category-specific missing cell is withheld.,,554,220,justintiensmith/VLA_Benchmark_Prompted_1200,554,False,justintiensmith/VLA_Benchmark_Prompted_1200,554,
555,Referential Disambiguation,Move the airplane toy that is closest to the crushed Pepsi can into the bowl.,Explicit closest grounding,closest × airplane toy candidate category,referential_airplane_toy_closest_explicit,airplane×furthest; crushed-soda-can×closest; pencil-sharpener×between; pen fully crossed,No,Keep prompt,No prompt change required under the missing-cell design.,"airplane toy with propellers, airplane toy without propellers, crushed Pepsi can, green pen",airplane toy without propellers,Home,Move the airplane toy that is closest to the crushed Pepsi can into the bowl.,,Explicitly grounds closest with airplane toy candidates; only the selected category-specific missing cell is withheld.,,555,221,justintiensmith/VLA_Benchmark_Prompted_1200,555,False,justintiensmith/VLA_Benchmark_Prompted_1200,555,
556,Referential Disambiguation,Move the airplane toy that is closest to the green pen into the bowl.,Explicit closest grounding,closest × airplane toy candidate category,referential_airplane_toy_closest_explicit,airplane×furthest; crushed-soda-can×closest; pencil-sharpener×between; pen fully crossed,No,Keep prompt,No prompt change required under the missing-cell design.,"airplane toy with propellers, airplane toy without propellers, green pen",airplane toy with propellers,Home,Move the airplane toy that is closest to the green pen into the bowl.,,Explicitly grounds closest with airplane toy candidates; only the selected category-specific missing cell is withheld.,,556,222,justintiensmith/VLA_Benchmark_Prompted_1200,556,False,justintiensmith/VLA_Benchmark_Prompted_1200,556,
557,Referential Disambiguation,Pick up the airplane toy nearest to the yellow pen and place it in the bowl.,Explicit closest grounding,closest × airplane toy candidate category,referential_airplane_toy_closest_explicit,airplane×furthest; crushed-soda-can×closest; pencil-sharpener×between; pen fully crossed,No,Keep prompt,No prompt change required under the missing-cell design.,"airplane toy with propellers, airplane toy without propellers, yellow pen, green pen",airplane toy without propellers,Home,Pick up the airplane toy nearest to the yellow pen and place it in the bowl.,,Explicitly grounds closest with airplane toy candidates; only the selected category-specific missing cell is withheld.,,557,217,justintiensmith/VLA_Benchmark_Prompted_1200,557,False,justintiensmith/VLA_Benchmark_Prompted_1200,557,
558,Referential Disambiguation,Move the airplane toy that is closest to the green pencil sharpener into the bowl.,Explicit closest grounding,closest × airplane toy candidate category,referential_airplane_toy_closest_explicit,airplane×furthest; crushed-soda-can×closest; pencil-sharpener×between; pen fully crossed,No,Keep prompt,No prompt change required under the missing-cell design.,"airplane toy with propellers, airplane toy without propellers, green pencil sharpener",airplane toy with propellers,Home,Move the airplane toy that is closest to the green pencil sharpener into the bowl.,,Explicitly grounds closest with airplane toy candidates; only the selected category-specific missing cell is withheld.,,558,223,justintiensmith/VLA_Benchmark_Prompted_1200,558,False,justintiensmith/VLA_Benchmark_Prompted_1200,558,
559,Referential Disambiguation,Put the airplane toy closest to the red pencil sharpener in the bowl.,Explicit closest grounding,closest × airplane toy candidate category,referential_airplane_toy_closest_explicit,airplane×furthest; crushed-soda-can×closest; pencil-sharpener×between; pen fully crossed,No,Keep prompt,No prompt change required under the missing-cell design.,"airplane toy with propellers, airplane toy without propellers, red pencil sharpener, green pen",airplane toy without propellers,Recovery,Put the airplane toy closest to the red pencil sharpener in the bowl.,,Explicitly grounds closest with airplane toy candidates; only the selected category-specific missing cell is withheld.,,559,219,justintiensmith/VLA_Benchmark_Prompted_1200,559,False,justintiensmith/VLA_Benchmark_Prompted_1200,559,
560,Referential Disambiguation,Move the airplane toy that is closest to the crushed Coke can into the bowl.,Explicit closest grounding,closest × airplane toy candidate category,referential_airplane_toy_closest_explicit,airplane×furthest; crushed-soda-can×closest; pencil-sharpener×between; pen fully crossed,No,Keep prompt,No prompt change required under the missing-cell design.,"airplane toy with propellers, airplane toy without propellers, crushed Coke can",airplane toy with propellers,Home,Move the airplane toy that is closest to the crushed Coke can into the bowl.,,Explicitly grounds closest with airplane toy candidates; only the selected category-specific missing cell is withheld.,,560,220,justintiensmith/VLA_Benchmark_Prompted_1200,560,False,justintiensmith/VLA_Benchmark_Prompted_1200,560,
561,Referential Disambiguation,Pick up the airplane toy nearest to the crushed Pepsi can and place it in the bowl.,Explicit closest grounding,closest × airplane toy candidate category,referential_airplane_toy_closest_explicit,airplane×furthest; crushed-soda-can×closest; pencil-sharpener×between; pen fully crossed,No,Keep prompt,No prompt change required under the missing-cell design.,"airplane toy with propellers, airplane toy without propellers, crushed Pepsi can, green pencil sharpener",airplane toy without propellers,Home,Pick up the airplane toy nearest to the crushed Pepsi can and place it in the bowl.,,Explicitly grounds closest with airplane toy candidates; only the selected category-specific missing cell is withheld.,,561,224,justintiensmith/VLA_Benchmark_Prompted_1200,561,False,justintiensmith/VLA_Benchmark_Prompted_1200,561,
562,Referential Disambiguation,Move the airplane toy that is closest to the green pen into the bowl.,Explicit closest grounding,closest × airplane toy candidate category,referential_airplane_toy_closest_explicit,airplane×furthest; crushed-soda-can×closest; pencil-sharpener×between; pen fully crossed,No,Keep prompt,No prompt change required under the missing-cell design.,"airplane toy with propellers, airplane toy without propellers, green pen",airplane toy with propellers,Home,Move the airplane toy that is closest to the green pen into the bowl.,,Explicitly grounds closest with airplane toy candidates; only the selected category-specific missing cell is withheld.,,562,222,justintiensmith/VLA_Benchmark_Prompted_1200,562,False,justintiensmith/VLA_Benchmark_Prompted_1200,562,
563,Referential Disambiguation,Move the airplane toy that is closest to the yellow pen into the bowl.,Explicit closest grounding,closest × airplane toy candidate category,referential_airplane_toy_closest_explicit,airplane×furthest; crushed-soda-can×closest; pencil-sharpener×between; pen fully crossed,No,Keep prompt,No prompt change required under the missing-cell design.,"airplane toy with propellers, airplane toy without propellers, yellow pen, green pencil sharpener",airplane toy without propellers,Home,Move the airplane toy that is closest to the yellow pen into the bowl.,,Explicitly grounds closest with airplane toy candidates; only the selected category-specific missing cell is withheld.,,563,225,justintiensmith/VLA_Benchmark_Prompted_1200,563,False,justintiensmith/VLA_Benchmark_Prompted_1200,563,
564,Referential Disambiguation,Put the airplane toy closest to the green pencil sharpener in the bowl.,Explicit closest grounding,closest × airplane toy candidate category,referential_airplane_toy_closest_explicit,airplane×furthest; crushed-soda-can×closest; pencil-sharpener×between; pen fully crossed,No,Keep prompt,No prompt change required under the missing-cell design.,"airplane toy with propellers, airplane toy without propellers, green pencil sharpener, red pencil sharpener",airplane toy with propellers,Recovery,Put the airplane toy closest to the green pencil sharpener in the bowl.,,Explicitly grounds closest with airplane toy candidates; only the selected category-specific missing cell is withheld.,,564,218,justintiensmith/VLA_Benchmark_Prompted_1200,564,False,justintiensmith/VLA_Benchmark_Prompted_1200,564,
565,Referential Disambiguation,Pick up the airplane toy without propellers and place it in the bowl.,Masked relation × candidate-category composition,direct identity=airplane toy without propellers; hidden relation=furthest; candidate category=airplane toy,referential_airplane_toy_furthest_masked,airplane×furthest; crushed-soda-can×closest; pencil-sharpener×between; pen fully crossed,No,Keep prompt,No prompt change required under the missing-cell design.,"airplane toy with propellers, airplane toy without propellers, green pencil sharpener",airplane toy without propellers,Home,Pick up the airplane toy without propellers and place it in the bowl.,Pick up the airplane toy furthest from the green pencil sharpener and place it in the bowl.,"The airplane toy is still named and manipulated directly, but furthest is never used to select this candidate category during training.",,565,226,justintiensmith/VLA_Benchmark_Prompted_1200,565,False,justintiensmith/VLA_Benchmark_Prompted_1200,565,
566,Referential Disambiguation,Put the airplane toy with propellers in the bowl.,Masked relation × candidate-category composition,direct identity=airplane toy with propellers; hidden relation=furthest; candidate category=airplane toy,referential_airplane_toy_furthest_masked,airplane×furthest; crushed-soda-can×closest; pencil-sharpener×between; pen fully crossed,No,Keep prompt,No prompt change required under the missing-cell design.,"airplane toy with propellers, airplane toy without propellers, red pencil sharpener, yellow pen",airplane toy with propellers,Home,Put the airplane toy with propellers in the bowl.,Pick up the airplane toy furthest from the red pencil sharpener and place it in the bowl.,"The airplane toy is still named and manipulated directly, but furthest is never used to select this candidate category during training.",,566,227,justintiensmith/VLA_Benchmark_Prompted_1200,566,False,justintiensmith/VLA_Benchmark_Prompted_1200,566,
567,Referential Disambiguation,Put the airplane toy without propellers in the bowl.,Masked relation × candidate-category composition,direct identity=airplane toy without propellers; hidden relation=furthest; candidate category=airplane toy,referential_airplane_toy_furthest_masked,airplane×furthest; crushed-soda-can×closest; pencil-sharpener×between; pen fully crossed,No,Keep prompt,No prompt change required under the missing-cell design.,"airplane toy with propellers, airplane toy without propellers, crushed Coke can",airplane toy without propellers,Home,Put the airplane toy without propellers in the bowl.,Pick up the airplane toy furthest from the crushed Coke can and place it in the bowl.,"The airplane toy is still named and manipulated directly, but furthest is never used to select this candidate category during training.",,567,228,justintiensmith/VLA_Benchmark_Prompted_1200,567,False,justintiensmith/VLA_Benchmark_Prompted_1200,567,
568,Referential Disambiguation,Move the airplane toy with propellers into the bowl.,Masked relation × candidate-category composition,direct identity=airplane toy with propellers; hidden relation=furthest; candidate category=airplane toy,referential_airplane_toy_furthest_masked,airplane×furthest; crushed-soda-can×closest; pencil-sharpener×between; pen fully crossed,No,Keep prompt,No prompt change required under the missing-cell design.,"airplane toy with propellers, airplane toy without propellers, crushed Pepsi can, red pencil sharpener",airplane toy with propellers,Recovery,Move the airplane toy with propellers into the bowl.,Pick up the airplane toy furthest from the crushed Pepsi can and place it in the bowl.,"The airplane toy is still named and manipulated directly, but furthest is never used to select this candidate category during training.",,568,229,justintiensmith/VLA_Benchmark_Prompted_1200,568,False,justintiensmith/VLA_Benchmark_Prompted_1200,568,
569,Referential Disambiguation,Put the airplane toy without propellers in the bowl.,Masked relation × candidate-category composition,direct identity=airplane toy without propellers; hidden relation=furthest; candidate category=airplane toy,referential_airplane_toy_furthest_masked,airplane×furthest; crushed-soda-can×closest; pencil-sharpener×between; pen fully crossed,No,Keep prompt,No prompt change required under the missing-cell design.,"airplane toy with propellers, airplane toy without propellers, green pen",airplane toy without propellers,Home,Put the airplane toy without propellers in the bowl.,Pick up the airplane toy furthest from the green pen and place it in the bowl.,"The airplane toy is still named and manipulated directly, but furthest is never used to select this candidate category during training.",,569,228,justintiensmith/VLA_Benchmark_Prompted_1200,569,False,justintiensmith/VLA_Benchmark_Prompted_1200,569,
570,Referential Disambiguation,Put the airplane toy with propellers in the bowl.,Masked relation × candidate-category composition,direct identity=airplane toy with propellers; hidden relation=furthest; candidate category=airplane toy,referential_airplane_toy_furthest_masked,airplane×furthest; crushed-soda-can×closest; pencil-sharpener×between; pen fully crossed,No,Keep prompt,No prompt change required under the missing-cell design.,"airplane toy with propellers, airplane toy without propellers, yellow pen, green pen",airplane toy with propellers,Home,Put the airplane toy with propellers in the bowl.,Pick up the airplane toy furthest from the yellow pen and place it in the bowl.,"The airplane toy is still named and manipulated directly, but furthest is never used to select this candidate category during training.",,570,227,justintiensmith/VLA_Benchmark_Prompted_1200,570,False,justintiensmith/VLA_Benchmark_Prompted_1200,570,
571,Referential Disambiguation,Move the airplane toy without propellers into the bowl.,Masked relation × candidate-category composition,direct identity=airplane toy without propellers; hidden relation=furthest; candidate category=airplane toy,referential_airplane_toy_furthest_masked,airplane×furthest; crushed-soda-can×closest; pencil-sharpener×between; pen fully crossed,No,Keep prompt,No prompt change required under the missing-cell design.,"airplane toy with propellers, airplane toy without propellers, green pencil sharpener",airplane toy without propellers,Home,Move the airplane toy without propellers into the bowl.,Pick up the airplane toy furthest from the green pencil sharpener and place it in the bowl.,"The airplane toy is still named and manipulated directly, but furthest is never used to select this candidate category during training.",,571,230,justintiensmith/VLA_Benchmark_Prompted_1200,571,False,justintiensmith/VLA_Benchmark_Prompted_1200,571,
572,Referential Disambiguation,Move the airplane toy with propellers into the bowl.,Masked relation × candidate-category composition,direct identity=airplane toy with propellers; hidden relation=furthest; candidate category=airplane toy,referential_airplane_toy_furthest_masked,airplane×furthest; crushed-soda-can×closest; pencil-sharpener×between; pen fully crossed,No,Keep prompt,No prompt change required under the missing-cell design.,"airplane toy with propellers, airplane toy without propellers, red pencil sharpener, crushed Pepsi can",airplane toy with propellers,Home,Move the airplane toy with propellers into the bowl.,Pick up the airplane toy furthest from the red pencil sharpener and place it in the bowl.,"The airplane toy is still named and manipulated directly, but furthest is never used to select this candidate category during training.",,572,229,justintiensmith/VLA_Benchmark_Prompted_1200,572,False,justintiensmith/VLA_Benchmark_Prompted_1200,572,
573,Referential Disambiguation,Put the airplane toy without propellers in the bowl.,Masked relation × candidate-category composition,direct identity=airplane toy without propellers; hidden relation=furthest; candidate category=airplane toy,referential_airplane_toy_furthest_masked,airplane×furthest; crushed-soda-can×closest; pencil-sharpener×between; pen fully crossed,No,Keep prompt,No prompt change required under the missing-cell design.,"airplane toy with propellers, airplane toy without propellers, crushed Coke can",airplane toy without propellers,Recovery,Put the airplane toy without propellers in the bowl.,Pick up the airplane toy furthest from the crushed Coke can and place it in the bowl.,"The airplane toy is still named and manipulated directly, but furthest is never used to select this candidate category during training.",,573,228,justintiensmith/VLA_Benchmark_Prompted_1200,573,False,justintiensmith/VLA_Benchmark_Prompted_1200,573,
574,Referential Disambiguation,Put the airplane toy with propellers in the bowl.,Masked relation × candidate-category composition,direct identity=airplane toy with propellers; hidden relation=furthest; candidate category=airplane toy,referential_airplane_toy_furthest_masked,airplane×furthest; crushed-soda-can×closest; pencil-sharpener×between; pen fully crossed,No,Keep prompt,No prompt change required under the missing-cell design.,"airplane toy with propellers, airplane toy without propellers, crushed Pepsi can, yellow pen",airplane toy with propellers,Home,Put the airplane toy with propellers in the bowl.,Pick up the airplane toy furthest from the crushed Pepsi can and place it in the bowl.,"The airplane toy is still named and manipulated directly, but furthest is never used to select this candidate category during training.",,574,227,justintiensmith/VLA_Benchmark_Prompted_1200,574,False,justintiensmith/VLA_Benchmark_Prompted_1200,574,
575,Referential Disambiguation,Pick up the airplane toy without propellers and place it in the bowl.,Masked relation × candidate-category composition,direct identity=airplane toy without propellers; hidden relation=furthest; candidate category=airplane toy,referential_airplane_toy_furthest_masked,airplane×furthest; crushed-soda-can×closest; pencil-sharpener×between; pen fully crossed,No,Keep prompt,No prompt change required under the missing-cell design.,"airplane toy with propellers, airplane toy without propellers, green pen",airplane toy without propellers,Home,Pick up the airplane toy without propellers and place it in the bowl.,Pick up the airplane toy furthest from the green pen and place it in the bowl.,"The airplane toy is still named and manipulated directly, but furthest is never used to select this candidate category during training.",,575,226,justintiensmith/VLA_Benchmark_Prompted_1200,575,False,justintiensmith/VLA_Benchmark_Prompted_1200,575,
576,Referential Disambiguation,Pick up the airplane toy with propellers and place it in the bowl.,Masked relation × candidate-category composition,direct identity=airplane toy with propellers; hidden relation=furthest; candidate category=airplane toy,referential_airplane_toy_furthest_masked,airplane×furthest; crushed-soda-can×closest; pencil-sharpener×between; pen fully crossed,No,Keep prompt,No prompt change required under the missing-cell design.,"airplane toy with propellers, airplane toy without propellers, yellow pen, crushed Pepsi can",airplane toy with propellers,Home,Pick up the airplane toy with propellers and place it in the bowl.,Pick up the airplane toy furthest from the yellow pen and place it in the bowl.,"The airplane toy is still named and manipulated directly, but furthest is never used to select this candidate category during training.",,576,231,justintiensmith/VLA_Benchmark_Prompted_1200,576,False,justintiensmith/VLA_Benchmark_Prompted_1200,576,
577,Referential Disambiguation,Move the airplane toy without propellers into the bowl.,Masked relation × candidate-category composition,direct identity=airplane toy without propellers; hidden relation=furthest; candidate category=airplane toy,referential_airplane_toy_furthest_masked,airplane×furthest; crushed-soda-can×closest; pencil-sharpener×between; pen fully crossed,No,Keep prompt,No prompt change required under the missing-cell design.,"airplane toy with propellers, airplane toy without propellers, green pencil sharpener",airplane toy without propellers,Home,Move the airplane toy without propellers into the bowl.,Pick up the airplane toy furthest from the green pencil sharpener and place it in the bowl.,"The airplane toy is still named and manipulated directly, but furthest is never used to select this candidate category during training.",,577,230,justintiensmith/VLA_Benchmark_Prompted_1200,577,False,justintiensmith/VLA_Benchmark_Prompted_1200,577,
578,Referential Disambiguation,Pick up the airplane toy with propellers and place it in the bowl.,Masked relation × candidate-category composition,direct identity=airplane toy with propellers; hidden relation=furthest; candidate category=airplane toy,referential_airplane_toy_furthest_masked,airplane×furthest; crushed-soda-can×closest; pencil-sharpener×between; pen fully crossed,No,Keep prompt,No prompt change required under the missing-cell design.,"airplane toy with propellers, airplane toy without propellers, red pencil sharpener, green pencil sharpener",airplane toy with propellers,Recovery,Pick up the airplane toy with propellers and place it in the bowl.,Pick up the airplane toy furthest from the red pencil sharpener and place it in the bowl.,"The airplane toy is still named and manipulated directly, but furthest is never used to select this candidate category during training.",,578,231,justintiensmith/VLA_Benchmark_Prompted_1200,578,False,justintiensmith/VLA_Benchmark_Prompted_1200,578,
579,Referential Disambiguation,Pick up the airplane toy without propellers and place it in the bowl.,Masked relation × candidate-category composition,direct identity=airplane toy without propellers; hidden relation=furthest; candidate category=airplane toy,referential_airplane_toy_furthest_masked,airplane×furthest; crushed-soda-can×closest; pencil-sharpener×between; pen fully crossed,No,Keep prompt,No prompt change required under the missing-cell design.,"airplane toy with propellers, airplane toy without propellers, crushed Coke can",airplane toy without propellers,Home,Pick up the airplane toy without propellers and place it in the bowl.,Pick up the airplane toy furthest from the crushed Coke can and place it in the bowl.,"The airplane toy is still named and manipulated directly, but furthest is never used to select this candidate category during training.",,579,226,justintiensmith/VLA_Benchmark_Prompted_1200,579,False,justintiensmith/VLA_Benchmark_Prompted_1200,579,
580,Referential Disambiguation,"Pick up the airplane toy positioned between the green pen and the red pencil sharpener, then place it in the bowl.",Explicit between grounding,between × airplane toy candidate category,referential_airplane_toy_between_explicit,airplane×furthest; crushed-soda-can×closest; pencil-sharpener×between; pen fully crossed,No,Keep prompt,No prompt change required under the missing-cell design.,"airplane toy with propellers, airplane toy without propellers, green pen, red pencil sharpener, crushed Pepsi can",airplane toy without propellers,Home,"Pick up the airplane toy positioned between the green pen and the red pencil sharpener, then place it in the bowl.",,Explicitly grounds between with airplane toy candidates; only the selected category-specific missing cell is withheld.,,580,232,justintiensmith/VLA_Benchmark_Prompted_1200,580,False,justintiensmith/VLA_Benchmark_Prompted_1200,580,
581,Referential Disambiguation,"Pick up the airplane toy positioned between the yellow pen and the crushed Coke can, then place it in the bowl.",Explicit between grounding,between × airplane toy candidate category,referential_airplane_toy_between_explicit,airplane×furthest; crushed-soda-can×closest; pencil-sharpener×between; pen fully crossed,No,Keep prompt,No prompt change required under the missing-cell design.,"airplane toy with propellers, airplane toy without propellers, yellow pen, crushed Coke can, green pencil sharpener",airplane toy without propellers,Home,"Pick up the airplane toy positioned between the yellow pen and the crushed Coke can, then place it in the bowl.",,Explicitly grounds between with airplane toy candidates; only the selected category-specific missing cell is withheld.,,581,233,justintiensmith/VLA_Benchmark_Prompted_1200,581,False,justintiensmith/VLA_Benchmark_Prompted_1200,581,
582,Referential Disambiguation,Move the airplane toy lying between the crushed Pepsi can and the red pencil sharpener into the bowl.,Explicit between grounding,between × airplane toy candidate category,referential_airplane_toy_between_explicit,airplane×furthest; crushed-soda-can×closest; pencil-sharpener×between; pen fully crossed,No,Keep prompt,No prompt change required under the missing-cell design.,"airplane toy with propellers, airplane toy without propellers, crushed Pepsi can, red pencil sharpener",airplane toy with propellers,Home,Move the airplane toy lying between the crushed Pepsi can and the red pencil sharpener into the bowl.,,Explicitly grounds between with airplane toy candidates; only the selected category-specific missing cell is withheld.,,582,234,justintiensmith/VLA_Benchmark_Prompted_1200,582,False,justintiensmith/VLA_Benchmark_Prompted_1200,582,
583,Referential Disambiguation,"Pick up the airplane toy positioned between the green pencil sharpener and the yellow pen, then place it in the bowl.",Explicit between grounding,between × airplane toy candidate category,referential_airplane_toy_between_explicit,airplane×furthest; crushed-soda-can×closest; pencil-sharpener×between; pen fully crossed,No,Keep prompt,No prompt change required under the missing-cell design.,"airplane toy with propellers, airplane toy without propellers, green pencil sharpener, yellow pen",airplane toy with propellers,Recovery,"Pick up the airplane toy positioned between the green pencil sharpener and the yellow pen, then place it in the bowl.",,Explicitly grounds between with airplane toy candidates; only the selected category-specific missing cell is withheld.,,583,235,justintiensmith/VLA_Benchmark_Prompted_1200,583,False,justintiensmith/VLA_Benchmark_Prompted_1200,583,
584,Referential Disambiguation,"Pick up the airplane toy positioned between the yellow pen and the crushed Pepsi can, then place it in the bowl.",Explicit between grounding,between × airplane toy candidate category,referential_airplane_toy_between_explicit,airplane×furthest; crushed-soda-can×closest; pencil-sharpener×between; pen fully crossed,No,Keep prompt,No prompt change required under the missing-cell design.,"airplane toy with propellers, airplane toy without propellers, yellow pen, crushed Pepsi can, crushed Coke can",airplane toy without propellers,Recovery,"Pick up the airplane toy positioned between the yellow pen and the crushed Pepsi can, then place it in the bowl.",,Explicitly grounds between with airplane toy candidates; only the selected category-specific missing cell is withheld.,,584,236,justintiensmith/VLA_Benchmark_Prompted_1200,584,False,justintiensmith/VLA_Benchmark_Prompted_1200,584,
585,Referential Disambiguation,Move the airplane toy lying between the green pen and the green pencil sharpener into the bowl.,Explicit between grounding,between × airplane toy candidate category,referential_airplane_toy_between_explicit,airplane×furthest; crushed-soda-can×closest; pencil-sharpener×between; pen fully crossed,No,Keep prompt,No prompt change required under the missing-cell design.,"airplane toy with propellers, airplane toy without propellers, green pen, green pencil sharpener",airplane toy with propellers,Home,Move the airplane toy lying between the green pen and the green pencil sharpener into the bowl.,,Explicitly grounds between with airplane toy candidates; only the selected category-specific missing cell is withheld.,,585,237,justintiensmith/VLA_Benchmark_Prompted_1200,585,False,justintiensmith/VLA_Benchmark_Prompted_1200,585,
586,Referential Disambiguation,Put the airplane toy between the crushed Coke can and the green pen in the bowl.,Explicit between grounding,between × airplane toy candidate category,referential_airplane_toy_between_explicit,airplane×furthest; crushed-soda-can×closest; pencil-sharpener×between; pen fully crossed,No,Keep prompt,No prompt change required under the missing-cell design.,"airplane toy with propellers, airplane toy without propellers, crushed Coke can, green pen",airplane toy without propellers,Home,Put the airplane toy between the crushed Coke can and the green pen in the bowl.,,Explicitly grounds between with airplane toy candidates; only the selected category-specific missing cell is withheld.,,586,238,justintiensmith/VLA_Benchmark_Prompted_1200,586,False,justintiensmith/VLA_Benchmark_Prompted_1200,586,
587,Referential Disambiguation,Move the airplane toy lying between the crushed Coke can and the green pencil sharpener into the bowl.,Explicit between grounding,between × airplane toy candidate category,referential_airplane_toy_between_explicit,airplane×furthest; crushed-soda-can×closest; pencil-sharpener×between; pen fully crossed,No,Keep prompt,No prompt change required under the missing-cell design.,"airplane toy with propellers, airplane toy without propellers, crushed Coke can, green pencil sharpener, red pencil sharpener",airplane toy with propellers,Home,Move the airplane toy lying between the crushed Coke can and the green pencil sharpener into the bowl.,,Explicitly grounds between with airplane toy candidates; only the selected category-specific missing cell is withheld.,,587,239,justintiensmith/VLA_Benchmark_Prompted_1200,587,False,justintiensmith/VLA_Benchmark_Prompted_1200,587,
588,Referential Disambiguation,Move the airplane toy lying between the green pen and the red pencil sharpener into the bowl.,Explicit between grounding,between × airplane toy candidate category,referential_airplane_toy_between_explicit,airplane×furthest; crushed-soda-can×closest; pencil-sharpener×between; pen fully crossed,No,Keep prompt,No prompt change required under the missing-cell design.,"airplane toy with propellers, airplane toy without propellers, green pen, red pencil sharpener",airplane toy without propellers,Home,Move the airplane toy lying between the green pen and the red pencil sharpener into the bowl.,,Explicitly grounds between with airplane toy candidates; only the selected category-specific missing cell is withheld.,,588,240,justintiensmith/VLA_Benchmark_Prompted_1200,588,False,justintiensmith/VLA_Benchmark_Prompted_1200,588,
589,Referential Disambiguation,"Pick up the airplane toy positioned between the yellow pen and the crushed Coke can, then place it in the bowl.",Explicit between grounding,between × airplane toy candidate category,referential_airplane_toy_between_explicit,airplane×furthest; crushed-soda-can×closest; pencil-sharpener×between; pen fully crossed,No,Keep prompt,No prompt change required under the missing-cell design.,"airplane toy with propellers, airplane toy without propellers, yellow pen, crushed Coke can, crushed Pepsi can",airplane toy with propellers,Home,"Pick up the airplane toy positioned between the yellow pen and the crushed Coke can, then place it in the bowl.",,Explicitly grounds between with airplane toy candidates; only the selected category-specific missing cell is withheld.,,589,233,justintiensmith/VLA_Benchmark_Prompted_1200,589,False,justintiensmith/VLA_Benchmark_Prompted_1200,589,
590,Referential Disambiguation,Put the airplane toy between the crushed Pepsi can and the red pencil sharpener in the bowl.,Explicit between grounding,between × airplane toy candidate category,referential_airplane_toy_between_explicit,airplane×furthest; crushed-soda-can×closest; pencil-sharpener×between; pen fully crossed,No,Keep prompt,No prompt change required under the missing-cell design.,"airplane toy with propellers, airplane toy without propellers, crushed Pepsi can, red pencil sharpener, green pen",airplane toy with propellers,Home,Put the airplane toy between the crushed Pepsi can and the red pencil sharpener in the bowl.,,Explicitly grounds between with airplane toy candidates; only the selected category-specific missing cell is withheld.,,590,241,justintiensmith/VLA_Benchmark_Prompted_1200,590,False,justintiensmith/VLA_Benchmark_Prompted_1200,590,
591,Referential Disambiguation,Put the airplane toy between the green pencil sharpener and the yellow pen in the bowl.,Explicit between grounding,between × airplane toy candidate category,referential_airplane_toy_between_explicit,airplane×furthest; crushed-soda-can×closest; pencil-sharpener×between; pen fully crossed,No,Keep prompt,No prompt change required under the missing-cell design.,"airplane toy with propellers, airplane toy without propellers, green pencil sharpener, yellow pen",airplane toy without propellers,Home,Put the airplane toy between the green pencil sharpener and the yellow pen in the bowl.,,Explicitly grounds between with airplane toy candidates; only the selected category-specific missing cell is withheld.,,591,242,justintiensmith/VLA_Benchmark_Prompted_1200,591,False,justintiensmith/VLA_Benchmark_Prompted_1200,591,
592,Referential Disambiguation,"Pick up the airplane toy positioned between the yellow pen and the crushed Pepsi can, then place it in the bowl.",Explicit between grounding,between × airplane toy candidate category,referential_airplane_toy_between_explicit,airplane×furthest; crushed-soda-can×closest; pencil-sharpener×between; pen fully crossed,No,Keep prompt,No prompt change required under the missing-cell design.,"airplane toy with propellers, airplane toy without propellers, yellow pen, crushed Pepsi can",airplane toy with propellers,Home,"Pick up the airplane toy positioned between the yellow pen and the crushed Pepsi can, then place it in the bowl.",,Explicitly grounds between with airplane toy candidates; only the selected category-specific missing cell is withheld.,,592,236,justintiensmith/VLA_Benchmark_Prompted_1200,592,False,justintiensmith/VLA_Benchmark_Prompted_1200,592,
593,Referential Disambiguation,Put the airplane toy between the green pencil sharpener and the crushed Pepsi can in the bowl.,Explicit between grounding,between × airplane toy candidate category,referential_airplane_toy_between_explicit,airplane×furthest; crushed-soda-can×closest; pencil-sharpener×between; pen fully crossed,No,Keep prompt,No prompt change required under the missing-cell design.,"airplane toy with propellers, airplane toy without propellers, green pencil sharpener, crushed Pepsi can",airplane toy without propellers,Home,Put the airplane toy between the green pencil sharpener and the crushed Pepsi can in the bowl.,,Explicitly grounds between with airplane toy candidates; only the selected category-specific missing cell is withheld.,,593,243,justintiensmith/VLA_Benchmark_Prompted_1200,593,False,justintiensmith/VLA_Benchmark_Prompted_1200,593,
594,Referential Disambiguation,Move the airplane toy lying between the red pencil sharpener and the yellow pen into the bowl.,Explicit between grounding,between × airplane toy candidate category,referential_airplane_toy_between_explicit,airplane×furthest; crushed-soda-can×closest; pencil-sharpener×between; pen fully crossed,No,Keep prompt,No prompt change required under the missing-cell design.,"airplane toy with propellers, airplane toy without propellers, red pencil sharpener, yellow pen, green pen",airplane toy without propellers,Recovery,Move the airplane toy lying between the red pencil sharpener and the yellow pen into the bowl.,,Explicitly grounds between with airplane toy candidates; only the selected category-specific missing cell is withheld.,,594,244,justintiensmith/VLA_Benchmark_Prompted_1200,594,False,justintiensmith/VLA_Benchmark_Prompted_1200,594,
595,Referential Disambiguation,Move the airplane toy lying between the crushed Pepsi can and the green pen into the bowl.,Explicit between grounding,between × airplane toy candidate category,referential_airplane_toy_between_explicit,airplane×furthest; crushed-soda-can×closest; pencil-sharpener×between; pen fully crossed,No,Keep prompt,No prompt change required under the missing-cell design.,"airplane toy with propellers, airplane toy without propellers, crushed Pepsi can, green pen, green pencil sharpener",airplane toy with propellers,Home,Move the airplane toy lying between the crushed Pepsi can and the green pen into the bowl.,,Explicitly grounds between with airplane toy candidates; only the selected category-specific missing cell is withheld.,,595,245,justintiensmith/VLA_Benchmark_Prompted_1200,595,False,justintiensmith/VLA_Benchmark_Prompted_1200,595,
596,Referential Disambiguation,"Pick up the airplane toy positioned between the red pencil sharpener and the crushed Coke can, then place it in the bowl.",Explicit between grounding,between × airplane toy candidate category,referential_airplane_toy_between_explicit,airplane×furthest; crushed-soda-can×closest; pencil-sharpener×between; pen fully crossed,No,Keep prompt,No prompt change required under the missing-cell design.,"airplane toy with propellers, airplane toy without propellers, red pencil sharpener, crushed Coke can, yellow pen",airplane toy with propellers,Home,"Pick up the airplane toy positioned between the red pencil sharpener and the crushed Coke can, then place it in the bowl.",,Explicitly grounds between with airplane toy candidates; only the selected category-specific missing cell is withheld.,,596,246,justintiensmith/VLA_Benchmark_Prompted_1200,596,False,justintiensmith/VLA_Benchmark_Prompted_1200,596,
597,Referential Disambiguation,"Pick up the airplane toy positioned between the green pen and the green pencil sharpener, then place it in the bowl.",Explicit between grounding,between × airplane toy candidate category,referential_airplane_toy_between_explicit,airplane×furthest; crushed-soda-can×closest; pencil-sharpener×between; pen fully crossed,No,Keep prompt,No prompt change required under the missing-cell design.,"airplane toy with propellers, airplane toy without propellers, green pen, green pencil sharpener",airplane toy with propellers,Recovery,"Pick up the airplane toy positioned between the green pen and the green pencil sharpener, then place it in the bowl.",,Explicitly grounds between with airplane toy candidates; only the selected category-specific missing cell is withheld.,,597,247,justintiensmith/VLA_Benchmark_Prompted_1200,597,False,justintiensmith/VLA_Benchmark_Prompted_1200,597,
598,Referential Disambiguation,Put the airplane toy between the crushed Coke can and the green pen in the bowl.,Explicit between grounding,between × airplane toy candidate category,referential_airplane_toy_between_explicit,airplane×furthest; crushed-soda-can×closest; pencil-sharpener×between; pen fully crossed,No,Keep prompt,No prompt change required under the missing-cell design.,"airplane toy with propellers, airplane toy without propellers, crushed Coke can, green pen, red pencil sharpener",airplane toy without propellers,Home,Put the airplane toy between the crushed Coke can and the green pen in the bowl.,,Explicitly grounds between with airplane toy candidates; only the selected category-specific missing cell is withheld.,,598,238,justintiensmith/VLA_Benchmark_Prompted_1200,598,False,justintiensmith/VLA_Benchmark_Prompted_1200,598,
599,Referential Disambiguation,Move the airplane toy lying between the crushed Coke can and the green pencil sharpener into the bowl.,Explicit between grounding,between × airplane toy candidate category,referential_airplane_toy_between_explicit,airplane×furthest; crushed-soda-can×closest; pencil-sharpener×between; pen fully crossed,No,Keep prompt,No prompt change required under the missing-cell design.,"airplane toy with propellers, airplane toy without propellers, crushed Coke can, green pencil sharpener",airplane toy without propellers,Home,Move the airplane toy lying between the crushed Coke can and the green pencil sharpener into the bowl.,,Explicitly grounds between with airplane toy candidates; only the selected category-specific missing cell is withheld.,,599,239,justintiensmith/VLA_Benchmark_Prompted_1200,599,False,justintiensmith/VLA_Benchmark_Prompted_1200,599,
600,Ordering/Sequencing,Move the airplane toy with propellers into the bowl.,Masked ordinal-role × target-identity composition,n=4; physical role=L1; direct identity=airplane toy with propellers,ordering_n4_l1_airplane_toy_with_propellers_masked,selected sequence-length × physical ordinal role × target-identity cells listed on Holdout Map,Yes,Replace prompt only,"Prompt-only relabeling; preserve episode 600 video, scene, trajectory, target, and start position.","airplane toy with propellers, blue tape ball, green highlighter, yellow pen",airplane toy with propellers,Home,Pick up the object that is fourth from the right and place it in the bowl.,Move the first from the left object into the bowl. | Put the object that is fourth from the right in the bowl.,"Both logically equivalent ordinal descriptions of L1 are withheld for airplane toy with propellers at sequence length 4, while the same trajectory remains under a direct-name instruction.",4.0,600,229,justintiensmith/VLA_Benchmark_Prompted_1200,600,False,justintiensmith/VLA_Benchmark_Prompted_1200,600,
601,Ordering/Sequencing,Put the airplane toy with propellers in the bowl.,Masked ordinal-role × target-identity composition,n=4; physical role=L1; direct identity=airplane toy with propellers,ordering_n4_l1_airplane_toy_with_propellers_masked,selected sequence-length × physical ordinal role × target-identity cells listed on Holdout Map,Yes,Replace prompt only,"Prompt-only relabeling; preserve episode 601 video, scene, trajectory, target, and start position.","airplane toy with propellers, blue tape ball, yellow pen, green highlighter",airplane toy with propellers,Home,Put the first object from the left in the bowl.,Put the object that is first from the left in the bowl. | Pick up the object that is fourth from the right and place it in the bowl.,"Both logically equivalent ordinal descriptions of L1 are withheld for airplane toy with propellers at sequence length 4, while the same trajectory remains under a direct-name instruction.",4.0,601,227,justintiensmith/VLA_Benchmark_Prompted_1200,601,False,justintiensmith/VLA_Benchmark_Prompted_1200,601,
602,Ordering/Sequencing,Pick up the airplane toy with propellers and place it in the bowl.,Masked ordinal-role × target-identity composition,n=4; physical role=L1; direct identity=airplane toy with propellers,ordering_n4_l1_airplane_toy_with_propellers_masked,selected sequence-length × physical ordinal role × target-identity cells listed on Holdout Map,Yes,Replace prompt only,"Prompt-only relabeling; preserve episode 602 video, scene, trajectory, target, and start position.","airplane toy with propellers, green highlighter, blue tape ball, yellow pen",airplane toy with propellers,Home,Pick up the object that is fourth from the right and place it in the bowl.,Pick up the object that is first from the left and place it in the bowl. | Move the fourth from the right object into the bowl.,"Both logically equivalent ordinal descriptions of L1 are withheld for airplane toy with propellers at sequence length 4, while the same trajectory remains under a direct-name instruction.",4.0,602,231,justintiensmith/VLA_Benchmark_Prompted_1200,602,False,justintiensmith/VLA_Benchmark_Prompted_1200,602,
603,Ordering/Sequencing,Move the airplane toy with propellers into the bowl.,Masked ordinal-role × target-identity composition,n=4; physical role=L1; direct identity=airplane toy with propellers,ordering_n4_l1_airplane_toy_with_propellers_masked,selected sequence-length × physical ordinal role × target-identity cells listed on Holdout Map,Yes,Replace prompt only,"Prompt-only relabeling; preserve episode 603 video, scene, trajectory, target, and start position.","airplane toy with propellers, green highlighter, yellow pen, blue tape ball",airplane toy with propellers,Home,Move the first item counted from the left into the bowl.,Move the first from the left object into the bowl. | Put the object that is fourth from the right in the bowl.,"Both logically equivalent ordinal descriptions of L1 are withheld for airplane toy with propellers at sequence length 4, while the same trajectory remains under a direct-name instruction.",4.0,603,229,justintiensmith/VLA_Benchmark_Prompted_1200,603,False,justintiensmith/VLA_Benchmark_Prompted_1200,603,
604,Ordering/Sequencing,Put the third object from the right in the bowl.,Explicit ordinal grounding,n=3; physical role=L1; expression=third from the right; target=airplane toy with propellers,ordering_n3_l1_airplane_toy_with_propellers_explicit,selected sequence-length × physical ordinal role × target-identity cells listed on Holdout Map,No,Keep prompt,No prompt change required under the missing-cell design.,"airplane toy with propellers, yellow pen, blue tape ball",airplane toy with propellers,Home,Put the third object from the right in the bowl.,,Explicitly grounds ordinal role L1 at sequence length 3 with airplane toy with propellers; selected object-role cells are masked instead of withholding an ordinal word or output position.,3.0,604,248,justintiensmith/VLA_Benchmark_Prompted_1200,604,False,justintiensmith/VLA_Benchmark_Prompted_1200,604,
605,Ordering/Sequencing,Put the third object from the right in the bowl.,Explicit ordinal grounding,n=3; physical role=L1; expression=third from the right; target=airplane toy with propellers,ordering_n3_l1_airplane_toy_with_propellers_explicit,selected sequence-length × physical ordinal role × target-identity cells listed on Holdout Map,No,Keep prompt,No prompt change required under the missing-cell design.,"airplane toy with propellers, yellow pen, green highlighter",airplane toy with propellers,Home,Put the third object from the right in the bowl.,,Explicitly grounds ordinal role L1 at sequence length 3 with airplane toy with propellers; selected object-role cells are masked instead of withholding an ordinal word or output position.,3.0,605,248,justintiensmith/VLA_Benchmark_Prompted_1200,605,False,justintiensmith/VLA_Benchmark_Prompted_1200,605,
606,Ordering/Sequencing,Pick up the object that is third from the right and place it in the bowl.,Explicit ordinal grounding,n=3; physical role=L1; expression=third from the right; target=airplane toy with propellers,ordering_n3_l1_airplane_toy_with_propellers_explicit,selected sequence-length × physical ordinal role × target-identity cells listed on Holdout Map,No,Keep prompt,No prompt change required under the missing-cell design.,"airplane toy with propellers, blue tape ball, green highlighter",airplane toy with propellers,Home,Pick up the object that is third from the right and place it in the bowl.,,Explicitly grounds ordinal role L1 at sequence length 3 with airplane toy with propellers; selected object-role cells are masked instead of withholding an ordinal word or output position.,3.0,606,249,justintiensmith/VLA_Benchmark_Prompted_1200,606,False,justintiensmith/VLA_Benchmark_Prompted_1200,606,
607,Ordering/Sequencing,Move the first item counted from the left into the bowl.,Explicit ordinal grounding,n=3; physical role=L1; expression=first from the left; target=airplane toy with propellers,ordering_n3_l1_airplane_toy_with_propellers_explicit,selected sequence-length × physical ordinal role × target-identity cells listed on Holdout Map,No,Keep prompt,No prompt change required under the missing-cell design.,"airplane toy with propellers, green highlighter, blue tape ball",airplane toy with propellers,Home,Move the first item counted from the left into the bowl.,,Explicitly grounds ordinal role L1 at sequence length 3 with airplane toy with propellers; selected object-role cells are masked instead of withholding an ordinal word or output position.,3.0,607,250,justintiensmith/VLA_Benchmark_Prompted_1200,607,False,justintiensmith/VLA_Benchmark_Prompted_1200,607,
608,Ordering/Sequencing,Pick up the airplane toy with propellers and place it in the bowl.,Masked ordinal-role × target-identity composition,n=2; physical role=L1; direct identity=airplane toy with propellers,ordering_n2_l1_airplane_toy_with_propellers_masked,selected sequence-length × physical ordinal role × target-identity cells listed on Holdout Map,Yes,Replace prompt only,"Prompt-only relabeling; preserve episode 608 video, scene, trajectory, target, and start position.","airplane toy with propellers, blue tape ball",airplane toy with propellers,Home,Move the second item counted from the right into the bowl.,Pick up the object that is first from the left and place it in the bowl. | Move the second from the right object into the bowl.,"Both logically equivalent ordinal descriptions of L1 are withheld for airplane toy with propellers at sequence length 2, while the same trajectory remains under a direct-name instruction.",2.0,608,231,justintiensmith/VLA_Benchmark_Prompted_1200,608,False,justintiensmith/VLA_Benchmark_Prompted_1200,608,
609,Ordering/Sequencing,Move the airplane toy with propellers into the bowl.,Masked ordinal-role × target-identity composition,n=2; physical role=L1; direct identity=airplane toy with propellers,ordering_n2_l1_airplane_toy_with_propellers_masked,selected sequence-length × physical ordinal role × target-identity cells listed on Holdout Map,Yes,Replace prompt only,"Prompt-only relabeling; preserve episode 609 video, scene, trajectory, target, and start position.","airplane toy with propellers, green highlighter",airplane toy with propellers,Home,Pick up the object that is second from the right and place it in the bowl.,Move the first from the left object into the bowl. | Put the object that is second from the right in the bowl.,"Both logically equivalent ordinal descriptions of L1 are withheld for airplane toy with propellers at sequence length 2, while the same trajectory remains under a direct-name instruction.",2.0,609,229,justintiensmith/VLA_Benchmark_Prompted_1200,609,False,justintiensmith/VLA_Benchmark_Prompted_1200,609,
610,Ordering/Sequencing,Put the airplane toy with propellers in the bowl.,Masked ordinal-role × target-identity composition,n=2; physical role=L1; direct identity=airplane toy with propellers,ordering_n2_l1_airplane_toy_with_propellers_masked,selected sequence-length × physical ordinal role × target-identity cells listed on Holdout Map,Yes,Replace prompt only,"Prompt-only relabeling; preserve episode 610 video, scene, trajectory, target, and start position.","airplane toy with propellers, yellow pen",airplane toy with propellers,Recovery,Pick up the object that is second from the right and place it in the bowl.,Put the object that is first from the left in the bowl. | Pick up the object that is second from the right and place it in the bowl.,"Both logically equivalent ordinal descriptions of L1 are withheld for airplane toy with propellers at sequence length 2, while the same trajectory remains under a direct-name instruction.",2.0,610,227,justintiensmith/VLA_Benchmark_Prompted_1200,610,False,justintiensmith/VLA_Benchmark_Prompted_1200,610,
611,Ordering/Sequencing,Pick up the airplane toy with propellers and place it in the bowl.,Masked ordinal-role × target-identity composition,n=2; physical role=L1; direct identity=airplane toy with propellers,ordering_n2_l1_airplane_toy_with_propellers_masked,selected sequence-length × physical ordinal role × target-identity cells listed on Holdout Map,Yes,Replace prompt only,"Prompt-only relabeling; preserve episode 611 video, scene, trajectory, target, and start position.","airplane toy with propellers, blue tape ball",airplane toy with propellers,Recovery,Pick up the object that is first from the left and place it in the bowl.,Pick up the object that is first from the left and place it in the bowl. | Move the second from the right object into the bowl.,"Both logically equivalent ordinal descriptions of L1 are withheld for airplane toy with propellers at sequence length 2, while the same trajectory remains under a direct-name instruction.",2.0,611,231,justintiensmith/VLA_Benchmark_Prompted_1200,611,False,justintiensmith/VLA_Benchmark_Prompted_1200,611,
612,Ordering/Sequencing,Move the airplane toy with propellers into the bowl.,Masked ordinal-role × target-identity composition,n=2; physical role=L1; direct identity=airplane toy with propellers,ordering_n2_l1_airplane_toy_with_propellers_masked,selected sequence-length × physical ordinal role × target-identity cells listed on Holdout Map,Yes,Replace prompt only,"Prompt-only relabeling; preserve episode 612 video, scene, trajectory, target, and start position.","airplane toy with propellers, green highlighter",airplane toy with propellers,Recovery,Pick up the object that is second from the right and place it in the bowl.,Move the first from the left object into the bowl. | Put the object that is second from the right in the bowl.,"Both logically equivalent ordinal descriptions of L1 are withheld for airplane toy with propellers at sequence length 2, while the same trajectory remains under a direct-name instruction.",2.0,612,229,justintiensmith/VLA_Benchmark_Prompted_1200,612,False,justintiensmith/VLA_Benchmark_Prompted_1200,612,
613,Ordering/Sequencing,Pick up the object that is second from the left and place it in the bowl.,Explicit ordinal grounding,n=4; physical role=L2; expression=second from the left; target=airplane toy with propellers,ordering_n4_l2_airplane_toy_with_propellers_explicit,selected sequence-length × physical ordinal role × target-identity cells listed on Holdout Map,No,Keep prompt,No prompt change required under the missing-cell design.,"blue tape ball, airplane toy with propellers, green highlighter, yellow pen",airplane toy with propellers,Home,Pick up the object that is second from the left and place it in the bowl.,,Explicitly grounds ordinal role L2 at sequence length 4 with airplane toy with propellers; selected object-role cells are masked instead of withholding an ordinal word or output position.,4.0,613,251,justintiensmith/VLA_Benchmark_Prompted_1200,613,False,justintiensmith/VLA_Benchmark_Prompted_1200,613,
614,Ordering/Sequencing,Put the second object from the left in the bowl.,Explicit ordinal grounding,n=4; physical role=L2; expression=second from the left; target=airplane toy with propellers,ordering_n4_l2_airplane_toy_with_propellers_explicit,selected sequence-length × physical ordinal role × target-identity cells listed on Holdout Map,No,Keep prompt,No prompt change required under the missing-cell design.,"blue tape ball, airplane toy with propellers, yellow pen, green highlighter",airplane toy with propellers,Home,Put the second object from the left in the bowl.,,Explicitly grounds ordinal role L2 at sequence length 4 with airplane toy with propellers; selected object-role cells are masked instead of withholding an ordinal word or output position.,4.0,614,252,justintiensmith/VLA_Benchmark_Prompted_1200,614,False,justintiensmith/VLA_Benchmark_Prompted_1200,614,
615,Ordering/Sequencing,Move the second item counted from the left into the bowl.,Explicit ordinal grounding,n=4; physical role=L2; expression=second from the left; target=airplane toy with propellers,ordering_n4_l2_airplane_toy_with_propellers_explicit,selected sequence-length × physical ordinal role × target-identity cells listed on Holdout Map,No,Keep prompt,No prompt change required under the missing-cell design.,"green highlighter, airplane toy with propellers, blue tape ball, yellow pen",airplane toy with propellers,Home,Move the second item counted from the left into the bowl.,,Explicitly grounds ordinal role L2 at sequence length 4 with airplane toy with propellers; selected object-role cells are masked instead of withholding an ordinal word or output position.,4.0,615,253,justintiensmith/VLA_Benchmark_Prompted_1200,615,False,justintiensmith/VLA_Benchmark_Prompted_1200,615,
616,Ordering/Sequencing,Move the second item counted from the left into the bowl.,Explicit ordinal grounding,n=4; physical role=L2; expression=second from the left; target=airplane toy with propellers,ordering_n4_l2_airplane_toy_with_propellers_explicit,selected sequence-length × physical ordinal role × target-identity cells listed on Holdout Map,No,Keep prompt,No prompt change required under the missing-cell design.,"green highlighter, airplane toy with propellers, yellow pen, blue tape ball",airplane toy with propellers,Home,Move the second item counted from the left into the bowl.,,Explicitly grounds ordinal role L2 at sequence length 4 with airplane toy with propellers; selected object-role cells are masked instead of withholding an ordinal word or output position.,4.0,616,253,justintiensmith/VLA_Benchmark_Prompted_1200,616,False,justintiensmith/VLA_Benchmark_Prompted_1200,616,
617,Ordering/Sequencing,Pick up the object that is third from the right and place it in the bowl.,Explicit ordinal grounding,n=4; physical role=L2; expression=third from the right; target=airplane toy with propellers,ordering_n4_l2_airplane_toy_with_propellers_explicit,selected sequence-length × physical ordinal role × target-identity cells listed on Holdout Map,No,Keep prompt,No prompt change required under the missing-cell design.,"yellow pen, airplane toy with propellers, blue tape ball, green highlighter",airplane toy with propellers,Home,Pick up the object that is third from the right and place it in the bowl.,,Explicitly grounds ordinal role L2 at sequence length 4 with airplane toy with propellers; selected object-role cells are masked instead of withholding an ordinal word or output position.,4.0,617,249,justintiensmith/VLA_Benchmark_Prompted_1200,617,False,justintiensmith/VLA_Benchmark_Prompted_1200,617,
618,Ordering/Sequencing,Pick up the object that is third from the right and place it in the bowl.,Explicit ordinal grounding,n=4; physical role=L2; expression=third from the right; target=airplane toy with propellers,ordering_n4_l2_airplane_toy_with_propellers_explicit,selected sequence-length × physical ordinal role × target-identity cells listed on Holdout Map,No,Keep prompt,No prompt change required under the missing-cell design.,"yellow pen, airplane toy with propellers, green highlighter, blue tape ball",airplane toy with propellers,Home,Pick up the object that is third from the right and place it in the bowl.,,Explicitly grounds ordinal role L2 at sequence length 4 with airplane toy with propellers; selected object-role cells are masked instead of withholding an ordinal word or output position.,4.0,618,249,justintiensmith/VLA_Benchmark_Prompted_1200,618,False,justintiensmith/VLA_Benchmark_Prompted_1200,618,
619,Ordering/Sequencing,Put the second object from the left in the bowl.,Explicit ordinal grounding,n=2; physical role=L2; expression=second from the left; target=airplane toy with propellers,ordering_n2_l2_airplane_toy_with_propellers_explicit,selected sequence-length × physical ordinal role × target-identity cells listed on Holdout Map,No,Keep prompt,No prompt change required under the missing-cell design.,"blue tape ball, airplane toy with propellers",airplane toy with propellers,Home,Put the second object from the left in the bowl.,,Explicitly grounds ordinal role L2 at sequence length 2 with airplane toy with propellers; selected object-role cells are masked instead of withholding an ordinal word or output position.,2.0,619,252,justintiensmith/VLA_Benchmark_Prompted_1200,619,False,justintiensmith/VLA_Benchmark_Prompted_1200,619,
620,Ordering/Sequencing,Put the second object from the left in the bowl.,Explicit ordinal grounding,n=2; physical role=L2; expression=second from the left; target=airplane toy with propellers,ordering_n2_l2_airplane_toy_with_propellers_explicit,selected sequence-length × physical ordinal role × target-identity cells listed on Holdout Map,No,Keep prompt,No prompt change required under the missing-cell design.,"green highlighter, airplane toy with propellers",airplane toy with propellers,Home,Put the second object from the left in the bowl.,,Explicitly grounds ordinal role L2 at sequence length 2 with airplane toy with propellers; selected object-role cells are masked instead of withholding an ordinal word or output position.,2.0,620,252,justintiensmith/VLA_Benchmark_Prompted_1200,620,False,justintiensmith/VLA_Benchmark_Prompted_1200,620,
621,Ordering/Sequencing,Pick up the object that is second from the left and place it in the bowl.,Explicit ordinal grounding,n=2; physical role=L2; expression=second from the left; target=airplane toy with propellers,ordering_n2_l2_airplane_toy_with_propellers_explicit,selected sequence-length × physical ordinal role × target-identity cells listed on Holdout Map,No,Keep prompt,No prompt change required under the missing-cell design.,"yellow pen, airplane toy with propellers",airplane toy with propellers,Home,Pick up the object that is second from the left and place it in the bowl.,,Explicitly grounds ordinal role L2 at sequence length 2 with airplane toy with propellers; selected object-role cells are masked instead of withholding an ordinal word or output position.,2.0,621,251,justintiensmith/VLA_Benchmark_Prompted_1200,621,False,justintiensmith/VLA_Benchmark_Prompted_1200,621,
622,Ordering/Sequencing,Pick up the object that is second from the left and place it in the bowl.,Explicit ordinal grounding,n=2; physical role=L2; expression=second from the left; target=airplane toy with propellers,ordering_n2_l2_airplane_toy_with_propellers_explicit,selected sequence-length × physical ordinal role × target-identity cells listed on Holdout Map,No,Keep prompt,No prompt change required under the missing-cell design.,"blue tape ball, airplane toy with propellers",airplane toy with propellers,Home,Pick up the object that is second from the left and place it in the bowl.,,Explicitly grounds ordinal role L2 at sequence length 2 with airplane toy with propellers; selected object-role cells are masked instead of withholding an ordinal word or output position.,2.0,622,251,justintiensmith/VLA_Benchmark_Prompted_1200,622,False,justintiensmith/VLA_Benchmark_Prompted_1200,622,
623,Ordering/Sequencing,Move the second item counted from the left into the bowl.,Explicit ordinal grounding,n=2; physical role=L2; expression=second from the left; target=airplane toy with propellers,ordering_n2_l2_airplane_toy_with_propellers_explicit,selected sequence-length × physical ordinal role × target-identity cells listed on Holdout Map,No,Keep prompt,No prompt change required under the missing-cell design.,"green highlighter, airplane toy with propellers",airplane toy with propellers,Recovery,Move the second item counted from the left into the bowl.,,Explicitly grounds ordinal role L2 at sequence length 2 with airplane toy with propellers; selected object-role cells are masked instead of withholding an ordinal word or output position.,2.0,623,253,justintiensmith/VLA_Benchmark_Prompted_1200,623,False,justintiensmith/VLA_Benchmark_Prompted_1200,623,
624,Ordering/Sequencing,Move the second item counted from the left into the bowl.,Explicit ordinal grounding,n=2; physical role=L2; expression=second from the left; target=airplane toy with propellers,ordering_n2_l2_airplane_toy_with_propellers_explicit,selected sequence-length × physical ordinal role × target-identity cells listed on Holdout Map,No,Keep prompt,No prompt change required under the missing-cell design.,"yellow pen, airplane toy with propellers",airplane toy with propellers,Recovery,Move the second item counted from the left into the bowl.,,Explicitly grounds ordinal role L2 at sequence length 2 with airplane toy with propellers; selected object-role cells are masked instead of withholding an ordinal word or output position.,2.0,624,253,justintiensmith/VLA_Benchmark_Prompted_1200,624,False,justintiensmith/VLA_Benchmark_Prompted_1200,624,
625,Ordering/Sequencing,Put the object that is second from the right in the bowl.,Explicit ordinal grounding,n=4; physical role=L3; expression=second from the right; target=airplane toy with propellers,ordering_n4_l3_airplane_toy_with_propellers_explicit,selected sequence-length × physical ordinal role × target-identity cells listed on Holdout Map,Yes,Replace prompt only,"Prompt-only relabeling; preserve episode 625 video, scene, trajectory, target, and start position.","blue tape ball, green highlighter, airplane toy with propellers, yellow pen",airplane toy with propellers,Home,Move the airplane toy with propellers into the bowl.,,Explicitly grounds ordinal role L3 at sequence length 4 with airplane toy with propellers; selected object-role cells are masked instead of withholding an ordinal word or output position.,4.0,625,254,justintiensmith/VLA_Benchmark_Prompted_1200,625,False,justintiensmith/VLA_Benchmark_Prompted_1200,625,
626,Ordering/Sequencing,Pick up the object that is third from the left and place it in the bowl.,Explicit ordinal grounding,n=4; physical role=L3; expression=third from the left; target=airplane toy with propellers,ordering_n4_l3_airplane_toy_with_propellers_explicit,selected sequence-length × physical ordinal role × target-identity cells listed on Holdout Map,Yes,Replace prompt only,"Prompt-only relabeling; preserve episode 626 video, scene, trajectory, target, and start position.","blue tape ball, yellow pen, airplane toy with propellers, green highlighter",airplane toy with propellers,Home,Put the airplane toy with propellers in the bowl.,,Explicitly grounds ordinal role L3 at sequence length 4 with airplane toy with propellers; selected object-role cells are masked instead of withholding an ordinal word or output position.,4.0,626,255,justintiensmith/VLA_Benchmark_Prompted_1200,626,False,justintiensmith/VLA_Benchmark_Prompted_1200,626,
627,Ordering/Sequencing,Move the second from the right object into the bowl.,Explicit ordinal grounding,n=4; physical role=L3; expression=second from the right; target=airplane toy with propellers,ordering_n4_l3_airplane_toy_with_propellers_explicit,selected sequence-length × physical ordinal role × target-identity cells listed on Holdout Map,Yes,Replace prompt only,"Prompt-only relabeling; preserve episode 627 video, scene, trajectory, target, and start position.","green highlighter, blue tape ball, airplane toy with propellers, yellow pen",airplane toy with propellers,Home,Pick up the airplane toy with propellers and place it in the bowl.,,Explicitly grounds ordinal role L3 at sequence length 4 with airplane toy with propellers; selected object-role cells are masked instead of withholding an ordinal word or output position.,4.0,627,256,justintiensmith/VLA_Benchmark_Prompted_1200,627,False,justintiensmith/VLA_Benchmark_Prompted_1200,627,
628,Ordering/Sequencing,Put the object that is third from the left in the bowl.,Explicit ordinal grounding,n=4; physical role=L3; expression=third from the left; target=airplane toy with propellers,ordering_n4_l3_airplane_toy_with_propellers_explicit,selected sequence-length × physical ordinal role × target-identity cells listed on Holdout Map,Yes,Replace prompt only,"Prompt-only relabeling; preserve episode 628 video, scene, trajectory, target, and start position.","green highlighter, yellow pen, airplane toy with propellers, blue tape ball",airplane toy with propellers,Home,Move the airplane toy with propellers into the bowl.,,Explicitly grounds ordinal role L3 at sequence length 4 with airplane toy with propellers; selected object-role cells are masked instead of withholding an ordinal word or output position.,4.0,628,257,justintiensmith/VLA_Benchmark_Prompted_1200,628,False,justintiensmith/VLA_Benchmark_Prompted_1200,628,
629,Ordering/Sequencing,Pick up the airplane toy with propellers and place it in the bowl.,Masked ordinal-role × target-identity composition,n=3; physical role=L3; direct identity=airplane toy with propellers,ordering_n3_l3_airplane_toy_with_propellers_masked,selected sequence-length × physical ordinal role × target-identity cells listed on Holdout Map,No,Keep prompt,No prompt change required under the missing-cell design.,"blue tape ball, green highlighter, airplane toy with propellers",airplane toy with propellers,Home,Pick up the airplane toy with propellers and place it in the bowl.,Pick up the object that is third from the left and place it in the bowl. | Move the first from the right object into the bowl.,"Both logically equivalent ordinal descriptions of L3 are withheld for airplane toy with propellers at sequence length 3, while the same trajectory remains under a direct-name instruction.",3.0,629,231,justintiensmith/VLA_Benchmark_Prompted_1200,629,False,justintiensmith/VLA_Benchmark_Prompted_1200,629,
630,Ordering/Sequencing,Move the airplane toy with propellers into the bowl.,Masked ordinal-role × target-identity composition,n=3; physical role=L3; direct identity=airplane toy with propellers,ordering_n3_l3_airplane_toy_with_propellers_masked,selected sequence-length × physical ordinal role × target-identity cells listed on Holdout Map,No,Keep prompt,No prompt change required under the missing-cell design.,"blue tape ball, yellow pen, airplane toy with propellers",airplane toy with propellers,Home,Move the airplane toy with propellers into the bowl.,Move the third from the left object into the bowl. | Put the object that is first from the right in the bowl.,"Both logically equivalent ordinal descriptions of L3 are withheld for airplane toy with propellers at sequence length 3, while the same trajectory remains under a direct-name instruction.",3.0,630,229,justintiensmith/VLA_Benchmark_Prompted_1200,630,False,justintiensmith/VLA_Benchmark_Prompted_1200,630,
631,Ordering/Sequencing,Put the airplane toy with propellers in the bowl.,Masked ordinal-role × target-identity composition,n=3; physical role=L3; direct identity=airplane toy with propellers,ordering_n3_l3_airplane_toy_with_propellers_masked,selected sequence-length × physical ordinal role × target-identity cells listed on Holdout Map,No,Keep prompt,No prompt change required under the missing-cell design.,"green highlighter, blue tape ball, airplane toy with propellers",airplane toy with propellers,Home,Put the airplane toy with propellers in the bowl.,Put the object that is third from the left in the bowl. | Pick up the object that is first from the right and place it in the bowl.,"Both logically equivalent ordinal descriptions of L3 are withheld for airplane toy with propellers at sequence length 3, while the same trajectory remains under a direct-name instruction.",3.0,631,227,justintiensmith/VLA_Benchmark_Prompted_1200,631,False,justintiensmith/VLA_Benchmark_Prompted_1200,631,
632,Ordering/Sequencing,Pick up the airplane toy with propellers and place it in the bowl.,Masked ordinal-role × target-identity composition,n=3; physical role=L3; direct identity=airplane toy with propellers,ordering_n3_l3_airplane_toy_with_propellers_masked,selected sequence-length × physical ordinal role × target-identity cells listed on Holdout Map,No,Keep prompt,No prompt change required under the missing-cell design.,"green highlighter, yellow pen, airplane toy with propellers",airplane toy with propellers,Home,Pick up the airplane toy with propellers and place it in the bowl.,Pick up the object that is third from the left and place it in the bowl. | Move the first from the right object into the bowl.,"Both logically equivalent ordinal descriptions of L3 are withheld for airplane toy with propellers at sequence length 3, while the same trajectory remains under a direct-name instruction.",3.0,632,231,justintiensmith/VLA_Benchmark_Prompted_1200,632,False,justintiensmith/VLA_Benchmark_Prompted_1200,632,
633,Ordering/Sequencing,Put the airplane toy with propellers in the bowl.,Masked ordinal-role × target-identity composition,n=3; physical role=L3; direct identity=airplane toy with propellers,ordering_n3_l3_airplane_toy_with_propellers_masked,selected sequence-length × physical ordinal role × target-identity cells listed on Holdout Map,No,Keep prompt,No prompt change required under the missing-cell design.,"yellow pen, blue tape ball, airplane toy with propellers",airplane toy with propellers,Home,Put the airplane toy with propellers in the bowl.,Move the third from the left object into the bowl. | Put the object that is first from the right in the bowl.,"Both logically equivalent ordinal descriptions of L3 are withheld for airplane toy with propellers at sequence length 3, while the same trajectory remains under a direct-name instruction.",3.0,633,227,justintiensmith/VLA_Benchmark_Prompted_1200,633,False,justintiensmith/VLA_Benchmark_Prompted_1200,633,
634,Ordering/Sequencing,Move the airplane toy with propellers into the bowl.,Masked ordinal-role × target-identity composition,n=3; physical role=L3; direct identity=airplane toy with propellers,ordering_n3_l3_airplane_toy_with_propellers_masked,selected sequence-length × physical ordinal role × target-identity cells listed on Holdout Map,No,Keep prompt,No prompt change required under the missing-cell design.,"yellow pen, green highlighter, airplane toy with propellers",airplane toy with propellers,Home,Move the airplane toy with propellers into the bowl.,Put the object that is third from the left in the bowl. | Pick up the object that is first from the right and place it in the bowl.,"Both logically equivalent ordinal descriptions of L3 are withheld for airplane toy with propellers at sequence length 3, while the same trajectory remains under a direct-name instruction.",3.0,634,229,justintiensmith/VLA_Benchmark_Prompted_1200,634,False,justintiensmith/VLA_Benchmark_Prompted_1200,634,
635,Ordering/Sequencing,Pick up the object that is second from the right and place it in the bowl.,Explicit ordinal grounding,n=4; physical role=L3; expression=second from the right; target=airplane toy with propellers,ordering_n4_l3_airplane_toy_with_propellers_explicit,selected sequence-length × physical ordinal role × target-identity cells listed on Holdout Map,Yes,Replace prompt only,"Prompt-only relabeling; preserve episode 635 video, scene, trajectory, target, and start position.","yellow pen, blue tape ball, airplane toy with propellers, green highlighter",airplane toy with propellers,Recovery,Put the airplane toy with propellers in the bowl.,,Explicitly grounds ordinal role L3 at sequence length 4 with airplane toy with propellers; selected object-role cells are masked instead of withholding an ordinal word or output position.,4.0,635,258,justintiensmith/VLA_Benchmark_Prompted_1200,635,False,justintiensmith/VLA_Benchmark_Prompted_1200,635,
636,Ordering/Sequencing,Move the third from the left object into the bowl.,Explicit ordinal grounding,n=4; physical role=L3; expression=third from the left; target=airplane toy with propellers,ordering_n4_l3_airplane_toy_with_propellers_explicit,selected sequence-length × physical ordinal role × target-identity cells listed on Holdout Map,Yes,Replace prompt only,"Prompt-only relabeling; preserve episode 636 video, scene, trajectory, target, and start position.","yellow pen, green highlighter, airplane toy with propellers, blue tape ball",airplane toy with propellers,Recovery,Pick up the airplane toy with propellers and place it in the bowl.,,Explicitly grounds ordinal role L3 at sequence length 4 with airplane toy with propellers; selected object-role cells are masked instead of withholding an ordinal word or output position.,4.0,636,259,justintiensmith/VLA_Benchmark_Prompted_1200,636,False,justintiensmith/VLA_Benchmark_Prompted_1200,636,
637,Ordering/Sequencing,Put the object that is second from the right in the bowl.,Explicit ordinal grounding,n=4; physical role=L3; expression=second from the right; target=airplane toy with propellers,ordering_n4_l3_airplane_toy_with_propellers_explicit,selected sequence-length × physical ordinal role × target-identity cells listed on Holdout Map,Yes,Replace prompt only,"Prompt-only relabeling; preserve episode 637 video, scene, trajectory, target, and start position.","blue tape ball, green highlighter, airplane toy with propellers, yellow pen",airplane toy with propellers,Recovery,Move the airplane toy with propellers into the bowl.,,Explicitly grounds ordinal role L3 at sequence length 4 with airplane toy with propellers; selected object-role cells are masked instead of withholding an ordinal word or output position.,4.0,637,254,justintiensmith/VLA_Benchmark_Prompted_1200,637,False,justintiensmith/VLA_Benchmark_Prompted_1200,637,
638,Ordering/Sequencing,Pick up the object that is fourth from the left and place it in the bowl.,Explicit ordinal grounding,n=4; physical role=L4; expression=fourth from the left; target=airplane toy with propellers,ordering_n4_l4_airplane_toy_with_propellers_explicit,selected sequence-length × physical ordinal role × target-identity cells listed on Holdout Map,Yes,Replace prompt only,"Prompt-only relabeling; preserve episode 638 video, scene, trajectory, target, and start position.","blue tape ball, green highlighter, yellow pen, airplane toy with propellers",airplane toy with propellers,Home,Put the airplane toy with propellers in the bowl.,,Explicitly grounds ordinal role L4 at sequence length 4 with airplane toy with propellers; selected object-role cells are masked instead of withholding an ordinal word or output position.,4.0,638,260,justintiensmith/VLA_Benchmark_Prompted_1200,638,False,justintiensmith/VLA_Benchmark_Prompted_1200,638,
639,Ordering/Sequencing,Move the first from the right object into the bowl.,Explicit ordinal grounding,n=4; physical role=L4; expression=first from the right; target=airplane toy with propellers,ordering_n4_l4_airplane_toy_with_propellers_explicit,selected sequence-length × physical ordinal role × target-identity cells listed on Holdout Map,Yes,Replace prompt only,"Prompt-only relabeling; preserve episode 639 video, scene, trajectory, target, and start position.","blue tape ball, yellow pen, green highlighter, airplane toy with propellers",airplane toy with propellers,Home,Pick up the airplane toy with propellers and place it in the bowl.,,Explicitly grounds ordinal role L4 at sequence length 4 with airplane toy with propellers; selected object-role cells are masked instead of withholding an ordinal word or output position.,4.0,639,261,justintiensmith/VLA_Benchmark_Prompted_1200,639,False,justintiensmith/VLA_Benchmark_Prompted_1200,639,
640,Ordering/Sequencing,Put the object that is fourth from the left in the bowl.,Explicit ordinal grounding,n=4; physical role=L4; expression=fourth from the left; target=airplane toy with propellers,ordering_n4_l4_airplane_toy_with_propellers_explicit,selected sequence-length × physical ordinal role × target-identity cells listed on Holdout Map,Yes,Replace prompt only,"Prompt-only relabeling; preserve episode 640 video, scene, trajectory, target, and start position.","green highlighter, blue tape ball, yellow pen, airplane toy with propellers",airplane toy with propellers,Home,Move the airplane toy with propellers into the bowl.,,Explicitly grounds ordinal role L4 at sequence length 4 with airplane toy with propellers; selected object-role cells are masked instead of withholding an ordinal word or output position.,4.0,640,262,justintiensmith/VLA_Benchmark_Prompted_1200,640,False,justintiensmith/VLA_Benchmark_Prompted_1200,640,
641,Ordering/Sequencing,Pick up the object that is first from the right and place it in the bowl.,Explicit ordinal grounding,n=4; physical role=L4; expression=first from the right; target=airplane toy with propellers,ordering_n4_l4_airplane_toy_with_propellers_explicit,selected sequence-length × physical ordinal role × target-identity cells listed on Holdout Map,Yes,Replace prompt only,"Prompt-only relabeling; preserve episode 641 video, scene, trajectory, target, and start position.","green highlighter, yellow pen, blue tape ball, airplane toy with propellers",airplane toy with propellers,Home,Put the airplane toy with propellers in the bowl.,,Explicitly grounds ordinal role L4 at sequence length 4 with airplane toy with propellers; selected object-role cells are masked instead of withholding an ordinal word or output position.,4.0,641,263,justintiensmith/VLA_Benchmark_Prompted_1200,641,False,justintiensmith/VLA_Benchmark_Prompted_1200,641,
642,Ordering/Sequencing,Move the fourth from the left object into the bowl.,Explicit ordinal grounding,n=4; physical role=L4; expression=fourth from the left; target=airplane toy with propellers,ordering_n4_l4_airplane_toy_with_propellers_explicit,selected sequence-length × physical ordinal role × target-identity cells listed on Holdout Map,Yes,Replace prompt only,"Prompt-only relabeling; preserve episode 642 video, scene, trajectory, target, and start position.","yellow pen, blue tape ball, green highlighter, airplane toy with propellers",airplane toy with propellers,Home,Pick up the airplane toy with propellers and place it in the bowl.,,Explicitly grounds ordinal role L4 at sequence length 4 with airplane toy with propellers; selected object-role cells are masked instead of withholding an ordinal word or output position.,4.0,642,264,justintiensmith/VLA_Benchmark_Prompted_1200,642,False,justintiensmith/VLA_Benchmark_Prompted_1200,642,
643,Ordering/Sequencing,Put the object that is first from the right in the bowl.,Explicit ordinal grounding,n=4; physical role=L4; expression=first from the right; target=airplane toy with propellers,ordering_n4_l4_airplane_toy_with_propellers_explicit,selected sequence-length × physical ordinal role × target-identity cells listed on Holdout Map,Yes,Replace prompt only,"Prompt-only relabeling; preserve episode 643 video, scene, trajectory, target, and start position.","yellow pen, green highlighter, blue tape ball, airplane toy with propellers",airplane toy with propellers,Home,Move the airplane toy with propellers into the bowl.,,Explicitly grounds ordinal role L4 at sequence length 4 with airplane toy with propellers; selected object-role cells are masked instead of withholding an ordinal word or output position.,4.0,643,265,justintiensmith/VLA_Benchmark_Prompted_1200,643,False,justintiensmith/VLA_Benchmark_Prompted_1200,643,
644,Ordering/Sequencing,Pick up the object that is fourth from the left and place it in the bowl.,Explicit ordinal grounding,n=4; physical role=L4; expression=fourth from the left; target=airplane toy with propellers,ordering_n4_l4_airplane_toy_with_propellers_explicit,selected sequence-length × physical ordinal role × target-identity cells listed on Holdout Map,Yes,Replace prompt only,"Prompt-only relabeling; preserve episode 644 video, scene, trajectory, target, and start position.","blue tape ball, green highlighter, yellow pen, airplane toy with propellers",airplane toy with propellers,Home,Put the airplane toy with propellers in the bowl.,,Explicitly grounds ordinal role L4 at sequence length 4 with airplane toy with propellers; selected object-role cells are masked instead of withholding an ordinal word or output position.,4.0,644,260,justintiensmith/VLA_Benchmark_Prompted_1200,644,False,justintiensmith/VLA_Benchmark_Prompted_1200,644,
645,Ordering/Sequencing,Move the first from the right object into the bowl.,Explicit ordinal grounding,n=4; physical role=L4; expression=first from the right; target=airplane toy with propellers,ordering_n4_l4_airplane_toy_with_propellers_explicit,selected sequence-length × physical ordinal role × target-identity cells listed on Holdout Map,Yes,Replace prompt only,"Prompt-only relabeling; preserve episode 645 video, scene, trajectory, target, and start position.","blue tape ball, yellow pen, green highlighter, airplane toy with propellers",airplane toy with propellers,Home,Pick up the airplane toy with propellers and place it in the bowl.,,Explicitly grounds ordinal role L4 at sequence length 4 with airplane toy with propellers; selected object-role cells are masked instead of withholding an ordinal word or output position.,4.0,645,261,justintiensmith/VLA_Benchmark_Prompted_1200,645,False,justintiensmith/VLA_Benchmark_Prompted_1200,645,
646,Ordering/Sequencing,Put the object that is fourth from the left in the bowl.,Explicit ordinal grounding,n=4; physical role=L4; expression=fourth from the left; target=airplane toy with propellers,ordering_n4_l4_airplane_toy_with_propellers_explicit,selected sequence-length × physical ordinal role × target-identity cells listed on Holdout Map,Yes,Replace prompt only,"Prompt-only relabeling; preserve episode 646 video, scene, trajectory, target, and start position.","green highlighter, blue tape ball, yellow pen, airplane toy with propellers",airplane toy with propellers,Home,Move the airplane toy with propellers into the bowl.,,Explicitly grounds ordinal role L4 at sequence length 4 with airplane toy with propellers; selected object-role cells are masked instead of withholding an ordinal word or output position.,4.0,646,262,justintiensmith/VLA_Benchmark_Prompted_1200,646,False,justintiensmith/VLA_Benchmark_Prompted_1200,646,
647,Ordering/Sequencing,Pick up the object that is first from the right and place it in the bowl.,Explicit ordinal grounding,n=4; physical role=L4; expression=first from the right; target=airplane toy with propellers,ordering_n4_l4_airplane_toy_with_propellers_explicit,selected sequence-length × physical ordinal role × target-identity cells listed on Holdout Map,Yes,Replace prompt only,"Prompt-only relabeling; preserve episode 647 video, scene, trajectory, target, and start position.","green highlighter, yellow pen, blue tape ball, airplane toy with propellers",airplane toy with propellers,Home,Put the airplane toy with propellers in the bowl.,,Explicitly grounds ordinal role L4 at sequence length 4 with airplane toy with propellers; selected object-role cells are masked instead of withholding an ordinal word or output position.,4.0,647,263,justintiensmith/VLA_Benchmark_Prompted_1200,647,False,justintiensmith/VLA_Benchmark_Prompted_1200,647,
648,Ordering/Sequencing,Move the fourth from the left object into the bowl.,Explicit ordinal grounding,n=4; physical role=L4; expression=fourth from the left; target=airplane toy with propellers,ordering_n4_l4_airplane_toy_with_propellers_explicit,selected sequence-length × physical ordinal role × target-identity cells listed on Holdout Map,Yes,Replace prompt only,"Prompt-only relabeling; preserve episode 648 video, scene, trajectory, target, and start position.","yellow pen, blue tape ball, green highlighter, airplane toy with propellers",airplane toy with propellers,Recovery,Pick up the airplane toy with propellers and place it in the bowl.,,Explicitly grounds ordinal role L4 at sequence length 4 with airplane toy with propellers; selected object-role cells are masked instead of withholding an ordinal word or output position.,4.0,648,264,justintiensmith/VLA_Benchmark_Prompted_1200,648,False,justintiensmith/VLA_Benchmark_Prompted_1200,648,
649,Ordering/Sequencing,Put the object that is first from the right in the bowl.,Explicit ordinal grounding,n=4; physical role=L4; expression=first from the right; target=airplane toy with propellers,ordering_n4_l4_airplane_toy_with_propellers_explicit,selected sequence-length × physical ordinal role × target-identity cells listed on Holdout Map,Yes,Replace prompt only,"Prompt-only relabeling; preserve episode 649 video, scene, trajectory, target, and start position.","yellow pen, green highlighter, blue tape ball, airplane toy with propellers",airplane toy with propellers,Recovery,Move the airplane toy with propellers into the bowl.,,Explicitly grounds ordinal role L4 at sequence length 4 with airplane toy with propellers; selected object-role cells are masked instead of withholding an ordinal word or output position.,4.0,649,265,justintiensmith/VLA_Benchmark_Prompted_1200,649,False,justintiensmith/VLA_Benchmark_Prompted_1200,649,
650,Ordering/Sequencing,Move the fourth item counted from the right into the bowl.,Explicit ordinal grounding,n=4; physical role=L1; expression=fourth from the right; target=blue tape ball,ordering_n4_l1_blue_tape_ball_explicit,selected sequence-length × physical ordinal role × target-identity cells listed on Holdout Map,No,Keep prompt,No prompt change required under the missing-cell design.,"blue tape ball, airplane toy with propellers, green highlighter, yellow pen",blue tape ball,Home,Move the fourth item counted from the right into the bowl.,,Explicitly grounds ordinal role L1 at sequence length 4 with blue tape ball; selected object-role cells are masked instead of withholding an ordinal word or output position.,4.0,650,266,justintiensmith/VLA_Benchmark_Prompted_1200,650,False,justintiensmith/VLA_Benchmark_Prompted_1200,650,
651,Ordering/Sequencing,Pick up the object that is first from the left and place it in the bowl.,Explicit ordinal grounding,n=4; physical role=L1; expression=first from the left; target=blue tape ball,ordering_n4_l1_blue_tape_ball_explicit,selected sequence-length × physical ordinal role × target-identity cells listed on Holdout Map,No,Keep prompt,No prompt change required under the missing-cell design.,"blue tape ball, airplane toy with propellers, yellow pen, green highlighter",blue tape ball,Home,Pick up the object that is first from the left and place it in the bowl.,,Explicitly grounds ordinal role L1 at sequence length 4 with blue tape ball; selected object-role cells are masked instead of withholding an ordinal word or output position.,4.0,651,267,justintiensmith/VLA_Benchmark_Prompted_1200,651,False,justintiensmith/VLA_Benchmark_Prompted_1200,651,
652,Ordering/Sequencing,Put the fourth object from the right in the bowl.,Explicit ordinal grounding,n=4; physical role=L1; expression=fourth from the right; target=blue tape ball,ordering_n4_l1_blue_tape_ball_explicit,selected sequence-length × physical ordinal role × target-identity cells listed on Holdout Map,No,Keep prompt,No prompt change required under the missing-cell design.,"blue tape ball, green highlighter, airplane toy with propellers, yellow pen",blue tape ball,Home,Put the fourth object from the right in the bowl.,,Explicitly grounds ordinal role L1 at sequence length 4 with blue tape ball; selected object-role cells are masked instead of withholding an ordinal word or output position.,4.0,652,268,justintiensmith/VLA_Benchmark_Prompted_1200,652,False,justintiensmith/VLA_Benchmark_Prompted_1200,652,
653,Ordering/Sequencing,Pick up the object that is first from the left and place it in the bowl.,Explicit ordinal grounding,n=4; physical role=L1; expression=first from the left; target=blue tape ball,ordering_n4_l1_blue_tape_ball_explicit,selected sequence-length × physical ordinal role × target-identity cells listed on Holdout Map,No,Keep prompt,No prompt change required under the missing-cell design.,"blue tape ball, green highlighter, yellow pen, airplane toy with propellers",blue tape ball,Home,Pick up the object that is first from the left and place it in the bowl.,,Explicitly grounds ordinal role L1 at sequence length 4 with blue tape ball; selected object-role cells are masked instead of withholding an ordinal word or output position.,4.0,653,267,justintiensmith/VLA_Benchmark_Prompted_1200,653,False,justintiensmith/VLA_Benchmark_Prompted_1200,653,
654,Ordering/Sequencing,Move the blue tape ball into the bowl.,Masked ordinal-role × target-identity composition,n=3; physical role=L1; direct identity=blue tape ball,ordering_n3_l1_blue_tape_ball_masked,selected sequence-length × physical ordinal role × target-identity cells listed on Holdout Map,Yes,Replace prompt only,"Prompt-only relabeling; preserve episode 654 video, scene, trajectory, target, and start position.","blue tape ball, yellow pen, airplane toy with propellers",blue tape ball,Home,Put the third object from the right in the bowl.,Move the first from the left object into the bowl. | Put the object that is third from the right in the bowl.,"Both logically equivalent ordinal descriptions of L1 are withheld for blue tape ball at sequence length 3, while the same trajectory remains under a direct-name instruction.",3.0,654,269,justintiensmith/VLA_Benchmark_Prompted_1200,654,False,justintiensmith/VLA_Benchmark_Prompted_1200,654,
655,Ordering/Sequencing,Put the blue tape ball in the bowl.,Masked ordinal-role × target-identity composition,n=3; physical role=L1; direct identity=blue tape ball,ordering_n3_l1_blue_tape_ball_masked,selected sequence-length × physical ordinal role × target-identity cells listed on Holdout Map,Yes,Replace prompt only,"Prompt-only relabeling; preserve episode 655 video, scene, trajectory, target, and start position.","blue tape ball, yellow pen, green highlighter",blue tape ball,Home,Pick up the object that is third from the right and place it in the bowl.,Put the object that is first from the left in the bowl. | Pick up the object that is third from the right and place it in the bowl.,"Both logically equivalent ordinal descriptions of L1 are withheld for blue tape ball at sequence length 3, while the same trajectory remains under a direct-name instruction.",3.0,655,270,justintiensmith/VLA_Benchmark_Prompted_1200,655,False,justintiensmith/VLA_Benchmark_Prompted_1200,655,
656,Ordering/Sequencing,Pick up the blue tape ball and place it in the bowl.,Masked ordinal-role × target-identity composition,n=3; physical role=L1; direct identity=blue tape ball,ordering_n3_l1_blue_tape_ball_masked,selected sequence-length × physical ordinal role × target-identity cells listed on Holdout Map,Yes,Replace prompt only,"Prompt-only relabeling; preserve episode 656 video, scene, trajectory, target, and start position.","blue tape ball, airplane toy with propellers, green highlighter",blue tape ball,Home,Pick up the object that is first from the left and place it in the bowl.,Pick up the object that is first from the left and place it in the bowl. | Move the third from the right object into the bowl.,"Both logically equivalent ordinal descriptions of L1 are withheld for blue tape ball at sequence length 3, while the same trajectory remains under a direct-name instruction.",3.0,656,271,justintiensmith/VLA_Benchmark_Prompted_1200,656,False,justintiensmith/VLA_Benchmark_Prompted_1200,656,
657,Ordering/Sequencing,Move the blue tape ball into the bowl.,Masked ordinal-role × target-identity composition,n=3; physical role=L1; direct identity=blue tape ball,ordering_n3_l1_blue_tape_ball_masked,selected sequence-length × physical ordinal role × target-identity cells listed on Holdout Map,Yes,Replace prompt only,"Prompt-only relabeling; preserve episode 657 video, scene, trajectory, target, and start position.","blue tape ball, green highlighter, airplane toy with propellers",blue tape ball,Home,Put the third object from the right in the bowl.,Move the first from the left object into the bowl. | Put the object that is third from the right in the bowl.,"Both logically equivalent ordinal descriptions of L1 are withheld for blue tape ball at sequence length 3, while the same trajectory remains under a direct-name instruction.",3.0,657,269,justintiensmith/VLA_Benchmark_Prompted_1200,657,False,justintiensmith/VLA_Benchmark_Prompted_1200,657,
658,Ordering/Sequencing,Put the second object from the right in the bowl.,Explicit ordinal grounding,n=2; physical role=L1; expression=second from the right; target=blue tape ball,ordering_n2_l1_blue_tape_ball_explicit,selected sequence-length × physical ordinal role × target-identity cells listed on Holdout Map,No,Keep prompt,No prompt change required under the missing-cell design.,"blue tape ball, airplane toy with propellers",blue tape ball,Home,Put the second object from the right in the bowl.,,Explicitly grounds ordinal role L1 at sequence length 2 with blue tape ball; selected object-role cells are masked instead of withholding an ordinal word or output position.,2.0,658,272,justintiensmith/VLA_Benchmark_Prompted_1200,658,False,justintiensmith/VLA_Benchmark_Prompted_1200,658,
659,Ordering/Sequencing,Pick up the object that is second from the right and place it in the bowl.,Explicit ordinal grounding,n=2; physical role=L1; expression=second from the right; target=blue tape ball,ordering_n2_l1_blue_tape_ball_explicit,selected sequence-length × physical ordinal role × target-identity cells listed on Holdout Map,No,Keep prompt,No prompt change required under the missing-cell design.,"blue tape ball, green highlighter",blue tape ball,Home,Pick up the object that is second from the right and place it in the bowl.,,Explicitly grounds ordinal role L1 at sequence length 2 with blue tape ball; selected object-role cells are masked instead of withholding an ordinal word or output position.,2.0,659,258,justintiensmith/VLA_Benchmark_Prompted_1200,659,False,justintiensmith/VLA_Benchmark_Prompted_1200,659,
660,Ordering/Sequencing,Put the second object from the right in the bowl.,Explicit ordinal grounding,n=2; physical role=L1; expression=second from the right; target=blue tape ball,ordering_n2_l1_blue_tape_ball_explicit,selected sequence-length × physical ordinal role × target-identity cells listed on Holdout Map,No,Keep prompt,No prompt change required under the missing-cell design.,"blue tape ball, yellow pen",blue tape ball,Recovery,Put the second object from the right in the bowl.,,Explicitly grounds ordinal role L1 at sequence length 2 with blue tape ball; selected object-role cells are masked instead of withholding an ordinal word or output position.,2.0,660,272,justintiensmith/VLA_Benchmark_Prompted_1200,660,False,justintiensmith/VLA_Benchmark_Prompted_1200,660,
661,Ordering/Sequencing,Put the first object from the left in the bowl.,Explicit ordinal grounding,n=2; physical role=L1; expression=first from the left; target=blue tape ball,ordering_n2_l1_blue_tape_ball_explicit,selected sequence-length × physical ordinal role × target-identity cells listed on Holdout Map,No,Keep prompt,No prompt change required under the missing-cell design.,"blue tape ball, airplane toy with propellers",blue tape ball,Recovery,Put the first object from the left in the bowl.,,Explicitly grounds ordinal role L1 at sequence length 2 with blue tape ball; selected object-role cells are masked instead of withholding an ordinal word or output position.,2.0,661,273,justintiensmith/VLA_Benchmark_Prompted_1200,661,False,justintiensmith/VLA_Benchmark_Prompted_1200,661,
662,Ordering/Sequencing,Pick up the blue tape ball and place it in the bowl.,Masked ordinal-role × target-identity composition,n=4; physical role=L2; direct identity=blue tape ball,ordering_n4_l2_blue_tape_ball_masked,selected sequence-length × physical ordinal role × target-identity cells listed on Holdout Map,Yes,Replace prompt only,"Prompt-only relabeling; preserve episode 662 video, scene, trajectory, target, and start position.","airplane toy with propellers, blue tape ball, green highlighter, yellow pen",blue tape ball,Home,Pick up the object that is second from the left and place it in the bowl.,Pick up the object that is second from the left and place it in the bowl. | Move the third from the right object into the bowl.,"Both logically equivalent ordinal descriptions of L2 are withheld for blue tape ball at sequence length 4, while the same trajectory remains under a direct-name instruction.",4.0,662,271,justintiensmith/VLA_Benchmark_Prompted_1200,662,False,justintiensmith/VLA_Benchmark_Prompted_1200,662,
663,Ordering/Sequencing,Move the blue tape ball into the bowl.,Masked ordinal-role × target-identity composition,n=4; physical role=L2; direct identity=blue tape ball,ordering_n4_l2_blue_tape_ball_masked,selected sequence-length × physical ordinal role × target-identity cells listed on Holdout Map,Yes,Replace prompt only,"Prompt-only relabeling; preserve episode 663 video, scene, trajectory, target, and start position.","airplane toy with propellers, blue tape ball, yellow pen, green highlighter",blue tape ball,Home,Move the second item counted from the left into the bowl.,Move the second from the left object into the bowl. | Put the object that is third from the right in the bowl.,"Both logically equivalent ordinal descriptions of L2 are withheld for blue tape ball at sequence length 4, while the same trajectory remains under a direct-name instruction.",4.0,663,269,justintiensmith/VLA_Benchmark_Prompted_1200,663,False,justintiensmith/VLA_Benchmark_Prompted_1200,663,
664,Ordering/Sequencing,Put the blue tape ball in the bowl.,Masked ordinal-role × target-identity composition,n=4; physical role=L2; direct identity=blue tape ball,ordering_n4_l2_blue_tape_ball_masked,selected sequence-length × physical ordinal role × target-identity cells listed on Holdout Map,Yes,Replace prompt only,"Prompt-only relabeling; preserve episode 664 video, scene, trajectory, target, and start position.","green highlighter, blue tape ball, airplane toy with propellers, yellow pen",blue tape ball,Home,Move the second item counted from the left into the bowl.,Put the object that is second from the left in the bowl. | Pick up the object that is third from the right and place it in the bowl.,"Both logically equivalent ordinal descriptions of L2 are withheld for blue tape ball at sequence length 4, while the same trajectory remains under a direct-name instruction.",4.0,664,270,justintiensmith/VLA_Benchmark_Prompted_1200,664,False,justintiensmith/VLA_Benchmark_Prompted_1200,664,
665,Ordering/Sequencing,Pick up the blue tape ball and place it in the bowl.,Masked ordinal-role × target-identity composition,n=4; physical role=L2; direct identity=blue tape ball,ordering_n4_l2_blue_tape_ball_masked,selected sequence-length × physical ordinal role × target-identity cells listed on Holdout Map,Yes,Replace prompt only,"Prompt-only relabeling; preserve episode 665 video, scene, trajectory, target, and start position.","green highlighter, blue tape ball, yellow pen, airplane toy with propellers",blue tape ball,Home,Pick up the object that is second from the left and place it in the bowl.,Pick up the object that is second from the left and place it in the bowl. | Move the third from the right object into the bowl.,"Both logically equivalent ordinal descriptions of L2 are withheld for blue tape ball at sequence length 4, while the same trajectory remains under a direct-name instruction.",4.0,665,271,justintiensmith/VLA_Benchmark_Prompted_1200,665,False,justintiensmith/VLA_Benchmark_Prompted_1200,665,
666,Ordering/Sequencing,Move the blue tape ball into the bowl.,Masked ordinal-role × target-identity composition,n=4; physical role=L2; direct identity=blue tape ball,ordering_n4_l2_blue_tape_ball_masked,selected sequence-length × physical ordinal role × target-identity cells listed on Holdout Map,Yes,Replace prompt only,"Prompt-only relabeling; preserve episode 666 video, scene, trajectory, target, and start position.","yellow pen, blue tape ball, airplane toy with propellers, green highlighter",blue tape ball,Home,Pick up the object that is third from the right and place it in the bowl.,Move the second from the left object into the bowl. | Put the object that is third from the right in the bowl.,"Both logically equivalent ordinal descriptions of L2 are withheld for blue tape ball at sequence length 4, while the same trajectory remains under a direct-name instruction.",4.0,666,269,justintiensmith/VLA_Benchmark_Prompted_1200,666,False,justintiensmith/VLA_Benchmark_Prompted_1200,666,
667,Ordering/Sequencing,Put the blue tape ball in the bowl.,Masked ordinal-role × target-identity composition,n=4; physical role=L2; direct identity=blue tape ball,ordering_n4_l2_blue_tape_ball_masked,selected sequence-length × physical ordinal role × target-identity cells listed on Holdout Map,Yes,Replace prompt only,"Prompt-only relabeling; preserve episode 667 video, scene, trajectory, target, and start position.","yellow pen, blue tape ball, green highlighter, airplane toy with propellers",blue tape ball,Home,Move the second item counted from the left into the bowl.,Put the object that is second from the left in the bowl. | Pick up the object that is third from the right and place it in the bowl.,"Both logically equivalent ordinal descriptions of L2 are withheld for blue tape ball at sequence length 4, while the same trajectory remains under a direct-name instruction.",4.0,667,270,justintiensmith/VLA_Benchmark_Prompted_1200,667,False,justintiensmith/VLA_Benchmark_Prompted_1200,667,
668,Ordering/Sequencing,Pick up the blue tape ball and place it in the bowl.,Masked ordinal-role × target-identity composition,n=2; physical role=L2; direct identity=blue tape ball,ordering_n2_l2_blue_tape_ball_masked,selected sequence-length × physical ordinal role × target-identity cells listed on Holdout Map,Yes,Replace prompt only,"Prompt-only relabeling; preserve episode 668 video, scene, trajectory, target, and start position.","airplane toy with propellers, blue tape ball",blue tape ball,Home,Put the second object from the left in the bowl.,Pick up the object that is second from the left and place it in the bowl. | Move the first from the right object into the bowl.,"Both logically equivalent ordinal descriptions of L2 are withheld for blue tape ball at sequence length 2, while the same trajectory remains under a direct-name instruction.",2.0,668,271,justintiensmith/VLA_Benchmark_Prompted_1200,668,False,justintiensmith/VLA_Benchmark_Prompted_1200,668,
669,Ordering/Sequencing,Move the blue tape ball into the bowl.,Masked ordinal-role × target-identity composition,n=2; physical role=L2; direct identity=blue tape ball,ordering_n2_l2_blue_tape_ball_masked,selected sequence-length × physical ordinal role × target-identity cells listed on Holdout Map,Yes,Replace prompt only,"Prompt-only relabeling; preserve episode 669 video, scene, trajectory, target, and start position.","green highlighter, blue tape ball",blue tape ball,Home,Pick up the object that is second from the left and place it in the bowl.,Move the second from the left object into the bowl. | Put the object that is first from the right in the bowl.,"Both logically equivalent ordinal descriptions of L2 are withheld for blue tape ball at sequence length 2, while the same trajectory remains under a direct-name instruction.",2.0,669,269,justintiensmith/VLA_Benchmark_Prompted_1200,669,False,justintiensmith/VLA_Benchmark_Prompted_1200,669,
670,Ordering/Sequencing,Put the blue tape ball in the bowl.,Masked ordinal-role × target-identity composition,n=2; physical role=L2; direct identity=blue tape ball,ordering_n2_l2_blue_tape_ball_masked,selected sequence-length × physical ordinal role × target-identity cells listed on Holdout Map,Yes,Replace prompt only,"Prompt-only relabeling; preserve episode 670 video, scene, trajectory, target, and start position.","yellow pen, blue tape ball",blue tape ball,Home,Move the second item counted from the left into the bowl.,Put the object that is second from the left in the bowl. | Pick up the object that is first from the right and place it in the bowl.,"Both logically equivalent ordinal descriptions of L2 are withheld for blue tape ball at sequence length 2, while the same trajectory remains under a direct-name instruction.",2.0,670,270,justintiensmith/VLA_Benchmark_Prompted_1200,670,False,justintiensmith/VLA_Benchmark_Prompted_1200,670,
671,Ordering/Sequencing,Pick up the blue tape ball and place it in the bowl.,Masked ordinal-role × target-identity composition,n=2; physical role=L2; direct identity=blue tape ball,ordering_n2_l2_blue_tape_ball_masked,selected sequence-length × physical ordinal role × target-identity cells listed on Holdout Map,Yes,Replace prompt only,"Prompt-only relabeling; preserve episode 671 video, scene, trajectory, target, and start position.","airplane toy with propellers, blue tape ball",blue tape ball,Home,Put the second object from the left in the bowl.,Pick up the object that is second from the left and place it in the bowl. | Move the first from the right object into the bowl.,"Both logically equivalent ordinal descriptions of L2 are withheld for blue tape ball at sequence length 2, while the same trajectory remains under a direct-name instruction.",2.0,671,271,justintiensmith/VLA_Benchmark_Prompted_1200,671,False,justintiensmith/VLA_Benchmark_Prompted_1200,671,
672,Ordering/Sequencing,Move the blue tape ball into the bowl.,Masked ordinal-role × target-identity composition,n=2; physical role=L2; direct identity=blue tape ball,ordering_n2_l2_blue_tape_ball_masked,selected sequence-length × physical ordinal role × target-identity cells listed on Holdout Map,Yes,Replace prompt only,"Prompt-only relabeling; preserve episode 672 video, scene, trajectory, target, and start position.","green highlighter, blue tape ball",blue tape ball,Recovery,Put the second object from the left in the bowl.,Move the second from the left object into the bowl. | Put the object that is first from the right in the bowl.,"Both logically equivalent ordinal descriptions of L2 are withheld for blue tape ball at sequence length 2, while the same trajectory remains under a direct-name instruction.",2.0,672,269,justintiensmith/VLA_Benchmark_Prompted_1200,672,False,justintiensmith/VLA_Benchmark_Prompted_1200,672,
673,Ordering/Sequencing,Put the blue tape ball in the bowl.,Masked ordinal-role × target-identity composition,n=2; physical role=L2; direct identity=blue tape ball,ordering_n2_l2_blue_tape_ball_masked,selected sequence-length × physical ordinal role × target-identity cells listed on Holdout Map,Yes,Replace prompt only,"Prompt-only relabeling; preserve episode 673 video, scene, trajectory, target, and start position.","yellow pen, blue tape ball",blue tape ball,Recovery,Pick up the object that is second from the left and place it in the bowl.,Put the object that is second from the left in the bowl. | Pick up the object that is first from the right and place it in the bowl.,"Both logically equivalent ordinal descriptions of L2 are withheld for blue tape ball at sequence length 2, while the same trajectory remains under a direct-name instruction.",2.0,673,270,justintiensmith/VLA_Benchmark_Prompted_1200,673,False,justintiensmith/VLA_Benchmark_Prompted_1200,673,
674,Ordering/Sequencing,Pick up the blue tape ball and place it in the bowl.,Masked ordinal-role × target-identity composition,n=4; physical role=L2; direct identity=blue tape ball,ordering_n4_l2_blue_tape_ball_masked,selected sequence-length × physical ordinal role × target-identity cells listed on Holdout Map,Yes,Replace prompt only,"Prompt-only relabeling; preserve episode 674 video, scene, trajectory, target, and start position.","airplane toy with propellers, blue tape ball, green highlighter, yellow pen",blue tape ball,Recovery,Move the third item counted from the right into the bowl.,Pick up the object that is second from the left and place it in the bowl. | Move the third from the right object into the bowl.,"Both logically equivalent ordinal descriptions of L2 are withheld for blue tape ball at sequence length 4, while the same trajectory remains under a direct-name instruction.",4.0,674,271,justintiensmith/VLA_Benchmark_Prompted_1200,674,False,justintiensmith/VLA_Benchmark_Prompted_1200,674,
675,Ordering/Sequencing,Move the second from the right object into the bowl.,Explicit ordinal grounding,n=4; physical role=L3; expression=second from the right; target=blue tape ball,ordering_n4_l3_blue_tape_ball_explicit,selected sequence-length × physical ordinal role × target-identity cells listed on Holdout Map,Yes,Replace prompt only,"Prompt-only relabeling; preserve episode 675 video, scene, trajectory, target, and start position.","airplane toy with propellers, green highlighter, blue tape ball, yellow pen",blue tape ball,Home,Pick up the blue tape ball and place it in the bowl.,,Explicitly grounds ordinal role L3 at sequence length 4 with blue tape ball; selected object-role cells are masked instead of withholding an ordinal word or output position.,4.0,675,256,justintiensmith/VLA_Benchmark_Prompted_1200,675,False,justintiensmith/VLA_Benchmark_Prompted_1200,675,
676,Ordering/Sequencing,Put the object that is third from the left in the bowl.,Explicit ordinal grounding,n=4; physical role=L3; expression=third from the left; target=blue tape ball,ordering_n4_l3_blue_tape_ball_explicit,selected sequence-length × physical ordinal role × target-identity cells listed on Holdout Map,Yes,Replace prompt only,"Prompt-only relabeling; preserve episode 676 video, scene, trajectory, target, and start position.","airplane toy with propellers, yellow pen, blue tape ball, green highlighter",blue tape ball,Home,Move the blue tape ball into the bowl.,,Explicitly grounds ordinal role L3 at sequence length 4 with blue tape ball; selected object-role cells are masked instead of withholding an ordinal word or output position.,4.0,676,257,justintiensmith/VLA_Benchmark_Prompted_1200,676,False,justintiensmith/VLA_Benchmark_Prompted_1200,676,
677,Ordering/Sequencing,Pick up the object that is second from the right and place it in the bowl.,Explicit ordinal grounding,n=4; physical role=L3; expression=second from the right; target=blue tape ball,ordering_n4_l3_blue_tape_ball_explicit,selected sequence-length × physical ordinal role × target-identity cells listed on Holdout Map,Yes,Replace prompt only,"Prompt-only relabeling; preserve episode 677 video, scene, trajectory, target, and start position.","green highlighter, airplane toy with propellers, blue tape ball, yellow pen",blue tape ball,Home,Put the blue tape ball in the bowl.,,Explicitly grounds ordinal role L3 at sequence length 4 with blue tape ball; selected object-role cells are masked instead of withholding an ordinal word or output position.,4.0,677,258,justintiensmith/VLA_Benchmark_Prompted_1200,677,False,justintiensmith/VLA_Benchmark_Prompted_1200,677,
678,Ordering/Sequencing,Move the third from the left object into the bowl.,Explicit ordinal grounding,n=4; physical role=L3; expression=third from the left; target=blue tape ball,ordering_n4_l3_blue_tape_ball_explicit,selected sequence-length × physical ordinal role × target-identity cells listed on Holdout Map,Yes,Replace prompt only,"Prompt-only relabeling; preserve episode 678 video, scene, trajectory, target, and start position.","green highlighter, yellow pen, blue tape ball, airplane toy with propellers",blue tape ball,Home,Pick up the blue tape ball and place it in the bowl.,,Explicitly grounds ordinal role L3 at sequence length 4 with blue tape ball; selected object-role cells are masked instead of withholding an ordinal word or output position.,4.0,678,259,justintiensmith/VLA_Benchmark_Prompted_1200,678,False,justintiensmith/VLA_Benchmark_Prompted_1200,678,
679,Ordering/Sequencing,Put the object that is first from the right in the bowl.,Explicit ordinal grounding,n=3; physical role=L3; expression=first from the right; target=blue tape ball,ordering_n3_l3_blue_tape_ball_explicit,selected sequence-length × physical ordinal role × target-identity cells listed on Holdout Map,Yes,Replace prompt only,"Prompt-only relabeling; preserve episode 679 video, scene, trajectory, target, and start position.","airplane toy with propellers, green highlighter, blue tape ball",blue tape ball,Home,Pick up the blue tape ball and place it in the bowl.,,Explicitly grounds ordinal role L3 at sequence length 3 with blue tape ball; selected object-role cells are masked instead of withholding an ordinal word or output position.,3.0,679,265,justintiensmith/VLA_Benchmark_Prompted_1200,679,False,justintiensmith/VLA_Benchmark_Prompted_1200,679,
680,Ordering/Sequencing,Pick up the object that is third from the left and place it in the bowl.,Explicit ordinal grounding,n=3; physical role=L3; expression=third from the left; target=blue tape ball,ordering_n3_l3_blue_tape_ball_explicit,selected sequence-length × physical ordinal role × target-identity cells listed on Holdout Map,Yes,Replace prompt only,"Prompt-only relabeling; preserve episode 680 video, scene, trajectory, target, and start position.","airplane toy with propellers, yellow pen, blue tape ball",blue tape ball,Home,Move the blue tape ball into the bowl.,,Explicitly grounds ordinal role L3 at sequence length 3 with blue tape ball; selected object-role cells are masked instead of withholding an ordinal word or output position.,3.0,680,255,justintiensmith/VLA_Benchmark_Prompted_1200,680,False,justintiensmith/VLA_Benchmark_Prompted_1200,680,
681,Ordering/Sequencing,Move the first from the right object into the bowl.,Explicit ordinal grounding,n=3; physical role=L3; expression=first from the right; target=blue tape ball,ordering_n3_l3_blue_tape_ball_explicit,selected sequence-length × physical ordinal role × target-identity cells listed on Holdout Map,Yes,Replace prompt only,"Prompt-only relabeling; preserve episode 681 video, scene, trajectory, target, and start position.","green highlighter, airplane toy with propellers, blue tape ball",blue tape ball,Home,Move the blue tape ball into the bowl.,,Explicitly grounds ordinal role L3 at sequence length 3 with blue tape ball; selected object-role cells are masked instead of withholding an ordinal word or output position.,3.0,681,261,justintiensmith/VLA_Benchmark_Prompted_1200,681,False,justintiensmith/VLA_Benchmark_Prompted_1200,681,
682,Ordering/Sequencing,Put the object that is third from the left in the bowl.,Explicit ordinal grounding,n=3; physical role=L3; expression=third from the left; target=blue tape ball,ordering_n3_l3_blue_tape_ball_explicit,selected sequence-length × physical ordinal role × target-identity cells listed on Holdout Map,Yes,Replace prompt only,"Prompt-only relabeling; preserve episode 682 video, scene, trajectory, target, and start position.","green highlighter, yellow pen, blue tape ball",blue tape ball,Home,Pick up the blue tape ball and place it in the bowl.,,Explicitly grounds ordinal role L3 at sequence length 3 with blue tape ball; selected object-role cells are masked instead of withholding an ordinal word or output position.,3.0,682,257,justintiensmith/VLA_Benchmark_Prompted_1200,682,False,justintiensmith/VLA_Benchmark_Prompted_1200,682,
683,Ordering/Sequencing,Pick up the object that is first from the right and place it in the bowl.,Explicit ordinal grounding,n=3; physical role=L3; expression=first from the right; target=blue tape ball,ordering_n3_l3_blue_tape_ball_explicit,selected sequence-length × physical ordinal role × target-identity cells listed on Holdout Map,Yes,Replace prompt only,"Prompt-only relabeling; preserve episode 683 video, scene, trajectory, target, and start position.","yellow pen, airplane toy with propellers, blue tape ball",blue tape ball,Home,Put the blue tape ball in the bowl.,,Explicitly grounds ordinal role L3 at sequence length 3 with blue tape ball; selected object-role cells are masked instead of withholding an ordinal word or output position.,3.0,683,263,justintiensmith/VLA_Benchmark_Prompted_1200,683,False,justintiensmith/VLA_Benchmark_Prompted_1200,683,
684,Ordering/Sequencing,Move the third from the left object into the bowl.,Explicit ordinal grounding,n=3; physical role=L3; expression=third from the left; target=blue tape ball,ordering_n3_l3_blue_tape_ball_explicit,selected sequence-length × physical ordinal role × target-identity cells listed on Holdout Map,Yes,Replace prompt only,"Prompt-only relabeling; preserve episode 684 video, scene, trajectory, target, and start position.","yellow pen, green highlighter, blue tape ball",blue tape ball,Home,Put the blue tape ball in the bowl.,,Explicitly grounds ordinal role L3 at sequence length 3 with blue tape ball; selected object-role cells are masked instead of withholding an ordinal word or output position.,3.0,684,259,justintiensmith/VLA_Benchmark_Prompted_1200,684,False,justintiensmith/VLA_Benchmark_Prompted_1200,684,
685,Ordering/Sequencing,Put the object that is second from the right in the bowl.,Explicit ordinal grounding,n=4; physical role=L3; expression=second from the right; target=blue tape ball,ordering_n4_l3_blue_tape_ball_explicit,selected sequence-length × physical ordinal role × target-identity cells listed on Holdout Map,Yes,Replace prompt only,"Prompt-only relabeling; preserve episode 685 video, scene, trajectory, target, and start position.","yellow pen, airplane toy with propellers, blue tape ball, green highlighter",blue tape ball,Recovery,Move the blue tape ball into the bowl.,,Explicitly grounds ordinal role L3 at sequence length 4 with blue tape ball; selected object-role cells are masked instead of withholding an ordinal word or output position.,4.0,685,254,justintiensmith/VLA_Benchmark_Prompted_1200,685,False,justintiensmith/VLA_Benchmark_Prompted_1200,685,
686,Ordering/Sequencing,Pick up the object that is third from the left and place it in the bowl.,Explicit ordinal grounding,n=4; physical role=L3; expression=third from the left; target=blue tape ball,ordering_n4_l3_blue_tape_ball_explicit,selected sequence-length × physical ordinal role × target-identity cells listed on Holdout Map,Yes,Replace prompt only,"Prompt-only relabeling; preserve episode 686 video, scene, trajectory, target, and start position.","yellow pen, green highlighter, blue tape ball, airplane toy with propellers",blue tape ball,Recovery,Put the blue tape ball in the bowl.,,Explicitly grounds ordinal role L3 at sequence length 4 with blue tape ball; selected object-role cells are masked instead of withholding an ordinal word or output position.,4.0,686,255,justintiensmith/VLA_Benchmark_Prompted_1200,686,False,justintiensmith/VLA_Benchmark_Prompted_1200,686,
687,Ordering/Sequencing,Move the first from the right object into the bowl.,Explicit ordinal grounding,n=4; physical role=L4; expression=first from the right; target=blue tape ball,ordering_n4_l4_blue_tape_ball_explicit,selected sequence-length × physical ordinal role × target-identity cells listed on Holdout Map,Yes,Replace prompt only,"Prompt-only relabeling; preserve episode 687 video, scene, trajectory, target, and start position.","airplane toy with propellers, green highlighter, yellow pen, blue tape ball",blue tape ball,Home,Pick up the blue tape ball and place it in the bowl.,,Explicitly grounds ordinal role L4 at sequence length 4 with blue tape ball; selected object-role cells are masked instead of withholding an ordinal word or output position.,4.0,687,261,justintiensmith/VLA_Benchmark_Prompted_1200,687,False,justintiensmith/VLA_Benchmark_Prompted_1200,687,
688,Ordering/Sequencing,Put the object that is fourth from the left in the bowl.,Explicit ordinal grounding,n=4; physical role=L4; expression=fourth from the left; target=blue tape ball,ordering_n4_l4_blue_tape_ball_explicit,selected sequence-length × physical ordinal role × target-identity cells listed on Holdout Map,Yes,Replace prompt only,"Prompt-only relabeling; preserve episode 688 video, scene, trajectory, target, and start position.","airplane toy with propellers, yellow pen, green highlighter, blue tape ball",blue tape ball,Home,Move the blue tape ball into the bowl.,,Explicitly grounds ordinal role L4 at sequence length 4 with blue tape ball; selected object-role cells are masked instead of withholding an ordinal word or output position.,4.0,688,262,justintiensmith/VLA_Benchmark_Prompted_1200,688,False,justintiensmith/VLA_Benchmark_Prompted_1200,688,
689,Ordering/Sequencing,Pick up the object that is first from the right and place it in the bowl.,Explicit ordinal grounding,n=4; physical role=L4; expression=first from the right; target=blue tape ball,ordering_n4_l4_blue_tape_ball_explicit,selected sequence-length × physical ordinal role × target-identity cells listed on Holdout Map,Yes,Replace prompt only,"Prompt-only relabeling; preserve episode 689 video, scene, trajectory, target, and start position.","green highlighter, airplane toy with propellers, yellow pen, blue tape ball",blue tape ball,Home,Put the blue tape ball in the bowl.,,Explicitly grounds ordinal role L4 at sequence length 4 with blue tape ball; selected object-role cells are masked instead of withholding an ordinal word or output position.,4.0,689,263,justintiensmith/VLA_Benchmark_Prompted_1200,689,False,justintiensmith/VLA_Benchmark_Prompted_1200,689,
690,Ordering/Sequencing,Move the fourth from the left object into the bowl.,Explicit ordinal grounding,n=4; physical role=L4; expression=fourth from the left; target=blue tape ball,ordering_n4_l4_blue_tape_ball_explicit,selected sequence-length × physical ordinal role × target-identity cells listed on Holdout Map,Yes,Replace prompt only,"Prompt-only relabeling; preserve episode 690 video, scene, trajectory, target, and start position.","green highlighter, yellow pen, airplane toy with propellers, blue tape ball",blue tape ball,Home,Pick up the blue tape ball and place it in the bowl.,,Explicitly grounds ordinal role L4 at sequence length 4 with blue tape ball; selected object-role cells are masked instead of withholding an ordinal word or output position.,4.0,690,264,justintiensmith/VLA_Benchmark_Prompted_1200,690,False,justintiensmith/VLA_Benchmark_Prompted_1200,690,
691,Ordering/Sequencing,Put the object that is first from the right in the bowl.,Explicit ordinal grounding,n=4; physical role=L4; expression=first from the right; target=blue tape ball,ordering_n4_l4_blue_tape_ball_explicit,selected sequence-length × physical ordinal role × target-identity cells listed on Holdout Map,Yes,Replace prompt only,"Prompt-only relabeling; preserve episode 691 video, scene, trajectory, target, and start position.","yellow pen, airplane toy with propellers, green highlighter, blue tape ball",blue tape ball,Home,Move the blue tape ball into the bowl.,,Explicitly grounds ordinal role L4 at sequence length 4 with blue tape ball; selected object-role cells are masked instead of withholding an ordinal word or output position.,4.0,691,265,justintiensmith/VLA_Benchmark_Prompted_1200,691,False,justintiensmith/VLA_Benchmark_Prompted_1200,691,
692,Ordering/Sequencing,Pick up the object that is fourth from the left and place it in the bowl.,Explicit ordinal grounding,n=4; physical role=L4; expression=fourth from the left; target=blue tape ball,ordering_n4_l4_blue_tape_ball_explicit,selected sequence-length × physical ordinal role × target-identity cells listed on Holdout Map,Yes,Replace prompt only,"Prompt-only relabeling; preserve episode 692 video, scene, trajectory, target, and start position.","yellow pen, green highlighter, airplane toy with propellers, blue tape ball",blue tape ball,Home,Put the blue tape ball in the bowl.,,Explicitly grounds ordinal role L4 at sequence length 4 with blue tape ball; selected object-role cells are masked instead of withholding an ordinal word or output position.,4.0,692,260,justintiensmith/VLA_Benchmark_Prompted_1200,692,False,justintiensmith/VLA_Benchmark_Prompted_1200,692,
693,Ordering/Sequencing,Move the first from the right object into the bowl.,Explicit ordinal grounding,n=4; physical role=L4; expression=first from the right; target=blue tape ball,ordering_n4_l4_blue_tape_ball_explicit,selected sequence-length × physical ordinal role × target-identity cells listed on Holdout Map,Yes,Replace prompt only,"Prompt-only relabeling; preserve episode 693 video, scene, trajectory, target, and start position.","airplane toy with propellers, green highlighter, yellow pen, blue tape ball",blue tape ball,Home,Pick up the blue tape ball and place it in the bowl.,,Explicitly grounds ordinal role L4 at sequence length 4 with blue tape ball; selected object-role cells are masked instead of withholding an ordinal word or output position.,4.0,693,261,justintiensmith/VLA_Benchmark_Prompted_1200,693,False,justintiensmith/VLA_Benchmark_Prompted_1200,693,
694,Ordering/Sequencing,Put the object that is fourth from the left in the bowl.,Explicit ordinal grounding,n=4; physical role=L4; expression=fourth from the left; target=blue tape ball,ordering_n4_l4_blue_tape_ball_explicit,selected sequence-length × physical ordinal role × target-identity cells listed on Holdout Map,Yes,Replace prompt only,"Prompt-only relabeling; preserve episode 694 video, scene, trajectory, target, and start position.","airplane toy with propellers, yellow pen, green highlighter, blue tape ball",blue tape ball,Home,Move the blue tape ball into the bowl.,,Explicitly grounds ordinal role L4 at sequence length 4 with blue tape ball; selected object-role cells are masked instead of withholding an ordinal word or output position.,4.0,694,262,justintiensmith/VLA_Benchmark_Prompted_1200,694,False,justintiensmith/VLA_Benchmark_Prompted_1200,694,
695,Ordering/Sequencing,Pick up the object that is first from the right and place it in the bowl.,Explicit ordinal grounding,n=4; physical role=L4; expression=first from the right; target=blue tape ball,ordering_n4_l4_blue_tape_ball_explicit,selected sequence-length × physical ordinal role × target-identity cells listed on Holdout Map,Yes,Replace prompt only,"Prompt-only relabeling; preserve episode 695 video, scene, trajectory, target, and start position.","green highlighter, airplane toy with propellers, yellow pen, blue tape ball",blue tape ball,Home,Put the blue tape ball in the bowl.,,Explicitly grounds ordinal role L4 at sequence length 4 with blue tape ball; selected object-role cells are masked instead of withholding an ordinal word or output position.,4.0,695,263,justintiensmith/VLA_Benchmark_Prompted_1200,695,False,justintiensmith/VLA_Benchmark_Prompted_1200,695,
696,Ordering/Sequencing,Move the fourth from the left object into the bowl.,Explicit ordinal grounding,n=4; physical role=L4; expression=fourth from the left; target=blue tape ball,ordering_n4_l4_blue_tape_ball_explicit,selected sequence-length × physical ordinal role × target-identity cells listed on Holdout Map,Yes,Replace prompt only,"Prompt-only relabeling; preserve episode 696 video, scene, trajectory, target, and start position.","green highlighter, yellow pen, airplane toy with propellers, blue tape ball",blue tape ball,Home,Pick up the blue tape ball and place it in the bowl.,,Explicitly grounds ordinal role L4 at sequence length 4 with blue tape ball; selected object-role cells are masked instead of withholding an ordinal word or output position.,4.0,696,264,justintiensmith/VLA_Benchmark_Prompted_1200,696,False,justintiensmith/VLA_Benchmark_Prompted_1200,696,
697,Ordering/Sequencing,Put the object that is first from the right in the bowl.,Explicit ordinal grounding,n=4; physical role=L4; expression=first from the right; target=blue tape ball,ordering_n4_l4_blue_tape_ball_explicit,selected sequence-length × physical ordinal role × target-identity cells listed on Holdout Map,Yes,Replace prompt only,"Prompt-only relabeling; preserve episode 697 video, scene, trajectory, target, and start position.","yellow pen, airplane toy with propellers, green highlighter, blue tape ball",blue tape ball,Recovery,Move the blue tape ball into the bowl.,,Explicitly grounds ordinal role L4 at sequence length 4 with blue tape ball; selected object-role cells are masked instead of withholding an ordinal word or output position.,4.0,697,265,justintiensmith/VLA_Benchmark_Prompted_1200,697,False,justintiensmith/VLA_Benchmark_Prompted_1200,697,
698,Ordering/Sequencing,Pick up the object that is fourth from the left and place it in the bowl.,Explicit ordinal grounding,n=4; physical role=L4; expression=fourth from the left; target=blue tape ball,ordering_n4_l4_blue_tape_ball_explicit,selected sequence-length × physical ordinal role × target-identity cells listed on Holdout Map,Yes,Replace prompt only,"Prompt-only relabeling; preserve episode 698 video, scene, trajectory, target, and start position.","yellow pen, green highlighter, airplane toy with propellers, blue tape ball",blue tape ball,Recovery,Put the blue tape ball in the bowl.,,Explicitly grounds ordinal role L4 at sequence length 4 with blue tape ball; selected object-role cells are masked instead of withholding an ordinal word or output position.,4.0,698,260,justintiensmith/VLA_Benchmark_Prompted_1200,698,False,justintiensmith/VLA_Benchmark_Prompted_1200,698,
699,Ordering/Sequencing,Move the first from the right object into the bowl.,Explicit ordinal grounding,n=4; physical role=L4; expression=first from the right; target=blue tape ball,ordering_n4_l4_blue_tape_ball_explicit,selected sequence-length × physical ordinal role × target-identity cells listed on Holdout Map,Yes,Replace prompt only,"Prompt-only relabeling; preserve episode 699 video, scene, trajectory, target, and start position.","airplane toy with propellers, green highlighter, yellow pen, blue tape ball",blue tape ball,Recovery,Pick up the blue tape ball and place it in the bowl.,,Explicitly grounds ordinal role L4 at sequence length 4 with blue tape ball; selected object-role cells are masked instead of withholding an ordinal word or output position.,4.0,699,261,justintiensmith/VLA_Benchmark_Prompted_1200,699,False,justintiensmith/VLA_Benchmark_Prompted_1200,699,
700,Ordering/Sequencing,Put the first object from the left in the bowl.,Explicit ordinal grounding,n=4; physical role=L1; expression=first from the left; target=green highlighter,ordering_n4_l1_green_highlighter_explicit,selected sequence-length × physical ordinal role × target-identity cells listed on Holdout Map,No,Keep prompt,No prompt change required under the missing-cell design.,"green highlighter, airplane toy with propellers, blue tape ball, yellow pen",green highlighter,Home,Put the first object from the left in the bowl.,,Explicitly grounds ordinal role L1 at sequence length 4 with green highlighter; selected object-role cells are masked instead of withholding an ordinal word or output position.,4.0,700,273,justintiensmith/VLA_Benchmark_Prompted_1200,700,False,justintiensmith/VLA_Benchmark_Prompted_1200,700,
701,Ordering/Sequencing,Pick up the object that is fourth from the right and place it in the bowl.,Explicit ordinal grounding,n=4; physical role=L1; expression=fourth from the right; target=green highlighter,ordering_n4_l1_green_highlighter_explicit,selected sequence-length × physical ordinal role × target-identity cells listed on Holdout Map,No,Keep prompt,No prompt change required under the missing-cell design.,"green highlighter, airplane toy with propellers, yellow pen, blue tape ball",green highlighter,Home,Pick up the object that is fourth from the right and place it in the bowl.,,Explicitly grounds ordinal role L1 at sequence length 4 with green highlighter; selected object-role cells are masked instead of withholding an ordinal word or output position.,4.0,701,274,justintiensmith/VLA_Benchmark_Prompted_1200,701,False,justintiensmith/VLA_Benchmark_Prompted_1200,701,
702,Ordering/Sequencing,Pick up the object that is first from the left and place it in the bowl.,Explicit ordinal grounding,n=4; physical role=L1; expression=first from the left; target=green highlighter,ordering_n4_l1_green_highlighter_explicit,selected sequence-length × physical ordinal role × target-identity cells listed on Holdout Map,No,Keep prompt,No prompt change required under the missing-cell design.,"green highlighter, blue tape ball, airplane toy with propellers, yellow pen",green highlighter,Home,Pick up the object that is first from the left and place it in the bowl.,,Explicitly grounds ordinal role L1 at sequence length 4 with green highlighter; selected object-role cells are masked instead of withholding an ordinal word or output position.,4.0,702,267,justintiensmith/VLA_Benchmark_Prompted_1200,702,False,justintiensmith/VLA_Benchmark_Prompted_1200,702,
703,Ordering/Sequencing,Put the fourth object from the right in the bowl.,Explicit ordinal grounding,n=4; physical role=L1; expression=fourth from the right; target=green highlighter,ordering_n4_l1_green_highlighter_explicit,selected sequence-length × physical ordinal role × target-identity cells listed on Holdout Map,No,Keep prompt,No prompt change required under the missing-cell design.,"green highlighter, blue tape ball, yellow pen, airplane toy with propellers",green highlighter,Home,Put the fourth object from the right in the bowl.,,Explicitly grounds ordinal role L1 at sequence length 4 with green highlighter; selected object-role cells are masked instead of withholding an ordinal word or output position.,4.0,703,268,justintiensmith/VLA_Benchmark_Prompted_1200,703,False,justintiensmith/VLA_Benchmark_Prompted_1200,703,
704,Ordering/Sequencing,Move the third item counted from the right into the bowl.,Explicit ordinal grounding,n=3; physical role=L1; expression=third from the right; target=green highlighter,ordering_n3_l1_green_highlighter_explicit,selected sequence-length × physical ordinal role × target-identity cells listed on Holdout Map,No,Keep prompt,No prompt change required under the missing-cell design.,"green highlighter, yellow pen, airplane toy with propellers",green highlighter,Home,Move the third item counted from the right into the bowl.,,Explicitly grounds ordinal role L1 at sequence length 3 with green highlighter; selected object-role cells are masked instead of withholding an ordinal word or output position.,3.0,704,275,justintiensmith/VLA_Benchmark_Prompted_1200,704,False,justintiensmith/VLA_Benchmark_Prompted_1200,704,
705,Ordering/Sequencing,Move the third item counted from the right into the bowl.,Explicit ordinal grounding,n=3; physical role=L1; expression=third from the right; target=green highlighter,ordering_n3_l1_green_highlighter_explicit,selected sequence-length × physical ordinal role × target-identity cells listed on Holdout Map,No,Keep prompt,No prompt change required under the missing-cell design.,"green highlighter, yellow pen, blue tape ball",green highlighter,Home,Move the third item counted from the right into the bowl.,,Explicitly grounds ordinal role L1 at sequence length 3 with green highlighter; selected object-role cells are masked instead of withholding an ordinal word or output position.,3.0,705,275,justintiensmith/VLA_Benchmark_Prompted_1200,705,False,justintiensmith/VLA_Benchmark_Prompted_1200,705,
706,Ordering/Sequencing,Put the first object from the left in the bowl.,Explicit ordinal grounding,n=3; physical role=L1; expression=first from the left; target=green highlighter,ordering_n3_l1_green_highlighter_explicit,selected sequence-length × physical ordinal role × target-identity cells listed on Holdout Map,No,Keep prompt,No prompt change required under the missing-cell design.,"green highlighter, airplane toy with propellers, blue tape ball",green highlighter,Home,Put the first object from the left in the bowl.,,Explicitly grounds ordinal role L1 at sequence length 3 with green highlighter; selected object-role cells are masked instead of withholding an ordinal word or output position.,3.0,706,273,justintiensmith/VLA_Benchmark_Prompted_1200,706,False,justintiensmith/VLA_Benchmark_Prompted_1200,706,
707,Ordering/Sequencing,Pick up the object that is third from the right and place it in the bowl.,Explicit ordinal grounding,n=3; physical role=L1; expression=third from the right; target=green highlighter,ordering_n3_l1_green_highlighter_explicit,selected sequence-length × physical ordinal role × target-identity cells listed on Holdout Map,No,Keep prompt,No prompt change required under the missing-cell design.,"green highlighter, blue tape ball, airplane toy with propellers",green highlighter,Home,Pick up the object that is third from the right and place it in the bowl.,,Explicitly grounds ordinal role L1 at sequence length 3 with green highlighter; selected object-role cells are masked instead of withholding an ordinal word or output position.,3.0,707,249,justintiensmith/VLA_Benchmark_Prompted_1200,707,False,justintiensmith/VLA_Benchmark_Prompted_1200,707,
708,Ordering/Sequencing,Move the green highlighter into the bowl.,Masked ordinal-role × target-identity composition,n=2; physical role=L1; direct identity=green highlighter,ordering_n2_l1_green_highlighter_masked,selected sequence-length × physical ordinal role × target-identity cells listed on Holdout Map,Yes,Replace prompt only,"Prompt-only relabeling; preserve episode 708 video, scene, trajectory, target, and start position.","green highlighter, airplane toy with propellers",green highlighter,Home,Move the second item counted from the right into the bowl.,Move the first from the left object into the bowl. | Put the object that is second from the right in the bowl.,"Both logically equivalent ordinal descriptions of L1 are withheld for green highlighter at sequence length 2, while the same trajectory remains under a direct-name instruction.",2.0,708,276,justintiensmith/VLA_Benchmark_Prompted_1200,708,False,justintiensmith/VLA_Benchmark_Prompted_1200,708,
709,Ordering/Sequencing,Put the green highlighter in the bowl.,Masked ordinal-role × target-identity composition,n=2; physical role=L1; direct identity=green highlighter,ordering_n2_l1_green_highlighter_masked,selected sequence-length × physical ordinal role × target-identity cells listed on Holdout Map,Yes,Replace prompt only,"Prompt-only relabeling; preserve episode 709 video, scene, trajectory, target, and start position.","green highlighter, blue tape ball",green highlighter,Home,Put the second object from the right in the bowl.,Put the object that is first from the left in the bowl. | Pick up the object that is second from the right and place it in the bowl.,"Both logically equivalent ordinal descriptions of L1 are withheld for green highlighter at sequence length 2, while the same trajectory remains under a direct-name instruction.",2.0,709,277,justintiensmith/VLA_Benchmark_Prompted_1200,709,False,justintiensmith/VLA_Benchmark_Prompted_1200,709,
710,Ordering/Sequencing,Pick up the green highlighter and place it in the bowl.,Masked ordinal-role × target-identity composition,n=2; physical role=L1; direct identity=green highlighter,ordering_n2_l1_green_highlighter_masked,selected sequence-length × physical ordinal role × target-identity cells listed on Holdout Map,Yes,Replace prompt only,"Prompt-only relabeling; preserve episode 710 video, scene, trajectory, target, and start position.","green highlighter, yellow pen",green highlighter,Recovery,Put the second object from the right in the bowl.,Pick up the object that is first from the left and place it in the bowl. | Move the second from the right object into the bowl.,"Both logically equivalent ordinal descriptions of L1 are withheld for green highlighter at sequence length 2, while the same trajectory remains under a direct-name instruction.",2.0,710,278,justintiensmith/VLA_Benchmark_Prompted_1200,710,False,justintiensmith/VLA_Benchmark_Prompted_1200,710,
711,Ordering/Sequencing,Move the green highlighter into the bowl.,Masked ordinal-role × target-identity composition,n=2; physical role=L1; direct identity=green highlighter,ordering_n2_l1_green_highlighter_masked,selected sequence-length × physical ordinal role × target-identity cells listed on Holdout Map,Yes,Replace prompt only,"Prompt-only relabeling; preserve episode 711 video, scene, trajectory, target, and start position.","green highlighter, airplane toy with propellers",green highlighter,Home,Put the second object from the right in the bowl.,Move the first from the left object into the bowl. | Put the object that is second from the right in the bowl.,"Both logically equivalent ordinal descriptions of L1 are withheld for green highlighter at sequence length 2, while the same trajectory remains under a direct-name instruction.",2.0,711,276,justintiensmith/VLA_Benchmark_Prompted_1200,711,False,justintiensmith/VLA_Benchmark_Prompted_1200,711,
712,Ordering/Sequencing,Put the green highlighter in the bowl.,Masked ordinal-role × target-identity composition,n=2; physical role=L1; direct identity=green highlighter,ordering_n2_l1_green_highlighter_masked,selected sequence-length × physical ordinal role × target-identity cells listed on Holdout Map,Yes,Replace prompt only,"Prompt-only relabeling; preserve episode 712 video, scene, trajectory, target, and start position.","green highlighter, blue tape ball",green highlighter,Recovery,Move the first item counted from the left into the bowl.,Put the object that is first from the left in the bowl. | Pick up the object that is second from the right and place it in the bowl.,"Both logically equivalent ordinal descriptions of L1 are withheld for green highlighter at sequence length 2, while the same trajectory remains under a direct-name instruction.",2.0,712,277,justintiensmith/VLA_Benchmark_Prompted_1200,712,False,justintiensmith/VLA_Benchmark_Prompted_1200,712,
713,Ordering/Sequencing,Put the second object from the left in the bowl.,Explicit ordinal grounding,n=4; physical role=L2; expression=second from the left; target=green highlighter,ordering_n4_l2_green_highlighter_explicit,selected sequence-length × physical ordinal role × target-identity cells listed on Holdout Map,No,Keep prompt,No prompt change required under the missing-cell design.,"airplane toy with propellers, green highlighter, blue tape ball, yellow pen",green highlighter,Recovery,Put the second object from the left in the bowl.,,Explicitly grounds ordinal role L2 at sequence length 4 with green highlighter; selected object-role cells are masked instead of withholding an ordinal word or output position.,4.0,713,252,justintiensmith/VLA_Benchmark_Prompted_1200,713,False,justintiensmith/VLA_Benchmark_Prompted_1200,713,
714,Ordering/Sequencing,Put the second object from the left in the bowl.,Explicit ordinal grounding,n=4; physical role=L2; expression=second from the left; target=green highlighter,ordering_n4_l2_green_highlighter_explicit,selected sequence-length × physical ordinal role × target-identity cells listed on Holdout Map,No,Keep prompt,No prompt change required under the missing-cell design.,"airplane toy with propellers, green highlighter, yellow pen, blue tape ball",green highlighter,Home,Put the second object from the left in the bowl.,,Explicitly grounds ordinal role L2 at sequence length 4 with green highlighter; selected object-role cells are masked instead of withholding an ordinal word or output position.,4.0,714,252,justintiensmith/VLA_Benchmark_Prompted_1200,714,False,justintiensmith/VLA_Benchmark_Prompted_1200,714,
715,Ordering/Sequencing,Move the second item counted from the left into the bowl.,Explicit ordinal grounding,n=4; physical role=L2; expression=second from the left; target=green highlighter,ordering_n4_l2_green_highlighter_explicit,selected sequence-length × physical ordinal role × target-identity cells listed on Holdout Map,No,Keep prompt,No prompt change required under the missing-cell design.,"blue tape ball, green highlighter, airplane toy with propellers, yellow pen",green highlighter,Home,Move the second item counted from the left into the bowl.,,Explicitly grounds ordinal role L2 at sequence length 4 with green highlighter; selected object-role cells are masked instead of withholding an ordinal word or output position.,4.0,715,253,justintiensmith/VLA_Benchmark_Prompted_1200,715,False,justintiensmith/VLA_Benchmark_Prompted_1200,715,
716,Ordering/Sequencing,Move the third item counted from the right into the bowl.,Explicit ordinal grounding,n=4; physical role=L2; expression=third from the right; target=green highlighter,ordering_n4_l2_green_highlighter_explicit,selected sequence-length × physical ordinal role × target-identity cells listed on Holdout Map,No,Keep prompt,No prompt change required under the missing-cell design.,"blue tape ball, green highlighter, yellow pen, airplane toy with propellers",green highlighter,Home,Move the third item counted from the right into the bowl.,,Explicitly grounds ordinal role L2 at sequence length 4 with green highlighter; selected object-role cells are masked instead of withholding an ordinal word or output position.,4.0,716,275,justintiensmith/VLA_Benchmark_Prompted_1200,716,False,justintiensmith/VLA_Benchmark_Prompted_1200,716,
717,Ordering/Sequencing,Pick up the object that is second from the left and place it in the bowl.,Explicit ordinal grounding,n=4; physical role=L2; expression=second from the left; target=green highlighter,ordering_n4_l2_green_highlighter_explicit,selected sequence-length × physical ordinal role × target-identity cells listed on Holdout Map,No,Keep prompt,No prompt change required under the missing-cell design.,"yellow pen, green highlighter, airplane toy with propellers, blue tape ball",green highlighter,Home,Pick up the object that is second from the left and place it in the bowl.,,Explicitly grounds ordinal role L2 at sequence length 4 with green highlighter; selected object-role cells are masked instead of withholding an ordinal word or output position.,4.0,717,251,justintiensmith/VLA_Benchmark_Prompted_1200,717,False,justintiensmith/VLA_Benchmark_Prompted_1200,717,
718,Ordering/Sequencing,Pick up the object that is third from the right and place it in the bowl.,Explicit ordinal grounding,n=4; physical role=L2; expression=third from the right; target=green highlighter,ordering_n4_l2_green_highlighter_explicit,selected sequence-length × physical ordinal role × target-identity cells listed on Holdout Map,No,Keep prompt,No prompt change required under the missing-cell design.,"yellow pen, green highlighter, blue tape ball, airplane toy with propellers",green highlighter,Home,Pick up the object that is third from the right and place it in the bowl.,,Explicitly grounds ordinal role L2 at sequence length 4 with green highlighter; selected object-role cells are masked instead of withholding an ordinal word or output position.,4.0,718,249,justintiensmith/VLA_Benchmark_Prompted_1200,718,False,justintiensmith/VLA_Benchmark_Prompted_1200,718,
719,Ordering/Sequencing,Move the second item counted from the left into the bowl.,Explicit ordinal grounding,n=2; physical role=L2; expression=second from the left; target=green highlighter,ordering_n2_l2_green_highlighter_explicit,selected sequence-length × physical ordinal role × target-identity cells listed on Holdout Map,No,Keep prompt,No prompt change required under the missing-cell design.,"airplane toy with propellers, green highlighter",green highlighter,Home,Move the second item counted from the left into the bowl.,,Explicitly grounds ordinal role L2 at sequence length 2 with green highlighter; selected object-role cells are masked instead of withholding an ordinal word or output position.,2.0,719,253,justintiensmith/VLA_Benchmark_Prompted_1200,719,False,justintiensmith/VLA_Benchmark_Prompted_1200,719,
720,Ordering/Sequencing,Pick up the object that is second from the left and place it in the bowl.,Explicit ordinal grounding,n=2; physical role=L2; expression=second from the left; target=green highlighter,ordering_n2_l2_green_highlighter_explicit,selected sequence-length × physical ordinal role × target-identity cells listed on Holdout Map,No,Keep prompt,No prompt change required under the missing-cell design.,"blue tape ball, green highlighter",green highlighter,Home,Pick up the object that is second from the left and place it in the bowl.,,Explicitly grounds ordinal role L2 at sequence length 2 with green highlighter; selected object-role cells are masked instead of withholding an ordinal word or output position.,2.0,720,251,justintiensmith/VLA_Benchmark_Prompted_1200,720,False,justintiensmith/VLA_Benchmark_Prompted_1200,720,
721,Ordering/Sequencing,Put the second object from the left in the bowl.,Explicit ordinal grounding,n=2; physical role=L2; expression=second from the left; target=green highlighter,ordering_n2_l2_green_highlighter_explicit,selected sequence-length × physical ordinal role × target-identity cells listed on Holdout Map,No,Keep prompt,No prompt change required under the missing-cell design.,"yellow pen, green highlighter",green highlighter,Home,Put the second object from the left in the bowl.,,Explicitly grounds ordinal role L2 at sequence length 2 with green highlighter; selected object-role cells are masked instead of withholding an ordinal word or output position.,2.0,721,252,justintiensmith/VLA_Benchmark_Prompted_1200,721,False,justintiensmith/VLA_Benchmark_Prompted_1200,721,
722,Ordering/Sequencing,Move the second item counted from the left into the bowl.,Explicit ordinal grounding,n=2; physical role=L2; expression=second from the left; target=green highlighter,ordering_n2_l2_green_highlighter_explicit,selected sequence-length × physical ordinal role × target-identity cells listed on Holdout Map,No,Keep prompt,No prompt change required under the missing-cell design.,"airplane toy with propellers, green highlighter",green highlighter,Home,Move the second item counted from the left into the bowl.,,Explicitly grounds ordinal role L2 at sequence length 2 with green highlighter; selected object-role cells are masked instead of withholding an ordinal word or output position.,2.0,722,253,justintiensmith/VLA_Benchmark_Prompted_1200,722,False,justintiensmith/VLA_Benchmark_Prompted_1200,722,
723,Ordering/Sequencing,Put the second object from the left in the bowl.,Explicit ordinal grounding,n=2; physical role=L2; expression=second from the left; target=green highlighter,ordering_n2_l2_green_highlighter_explicit,selected sequence-length × physical ordinal role × target-identity cells listed on Holdout Map,No,Keep prompt,No prompt change required under the missing-cell design.,"blue tape ball, green highlighter",green highlighter,Recovery,Put the second object from the left in the bowl.,,Explicitly grounds ordinal role L2 at sequence length 2 with green highlighter; selected object-role cells are masked instead of withholding an ordinal word or output position.,2.0,723,252,justintiensmith/VLA_Benchmark_Prompted_1200,723,False,justintiensmith/VLA_Benchmark_Prompted_1200,723,
724,Ordering/Sequencing,Put the second object from the left in the bowl.,Explicit ordinal grounding,n=2; physical role=L2; expression=second from the left; target=green highlighter,ordering_n2_l2_green_highlighter_explicit,selected sequence-length × physical ordinal role × target-identity cells listed on Holdout Map,No,Keep prompt,No prompt change required under the missing-cell design.,"yellow pen, green highlighter",green highlighter,Recovery,Put the second object from the left in the bowl.,,Explicitly grounds ordinal role L2 at sequence length 2 with green highlighter; selected object-role cells are masked instead of withholding an ordinal word or output position.,2.0,724,252,justintiensmith/VLA_Benchmark_Prompted_1200,724,False,justintiensmith/VLA_Benchmark_Prompted_1200,724,
725,Ordering/Sequencing,Put the green highlighter in the bowl.,Masked ordinal-role × target-identity composition,n=4; physical role=L3; direct identity=green highlighter,ordering_n4_l3_green_highlighter_masked,selected sequence-length × physical ordinal role × target-identity cells listed on Holdout Map,No,Keep prompt,No prompt change required under the missing-cell design.,"airplane toy with propellers, blue tape ball, green highlighter, yellow pen",green highlighter,Home,Put the green highlighter in the bowl.,Pick up the object that is third from the left and place it in the bowl. | Move the second from the right object into the bowl.,"Both logically equivalent ordinal descriptions of L3 are withheld for green highlighter at sequence length 4, while the same trajectory remains under a direct-name instruction.",4.0,725,277,justintiensmith/VLA_Benchmark_Prompted_1200,725,False,justintiensmith/VLA_Benchmark_Prompted_1200,725,
726,Ordering/Sequencing,Pick up the green highlighter and place it in the bowl.,Masked ordinal-role × target-identity composition,n=4; physical role=L3; direct identity=green highlighter,ordering_n4_l3_green_highlighter_masked,selected sequence-length × physical ordinal role × target-identity cells listed on Holdout Map,No,Keep prompt,No prompt change required under the missing-cell design.,"airplane toy with propellers, yellow pen, green highlighter, blue tape ball",green highlighter,Home,Pick up the green highlighter and place it in the bowl.,Move the third from the left object into the bowl. | Put the object that is second from the right in the bowl.,"Both logically equivalent ordinal descriptions of L3 are withheld for green highlighter at sequence length 4, while the same trajectory remains under a direct-name instruction.",4.0,726,278,justintiensmith/VLA_Benchmark_Prompted_1200,726,False,justintiensmith/VLA_Benchmark_Prompted_1200,726,
727,Ordering/Sequencing,Move the green highlighter into the bowl.,Masked ordinal-role × target-identity composition,n=4; physical role=L3; direct identity=green highlighter,ordering_n4_l3_green_highlighter_masked,selected sequence-length × physical ordinal role × target-identity cells listed on Holdout Map,No,Keep prompt,No prompt change required under the missing-cell design.,"blue tape ball, airplane toy with propellers, green highlighter, yellow pen",green highlighter,Home,Move the green highlighter into the bowl.,Put the object that is third from the left in the bowl. | Pick up the object that is second from the right and place it in the bowl.,"Both logically equivalent ordinal descriptions of L3 are withheld for green highlighter at sequence length 4, while the same trajectory remains under a direct-name instruction.",4.0,727,276,justintiensmith/VLA_Benchmark_Prompted_1200,727,False,justintiensmith/VLA_Benchmark_Prompted_1200,727,
728,Ordering/Sequencing,Put the green highlighter in the bowl.,Masked ordinal-role × target-identity composition,n=4; physical role=L3; direct identity=green highlighter,ordering_n4_l3_green_highlighter_masked,selected sequence-length × physical ordinal role × target-identity cells listed on Holdout Map,No,Keep prompt,No prompt change required under the missing-cell design.,"blue tape ball, yellow pen, green highlighter, airplane toy with propellers",green highlighter,Home,Put the green highlighter in the bowl.,Pick up the object that is third from the left and place it in the bowl. | Move the second from the right object into the bowl.,"Both logically equivalent ordinal descriptions of L3 are withheld for green highlighter at sequence length 4, while the same trajectory remains under a direct-name instruction.",4.0,728,277,justintiensmith/VLA_Benchmark_Prompted_1200,728,False,justintiensmith/VLA_Benchmark_Prompted_1200,728,
729,Ordering/Sequencing,Put the green highlighter in the bowl.,Masked ordinal-role × target-identity composition,n=3; physical role=L3; direct identity=green highlighter,ordering_n3_l3_green_highlighter_masked,selected sequence-length × physical ordinal role × target-identity cells listed on Holdout Map,No,Keep prompt,No prompt change required under the missing-cell design.,"airplane toy with propellers, blue tape ball, green highlighter",green highlighter,Home,Put the green highlighter in the bowl.,Move the third from the left object into the bowl. | Put the object that is first from the right in the bowl.,"Both logically equivalent ordinal descriptions of L3 are withheld for green highlighter at sequence length 3, while the same trajectory remains under a direct-name instruction.",3.0,729,277,justintiensmith/VLA_Benchmark_Prompted_1200,729,False,justintiensmith/VLA_Benchmark_Prompted_1200,729,
730,Ordering/Sequencing,Pick up the green highlighter and place it in the bowl.,Masked ordinal-role × target-identity composition,n=3; physical role=L3; direct identity=green highlighter,ordering_n3_l3_green_highlighter_masked,selected sequence-length × physical ordinal role × target-identity cells listed on Holdout Map,No,Keep prompt,No prompt change required under the missing-cell design.,"airplane toy with propellers, yellow pen, green highlighter",green highlighter,Home,Pick up the green highlighter and place it in the bowl.,Put the object that is third from the left in the bowl. | Pick up the object that is first from the right and place it in the bowl.,"Both logically equivalent ordinal descriptions of L3 are withheld for green highlighter at sequence length 3, while the same trajectory remains under a direct-name instruction.",3.0,730,278,justintiensmith/VLA_Benchmark_Prompted_1200,730,False,justintiensmith/VLA_Benchmark_Prompted_1200,730,
731,Ordering/Sequencing,Move the green highlighter into the bowl.,Masked ordinal-role × target-identity composition,n=3; physical role=L3; direct identity=green highlighter,ordering_n3_l3_green_highlighter_masked,selected sequence-length × physical ordinal role × target-identity cells listed on Holdout Map,No,Keep prompt,No prompt change required under the missing-cell design.,"blue tape ball, airplane toy with propellers, green highlighter",green highlighter,Home,Move the green highlighter into the bowl.,Pick up the object that is third from the left and place it in the bowl. | Move the first from the right object into the bowl.,"Both logically equivalent ordinal descriptions of L3 are withheld for green highlighter at sequence length 3, while the same trajectory remains under a direct-name instruction.",3.0,731,276,justintiensmith/VLA_Benchmark_Prompted_1200,731,False,justintiensmith/VLA_Benchmark_Prompted_1200,731,
732,Ordering/Sequencing,Pick up the green highlighter and place it in the bowl.,Masked ordinal-role × target-identity composition,n=3; physical role=L3; direct identity=green highlighter,ordering_n3_l3_green_highlighter_masked,selected sequence-length × physical ordinal role × target-identity cells listed on Holdout Map,No,Keep prompt,No prompt change required under the missing-cell design.,"blue tape ball, yellow pen, green highlighter",green highlighter,Home,Pick up the green highlighter and place it in the bowl.,Move the third from the left object into the bowl. | Put the object that is first from the right in the bowl.,"Both logically equivalent ordinal descriptions of L3 are withheld for green highlighter at sequence length 3, while the same trajectory remains under a direct-name instruction.",3.0,732,278,justintiensmith/VLA_Benchmark_Prompted_1200,732,False,justintiensmith/VLA_Benchmark_Prompted_1200,732,
733,Ordering/Sequencing,Put the green highlighter in the bowl.,Masked ordinal-role × target-identity composition,n=3; physical role=L3; direct identity=green highlighter,ordering_n3_l3_green_highlighter_masked,selected sequence-length × physical ordinal role × target-identity cells listed on Holdout Map,No,Keep prompt,No prompt change required under the missing-cell design.,"yellow pen, airplane toy with propellers, green highlighter",green highlighter,Home,Put the green highlighter in the bowl.,Put the object that is third from the left in the bowl. | Pick up the object that is first from the right and place it in the bowl.,"Both logically equivalent ordinal descriptions of L3 are withheld for green highlighter at sequence length 3, while the same trajectory remains under a direct-name instruction.",3.0,733,277,justintiensmith/VLA_Benchmark_Prompted_1200,733,False,justintiensmith/VLA_Benchmark_Prompted_1200,733,
734,Ordering/Sequencing,Move the green highlighter into the bowl.,Masked ordinal-role × target-identity composition,n=3; physical role=L3; direct identity=green highlighter,ordering_n3_l3_green_highlighter_masked,selected sequence-length × physical ordinal role × target-identity cells listed on Holdout Map,No,Keep prompt,No prompt change required under the missing-cell design.,"yellow pen, blue tape ball, green highlighter",green highlighter,Home,Move the green highlighter into the bowl.,Pick up the object that is third from the left and place it in the bowl. | Move the first from the right object into the bowl.,"Both logically equivalent ordinal descriptions of L3 are withheld for green highlighter at sequence length 3, while the same trajectory remains under a direct-name instruction.",3.0,734,276,justintiensmith/VLA_Benchmark_Prompted_1200,734,False,justintiensmith/VLA_Benchmark_Prompted_1200,734,
735,Ordering/Sequencing,Pick up the green highlighter and place it in the bowl.,Masked ordinal-role × target-identity composition,n=4; physical role=L3; direct identity=green highlighter,ordering_n4_l3_green_highlighter_masked,selected sequence-length × physical ordinal role × target-identity cells listed on Holdout Map,No,Keep prompt,No prompt change required under the missing-cell design.,"yellow pen, airplane toy with propellers, green highlighter, blue tape ball",green highlighter,Recovery,Pick up the green highlighter and place it in the bowl.,Move the third from the left object into the bowl. | Put the object that is second from the right in the bowl.,"Both logically equivalent ordinal descriptions of L3 are withheld for green highlighter at sequence length 4, while the same trajectory remains under a direct-name instruction.",4.0,735,278,justintiensmith/VLA_Benchmark_Prompted_1200,735,False,justintiensmith/VLA_Benchmark_Prompted_1200,735,
736,Ordering/Sequencing,Move the green highlighter into the bowl.,Masked ordinal-role × target-identity composition,n=4; physical role=L3; direct identity=green highlighter,ordering_n4_l3_green_highlighter_masked,selected sequence-length × physical ordinal role × target-identity cells listed on Holdout Map,No,Keep prompt,No prompt change required under the missing-cell design.,"yellow pen, blue tape ball, green highlighter, airplane toy with propellers",green highlighter,Recovery,Move the green highlighter into the bowl.,Put the object that is third from the left in the bowl. | Pick up the object that is second from the right and place it in the bowl.,"Both logically equivalent ordinal descriptions of L3 are withheld for green highlighter at sequence length 4, while the same trajectory remains under a direct-name instruction.",4.0,736,276,justintiensmith/VLA_Benchmark_Prompted_1200,736,False,justintiensmith/VLA_Benchmark_Prompted_1200,736,
737,Ordering/Sequencing,Put the green highlighter in the bowl.,Masked ordinal-role × target-identity composition,n=4; physical role=L3; direct identity=green highlighter,ordering_n4_l3_green_highlighter_masked,selected sequence-length × physical ordinal role × target-identity cells listed on Holdout Map,No,Keep prompt,No prompt change required under the missing-cell design.,"airplane toy with propellers, blue tape ball, green highlighter, yellow pen",green highlighter,Recovery,Put the green highlighter in the bowl.,Pick up the object that is third from the left and place it in the bowl. | Move the second from the right object into the bowl.,"Both logically equivalent ordinal descriptions of L3 are withheld for green highlighter at sequence length 4, while the same trajectory remains under a direct-name instruction.",4.0,737,277,justintiensmith/VLA_Benchmark_Prompted_1200,737,False,justintiensmith/VLA_Benchmark_Prompted_1200,737,
738,Ordering/Sequencing,Move the fourth from the left object into the bowl.,Explicit ordinal grounding,n=4; physical role=L4; expression=fourth from the left; target=green highlighter,ordering_n4_l4_green_highlighter_explicit,selected sequence-length × physical ordinal role × target-identity cells listed on Holdout Map,Yes,Replace prompt only,"Prompt-only relabeling; preserve episode 738 video, scene, trajectory, target, and start position.","airplane toy with propellers, blue tape ball, yellow pen, green highlighter",green highlighter,Home,Pick up the green highlighter and place it in the bowl.,,Explicitly grounds ordinal role L4 at sequence length 4 with green highlighter; selected object-role cells are masked instead of withholding an ordinal word or output position.,4.0,738,264,justintiensmith/VLA_Benchmark_Prompted_1200,738,False,justintiensmith/VLA_Benchmark_Prompted_1200,738,
739,Ordering/Sequencing,Put the object that is first from the right in the bowl.,Explicit ordinal grounding,n=4; physical role=L4; expression=first from the right; target=green highlighter,ordering_n4_l4_green_highlighter_explicit,selected sequence-length × physical ordinal role × target-identity cells listed on Holdout Map,Yes,Replace prompt only,"Prompt-only relabeling; preserve episode 739 video, scene, trajectory, target, and start position.","airplane toy with propellers, yellow pen, blue tape ball, green highlighter",green highlighter,Home,Move the green highlighter into the bowl.,,Explicitly grounds ordinal role L4 at sequence length 4 with green highlighter; selected object-role cells are masked instead of withholding an ordinal word or output position.,4.0,739,265,justintiensmith/VLA_Benchmark_Prompted_1200,739,False,justintiensmith/VLA_Benchmark_Prompted_1200,739,
740,Ordering/Sequencing,Pick up the object that is fourth from the left and place it in the bowl.,Explicit ordinal grounding,n=4; physical role=L4; expression=fourth from the left; target=green highlighter,ordering_n4_l4_green_highlighter_explicit,selected sequence-length × physical ordinal role × target-identity cells listed on Holdout Map,Yes,Replace prompt only,"Prompt-only relabeling; preserve episode 740 video, scene, trajectory, target, and start position.","blue tape ball, airplane toy with propellers, yellow pen, green highlighter",green highlighter,Home,Put the green highlighter in the bowl.,,Explicitly grounds ordinal role L4 at sequence length 4 with green highlighter; selected object-role cells are masked instead of withholding an ordinal word or output position.,4.0,740,260,justintiensmith/VLA_Benchmark_Prompted_1200,740,False,justintiensmith/VLA_Benchmark_Prompted_1200,740,
741,Ordering/Sequencing,Move the first from the right object into the bowl.,Explicit ordinal grounding,n=4; physical role=L4; expression=first from the right; target=green highlighter,ordering_n4_l4_green_highlighter_explicit,selected sequence-length × physical ordinal role × target-identity cells listed on Holdout Map,Yes,Replace prompt only,"Prompt-only relabeling; preserve episode 741 video, scene, trajectory, target, and start position.","blue tape ball, yellow pen, airplane toy with propellers, green highlighter",green highlighter,Home,Pick up the green highlighter and place it in the bowl.,,Explicitly grounds ordinal role L4 at sequence length 4 with green highlighter; selected object-role cells are masked instead of withholding an ordinal word or output position.,4.0,741,261,justintiensmith/VLA_Benchmark_Prompted_1200,741,False,justintiensmith/VLA_Benchmark_Prompted_1200,741,
742,Ordering/Sequencing,Put the object that is fourth from the left in the bowl.,Explicit ordinal grounding,n=4; physical role=L4; expression=fourth from the left; target=green highlighter,ordering_n4_l4_green_highlighter_explicit,selected sequence-length × physical ordinal role × target-identity cells listed on Holdout Map,Yes,Replace prompt only,"Prompt-only relabeling; preserve episode 742 video, scene, trajectory, target, and start position.","yellow pen, airplane toy with propellers, blue tape ball, green highlighter",green highlighter,Home,Move the green highlighter into the bowl.,,Explicitly grounds ordinal role L4 at sequence length 4 with green highlighter; selected object-role cells are masked instead of withholding an ordinal word or output position.,4.0,742,262,justintiensmith/VLA_Benchmark_Prompted_1200,742,False,justintiensmith/VLA_Benchmark_Prompted_1200,742,
743,Ordering/Sequencing,Pick up the object that is first from the right and place it in the bowl.,Explicit ordinal grounding,n=4; physical role=L4; expression=first from the right; target=green highlighter,ordering_n4_l4_green_highlighter_explicit,selected sequence-length × physical ordinal role × target-identity cells listed on Holdout Map,Yes,Replace prompt only,"Prompt-only relabeling; preserve episode 743 video, scene, trajectory, target, and start position.","yellow pen, blue tape ball, airplane toy with propellers, green highlighter",green highlighter,Home,Put the green highlighter in the bowl.,,Explicitly grounds ordinal role L4 at sequence length 4 with green highlighter; selected object-role cells are masked instead of withholding an ordinal word or output position.,4.0,743,263,justintiensmith/VLA_Benchmark_Prompted_1200,743,False,justintiensmith/VLA_Benchmark_Prompted_1200,743,
744,Ordering/Sequencing,Move the fourth from the left object into the bowl.,Explicit ordinal grounding,n=4; physical role=L4; expression=fourth from the left; target=green highlighter,ordering_n4_l4_green_highlighter_explicit,selected sequence-length × physical ordinal role × target-identity cells listed on Holdout Map,Yes,Replace prompt only,"Prompt-only relabeling; preserve episode 744 video, scene, trajectory, target, and start position.","airplane toy with propellers, blue tape ball, yellow pen, green highlighter",green highlighter,Home,Pick up the green highlighter and place it in the bowl.,,Explicitly grounds ordinal role L4 at sequence length 4 with green highlighter; selected object-role cells are masked instead of withholding an ordinal word or output position.,4.0,744,264,justintiensmith/VLA_Benchmark_Prompted_1200,744,False,justintiensmith/VLA_Benchmark_Prompted_1200,744,
745,Ordering/Sequencing,Put the object that is first from the right in the bowl.,Explicit ordinal grounding,n=4; physical role=L4; expression=first from the right; target=green highlighter,ordering_n4_l4_green_highlighter_explicit,selected sequence-length × physical ordinal role × target-identity cells listed on Holdout Map,Yes,Replace prompt only,"Prompt-only relabeling; preserve episode 745 video, scene, trajectory, target, and start position.","airplane toy with propellers, yellow pen, blue tape ball, green highlighter",green highlighter,Home,Move the green highlighter into the bowl.,,Explicitly grounds ordinal role L4 at sequence length 4 with green highlighter; selected object-role cells are masked instead of withholding an ordinal word or output position.,4.0,745,265,justintiensmith/VLA_Benchmark_Prompted_1200,745,False,justintiensmith/VLA_Benchmark_Prompted_1200,745,
746,Ordering/Sequencing,Pick up the object that is fourth from the left and place it in the bowl.,Explicit ordinal grounding,n=4; physical role=L4; expression=fourth from the left; target=green highlighter,ordering_n4_l4_green_highlighter_explicit,selected sequence-length × physical ordinal role × target-identity cells listed on Holdout Map,Yes,Replace prompt only,"Prompt-only relabeling; preserve episode 746 video, scene, trajectory, target, and start position.","blue tape ball, airplane toy with propellers, yellow pen, green highlighter",green highlighter,Home,Put the green highlighter in the bowl.,,Explicitly grounds ordinal role L4 at sequence length 4 with green highlighter; selected object-role cells are masked instead of withholding an ordinal word or output position.,4.0,746,260,justintiensmith/VLA_Benchmark_Prompted_1200,746,False,justintiensmith/VLA_Benchmark_Prompted_1200,746,
747,Ordering/Sequencing,Move the first from the right object into the bowl.,Explicit ordinal grounding,n=4; physical role=L4; expression=first from the right; target=green highlighter,ordering_n4_l4_green_highlighter_explicit,selected sequence-length × physical ordinal role × target-identity cells listed on Holdout Map,Yes,Replace prompt only,"Prompt-only relabeling; preserve episode 747 video, scene, trajectory, target, and start position.","blue tape ball, yellow pen, airplane toy with propellers, green highlighter",green highlighter,Home,Pick up the green highlighter and place it in the bowl.,,Explicitly grounds ordinal role L4 at sequence length 4 with green highlighter; selected object-role cells are masked instead of withholding an ordinal word or output position.,4.0,747,261,justintiensmith/VLA_Benchmark_Prompted_1200,747,False,justintiensmith/VLA_Benchmark_Prompted_1200,747,
748,Ordering/Sequencing,Put the object that is fourth from the left in the bowl.,Explicit ordinal grounding,n=4; physical role=L4; expression=fourth from the left; target=green highlighter,ordering_n4_l4_green_highlighter_explicit,selected sequence-length × physical ordinal role × target-identity cells listed on Holdout Map,Yes,Replace prompt only,"Prompt-only relabeling; preserve episode 748 video, scene, trajectory, target, and start position.","yellow pen, airplane toy with propellers, blue tape ball, green highlighter",green highlighter,Recovery,Move the green highlighter into the bowl.,,Explicitly grounds ordinal role L4 at sequence length 4 with green highlighter; selected object-role cells are masked instead of withholding an ordinal word or output position.,4.0,748,262,justintiensmith/VLA_Benchmark_Prompted_1200,748,False,justintiensmith/VLA_Benchmark_Prompted_1200,748,
749,Ordering/Sequencing,Pick up the object that is first from the right and place it in the bowl.,Explicit ordinal grounding,n=4; physical role=L4; expression=first from the right; target=green highlighter,ordering_n4_l4_green_highlighter_explicit,selected sequence-length × physical ordinal role × target-identity cells listed on Holdout Map,Yes,Replace prompt only,"Prompt-only relabeling; preserve episode 749 video, scene, trajectory, target, and start position.","yellow pen, blue tape ball, airplane toy with propellers, green highlighter",green highlighter,Recovery,Put the green highlighter in the bowl.,,Explicitly grounds ordinal role L4 at sequence length 4 with green highlighter; selected object-role cells are masked instead of withholding an ordinal word or output position.,4.0,749,263,justintiensmith/VLA_Benchmark_Prompted_1200,749,False,justintiensmith/VLA_Benchmark_Prompted_1200,749,
750,Ordering/Sequencing,Move the first item counted from the left into the bowl.,Explicit ordinal grounding,n=4; physical role=L1; expression=first from the left; target=yellow pen,ordering_n4_l1_yellow_pen_explicit,selected sequence-length × physical ordinal role × target-identity cells listed on Holdout Map,No,Keep prompt,No prompt change required under the missing-cell design.,"yellow pen, airplane toy with propellers, blue tape ball, green highlighter",yellow pen,Home,Move the first item counted from the left into the bowl.,,Explicitly grounds ordinal role L1 at sequence length 4 with yellow pen; selected object-role cells are masked instead of withholding an ordinal word or output position.,4.0,750,250,justintiensmith/VLA_Benchmark_Prompted_1200,750,False,justintiensmith/VLA_Benchmark_Prompted_1200,750,
751,Ordering/Sequencing,Move the fourth item counted from the right into the bowl.,Explicit ordinal grounding,n=4; physical role=L1; expression=fourth from the right; target=yellow pen,ordering_n4_l1_yellow_pen_explicit,selected sequence-length × physical ordinal role × target-identity cells listed on Holdout Map,No,Keep prompt,No prompt change required under the missing-cell design.,"yellow pen, airplane toy with propellers, green highlighter, blue tape ball",yellow pen,Home,Move the fourth item counted from the right into the bowl.,,Explicitly grounds ordinal role L1 at sequence length 4 with yellow pen; selected object-role cells are masked instead of withholding an ordinal word or output position.,4.0,751,266,justintiensmith/VLA_Benchmark_Prompted_1200,751,False,justintiensmith/VLA_Benchmark_Prompted_1200,751,
752,Ordering/Sequencing,Put the fourth object from the right in the bowl.,Explicit ordinal grounding,n=4; physical role=L1; expression=fourth from the right; target=yellow pen,ordering_n4_l1_yellow_pen_explicit,selected sequence-length × physical ordinal role × target-identity cells listed on Holdout Map,No,Keep prompt,No prompt change required under the missing-cell design.,"yellow pen, blue tape ball, airplane toy with propellers, green highlighter",yellow pen,Home,Put the fourth object from the right in the bowl.,,Explicitly grounds ordinal role L1 at sequence length 4 with yellow pen; selected object-role cells are masked instead of withholding an ordinal word or output position.,4.0,752,268,justintiensmith/VLA_Benchmark_Prompted_1200,752,False,justintiensmith/VLA_Benchmark_Prompted_1200,752,
753,Ordering/Sequencing,Move the first item counted from the left into the bowl.,Explicit ordinal grounding,n=4; physical role=L1; expression=first from the left; target=yellow pen,ordering_n4_l1_yellow_pen_explicit,selected sequence-length × physical ordinal role × target-identity cells listed on Holdout Map,No,Keep prompt,No prompt change required under the missing-cell design.,"yellow pen, blue tape ball, green highlighter, airplane toy with propellers",yellow pen,Home,Move the first item counted from the left into the bowl.,,Explicitly grounds ordinal role L1 at sequence length 4 with yellow pen; selected object-role cells are masked instead of withholding an ordinal word or output position.,4.0,753,250,justintiensmith/VLA_Benchmark_Prompted_1200,753,False,justintiensmith/VLA_Benchmark_Prompted_1200,753,
754,Ordering/Sequencing,Put the yellow pen in the bowl.,Masked ordinal-role × target-identity composition,n=3; physical role=L1; direct identity=yellow pen,ordering_n3_l1_yellow_pen_masked,selected sequence-length × physical ordinal role × target-identity cells listed on Holdout Map,Yes,Replace prompt only,"Prompt-only relabeling; preserve episode 754 video, scene, trajectory, target, and start position.","yellow pen, green highlighter, airplane toy with propellers",yellow pen,Home,Move the third item counted from the right into the bowl.,Put the object that is first from the left in the bowl. | Pick up the object that is third from the right and place it in the bowl.,"Both logically equivalent ordinal descriptions of L1 are withheld for yellow pen at sequence length 3, while the same trajectory remains under a direct-name instruction.",3.0,754,279,justintiensmith/VLA_Benchmark_Prompted_1200,754,False,justintiensmith/VLA_Benchmark_Prompted_1200,754,
755,Ordering/Sequencing,Pick up the yellow pen and place it in the bowl.,Masked ordinal-role × target-identity composition,n=3; physical role=L1; direct identity=yellow pen,ordering_n3_l1_yellow_pen_masked,selected sequence-length × physical ordinal role × target-identity cells listed on Holdout Map,Yes,Replace prompt only,"Prompt-only relabeling; preserve episode 755 video, scene, trajectory, target, and start position.","yellow pen, green highlighter, blue tape ball",yellow pen,Home,Move the third item counted from the right into the bowl.,Pick up the object that is first from the left and place it in the bowl. | Move the third from the right object into the bowl.,"Both logically equivalent ordinal descriptions of L1 are withheld for yellow pen at sequence length 3, while the same trajectory remains under a direct-name instruction.",3.0,755,280,justintiensmith/VLA_Benchmark_Prompted_1200,755,False,justintiensmith/VLA_Benchmark_Prompted_1200,755,
756,Ordering/Sequencing,Move the yellow pen into the bowl.,Masked ordinal-role × target-identity composition,n=3; physical role=L1; direct identity=yellow pen,ordering_n3_l1_yellow_pen_masked,selected sequence-length × physical ordinal role × target-identity cells listed on Holdout Map,Yes,Replace prompt only,"Prompt-only relabeling; preserve episode 756 video, scene, trajectory, target, and start position.","yellow pen, airplane toy with propellers, blue tape ball",yellow pen,Home,Move the third item counted from the right into the bowl.,Move the first from the left object into the bowl. | Put the object that is third from the right in the bowl.,"Both logically equivalent ordinal descriptions of L1 are withheld for yellow pen at sequence length 3, while the same trajectory remains under a direct-name instruction.",3.0,756,281,justintiensmith/VLA_Benchmark_Prompted_1200,756,False,justintiensmith/VLA_Benchmark_Prompted_1200,756,
757,Ordering/Sequencing,Put the yellow pen in the bowl.,Masked ordinal-role × target-identity composition,n=3; physical role=L1; direct identity=yellow pen,ordering_n3_l1_yellow_pen_masked,selected sequence-length × physical ordinal role × target-identity cells listed on Holdout Map,Yes,Replace prompt only,"Prompt-only relabeling; preserve episode 757 video, scene, trajectory, target, and start position.","yellow pen, blue tape ball, airplane toy with propellers",yellow pen,Home,Put the first object from the left in the bowl.,Put the object that is first from the left in the bowl. | Pick up the object that is third from the right and place it in the bowl.,"Both logically equivalent ordinal descriptions of L1 are withheld for yellow pen at sequence length 3, while the same trajectory remains under a direct-name instruction.",3.0,757,279,justintiensmith/VLA_Benchmark_Prompted_1200,757,False,justintiensmith/VLA_Benchmark_Prompted_1200,757,
758,Ordering/Sequencing,Move the second item counted from the right into the bowl.,Explicit ordinal grounding,n=2; physical role=L1; expression=second from the right; target=yellow pen,ordering_n2_l1_yellow_pen_explicit,selected sequence-length × physical ordinal role × target-identity cells listed on Holdout Map,No,Keep prompt,No prompt change required under the missing-cell design.,"yellow pen, airplane toy with propellers",yellow pen,Home,Move the second item counted from the right into the bowl.,,Explicitly grounds ordinal role L1 at sequence length 2 with yellow pen; selected object-role cells are masked instead of withholding an ordinal word or output position.,2.0,758,282,justintiensmith/VLA_Benchmark_Prompted_1200,758,False,justintiensmith/VLA_Benchmark_Prompted_1200,758,
759,Ordering/Sequencing,Pick up the object that is second from the right and place it in the bowl.,Explicit ordinal grounding,n=2; physical role=L1; expression=second from the right; target=yellow pen,ordering_n2_l1_yellow_pen_explicit,selected sequence-length × physical ordinal role × target-identity cells listed on Holdout Map,No,Keep prompt,No prompt change required under the missing-cell design.,"yellow pen, blue tape ball",yellow pen,Home,Pick up the object that is second from the right and place it in the bowl.,,Explicitly grounds ordinal role L1 at sequence length 2 with yellow pen; selected object-role cells are masked instead of withholding an ordinal word or output position.,2.0,759,258,justintiensmith/VLA_Benchmark_Prompted_1200,759,False,justintiensmith/VLA_Benchmark_Prompted_1200,759,
760,Ordering/Sequencing,Pick up the object that is second from the right and place it in the bowl.,Explicit ordinal grounding,n=2; physical role=L1; expression=second from the right; target=yellow pen,ordering_n2_l1_yellow_pen_explicit,selected sequence-length × physical ordinal role × target-identity cells listed on Holdout Map,No,Keep prompt,No prompt change required under the missing-cell design.,"yellow pen, green highlighter",yellow pen,Recovery,Pick up the object that is second from the right and place it in the bowl.,,Explicitly grounds ordinal role L1 at sequence length 2 with yellow pen; selected object-role cells are masked instead of withholding an ordinal word or output position.,2.0,760,258,justintiensmith/VLA_Benchmark_Prompted_1200,760,False,justintiensmith/VLA_Benchmark_Prompted_1200,760,
761,Ordering/Sequencing,Pick up the object that is second from the right and place it in the bowl.,Explicit ordinal grounding,n=2; physical role=L1; expression=second from the right; target=yellow pen,ordering_n2_l1_yellow_pen_explicit,selected sequence-length × physical ordinal role × target-identity cells listed on Holdout Map,No,Keep prompt,No prompt change required under the missing-cell design.,"yellow pen, airplane toy with propellers",yellow pen,Recovery,Pick up the object that is second from the right and place it in the bowl.,,Explicitly grounds ordinal role L1 at sequence length 2 with yellow pen; selected object-role cells are masked instead of withholding an ordinal word or output position.,2.0,761,258,justintiensmith/VLA_Benchmark_Prompted_1200,761,False,justintiensmith/VLA_Benchmark_Prompted_1200,761,
762,Ordering/Sequencing,Put the second object from the left in the bowl.,Explicit ordinal grounding,n=4; physical role=L2; expression=second from the left; target=yellow pen,ordering_n4_l2_yellow_pen_explicit,selected sequence-length × physical ordinal role × target-identity cells listed on Holdout Map,No,Keep prompt,No prompt change required under the missing-cell design.,"airplane toy with propellers, yellow pen, blue tape ball, green highlighter",yellow pen,Home,Put the second object from the left in the bowl.,,Explicitly grounds ordinal role L2 at sequence length 4 with yellow pen; selected object-role cells are masked instead of withholding an ordinal word or output position.,4.0,762,252,justintiensmith/VLA_Benchmark_Prompted_1200,762,False,justintiensmith/VLA_Benchmark_Prompted_1200,762,
763,Ordering/Sequencing,Move the second item counted from the left into the bowl.,Explicit ordinal grounding,n=4; physical role=L2; expression=second from the left; target=yellow pen,ordering_n4_l2_yellow_pen_explicit,selected sequence-length × physical ordinal role × target-identity cells listed on Holdout Map,No,Keep prompt,No prompt change required under the missing-cell design.,"airplane toy with propellers, yellow pen, green highlighter, blue tape ball",yellow pen,Home,Move the second item counted from the left into the bowl.,,Explicitly grounds ordinal role L2 at sequence length 4 with yellow pen; selected object-role cells are masked instead of withholding an ordinal word or output position.,4.0,763,253,justintiensmith/VLA_Benchmark_Prompted_1200,763,False,justintiensmith/VLA_Benchmark_Prompted_1200,763,
764,Ordering/Sequencing,Put the second object from the left in the bowl.,Explicit ordinal grounding,n=4; physical role=L2; expression=second from the left; target=yellow pen,ordering_n4_l2_yellow_pen_explicit,selected sequence-length × physical ordinal role × target-identity cells listed on Holdout Map,No,Keep prompt,No prompt change required under the missing-cell design.,"blue tape ball, yellow pen, airplane toy with propellers, green highlighter",yellow pen,Home,Put the second object from the left in the bowl.,,Explicitly grounds ordinal role L2 at sequence length 4 with yellow pen; selected object-role cells are masked instead of withholding an ordinal word or output position.,4.0,764,252,justintiensmith/VLA_Benchmark_Prompted_1200,764,False,justintiensmith/VLA_Benchmark_Prompted_1200,764,
765,Ordering/Sequencing,Pick up the object that is second from the left and place it in the bowl.,Explicit ordinal grounding,n=4; physical role=L2; expression=second from the left; target=yellow pen,ordering_n4_l2_yellow_pen_explicit,selected sequence-length × physical ordinal role × target-identity cells listed on Holdout Map,No,Keep prompt,No prompt change required under the missing-cell design.,"blue tape ball, yellow pen, green highlighter, airplane toy with propellers",yellow pen,Home,Pick up the object that is second from the left and place it in the bowl.,,Explicitly grounds ordinal role L2 at sequence length 4 with yellow pen; selected object-role cells are masked instead of withholding an ordinal word or output position.,4.0,765,251,justintiensmith/VLA_Benchmark_Prompted_1200,765,False,justintiensmith/VLA_Benchmark_Prompted_1200,765,
766,Ordering/Sequencing,Put the third object from the right in the bowl.,Explicit ordinal grounding,n=4; physical role=L2; expression=third from the right; target=yellow pen,ordering_n4_l2_yellow_pen_explicit,selected sequence-length × physical ordinal role × target-identity cells listed on Holdout Map,No,Keep prompt,No prompt change required under the missing-cell design.,"green highlighter, yellow pen, airplane toy with propellers, blue tape ball",yellow pen,Home,Put the third object from the right in the bowl.,,Explicitly grounds ordinal role L2 at sequence length 4 with yellow pen; selected object-role cells are masked instead of withholding an ordinal word or output position.,4.0,766,248,justintiensmith/VLA_Benchmark_Prompted_1200,766,False,justintiensmith/VLA_Benchmark_Prompted_1200,766,
767,Ordering/Sequencing,Put the third object from the right in the bowl.,Explicit ordinal grounding,n=4; physical role=L2; expression=third from the right; target=yellow pen,ordering_n4_l2_yellow_pen_explicit,selected sequence-length × physical ordinal role × target-identity cells listed on Holdout Map,No,Keep prompt,No prompt change required under the missing-cell design.,"green highlighter, yellow pen, blue tape ball, airplane toy with propellers",yellow pen,Home,Put the third object from the right in the bowl.,,Explicitly grounds ordinal role L2 at sequence length 4 with yellow pen; selected object-role cells are masked instead of withholding an ordinal word or output position.,4.0,767,248,justintiensmith/VLA_Benchmark_Prompted_1200,767,False,justintiensmith/VLA_Benchmark_Prompted_1200,767,
768,Ordering/Sequencing,Move the yellow pen into the bowl.,Masked ordinal-role × target-identity composition,n=2; physical role=L2; direct identity=yellow pen,ordering_n2_l2_yellow_pen_masked,selected sequence-length × physical ordinal role × target-identity cells listed on Holdout Map,Yes,Replace prompt only,"Prompt-only relabeling; preserve episode 768 video, scene, trajectory, target, and start position.","airplane toy with propellers, yellow pen",yellow pen,Home,Pick up the object that is second from the left and place it in the bowl.,Move the second from the left object into the bowl. | Put the object that is first from the right in the bowl.,"Both logically equivalent ordinal descriptions of L2 are withheld for yellow pen at sequence length 2, while the same trajectory remains under a direct-name instruction.",2.0,768,281,justintiensmith/VLA_Benchmark_Prompted_1200,768,False,justintiensmith/VLA_Benchmark_Prompted_1200,768,
769,Ordering/Sequencing,Put the yellow pen in the bowl.,Masked ordinal-role × target-identity composition,n=2; physical role=L2; direct identity=yellow pen,ordering_n2_l2_yellow_pen_masked,selected sequence-length × physical ordinal role × target-identity cells listed on Holdout Map,Yes,Replace prompt only,"Prompt-only relabeling; preserve episode 769 video, scene, trajectory, target, and start position.","blue tape ball, yellow pen",yellow pen,Home,Pick up the object that is second from the left and place it in the bowl.,Put the object that is second from the left in the bowl. | Pick up the object that is first from the right and place it in the bowl.,"Both logically equivalent ordinal descriptions of L2 are withheld for yellow pen at sequence length 2, while the same trajectory remains under a direct-name instruction.",2.0,769,279,justintiensmith/VLA_Benchmark_Prompted_1200,769,False,justintiensmith/VLA_Benchmark_Prompted_1200,769,
770,Ordering/Sequencing,Pick up the yellow pen and place it in the bowl.,Masked ordinal-role × target-identity composition,n=2; physical role=L2; direct identity=yellow pen,ordering_n2_l2_yellow_pen_masked,selected sequence-length × physical ordinal role × target-identity cells listed on Holdout Map,Yes,Replace prompt only,"Prompt-only relabeling; preserve episode 770 video, scene, trajectory, target, and start position.","green highlighter, yellow pen",yellow pen,Home,Pick up the object that is second from the left and place it in the bowl.,Pick up the object that is second from the left and place it in the bowl. | Move the first from the right object into the bowl.,"Both logically equivalent ordinal descriptions of L2 are withheld for yellow pen at sequence length 2, while the same trajectory remains under a direct-name instruction.",2.0,770,280,justintiensmith/VLA_Benchmark_Prompted_1200,770,False,justintiensmith/VLA_Benchmark_Prompted_1200,770,
771,Ordering/Sequencing,Move the yellow pen into the bowl.,Masked ordinal-role × target-identity composition,n=2; physical role=L2; direct identity=yellow pen,ordering_n2_l2_yellow_pen_masked,selected sequence-length × physical ordinal role × target-identity cells listed on Holdout Map,Yes,Replace prompt only,"Prompt-only relabeling; preserve episode 771 video, scene, trajectory, target, and start position.","airplane toy with propellers, yellow pen",yellow pen,Home,Put the second object from the left in the bowl.,Move the second from the left object into the bowl. | Put the object that is first from the right in the bowl.,"Both logically equivalent ordinal descriptions of L2 are withheld for yellow pen at sequence length 2, while the same trajectory remains under a direct-name instruction.",2.0,771,281,justintiensmith/VLA_Benchmark_Prompted_1200,771,False,justintiensmith/VLA_Benchmark_Prompted_1200,771,
772,Ordering/Sequencing,Put the yellow pen in the bowl.,Masked ordinal-role × target-identity composition,n=2; physical role=L2; direct identity=yellow pen,ordering_n2_l2_yellow_pen_masked,selected sequence-length × physical ordinal role × target-identity cells listed on Holdout Map,Yes,Replace prompt only,"Prompt-only relabeling; preserve episode 772 video, scene, trajectory, target, and start position.","blue tape ball, yellow pen",yellow pen,Recovery,Pick up the object that is second from the left and place it in the bowl.,Put the object that is second from the left in the bowl. | Pick up the object that is first from the right and place it in the bowl.,"Both logically equivalent ordinal descriptions of L2 are withheld for yellow pen at sequence length 2, while the same trajectory remains under a direct-name instruction.",2.0,772,279,justintiensmith/VLA_Benchmark_Prompted_1200,772,False,justintiensmith/VLA_Benchmark_Prompted_1200,772,
773,Ordering/Sequencing,Pick up the yellow pen and place it in the bowl.,Masked ordinal-role × target-identity composition,n=2; physical role=L2; direct identity=yellow pen,ordering_n2_l2_yellow_pen_masked,selected sequence-length × physical ordinal role × target-identity cells listed on Holdout Map,Yes,Replace prompt only,"Prompt-only relabeling; preserve episode 773 video, scene, trajectory, target, and start position.","green highlighter, yellow pen",yellow pen,Recovery,Move the second item counted from the left into the bowl.,Pick up the object that is second from the left and place it in the bowl. | Move the first from the right object into the bowl.,"Both logically equivalent ordinal descriptions of L2 are withheld for yellow pen at sequence length 2, while the same trajectory remains under a direct-name instruction.",2.0,773,280,justintiensmith/VLA_Benchmark_Prompted_1200,773,False,justintiensmith/VLA_Benchmark_Prompted_1200,773,
774,Ordering/Sequencing,Put the third object from the right in the bowl.,Explicit ordinal grounding,n=4; physical role=L2; expression=third from the right; target=yellow pen,ordering_n4_l2_yellow_pen_explicit,selected sequence-length × physical ordinal role × target-identity cells listed on Holdout Map,No,Keep prompt,No prompt change required under the missing-cell design.,"airplane toy with propellers, yellow pen, blue tape ball, green highlighter",yellow pen,Recovery,Put the third object from the right in the bowl.,,Explicitly grounds ordinal role L2 at sequence length 4 with yellow pen; selected object-role cells are masked instead of withholding an ordinal word or output position.,4.0,774,248,justintiensmith/VLA_Benchmark_Prompted_1200,774,False,justintiensmith/VLA_Benchmark_Prompted_1200,774,
775,Ordering/Sequencing,Put the object that is second from the right in the bowl.,Explicit ordinal grounding,n=4; physical role=L3; expression=second from the right; target=yellow pen,ordering_n4_l3_yellow_pen_explicit,selected sequence-length × physical ordinal role × target-identity cells listed on Holdout Map,Yes,Replace prompt only,"Prompt-only relabeling; preserve episode 775 video, scene, trajectory, target, and start position.","airplane toy with propellers, blue tape ball, yellow pen, green highlighter",yellow pen,Home,Move the yellow pen into the bowl.,,Explicitly grounds ordinal role L3 at sequence length 4 with yellow pen; selected object-role cells are masked instead of withholding an ordinal word or output position.,4.0,775,254,justintiensmith/VLA_Benchmark_Prompted_1200,775,False,justintiensmith/VLA_Benchmark_Prompted_1200,775,
776,Ordering/Sequencing,Pick up the object that is third from the left and place it in the bowl.,Explicit ordinal grounding,n=4; physical role=L3; expression=third from the left; target=yellow pen,ordering_n4_l3_yellow_pen_explicit,selected sequence-length × physical ordinal role × target-identity cells listed on Holdout Map,Yes,Replace prompt only,"Prompt-only relabeling; preserve episode 776 video, scene, trajectory, target, and start position.","airplane toy with propellers, green highlighter, yellow pen, blue tape ball",yellow pen,Home,Put the yellow pen in the bowl.,,Explicitly grounds ordinal role L3 at sequence length 4 with yellow pen; selected object-role cells are masked instead of withholding an ordinal word or output position.,4.0,776,255,justintiensmith/VLA_Benchmark_Prompted_1200,776,False,justintiensmith/VLA_Benchmark_Prompted_1200,776,
777,Ordering/Sequencing,Move the second from the right object into the bowl.,Explicit ordinal grounding,n=4; physical role=L3; expression=second from the right; target=yellow pen,ordering_n4_l3_yellow_pen_explicit,selected sequence-length × physical ordinal role × target-identity cells listed on Holdout Map,Yes,Replace prompt only,"Prompt-only relabeling; preserve episode 777 video, scene, trajectory, target, and start position.","blue tape ball, airplane toy with propellers, yellow pen, green highlighter",yellow pen,Home,Pick up the yellow pen and place it in the bowl.,,Explicitly grounds ordinal role L3 at sequence length 4 with yellow pen; selected object-role cells are masked instead of withholding an ordinal word or output position.,4.0,777,256,justintiensmith/VLA_Benchmark_Prompted_1200,777,False,justintiensmith/VLA_Benchmark_Prompted_1200,777,
778,Ordering/Sequencing,Put the object that is third from the left in the bowl.,Explicit ordinal grounding,n=4; physical role=L3; expression=third from the left; target=yellow pen,ordering_n4_l3_yellow_pen_explicit,selected sequence-length × physical ordinal role × target-identity cells listed on Holdout Map,Yes,Replace prompt only,"Prompt-only relabeling; preserve episode 778 video, scene, trajectory, target, and start position.","blue tape ball, green highlighter, yellow pen, airplane toy with propellers",yellow pen,Home,Move the yellow pen into the bowl.,,Explicitly grounds ordinal role L3 at sequence length 4 with yellow pen; selected object-role cells are masked instead of withholding an ordinal word or output position.,4.0,778,257,justintiensmith/VLA_Benchmark_Prompted_1200,778,False,justintiensmith/VLA_Benchmark_Prompted_1200,778,
779,Ordering/Sequencing,Pick up the object that is first from the right and place it in the bowl.,Explicit ordinal grounding,n=3; physical role=L3; expression=first from the right; target=yellow pen,ordering_n3_l3_yellow_pen_explicit,selected sequence-length × physical ordinal role × target-identity cells listed on Holdout Map,Yes,Replace prompt only,"Prompt-only relabeling; preserve episode 779 video, scene, trajectory, target, and start position.","airplane toy with propellers, blue tape ball, yellow pen",yellow pen,Home,Move the yellow pen into the bowl.,,Explicitly grounds ordinal role L3 at sequence length 3 with yellow pen; selected object-role cells are masked instead of withholding an ordinal word or output position.,3.0,779,263,justintiensmith/VLA_Benchmark_Prompted_1200,779,False,justintiensmith/VLA_Benchmark_Prompted_1200,779,
780,Ordering/Sequencing,Move the third from the left object into the bowl.,Explicit ordinal grounding,n=3; physical role=L3; expression=third from the left; target=yellow pen,ordering_n3_l3_yellow_pen_explicit,selected sequence-length × physical ordinal role × target-identity cells listed on Holdout Map,Yes,Replace prompt only,"Prompt-only relabeling; preserve episode 780 video, scene, trajectory, target, and start position.","airplane toy with propellers, green highlighter, yellow pen",yellow pen,Home,Move the yellow pen into the bowl.,,Explicitly grounds ordinal role L3 at sequence length 3 with yellow pen; selected object-role cells are masked instead of withholding an ordinal word or output position.,3.0,780,259,justintiensmith/VLA_Benchmark_Prompted_1200,780,False,justintiensmith/VLA_Benchmark_Prompted_1200,780,
781,Ordering/Sequencing,Put the object that is first from the right in the bowl.,Explicit ordinal grounding,n=3; physical role=L3; expression=first from the right; target=yellow pen,ordering_n3_l3_yellow_pen_explicit,selected sequence-length × physical ordinal role × target-identity cells listed on Holdout Map,Yes,Replace prompt only,"Prompt-only relabeling; preserve episode 781 video, scene, trajectory, target, and start position.","blue tape ball, airplane toy with propellers, yellow pen",yellow pen,Home,Put the yellow pen in the bowl.,,Explicitly grounds ordinal role L3 at sequence length 3 with yellow pen; selected object-role cells are masked instead of withholding an ordinal word or output position.,3.0,781,265,justintiensmith/VLA_Benchmark_Prompted_1200,781,False,justintiensmith/VLA_Benchmark_Prompted_1200,781,
782,Ordering/Sequencing,Pick up the object that is third from the left and place it in the bowl.,Explicit ordinal grounding,n=3; physical role=L3; expression=third from the left; target=yellow pen,ordering_n3_l3_yellow_pen_explicit,selected sequence-length × physical ordinal role × target-identity cells listed on Holdout Map,Yes,Replace prompt only,"Prompt-only relabeling; preserve episode 782 video, scene, trajectory, target, and start position.","blue tape ball, green highlighter, yellow pen",yellow pen,Home,Put the yellow pen in the bowl.,,Explicitly grounds ordinal role L3 at sequence length 3 with yellow pen; selected object-role cells are masked instead of withholding an ordinal word or output position.,3.0,782,255,justintiensmith/VLA_Benchmark_Prompted_1200,782,False,justintiensmith/VLA_Benchmark_Prompted_1200,782,
783,Ordering/Sequencing,Move the first from the right object into the bowl.,Explicit ordinal grounding,n=3; physical role=L3; expression=first from the right; target=yellow pen,ordering_n3_l3_yellow_pen_explicit,selected sequence-length × physical ordinal role × target-identity cells listed on Holdout Map,Yes,Replace prompt only,"Prompt-only relabeling; preserve episode 783 video, scene, trajectory, target, and start position.","green highlighter, airplane toy with propellers, yellow pen",yellow pen,Home,Pick up the yellow pen and place it in the bowl.,,Explicitly grounds ordinal role L3 at sequence length 3 with yellow pen; selected object-role cells are masked instead of withholding an ordinal word or output position.,3.0,783,261,justintiensmith/VLA_Benchmark_Prompted_1200,783,False,justintiensmith/VLA_Benchmark_Prompted_1200,783,
784,Ordering/Sequencing,Put the object that is third from the left in the bowl.,Explicit ordinal grounding,n=3; physical role=L3; expression=third from the left; target=yellow pen,ordering_n3_l3_yellow_pen_explicit,selected sequence-length × physical ordinal role × target-identity cells listed on Holdout Map,Yes,Replace prompt only,"Prompt-only relabeling; preserve episode 784 video, scene, trajectory, target, and start position.","green highlighter, blue tape ball, yellow pen",yellow pen,Home,Pick up the yellow pen and place it in the bowl.,,Explicitly grounds ordinal role L3 at sequence length 3 with yellow pen; selected object-role cells are masked instead of withholding an ordinal word or output position.,3.0,784,257,justintiensmith/VLA_Benchmark_Prompted_1200,784,False,justintiensmith/VLA_Benchmark_Prompted_1200,784,
785,Ordering/Sequencing,Pick up the object that is second from the right and place it in the bowl.,Explicit ordinal grounding,n=4; physical role=L3; expression=second from the right; target=yellow pen,ordering_n4_l3_yellow_pen_explicit,selected sequence-length × physical ordinal role × target-identity cells listed on Holdout Map,Yes,Replace prompt only,"Prompt-only relabeling; preserve episode 785 video, scene, trajectory, target, and start position.","green highlighter, airplane toy with propellers, yellow pen, blue tape ball",yellow pen,Recovery,Put the yellow pen in the bowl.,,Explicitly grounds ordinal role L3 at sequence length 4 with yellow pen; selected object-role cells are masked instead of withholding an ordinal word or output position.,4.0,785,258,justintiensmith/VLA_Benchmark_Prompted_1200,785,False,justintiensmith/VLA_Benchmark_Prompted_1200,785,
786,Ordering/Sequencing,Move the third from the left object into the bowl.,Explicit ordinal grounding,n=4; physical role=L3; expression=third from the left; target=yellow pen,ordering_n4_l3_yellow_pen_explicit,selected sequence-length × physical ordinal role × target-identity cells listed on Holdout Map,Yes,Replace prompt only,"Prompt-only relabeling; preserve episode 786 video, scene, trajectory, target, and start position.","green highlighter, blue tape ball, yellow pen, airplane toy with propellers",yellow pen,Recovery,Pick up the yellow pen and place it in the bowl.,,Explicitly grounds ordinal role L3 at sequence length 4 with yellow pen; selected object-role cells are masked instead of withholding an ordinal word or output position.,4.0,786,259,justintiensmith/VLA_Benchmark_Prompted_1200,786,False,justintiensmith/VLA_Benchmark_Prompted_1200,786,
787,Ordering/Sequencing,Move the yellow pen into the bowl.,Masked ordinal-role × target-identity composition,n=4; physical role=L4; direct identity=yellow pen,ordering_n4_l4_yellow_pen_masked,selected sequence-length × physical ordinal role × target-identity cells listed on Holdout Map,No,Keep prompt,No prompt change required under the missing-cell design.,"airplane toy with propellers, blue tape ball, green highlighter, yellow pen",yellow pen,Home,Move the yellow pen into the bowl.,Put the object that is fourth from the left in the bowl. | Pick up the object that is first from the right and place it in the bowl.,"Both logically equivalent ordinal descriptions of L4 are withheld for yellow pen at sequence length 4, while the same trajectory remains under a direct-name instruction.",4.0,787,281,justintiensmith/VLA_Benchmark_Prompted_1200,787,False,justintiensmith/VLA_Benchmark_Prompted_1200,787,
788,Ordering/Sequencing,Put the yellow pen in the bowl.,Masked ordinal-role × target-identity composition,n=4; physical role=L4; direct identity=yellow pen,ordering_n4_l4_yellow_pen_masked,selected sequence-length × physical ordinal role × target-identity cells listed on Holdout Map,No,Keep prompt,No prompt change required under the missing-cell design.,"airplane toy with propellers, green highlighter, blue tape ball, yellow pen",yellow pen,Home,Put the yellow pen in the bowl.,Pick up the object that is fourth from the left and place it in the bowl. | Move the first from the right object into the bowl.,"Both logically equivalent ordinal descriptions of L4 are withheld for yellow pen at sequence length 4, while the same trajectory remains under a direct-name instruction.",4.0,788,279,justintiensmith/VLA_Benchmark_Prompted_1200,788,False,justintiensmith/VLA_Benchmark_Prompted_1200,788,
789,Ordering/Sequencing,Pick up the yellow pen and place it in the bowl.,Masked ordinal-role × target-identity composition,n=4; physical role=L4; direct identity=yellow pen,ordering_n4_l4_yellow_pen_masked,selected sequence-length × physical ordinal role × target-identity cells listed on Holdout Map,No,Keep prompt,No prompt change required under the missing-cell design.,"blue tape ball, airplane toy with propellers, green highlighter, yellow pen",yellow pen,Home,Pick up the yellow pen and place it in the bowl.,Move the fourth from the left object into the bowl. | Put the object that is first from the right in the bowl.,"Both logically equivalent ordinal descriptions of L4 are withheld for yellow pen at sequence length 4, while the same trajectory remains under a direct-name instruction.",4.0,789,280,justintiensmith/VLA_Benchmark_Prompted_1200,789,False,justintiensmith/VLA_Benchmark_Prompted_1200,789,
790,Ordering/Sequencing,Move the yellow pen into the bowl.,Masked ordinal-role × target-identity composition,n=4; physical role=L4; direct identity=yellow pen,ordering_n4_l4_yellow_pen_masked,selected sequence-length × physical ordinal role × target-identity cells listed on Holdout Map,No,Keep prompt,No prompt change required under the missing-cell design.,"blue tape ball, green highlighter, airplane toy with propellers, yellow pen",yellow pen,Home,Move the yellow pen into the bowl.,Put the object that is fourth from the left in the bowl. | Pick up the object that is first from the right and place it in the bowl.,"Both logically equivalent ordinal descriptions of L4 are withheld for yellow pen at sequence length 4, while the same trajectory remains under a direct-name instruction.",4.0,790,281,justintiensmith/VLA_Benchmark_Prompted_1200,790,False,justintiensmith/VLA_Benchmark_Prompted_1200,790,
791,Ordering/Sequencing,Put the yellow pen in the bowl.,Masked ordinal-role × target-identity composition,n=4; physical role=L4; direct identity=yellow pen,ordering_n4_l4_yellow_pen_masked,selected sequence-length × physical ordinal role × target-identity cells listed on Holdout Map,No,Keep prompt,No prompt change required under the missing-cell design.,"green highlighter, airplane toy with propellers, blue tape ball, yellow pen",yellow pen,Home,Put the yellow pen in the bowl.,Pick up the object that is fourth from the left and place it in the bowl. | Move the first from the right object into the bowl.,"Both logically equivalent ordinal descriptions of L4 are withheld for yellow pen at sequence length 4, while the same trajectory remains under a direct-name instruction.",4.0,791,279,justintiensmith/VLA_Benchmark_Prompted_1200,791,False,justintiensmith/VLA_Benchmark_Prompted_1200,791,
792,Ordering/Sequencing,Pick up the yellow pen and place it in the bowl.,Masked ordinal-role × target-identity composition,n=4; physical role=L4; direct identity=yellow pen,ordering_n4_l4_yellow_pen_masked,selected sequence-length × physical ordinal role × target-identity cells listed on Holdout Map,No,Keep prompt,No prompt change required under the missing-cell design.,"green highlighter, blue tape ball, airplane toy with propellers, yellow pen",yellow pen,Home,Pick up the yellow pen and place it in the bowl.,Move the fourth from the left object into the bowl. | Put the object that is first from the right in the bowl.,"Both logically equivalent ordinal descriptions of L4 are withheld for yellow pen at sequence length 4, while the same trajectory remains under a direct-name instruction.",4.0,792,280,justintiensmith/VLA_Benchmark_Prompted_1200,792,False,justintiensmith/VLA_Benchmark_Prompted_1200,792,
793,Ordering/Sequencing,Move the yellow pen into the bowl.,Masked ordinal-role × target-identity composition,n=4; physical role=L4; direct identity=yellow pen,ordering_n4_l4_yellow_pen_masked,selected sequence-length × physical ordinal role × target-identity cells listed on Holdout Map,No,Keep prompt,No prompt change required under the missing-cell design.,"airplane toy with propellers, blue tape ball, green highlighter, yellow pen",yellow pen,Home,Move the yellow pen into the bowl.,Put the object that is fourth from the left in the bowl. | Pick up the object that is first from the right and place it in the bowl.,"Both logically equivalent ordinal descriptions of L4 are withheld for yellow pen at sequence length 4, while the same trajectory remains under a direct-name instruction.",4.0,793,281,justintiensmith/VLA_Benchmark_Prompted_1200,793,False,justintiensmith/VLA_Benchmark_Prompted_1200,793,
794,Ordering/Sequencing,Put the yellow pen in the bowl.,Masked ordinal-role × target-identity composition,n=4; physical role=L4; direct identity=yellow pen,ordering_n4_l4_yellow_pen_masked,selected sequence-length × physical ordinal role × target-identity cells listed on Holdout Map,No,Keep prompt,No prompt change required under the missing-cell design.,"airplane toy with propellers, green highlighter, blue tape ball, yellow pen",yellow pen,Home,Put the yellow pen in the bowl.,Pick up the object that is fourth from the left and place it in the bowl. | Move the first from the right object into the bowl.,"Both logically equivalent ordinal descriptions of L4 are withheld for yellow pen at sequence length 4, while the same trajectory remains under a direct-name instruction.",4.0,794,279,justintiensmith/VLA_Benchmark_Prompted_1200,794,False,justintiensmith/VLA_Benchmark_Prompted_1200,794,
795,Ordering/Sequencing,Pick up the yellow pen and place it in the bowl.,Masked ordinal-role × target-identity composition,n=4; physical role=L4; direct identity=yellow pen,ordering_n4_l4_yellow_pen_masked,selected sequence-length × physical ordinal role × target-identity cells listed on Holdout Map,No,Keep prompt,No prompt change required under the missing-cell design.,"blue tape ball, airplane toy with propellers, green highlighter, yellow pen",yellow pen,Home,Pick up the yellow pen and place it in the bowl.,Move the fourth from the left object into the bowl. | Put the object that is first from the right in the bowl.,"Both logically equivalent ordinal descriptions of L4 are withheld for yellow pen at sequence length 4, while the same trajectory remains under a direct-name instruction.",4.0,795,280,justintiensmith/VLA_Benchmark_Prompted_1200,795,False,justintiensmith/VLA_Benchmark_Prompted_1200,795,
796,Ordering/Sequencing,Move the yellow pen into the bowl.,Masked ordinal-role × target-identity composition,n=4; physical role=L4; direct identity=yellow pen,ordering_n4_l4_yellow_pen_masked,selected sequence-length × physical ordinal role × target-identity cells listed on Holdout Map,No,Keep prompt,No prompt change required under the missing-cell design.,"blue tape ball, green highlighter, airplane toy with propellers, yellow pen",yellow pen,Home,Move the yellow pen into the bowl.,Put the object that is fourth from the left in the bowl. | Pick up the object that is first from the right and place it in the bowl.,"Both logically equivalent ordinal descriptions of L4 are withheld for yellow pen at sequence length 4, while the same trajectory remains under a direct-name instruction.",4.0,796,281,justintiensmith/VLA_Benchmark_Prompted_1200,796,False,justintiensmith/VLA_Benchmark_Prompted_1200,796,
797,Ordering/Sequencing,Put the yellow pen in the bowl.,Masked ordinal-role × target-identity composition,n=4; physical role=L4; direct identity=yellow pen,ordering_n4_l4_yellow_pen_masked,selected sequence-length × physical ordinal role × target-identity cells listed on Holdout Map,No,Keep prompt,No prompt change required under the missing-cell design.,"green highlighter, airplane toy with propellers, blue tape ball, yellow pen",yellow pen,Recovery,Put the yellow pen in the bowl.,Pick up the object that is fourth from the left and place it in the bowl. | Move the first from the right object into the bowl.,"Both logically equivalent ordinal descriptions of L4 are withheld for yellow pen at sequence length 4, while the same trajectory remains under a direct-name instruction.",4.0,797,279,justintiensmith/VLA_Benchmark_Prompted_1200,797,False,justintiensmith/VLA_Benchmark_Prompted_1200,797,
798,Ordering/Sequencing,Pick up the yellow pen and place it in the bowl.,Masked ordinal-role × target-identity composition,n=4; physical role=L4; direct identity=yellow pen,ordering_n4_l4_yellow_pen_masked,selected sequence-length × physical ordinal role × target-identity cells listed on Holdout Map,No,Keep prompt,No prompt change required under the missing-cell design.,"green highlighter, blue tape ball, airplane toy with propellers, yellow pen",yellow pen,Recovery,Pick up the yellow pen and place it in the bowl.,Move the fourth from the left object into the bowl. | Put the object that is first from the right in the bowl.,"Both logically equivalent ordinal descriptions of L4 are withheld for yellow pen at sequence length 4, while the same trajectory remains under a direct-name instruction.",4.0,798,280,justintiensmith/VLA_Benchmark_Prompted_1200,798,False,justintiensmith/VLA_Benchmark_Prompted_1200,798,
799,Ordering/Sequencing,Move the yellow pen into the bowl.,Masked ordinal-role × target-identity composition,n=4; physical role=L4; direct identity=yellow pen,ordering_n4_l4_yellow_pen_masked,selected sequence-length × physical ordinal role × target-identity cells listed on Holdout Map,No,Keep prompt,No prompt change required under the missing-cell design.,"airplane toy with propellers, blue tape ball, green highlighter, yellow pen",yellow pen,Recovery,Move the yellow pen into the bowl.,Put the object that is fourth from the left in the bowl. | Pick up the object that is first from the right and place it in the bowl.,"Both logically equivalent ordinal descriptions of L4 are withheld for yellow pen at sequence length 4, while the same trajectory remains under a direct-name instruction.",4.0,799,281,justintiensmith/VLA_Benchmark_Prompted_1200,799,False,justintiensmith/VLA_Benchmark_Prompted_1200,799,
800,Counting,Leave exactly one object in the bowl.,Explicit goal-count grounding,goal=1; familiar transition=0→1 addition,count_goal_1_seen_add,goal one via removal (2→1); goal three via addition (2→3),Yes,Replace prompt only,"Prompt-only relabeling; preserve episode 800 video, scene, trajectory, target, and start position.","blue pen, yellow block, green pencil sharpener, airplane toy without propellers",blue pen,Home,Move the blue pen into the bowl.,,"The word one is explicitly trained through addition, while one-through-removal is withheld.",,800,283,justintiensmith/VLA_Benchmark_Prompted_1200,800,False,justintiensmith/VLA_Benchmark_Prompted_1200,800,
801,Counting,Leave exactly one object in the bowl.,Explicit goal-count grounding,goal=1; familiar transition=0→1 addition,count_goal_1_seen_add,goal one via removal (2→1); goal three via addition (2→3),Yes,Replace prompt only,"Prompt-only relabeling; preserve episode 801 video, scene, trajectory, target, and start position.","blue pen, yellow block, green pencil sharpener",blue pen,Home,Pick up the blue pen and place it in the bowl.,,"The word one is explicitly trained through addition, while one-through-removal is withheld.",,801,283,justintiensmith/VLA_Benchmark_Prompted_1200,801,False,justintiensmith/VLA_Benchmark_Prompted_1200,801,
802,Counting,Leave exactly one object in the bowl.,Explicit goal-count grounding,goal=1; familiar transition=0→1 addition,count_goal_1_seen_add,goal one via removal (2→1); goal three via addition (2→3),Yes,Replace prompt only,"Prompt-only relabeling; preserve episode 802 video, scene, trajectory, target, and start position.","blue pen, airplane toy without propellers",blue pen,Home,Put the blue pen in the bowl.,,"The word one is explicitly trained through addition, while one-through-removal is withheld.",,802,283,justintiensmith/VLA_Benchmark_Prompted_1200,802,False,justintiensmith/VLA_Benchmark_Prompted_1200,802,
803,Counting,Leave exactly one object in the bowl.,Explicit goal-count grounding,goal=1; familiar transition=0→1 addition,count_goal_1_seen_add,goal one via removal (2→1); goal three via addition (2→3),Yes,Replace prompt only,"Prompt-only relabeling; preserve episode 803 video, scene, trajectory, target, and start position.","blue pen, yellow block, airplane toy without propellers",blue pen,Post-Drop,Move the blue pen into the bowl.,,"The word one is explicitly trained through addition, while one-through-removal is withheld.",,803,283,justintiensmith/VLA_Benchmark_Prompted_1200,803,False,justintiensmith/VLA_Benchmark_Prompted_1200,803,
804,Counting,Leave exactly one object in the bowl.,Explicit goal-count grounding,goal=1; familiar transition=0→1 addition,count_goal_1_seen_add,goal one via removal (2→1); goal three via addition (2→3),Yes,Replace prompt only,"Prompt-only relabeling; preserve episode 804 video, scene, trajectory, target, and start position.","blue pen, green pencil sharpener",blue pen,Post-Drop,Pick up the blue pen and place it in the bowl.,,"The word one is explicitly trained through addition, while one-through-removal is withheld.",,804,283,justintiensmith/VLA_Benchmark_Prompted_1200,804,False,justintiensmith/VLA_Benchmark_Prompted_1200,804,
805,Counting,Leave exactly one object in the bowl.,Explicit goal-count grounding,goal=1; familiar transition=0→1 addition,count_goal_1_seen_add,goal one via removal (2→1); goal three via addition (2→3),Yes,Replace prompt only,"Prompt-only relabeling; preserve episode 805 video, scene, trajectory, target, and start position.","blue pen, yellow block",blue pen,Post-Drop,Pick up the blue pen and place it in the bowl.,,"The word one is explicitly trained through addition, while one-through-removal is withheld.",,805,283,justintiensmith/VLA_Benchmark_Prompted_1200,805,False,justintiensmith/VLA_Benchmark_Prompted_1200,805,
806,Counting,Leave exactly one object in the bowl.,Explicit goal-count grounding,goal=1; familiar transition=0→1 addition,count_goal_1_seen_add,goal one via removal (2→1); goal three via addition (2→3),Yes,Replace prompt only,"Prompt-only relabeling; preserve episode 806 video, scene, trajectory, target, and start position.","blue pen, green pencil sharpener, airplane toy without propellers",blue pen,Recovery,Move the blue pen into the bowl.,,"The word one is explicitly trained through addition, while one-through-removal is withheld.",,806,283,justintiensmith/VLA_Benchmark_Prompted_1200,806,False,justintiensmith/VLA_Benchmark_Prompted_1200,806,
807,Counting,Leave exactly one object in the bowl.,Explicit goal-count grounding,goal=1; familiar transition=0→1 addition,count_goal_1_seen_add,goal one via removal (2→1); goal three via addition (2→3),Yes,Replace prompt only,"Prompt-only relabeling; preserve episode 807 video, scene, trajectory, target, and start position.",blue pen,blue pen,Recovery,Pick up the blue pen and place it in the bowl.,,"The word one is explicitly trained through addition, while one-through-removal is withheld.",,807,283,justintiensmith/VLA_Benchmark_Prompted_1200,807,False,justintiensmith/VLA_Benchmark_Prompted_1200,807,
808,Counting,Make the bowl contain exactly two objects.,Explicit goal-count grounding,goal=2; in-distribution anchor,count_goal_2_explicit_anchor,goal one via removal (2→1); goal three via addition (2→3),No,Keep prompt,No prompt change required under the missing-cell design.,"yellow block, blue pen, green pencil sharpener, airplane toy without propellers",blue pen,Home,Make the bowl contain exactly two objects.,,Explicitly grounds final count 2 as an in-distribution counting anchor.,,808,284,justintiensmith/VLA_Benchmark_Prompted_1200,808,False,justintiensmith/VLA_Benchmark_Prompted_1200,808,
809,Counting,Adjust the bowl so that it contains two objects.,Explicit goal-count grounding,goal=2; in-distribution anchor,count_goal_2_explicit_anchor,goal one via removal (2→1); goal three via addition (2→3),No,Keep prompt,No prompt change required under the missing-cell design.,"green pencil sharpener, blue pen, yellow block",blue pen,Home,Adjust the bowl so that it contains two objects.,,Explicitly grounds final count 2 as an in-distribution counting anchor.,,809,285,justintiensmith/VLA_Benchmark_Prompted_1200,809,False,justintiensmith/VLA_Benchmark_Prompted_1200,809,
810,Counting,Make the bowl contain exactly two objects.,Explicit goal-count grounding,goal=2; in-distribution anchor,count_goal_2_explicit_anchor,goal one via removal (2→1); goal three via addition (2→3),No,Keep prompt,No prompt change required under the missing-cell design.,"airplane toy without propellers, blue pen, green pencil sharpener",blue pen,Home,Make the bowl contain exactly two objects.,,Explicitly grounds final count 2 as an in-distribution counting anchor.,,810,284,justintiensmith/VLA_Benchmark_Prompted_1200,810,False,justintiensmith/VLA_Benchmark_Prompted_1200,810,
811,Counting,Make the bowl contain exactly two objects.,Explicit goal-count grounding,goal=2; in-distribution anchor,count_goal_2_explicit_anchor,goal one via removal (2→1); goal three via addition (2→3),No,Keep prompt,No prompt change required under the missing-cell design.,"yellow block, blue pen, green pencil sharpener, airplane toy without propellers",blue pen,Post-Drop,Make the bowl contain exactly two objects.,,Explicitly grounds final count 2 as an in-distribution counting anchor.,,811,284,justintiensmith/VLA_Benchmark_Prompted_1200,811,False,justintiensmith/VLA_Benchmark_Prompted_1200,811,
812,Counting,Adjust the bowl so that it contains two objects.,Explicit goal-count grounding,goal=2; in-distribution anchor,count_goal_2_explicit_anchor,goal one via removal (2→1); goal three via addition (2→3),No,Keep prompt,No prompt change required under the missing-cell design.,"green pencil sharpener, blue pen, airplane toy without propellers",blue pen,Post-Drop,Adjust the bowl so that it contains two objects.,,Explicitly grounds final count 2 as an in-distribution counting anchor.,,812,285,justintiensmith/VLA_Benchmark_Prompted_1200,812,False,justintiensmith/VLA_Benchmark_Prompted_1200,812,
813,Counting,Make the bowl contain exactly two objects.,Explicit goal-count grounding,goal=2; in-distribution anchor,count_goal_2_explicit_anchor,goal one via removal (2→1); goal three via addition (2→3),No,Keep prompt,No prompt change required under the missing-cell design.,"airplane toy without propellers, blue pen, yellow block",blue pen,Post-Drop,Make the bowl contain exactly two objects.,,Explicitly grounds final count 2 as an in-distribution counting anchor.,,813,284,justintiensmith/VLA_Benchmark_Prompted_1200,813,False,justintiensmith/VLA_Benchmark_Prompted_1200,813,
814,Counting,Make the bowl contain exactly two objects.,Explicit goal-count grounding,goal=2; in-distribution anchor,count_goal_2_explicit_anchor,goal one via removal (2→1); goal three via addition (2→3),No,Keep prompt,No prompt change required under the missing-cell design.,"green pencil sharpener, blue pen, airplane toy without propellers",blue pen,Recovery,Make the bowl contain exactly two objects.,,Explicitly grounds final count 2 as an in-distribution counting anchor.,,814,284,justintiensmith/VLA_Benchmark_Prompted_1200,814,False,justintiensmith/VLA_Benchmark_Prompted_1200,814,
815,Counting,Adjust the bowl so that it contains two objects.,Explicit goal-count grounding,goal=2; in-distribution anchor,count_goal_2_explicit_anchor,goal one via removal (2→1); goal three via addition (2→3),No,Keep prompt,No prompt change required under the missing-cell design.,"yellow block, blue pen",blue pen,Recovery,Adjust the bowl so that it contains two objects.,,Explicitly grounds final count 2 as an in-distribution counting anchor.,,815,285,justintiensmith/VLA_Benchmark_Prompted_1200,815,False,justintiensmith/VLA_Benchmark_Prompted_1200,815,
816,Counting,Pick up the blue pen and place it in the bowl.,Masked goal-count × transition composition,direct addition of blue pen; hidden goal=3; transition=2→3,count_goal_3_add_masked,goal one via removal (2→1); goal three via addition (2→3),No,Keep prompt,No prompt change required under the missing-cell design.,"yellow block, green pencil sharpener, blue pen, airplane toy without propellers",blue pen,Home,Pick up the blue pen and place it in the bowl.,Leave exactly three objects in the bowl.,"The exact 2→3 motor transition is trained with a direct instruction, but the goal-count instruction is withheld.",,816,286,justintiensmith/VLA_Benchmark_Prompted_1200,816,False,justintiensmith/VLA_Benchmark_Prompted_1200,816,
817,Counting,Move the blue pen into the bowl.,Masked goal-count × transition composition,direct addition of blue pen; hidden goal=3; transition=2→3,count_goal_3_add_masked,goal one via removal (2→1); goal three via addition (2→3),No,Keep prompt,No prompt change required under the missing-cell design.,"green pencil sharpener, airplane toy without propellers, blue pen, yellow block",blue pen,Home,Move the blue pen into the bowl.,Leave exactly three objects in the bowl.,"The exact 2→3 motor transition is trained with a direct instruction, but the goal-count instruction is withheld.",,817,287,justintiensmith/VLA_Benchmark_Prompted_1200,817,False,justintiensmith/VLA_Benchmark_Prompted_1200,817,
818,Counting,Put the blue pen in the bowl.,Masked goal-count × transition composition,direct addition of blue pen; hidden goal=3; transition=2→3,count_goal_3_add_masked,goal one via removal (2→1); goal three via addition (2→3),No,Keep prompt,No prompt change required under the missing-cell design.,"yellow block, airplane toy without propellers, blue pen, green pencil sharpener",blue pen,Home,Put the blue pen in the bowl.,Leave exactly three objects in the bowl.,"The exact 2→3 motor transition is trained with a direct instruction, but the goal-count instruction is withheld.",,818,288,justintiensmith/VLA_Benchmark_Prompted_1200,818,False,justintiensmith/VLA_Benchmark_Prompted_1200,818,
819,Counting,Put the blue pen in the bowl.,Masked goal-count × transition composition,direct addition of blue pen; hidden goal=3; transition=2→3,count_goal_3_add_masked,goal one via removal (2→1); goal three via addition (2→3),No,Keep prompt,No prompt change required under the missing-cell design.,"yellow block, green pencil sharpener, blue pen",blue pen,Home,Put the blue pen in the bowl.,Leave exactly three objects in the bowl.,"The exact 2→3 motor transition is trained with a direct instruction, but the goal-count instruction is withheld.",,819,288,justintiensmith/VLA_Benchmark_Prompted_1200,819,False,justintiensmith/VLA_Benchmark_Prompted_1200,819,
820,Counting,Move the blue pen into the bowl.,Masked goal-count × transition composition,direct addition of blue pen; hidden goal=3; transition=2→3,count_goal_3_add_masked,goal one via removal (2→1); goal three via addition (2→3),No,Keep prompt,No prompt change required under the missing-cell design.,"green pencil sharpener, airplane toy without propellers, blue pen, yellow block",blue pen,Post-Drop,Move the blue pen into the bowl.,Leave exactly three objects in the bowl.,"The exact 2→3 motor transition is trained with a direct instruction, but the goal-count instruction is withheld.",,820,287,justintiensmith/VLA_Benchmark_Prompted_1200,820,False,justintiensmith/VLA_Benchmark_Prompted_1200,820,
821,Counting,Put the blue pen in the bowl.,Masked goal-count × transition composition,direct addition of blue pen; hidden goal=3; transition=2→3,count_goal_3_add_masked,goal one via removal (2→1); goal three via addition (2→3),No,Keep prompt,No prompt change required under the missing-cell design.,"yellow block, airplane toy without propellers, blue pen, green pencil sharpener",blue pen,Post-Drop,Put the blue pen in the bowl.,Leave exactly three objects in the bowl.,"The exact 2→3 motor transition is trained with a direct instruction, but the goal-count instruction is withheld.",,821,288,justintiensmith/VLA_Benchmark_Prompted_1200,821,False,justintiensmith/VLA_Benchmark_Prompted_1200,821,
822,Counting,Put the blue pen in the bowl.,Masked goal-count × transition composition,direct addition of blue pen; hidden goal=3; transition=2→3,count_goal_3_add_masked,goal one via removal (2→1); goal three via addition (2→3),No,Keep prompt,No prompt change required under the missing-cell design.,"yellow block, green pencil sharpener, blue pen, airplane toy without propellers",blue pen,Post-Drop,Put the blue pen in the bowl.,Leave exactly three objects in the bowl.,"The exact 2→3 motor transition is trained with a direct instruction, but the goal-count instruction is withheld.",,822,288,justintiensmith/VLA_Benchmark_Prompted_1200,822,False,justintiensmith/VLA_Benchmark_Prompted_1200,822,
823,Counting,Pick up the blue pen and place it in the bowl.,Masked goal-count × transition composition,direct addition of blue pen; hidden goal=3; transition=2→3,count_goal_3_add_masked,goal one via removal (2→1); goal three via addition (2→3),No,Keep prompt,No prompt change required under the missing-cell design.,"green pencil sharpener, airplane toy without propellers, blue pen",blue pen,Post-Drop,Pick up the blue pen and place it in the bowl.,Leave exactly three objects in the bowl.,"The exact 2→3 motor transition is trained with a direct instruction, but the goal-count instruction is withheld.",,823,286,justintiensmith/VLA_Benchmark_Prompted_1200,823,False,justintiensmith/VLA_Benchmark_Prompted_1200,823,
824,Counting,Put the blue pen in the bowl.,Masked goal-count × transition composition,direct addition of blue pen; hidden goal=3; transition=2→3,count_goal_3_add_masked,goal one via removal (2→1); goal three via addition (2→3),No,Keep prompt,No prompt change required under the missing-cell design.,"yellow block, airplane toy without propellers, blue pen",blue pen,Recovery,Put the blue pen in the bowl.,Leave exactly three objects in the bowl.,"The exact 2→3 motor transition is trained with a direct instruction, but the goal-count instruction is withheld.",,824,288,justintiensmith/VLA_Benchmark_Prompted_1200,824,False,justintiensmith/VLA_Benchmark_Prompted_1200,824,
825,Counting,Make the bowl contain exactly zero objects.,Explicit goal-count grounding,goal=0; in-distribution anchor,count_goal_0_explicit_anchor,goal one via removal (2→1); goal three via addition (2→3),No,Keep prompt,No prompt change required under the missing-cell design.,"blue pen, yellow block, green pencil sharpener, airplane toy without propellers",blue pen,Home,Make the bowl contain exactly zero objects.,,Explicitly grounds final count 0 as an in-distribution counting anchor.,,825,289,justintiensmith/VLA_Benchmark_Prompted_1200,825,False,justintiensmith/VLA_Benchmark_Prompted_1200,825,
826,Counting,Adjust the bowl so that it contains zero objects.,Explicit goal-count grounding,goal=0; in-distribution anchor,count_goal_0_explicit_anchor,goal one via removal (2→1); goal three via addition (2→3),No,Keep prompt,No prompt change required under the missing-cell design.,"blue pen, green pencil sharpener, airplane toy without propellers",blue pen,Home,Adjust the bowl so that it contains zero objects.,,Explicitly grounds final count 0 as an in-distribution counting anchor.,,826,290,justintiensmith/VLA_Benchmark_Prompted_1200,826,False,justintiensmith/VLA_Benchmark_Prompted_1200,826,
827,Counting,Adjust the bowl so that it contains zero objects.,Explicit goal-count grounding,goal=0; in-distribution anchor,count_goal_0_explicit_anchor,goal one via removal (2→1); goal three via addition (2→3),No,Keep prompt,No prompt change required under the missing-cell design.,"blue pen, yellow block, green pencil sharpener",blue pen,Post-Drop,Adjust the bowl so that it contains zero objects.,,Explicitly grounds final count 0 as an in-distribution counting anchor.,,827,290,justintiensmith/VLA_Benchmark_Prompted_1200,827,False,justintiensmith/VLA_Benchmark_Prompted_1200,827,
828,Counting,Leave no objects in the bowl.,Explicit goal-count grounding,goal=0; in-distribution anchor,count_goal_0_explicit_anchor,goal one via removal (2→1); goal three via addition (2→3),No,Keep prompt,No prompt change required under the missing-cell design.,"blue pen, airplane toy without propellers",blue pen,Post-Drop,Leave no objects in the bowl.,,Explicitly grounds final count 0 as an in-distribution counting anchor.,,828,291,justintiensmith/VLA_Benchmark_Prompted_1200,828,False,justintiensmith/VLA_Benchmark_Prompted_1200,828,
829,Counting,Leave no objects in the bowl.,Explicit goal-count grounding,goal=0; in-distribution anchor,count_goal_0_explicit_anchor,goal one via removal (2→1); goal three via addition (2→3),No,Keep prompt,No prompt change required under the missing-cell design.,"blue pen, yellow block, airplane toy without propellers",blue pen,Recovery,Leave no objects in the bowl.,,Explicitly grounds final count 0 as an in-distribution counting anchor.,,829,291,justintiensmith/VLA_Benchmark_Prompted_1200,829,False,justintiensmith/VLA_Benchmark_Prompted_1200,829,
830,Counting,Adjust the bowl so that it contains zero objects.,Explicit goal-count grounding,goal=0; in-distribution anchor,count_goal_0_explicit_anchor,goal one via removal (2→1); goal three via addition (2→3),No,Keep prompt,No prompt change required under the missing-cell design.,blue pen,blue pen,Recovery,Adjust the bowl so that it contains zero objects.,,Explicitly grounds final count 0 as an in-distribution counting anchor.,,830,290,justintiensmith/VLA_Benchmark_Prompted_1200,830,False,justintiensmith/VLA_Benchmark_Prompted_1200,830,
831,Counting,Remove the blue pen from the bowl.,Masked goal-count × transition composition,direct removal of blue pen; hidden goal=1; transition=2→1,count_goal_1_remove_masked,goal one via removal (2→1); goal three via addition (2→3),No,Keep prompt,No prompt change required under the missing-cell design.,"blue pen, yellow block, green pencil sharpener, airplane toy without propellers",blue pen,Home,Remove the blue pen from the bowl.,Leave exactly one object in the bowl.,"The exact 2→1 motor transition is trained with a direct instruction, but the goal-count instruction is withheld.",,831,292,justintiensmith/VLA_Benchmark_Prompted_1200,831,False,justintiensmith/VLA_Benchmark_Prompted_1200,831,
832,Counting,Remove the blue pen from the bowl.,Masked goal-count × transition composition,direct removal of blue pen; hidden goal=1; transition=2→1,count_goal_1_remove_masked,goal one via removal (2→1); goal three via addition (2→3),No,Keep prompt,No prompt change required under the missing-cell design.,"blue pen, green pencil sharpener, yellow block",blue pen,Home,Remove the blue pen from the bowl.,Leave exactly one object in the bowl.,"The exact 2→1 motor transition is trained with a direct instruction, but the goal-count instruction is withheld.",,832,292,justintiensmith/VLA_Benchmark_Prompted_1200,832,False,justintiensmith/VLA_Benchmark_Prompted_1200,832,
833,Counting,Take the blue pen out of the bowl.,Masked goal-count × transition composition,direct removal of blue pen; hidden goal=1; transition=2→1,count_goal_1_remove_masked,goal one via removal (2→1); goal three via addition (2→3),No,Keep prompt,No prompt change required under the missing-cell design.,"blue pen, airplane toy without propellers, green pencil sharpener",blue pen,Home,Take the blue pen out of the bowl.,Leave exactly one object in the bowl.,"The exact 2→1 motor transition is trained with a direct instruction, but the goal-count instruction is withheld.",,833,293,justintiensmith/VLA_Benchmark_Prompted_1200,833,False,justintiensmith/VLA_Benchmark_Prompted_1200,833,
834,Counting,Take the blue pen out of the bowl.,Masked goal-count × transition composition,direct removal of blue pen; hidden goal=1; transition=2→1,count_goal_1_remove_masked,goal one via removal (2→1); goal three via addition (2→3),No,Keep prompt,No prompt change required under the missing-cell design.,"blue pen, yellow block, airplane toy without propellers",blue pen,Post-Drop,Take the blue pen out of the bowl.,Leave exactly one object in the bowl.,"The exact 2→1 motor transition is trained with a direct instruction, but the goal-count instruction is withheld.",,834,293,justintiensmith/VLA_Benchmark_Prompted_1200,834,False,justintiensmith/VLA_Benchmark_Prompted_1200,834,
835,Counting,Move the blue pen from the bowl to the table.,Masked goal-count × transition composition,direct removal of blue pen; hidden goal=1; transition=2→1,count_goal_1_remove_masked,goal one via removal (2→1); goal three via addition (2→3),No,Keep prompt,No prompt change required under the missing-cell design.,"blue pen, green pencil sharpener, yellow block, airplane toy without propellers",blue pen,Post-Drop,Move the blue pen from the bowl to the table.,Leave exactly one object in the bowl.,"The exact 2→1 motor transition is trained with a direct instruction, but the goal-count instruction is withheld.",,835,294,justintiensmith/VLA_Benchmark_Prompted_1200,835,False,justintiensmith/VLA_Benchmark_Prompted_1200,835,
836,Counting,Remove the blue pen from the bowl.,Masked goal-count × transition composition,direct removal of blue pen; hidden goal=1; transition=2→1,count_goal_1_remove_masked,goal one via removal (2→1); goal three via addition (2→3),No,Keep prompt,No prompt change required under the missing-cell design.,"blue pen, airplane toy without propellers",blue pen,Recovery,Remove the blue pen from the bowl.,Leave exactly one object in the bowl.,"The exact 2→1 motor transition is trained with a direct instruction, but the goal-count instruction is withheld.",,836,292,justintiensmith/VLA_Benchmark_Prompted_1200,836,False,justintiensmith/VLA_Benchmark_Prompted_1200,836,
837,Counting,Make the bowl contain exactly two objects.,Explicit goal-count grounding,goal=2; in-distribution anchor,count_goal_2_explicit_anchor,goal one via removal (2→1); goal three via addition (2→3),No,Keep prompt,No prompt change required under the missing-cell design.,"blue pen, yellow block, green pencil sharpener, airplane toy without propellers",blue pen,Home,Make the bowl contain exactly two objects.,,Explicitly grounds final count 2 as an in-distribution counting anchor.,,837,284,justintiensmith/VLA_Benchmark_Prompted_1200,837,False,justintiensmith/VLA_Benchmark_Prompted_1200,837,
838,Counting,Make the bowl contain exactly two objects.,Explicit goal-count grounding,goal=2; in-distribution anchor,count_goal_2_explicit_anchor,goal one via removal (2→1); goal three via addition (2→3),No,Keep prompt,No prompt change required under the missing-cell design.,"blue pen, green pencil sharpener, airplane toy without propellers, yellow block",blue pen,Home,Make the bowl contain exactly two objects.,,Explicitly grounds final count 2 as an in-distribution counting anchor.,,838,284,justintiensmith/VLA_Benchmark_Prompted_1200,838,False,justintiensmith/VLA_Benchmark_Prompted_1200,838,
839,Counting,Make the bowl contain exactly two objects.,Explicit goal-count grounding,goal=2; in-distribution anchor,count_goal_2_explicit_anchor,goal one via removal (2→1); goal three via addition (2→3),No,Keep prompt,No prompt change required under the missing-cell design.,"blue pen, yellow block, airplane toy without propellers, green pencil sharpener",blue pen,Post-Drop,Make the bowl contain exactly two objects.,,Explicitly grounds final count 2 as an in-distribution counting anchor.,,839,284,justintiensmith/VLA_Benchmark_Prompted_1200,839,False,justintiensmith/VLA_Benchmark_Prompted_1200,839,
840,Counting,Adjust the bowl so that it contains two objects.,Explicit goal-count grounding,goal=2; in-distribution anchor,count_goal_2_explicit_anchor,goal one via removal (2→1); goal three via addition (2→3),No,Keep prompt,No prompt change required under the missing-cell design.,"blue pen, yellow block, green pencil sharpener",blue pen,Post-Drop,Adjust the bowl so that it contains two objects.,,Explicitly grounds final count 2 as an in-distribution counting anchor.,,840,285,justintiensmith/VLA_Benchmark_Prompted_1200,840,False,justintiensmith/VLA_Benchmark_Prompted_1200,840,
841,Counting,Leave exactly two objects in the bowl.,Explicit goal-count grounding,goal=2; in-distribution anchor,count_goal_2_explicit_anchor,goal one via removal (2→1); goal three via addition (2→3),No,Keep prompt,No prompt change required under the missing-cell design.,"blue pen, green pencil sharpener, airplane toy without propellers",blue pen,Post-Drop,Leave exactly two objects in the bowl.,,Explicitly grounds final count 2 as an in-distribution counting anchor.,,841,295,justintiensmith/VLA_Benchmark_Prompted_1200,841,False,justintiensmith/VLA_Benchmark_Prompted_1200,841,
842,Counting,Make the bowl contain exactly two objects.,Explicit goal-count grounding,goal=2; in-distribution anchor,count_goal_2_explicit_anchor,goal one via removal (2→1); goal three via addition (2→3),No,Keep prompt,No prompt change required under the missing-cell design.,"blue pen, yellow block, airplane toy without propellers",blue pen,Recovery,Make the bowl contain exactly two objects.,,Explicitly grounds final count 2 as an in-distribution counting anchor.,,842,284,justintiensmith/VLA_Benchmark_Prompted_1200,842,False,justintiensmith/VLA_Benchmark_Prompted_1200,842,
843,Counting,Leave exactly three objects in the bowl.,Explicit goal-count grounding,goal=3; familiar transition=4→3 removal,count_goal_3_seen_remove,goal one via removal (2→1); goal three via addition (2→3),Yes,Replace prompt only,"Prompt-only relabeling; preserve episode 843 video, scene, trajectory, target, and start position.","blue pen, yellow block, green pencil sharpener, airplane toy without propellers",blue pen,Home,Take the blue pen out of the bowl.,,"The word three is explicitly trained through removal, while three-through-addition is withheld.",,843,296,justintiensmith/VLA_Benchmark_Prompted_1200,843,False,justintiensmith/VLA_Benchmark_Prompted_1200,843,
844,Counting,Leave exactly three objects in the bowl.,Explicit goal-count grounding,goal=3; familiar transition=4→3 removal,count_goal_3_seen_remove,goal one via removal (2→1); goal three via addition (2→3),Yes,Replace prompt only,"Prompt-only relabeling; preserve episode 844 video, scene, trajectory, target, and start position.","blue pen, yellow block, green pencil sharpener, airplane toy without propellers",blue pen,Home,Move the blue pen from the bowl to the table.,,"The word three is explicitly trained through removal, while three-through-addition is withheld.",,844,296,justintiensmith/VLA_Benchmark_Prompted_1200,844,False,justintiensmith/VLA_Benchmark_Prompted_1200,844,
845,Counting,Leave exactly three objects in the bowl.,Explicit goal-count grounding,goal=3; familiar transition=4→3 removal,count_goal_3_seen_remove,goal one via removal (2→1); goal three via addition (2→3),Yes,Replace prompt only,"Prompt-only relabeling; preserve episode 845 video, scene, trajectory, target, and start position.","blue pen, yellow block, green pencil sharpener, airplane toy without propellers",blue pen,Home,Take the blue pen out of the bowl.,,"The word three is explicitly trained through removal, while three-through-addition is withheld.",,845,296,justintiensmith/VLA_Benchmark_Prompted_1200,845,False,justintiensmith/VLA_Benchmark_Prompted_1200,845,
846,Counting,Leave exactly three objects in the bowl.,Explicit goal-count grounding,goal=3; familiar transition=4→3 removal,count_goal_3_seen_remove,goal one via removal (2→1); goal three via addition (2→3),Yes,Replace prompt only,"Prompt-only relabeling; preserve episode 846 video, scene, trajectory, target, and start position.","blue pen, yellow block, green pencil sharpener, airplane toy without propellers",blue pen,Post-Drop,Take the blue pen out of the bowl.,,"The word three is explicitly trained through removal, while three-through-addition is withheld.",,846,296,justintiensmith/VLA_Benchmark_Prompted_1200,846,False,justintiensmith/VLA_Benchmark_Prompted_1200,846,
847,Counting,Leave exactly three objects in the bowl.,Explicit goal-count grounding,goal=3; familiar transition=4→3 removal,count_goal_3_seen_remove,goal one via removal (2→1); goal three via addition (2→3),Yes,Replace prompt only,"Prompt-only relabeling; preserve episode 847 video, scene, trajectory, target, and start position.","blue pen, yellow block, green pencil sharpener, airplane toy without propellers",blue pen,Post-Drop,Remove the blue pen from the bowl.,,"The word three is explicitly trained through removal, while three-through-addition is withheld.",,847,296,justintiensmith/VLA_Benchmark_Prompted_1200,847,False,justintiensmith/VLA_Benchmark_Prompted_1200,847,
848,Counting,Leave exactly three objects in the bowl.,Explicit goal-count grounding,goal=3; familiar transition=4→3 removal,count_goal_3_seen_remove,goal one via removal (2→1); goal three via addition (2→3),Yes,Replace prompt only,"Prompt-only relabeling; preserve episode 848 video, scene, trajectory, target, and start position.","blue pen, yellow block, green pencil sharpener, airplane toy without propellers",blue pen,Post-Drop,Move the blue pen from the bowl to the table.,,"The word three is explicitly trained through removal, while three-through-addition is withheld.",,848,296,justintiensmith/VLA_Benchmark_Prompted_1200,848,False,justintiensmith/VLA_Benchmark_Prompted_1200,848,
849,Counting,Leave exactly three objects in the bowl.,Explicit goal-count grounding,goal=3; familiar transition=4→3 removal,count_goal_3_seen_remove,goal one via removal (2→1); goal three via addition (2→3),Yes,Replace prompt only,"Prompt-only relabeling; preserve episode 849 video, scene, trajectory, target, and start position.","blue pen, yellow block, green pencil sharpener, airplane toy without propellers",blue pen,Recovery,Move the blue pen from the bowl to the table.,,"The word three is explicitly trained through removal, while three-through-addition is withheld.",,849,296,justintiensmith/VLA_Benchmark_Prompted_1200,849,False,justintiensmith/VLA_Benchmark_Prompted_1200,849,
850,Counting,Leave exactly one object in the bowl.,Explicit goal-count grounding,goal=1; familiar transition=0→1 addition,count_goal_1_seen_add,goal one via removal (2→1); goal three via addition (2→3),Yes,Replace prompt only,"Prompt-only relabeling; preserve episode 850 video, scene, trajectory, target, and start position.","yellow block, green pencil sharpener, airplane toy without propellers, blue pen",yellow block,Home,Move the yellow block into the bowl.,,"The word one is explicitly trained through addition, while one-through-removal is withheld.",,850,283,justintiensmith/VLA_Benchmark_Prompted_1200,850,False,justintiensmith/VLA_Benchmark_Prompted_1200,850,
851,Counting,Leave exactly one object in the bowl.,Explicit goal-count grounding,goal=1; familiar transition=0→1 addition,count_goal_1_seen_add,goal one via removal (2→1); goal three via addition (2→3),Yes,Replace prompt only,"Prompt-only relabeling; preserve episode 851 video, scene, trajectory, target, and start position.","yellow block, green pencil sharpener, airplane toy without propellers",yellow block,Home,Put the yellow block in the bowl.,,"The word one is explicitly trained through addition, while one-through-removal is withheld.",,851,283,justintiensmith/VLA_Benchmark_Prompted_1200,851,False,justintiensmith/VLA_Benchmark_Prompted_1200,851,
852,Counting,Leave exactly one object in the bowl.,Explicit goal-count grounding,goal=1; familiar transition=0→1 addition,count_goal_1_seen_add,goal one via removal (2→1); goal three via addition (2→3),Yes,Replace prompt only,"Prompt-only relabeling; preserve episode 852 video, scene, trajectory, target, and start position.","yellow block, blue pen",yellow block,Home,Put the yellow block in the bowl.,,"The word one is explicitly trained through addition, while one-through-removal is withheld.",,852,283,justintiensmith/VLA_Benchmark_Prompted_1200,852,False,justintiensmith/VLA_Benchmark_Prompted_1200,852,
853,Counting,Leave exactly one object in the bowl.,Explicit goal-count grounding,goal=1; familiar transition=0→1 addition,count_goal_1_seen_add,goal one via removal (2→1); goal three via addition (2→3),Yes,Replace prompt only,"Prompt-only relabeling; preserve episode 853 video, scene, trajectory, target, and start position.","yellow block, green pencil sharpener, blue pen",yellow block,Post-Drop,Put the yellow block in the bowl.,,"The word one is explicitly trained through addition, while one-through-removal is withheld.",,853,283,justintiensmith/VLA_Benchmark_Prompted_1200,853,False,justintiensmith/VLA_Benchmark_Prompted_1200,853,
854,Counting,Leave exactly one object in the bowl.,Explicit goal-count grounding,goal=1; familiar transition=0→1 addition,count_goal_1_seen_add,goal one via removal (2→1); goal three via addition (2→3),Yes,Replace prompt only,"Prompt-only relabeling; preserve episode 854 video, scene, trajectory, target, and start position.","yellow block, airplane toy without propellers",yellow block,Post-Drop,Move the yellow block into the bowl.,,"The word one is explicitly trained through addition, while one-through-removal is withheld.",,854,283,justintiensmith/VLA_Benchmark_Prompted_1200,854,False,justintiensmith/VLA_Benchmark_Prompted_1200,854,
855,Counting,Leave exactly one object in the bowl.,Explicit goal-count grounding,goal=1; familiar transition=0→1 addition,count_goal_1_seen_add,goal one via removal (2→1); goal three via addition (2→3),Yes,Replace prompt only,"Prompt-only relabeling; preserve episode 855 video, scene, trajectory, target, and start position.","yellow block, green pencil sharpener",yellow block,Post-Drop,Pick up the yellow block and place it in the bowl.,,"The word one is explicitly trained through addition, while one-through-removal is withheld.",,855,283,justintiensmith/VLA_Benchmark_Prompted_1200,855,False,justintiensmith/VLA_Benchmark_Prompted_1200,855,
856,Counting,Leave exactly one object in the bowl.,Explicit goal-count grounding,goal=1; familiar transition=0→1 addition,count_goal_1_seen_add,goal one via removal (2→1); goal three via addition (2→3),Yes,Replace prompt only,"Prompt-only relabeling; preserve episode 856 video, scene, trajectory, target, and start position.","yellow block, airplane toy without propellers, blue pen",yellow block,Recovery,Pick up the yellow block and place it in the bowl.,,"The word one is explicitly trained through addition, while one-through-removal is withheld.",,856,283,justintiensmith/VLA_Benchmark_Prompted_1200,856,False,justintiensmith/VLA_Benchmark_Prompted_1200,856,
857,Counting,Leave exactly one object in the bowl.,Explicit goal-count grounding,goal=1; familiar transition=0→1 addition,count_goal_1_seen_add,goal one via removal (2→1); goal three via addition (2→3),Yes,Replace prompt only,"Prompt-only relabeling; preserve episode 857 video, scene, trajectory, target, and start position.",yellow block,yellow block,Recovery,Pick up the yellow block and place it in the bowl.,,"The word one is explicitly trained through addition, while one-through-removal is withheld.",,857,283,justintiensmith/VLA_Benchmark_Prompted_1200,857,False,justintiensmith/VLA_Benchmark_Prompted_1200,857,
858,Counting,Adjust the bowl so that it contains two objects.,Explicit goal-count grounding,goal=2; in-distribution anchor,count_goal_2_explicit_anchor,goal one via removal (2→1); goal three via addition (2→3),No,Keep prompt,No prompt change required under the missing-cell design.,"green pencil sharpener, yellow block, airplane toy without propellers, blue pen",yellow block,Home,Adjust the bowl so that it contains two objects.,,Explicitly grounds final count 2 as an in-distribution counting anchor.,,858,285,justintiensmith/VLA_Benchmark_Prompted_1200,858,False,justintiensmith/VLA_Benchmark_Prompted_1200,858,
859,Counting,Adjust the bowl so that it contains two objects.,Explicit goal-count grounding,goal=2; in-distribution anchor,count_goal_2_explicit_anchor,goal one via removal (2→1); goal three via addition (2→3),No,Keep prompt,No prompt change required under the missing-cell design.,"airplane toy without propellers, yellow block, green pencil sharpener",yellow block,Home,Adjust the bowl so that it contains two objects.,,Explicitly grounds final count 2 as an in-distribution counting anchor.,,859,285,justintiensmith/VLA_Benchmark_Prompted_1200,859,False,justintiensmith/VLA_Benchmark_Prompted_1200,859,
860,Counting,Adjust the bowl so that it contains two objects.,Explicit goal-count grounding,goal=2; in-distribution anchor,count_goal_2_explicit_anchor,goal one via removal (2→1); goal three via addition (2→3),No,Keep prompt,No prompt change required under the missing-cell design.,"blue pen, yellow block, airplane toy without propellers",yellow block,Home,Adjust the bowl so that it contains two objects.,,Explicitly grounds final count 2 as an in-distribution counting anchor.,,860,285,justintiensmith/VLA_Benchmark_Prompted_1200,860,False,justintiensmith/VLA_Benchmark_Prompted_1200,860,
861,Counting,Leave exactly two objects in the bowl.,Explicit goal-count grounding,goal=2; in-distribution anchor,count_goal_2_explicit_anchor,goal one via removal (2→1); goal three via addition (2→3),No,Keep prompt,No prompt change required under the missing-cell design.,"green pencil sharpener, yellow block, airplane toy without propellers, blue pen",yellow block,Post-Drop,Leave exactly two objects in the bowl.,,Explicitly grounds final count 2 as an in-distribution counting anchor.,,861,295,justintiensmith/VLA_Benchmark_Prompted_1200,861,False,justintiensmith/VLA_Benchmark_Prompted_1200,861,
862,Counting,Make the bowl contain exactly two objects.,Explicit goal-count grounding,goal=2; in-distribution anchor,count_goal_2_explicit_anchor,goal one via removal (2→1); goal three via addition (2→3),No,Keep prompt,No prompt change required under the missing-cell design.,"airplane toy without propellers, yellow block, blue pen",yellow block,Post-Drop,Make the bowl contain exactly two objects.,,Explicitly grounds final count 2 as an in-distribution counting anchor.,,862,284,justintiensmith/VLA_Benchmark_Prompted_1200,862,False,justintiensmith/VLA_Benchmark_Prompted_1200,862,
863,Counting,Make the bowl contain exactly two objects.,Explicit goal-count grounding,goal=2; in-distribution anchor,count_goal_2_explicit_anchor,goal one via removal (2→1); goal three via addition (2→3),No,Keep prompt,No prompt change required under the missing-cell design.,"blue pen, yellow block, green pencil sharpener",yellow block,Post-Drop,Make the bowl contain exactly two objects.,,Explicitly grounds final count 2 as an in-distribution counting anchor.,,863,284,justintiensmith/VLA_Benchmark_Prompted_1200,863,False,justintiensmith/VLA_Benchmark_Prompted_1200,863,
864,Counting,Leave exactly two objects in the bowl.,Explicit goal-count grounding,goal=2; in-distribution anchor,count_goal_2_explicit_anchor,goal one via removal (2→1); goal three via addition (2→3),No,Keep prompt,No prompt change required under the missing-cell design.,"airplane toy without propellers, yellow block, blue pen",yellow block,Recovery,Leave exactly two objects in the bowl.,,Explicitly grounds final count 2 as an in-distribution counting anchor.,,864,295,justintiensmith/VLA_Benchmark_Prompted_1200,864,False,justintiensmith/VLA_Benchmark_Prompted_1200,864,
865,Counting,Make the bowl contain exactly two objects.,Explicit goal-count grounding,goal=2; in-distribution anchor,count_goal_2_explicit_anchor,goal one via removal (2→1); goal three via addition (2→3),No,Keep prompt,No prompt change required under the missing-cell design.,"green pencil sharpener, yellow block",yellow block,Recovery,Make the bowl contain exactly two objects.,,Explicitly grounds final count 2 as an in-distribution counting anchor.,,865,284,justintiensmith/VLA_Benchmark_Prompted_1200,865,False,justintiensmith/VLA_Benchmark_Prompted_1200,865,
866,Counting,Put the yellow block in the bowl.,Masked goal-count × transition composition,direct addition of yellow block; hidden goal=3; transition=2→3,count_goal_3_add_masked,goal one via removal (2→1); goal three via addition (2→3),No,Keep prompt,No prompt change required under the missing-cell design.,"green pencil sharpener, airplane toy without propellers, yellow block, blue pen",yellow block,Home,Put the yellow block in the bowl.,Leave exactly three objects in the bowl.,"The exact 2→3 motor transition is trained with a direct instruction, but the goal-count instruction is withheld.",,866,297,justintiensmith/VLA_Benchmark_Prompted_1200,866,False,justintiensmith/VLA_Benchmark_Prompted_1200,866,
867,Counting,Put the yellow block in the bowl.,Masked goal-count × transition composition,direct addition of yellow block; hidden goal=3; transition=2→3,count_goal_3_add_masked,goal one via removal (2→1); goal three via addition (2→3),No,Keep prompt,No prompt change required under the missing-cell design.,"airplane toy without propellers, blue pen, yellow block, green pencil sharpener",yellow block,Home,Put the yellow block in the bowl.,Leave exactly three objects in the bowl.,"The exact 2→3 motor transition is trained with a direct instruction, but the goal-count instruction is withheld.",,867,297,justintiensmith/VLA_Benchmark_Prompted_1200,867,False,justintiensmith/VLA_Benchmark_Prompted_1200,867,
868,Counting,Pick up the yellow block and place it in the bowl.,Masked goal-count × transition composition,direct addition of yellow block; hidden goal=3; transition=2→3,count_goal_3_add_masked,goal one via removal (2→1); goal three via addition (2→3),No,Keep prompt,No prompt change required under the missing-cell design.,"green pencil sharpener, blue pen, yellow block, airplane toy without propellers",yellow block,Home,Pick up the yellow block and place it in the bowl.,Leave exactly three objects in the bowl.,"The exact 2→3 motor transition is trained with a direct instruction, but the goal-count instruction is withheld.",,868,298,justintiensmith/VLA_Benchmark_Prompted_1200,868,False,justintiensmith/VLA_Benchmark_Prompted_1200,868,
869,Counting,Put the yellow block in the bowl.,Masked goal-count × transition composition,direct addition of yellow block; hidden goal=3; transition=2→3,count_goal_3_add_masked,goal one via removal (2→1); goal three via addition (2→3),No,Keep prompt,No prompt change required under the missing-cell design.,"green pencil sharpener, airplane toy without propellers, yellow block",yellow block,Home,Put the yellow block in the bowl.,Leave exactly three objects in the bowl.,"The exact 2→3 motor transition is trained with a direct instruction, but the goal-count instruction is withheld.",,869,297,justintiensmith/VLA_Benchmark_Prompted_1200,869,False,justintiensmith/VLA_Benchmark_Prompted_1200,869,
870,Counting,Pick up the yellow block and place it in the bowl.,Masked goal-count × transition composition,direct addition of yellow block; hidden goal=3; transition=2→3,count_goal_3_add_masked,goal one via removal (2→1); goal three via addition (2→3),No,Keep prompt,No prompt change required under the missing-cell design.,"airplane toy without propellers, blue pen, yellow block, green pencil sharpener",yellow block,Post-Drop,Pick up the yellow block and place it in the bowl.,Leave exactly three objects in the bowl.,"The exact 2→3 motor transition is trained with a direct instruction, but the goal-count instruction is withheld.",,870,298,justintiensmith/VLA_Benchmark_Prompted_1200,870,False,justintiensmith/VLA_Benchmark_Prompted_1200,870,
871,Counting,Pick up the yellow block and place it in the bowl.,Masked goal-count × transition composition,direct addition of yellow block; hidden goal=3; transition=2→3,count_goal_3_add_masked,goal one via removal (2→1); goal three via addition (2→3),No,Keep prompt,No prompt change required under the missing-cell design.,"green pencil sharpener, blue pen, yellow block, airplane toy without propellers",yellow block,Post-Drop,Pick up the yellow block and place it in the bowl.,Leave exactly three objects in the bowl.,"The exact 2→3 motor transition is trained with a direct instruction, but the goal-count instruction is withheld.",,871,298,justintiensmith/VLA_Benchmark_Prompted_1200,871,False,justintiensmith/VLA_Benchmark_Prompted_1200,871,
872,Counting,Move the yellow block into the bowl.,Masked goal-count × transition composition,direct addition of yellow block; hidden goal=3; transition=2→3,count_goal_3_add_masked,goal one via removal (2→1); goal three via addition (2→3),No,Keep prompt,No prompt change required under the missing-cell design.,"green pencil sharpener, airplane toy without propellers, yellow block, blue pen",yellow block,Post-Drop,Move the yellow block into the bowl.,Leave exactly three objects in the bowl.,"The exact 2→3 motor transition is trained with a direct instruction, but the goal-count instruction is withheld.",,872,299,justintiensmith/VLA_Benchmark_Prompted_1200,872,False,justintiensmith/VLA_Benchmark_Prompted_1200,872,
873,Counting,Move the yellow block into the bowl.,Masked goal-count × transition composition,direct addition of yellow block; hidden goal=3; transition=2→3,count_goal_3_add_masked,goal one via removal (2→1); goal three via addition (2→3),No,Keep prompt,No prompt change required under the missing-cell design.,"airplane toy without propellers, blue pen, yellow block",yellow block,Post-Drop,Move the yellow block into the bowl.,Leave exactly three objects in the bowl.,"The exact 2→3 motor transition is trained with a direct instruction, but the goal-count instruction is withheld.",,873,299,justintiensmith/VLA_Benchmark_Prompted_1200,873,False,justintiensmith/VLA_Benchmark_Prompted_1200,873,
874,Counting,Move the yellow block into the bowl.,Masked goal-count × transition composition,direct addition of yellow block; hidden goal=3; transition=2→3,count_goal_3_add_masked,goal one via removal (2→1); goal three via addition (2→3),No,Keep prompt,No prompt change required under the missing-cell design.,"green pencil sharpener, blue pen, yellow block",yellow block,Recovery,Move the yellow block into the bowl.,Leave exactly three objects in the bowl.,"The exact 2→3 motor transition is trained with a direct instruction, but the goal-count instruction is withheld.",,874,299,justintiensmith/VLA_Benchmark_Prompted_1200,874,False,justintiensmith/VLA_Benchmark_Prompted_1200,874,
875,Counting,Adjust the bowl so that it contains zero objects.,Explicit goal-count grounding,goal=0; in-distribution anchor,count_goal_0_explicit_anchor,goal one via removal (2→1); goal three via addition (2→3),No,Keep prompt,No prompt change required under the missing-cell design.,"yellow block, green pencil sharpener, airplane toy without propellers, blue pen",yellow block,Home,Adjust the bowl so that it contains zero objects.,,Explicitly grounds final count 0 as an in-distribution counting anchor.,,875,290,justintiensmith/VLA_Benchmark_Prompted_1200,875,False,justintiensmith/VLA_Benchmark_Prompted_1200,875,
876,Counting,Leave no objects in the bowl.,Explicit goal-count grounding,goal=0; in-distribution anchor,count_goal_0_explicit_anchor,goal one via removal (2→1); goal three via addition (2→3),No,Keep prompt,No prompt change required under the missing-cell design.,"yellow block, airplane toy without propellers, blue pen",yellow block,Home,Leave no objects in the bowl.,,Explicitly grounds final count 0 as an in-distribution counting anchor.,,876,291,justintiensmith/VLA_Benchmark_Prompted_1200,876,False,justintiensmith/VLA_Benchmark_Prompted_1200,876,
877,Counting,Make the bowl contain exactly zero objects.,Explicit goal-count grounding,goal=0; in-distribution anchor,count_goal_0_explicit_anchor,goal one via removal (2→1); goal three via addition (2→3),No,Keep prompt,No prompt change required under the missing-cell design.,"yellow block, green pencil sharpener, airplane toy without propellers",yellow block,Post-Drop,Make the bowl contain exactly zero objects.,,Explicitly grounds final count 0 as an in-distribution counting anchor.,,877,289,justintiensmith/VLA_Benchmark_Prompted_1200,877,False,justintiensmith/VLA_Benchmark_Prompted_1200,877,
878,Counting,Adjust the bowl so that it contains zero objects.,Explicit goal-count grounding,goal=0; in-distribution anchor,count_goal_0_explicit_anchor,goal one via removal (2→1); goal three via addition (2→3),No,Keep prompt,No prompt change required under the missing-cell design.,"yellow block, blue pen",yellow block,Post-Drop,Adjust the bowl so that it contains zero objects.,,Explicitly grounds final count 0 as an in-distribution counting anchor.,,878,290,justintiensmith/VLA_Benchmark_Prompted_1200,878,False,justintiensmith/VLA_Benchmark_Prompted_1200,878,
879,Counting,Adjust the bowl so that it contains zero objects.,Explicit goal-count grounding,goal=0; in-distribution anchor,count_goal_0_explicit_anchor,goal one via removal (2→1); goal three via addition (2→3),No,Keep prompt,No prompt change required under the missing-cell design.,"yellow block, green pencil sharpener, blue pen",yellow block,Recovery,Adjust the bowl so that it contains zero objects.,,Explicitly grounds final count 0 as an in-distribution counting anchor.,,879,290,justintiensmith/VLA_Benchmark_Prompted_1200,879,False,justintiensmith/VLA_Benchmark_Prompted_1200,879,
880,Counting,Make the bowl contain exactly zero objects.,Explicit goal-count grounding,goal=0; in-distribution anchor,count_goal_0_explicit_anchor,goal one via removal (2→1); goal three via addition (2→3),No,Keep prompt,No prompt change required under the missing-cell design.,yellow block,yellow block,Recovery,Make the bowl contain exactly zero objects.,,Explicitly grounds final count 0 as an in-distribution counting anchor.,,880,289,justintiensmith/VLA_Benchmark_Prompted_1200,880,False,justintiensmith/VLA_Benchmark_Prompted_1200,880,
881,Counting,Remove the yellow block from the bowl.,Masked goal-count × transition composition,direct removal of yellow block; hidden goal=1; transition=2→1,count_goal_1_remove_masked,goal one via removal (2→1); goal three via addition (2→3),No,Keep prompt,No prompt change required under the missing-cell design.,"yellow block, green pencil sharpener, airplane toy without propellers, blue pen",yellow block,Home,Remove the yellow block from the bowl.,Leave exactly one object in the bowl.,"The exact 2→1 motor transition is trained with a direct instruction, but the goal-count instruction is withheld.",,881,300,justintiensmith/VLA_Benchmark_Prompted_1200,881,False,justintiensmith/VLA_Benchmark_Prompted_1200,881,
882,Counting,Move the yellow block from the bowl to the table.,Masked goal-count × transition composition,direct removal of yellow block; hidden goal=1; transition=2→1,count_goal_1_remove_masked,goal one via removal (2→1); goal three via addition (2→3),No,Keep prompt,No prompt change required under the missing-cell design.,"yellow block, airplane toy without propellers, green pencil sharpener",yellow block,Home,Move the yellow block from the bowl to the table.,Leave exactly one object in the bowl.,"The exact 2→1 motor transition is trained with a direct instruction, but the goal-count instruction is withheld.",,882,301,justintiensmith/VLA_Benchmark_Prompted_1200,882,False,justintiensmith/VLA_Benchmark_Prompted_1200,882,
883,Counting,Take the yellow block out of the bowl.,Masked goal-count × transition composition,direct removal of yellow block; hidden goal=1; transition=2→1,count_goal_1_remove_masked,goal one via removal (2→1); goal three via addition (2→3),No,Keep prompt,No prompt change required under the missing-cell design.,"yellow block, blue pen, airplane toy without propellers",yellow block,Home,Take the yellow block out of the bowl.,Leave exactly one object in the bowl.,"The exact 2→1 motor transition is trained with a direct instruction, but the goal-count instruction is withheld.",,883,302,justintiensmith/VLA_Benchmark_Prompted_1200,883,False,justintiensmith/VLA_Benchmark_Prompted_1200,883,
884,Counting,Move the yellow block from the bowl to the table.,Masked goal-count × transition composition,direct removal of yellow block; hidden goal=1; transition=2→1,count_goal_1_remove_masked,goal one via removal (2→1); goal three via addition (2→3),No,Keep prompt,No prompt change required under the missing-cell design.,"yellow block, green pencil sharpener, blue pen",yellow block,Post-Drop,Move the yellow block from the bowl to the table.,Leave exactly one object in the bowl.,"The exact 2→1 motor transition is trained with a direct instruction, but the goal-count instruction is withheld.",,884,301,justintiensmith/VLA_Benchmark_Prompted_1200,884,False,justintiensmith/VLA_Benchmark_Prompted_1200,884,
885,Counting,Move the yellow block from the bowl to the table.,Masked goal-count × transition composition,direct removal of yellow block; hidden goal=1; transition=2→1,count_goal_1_remove_masked,goal one via removal (2→1); goal three via addition (2→3),No,Keep prompt,No prompt change required under the missing-cell design.,"yellow block, airplane toy without propellers, green pencil sharpener, blue pen",yellow block,Post-Drop,Move the yellow block from the bowl to the table.,Leave exactly one object in the bowl.,"The exact 2→1 motor transition is trained with a direct instruction, but the goal-count instruction is withheld.",,885,301,justintiensmith/VLA_Benchmark_Prompted_1200,885,False,justintiensmith/VLA_Benchmark_Prompted_1200,885,
886,Counting,Take the yellow block out of the bowl.,Masked goal-count × transition composition,direct removal of yellow block; hidden goal=1; transition=2→1,count_goal_1_remove_masked,goal one via removal (2→1); goal three via addition (2→3),No,Keep prompt,No prompt change required under the missing-cell design.,"yellow block, blue pen",yellow block,Recovery,Take the yellow block out of the bowl.,Leave exactly one object in the bowl.,"The exact 2→1 motor transition is trained with a direct instruction, but the goal-count instruction is withheld.",,886,302,justintiensmith/VLA_Benchmark_Prompted_1200,886,False,justintiensmith/VLA_Benchmark_Prompted_1200,886,
887,Counting,Make the bowl contain exactly two objects.,Explicit goal-count grounding,goal=2; in-distribution anchor,count_goal_2_explicit_anchor,goal one via removal (2→1); goal three via addition (2→3),No,Keep prompt,No prompt change required under the missing-cell design.,"yellow block, green pencil sharpener, airplane toy without propellers, blue pen",yellow block,Home,Make the bowl contain exactly two objects.,,Explicitly grounds final count 2 as an in-distribution counting anchor.,,887,284,justintiensmith/VLA_Benchmark_Prompted_1200,887,False,justintiensmith/VLA_Benchmark_Prompted_1200,887,
888,Counting,Leave exactly two objects in the bowl.,Explicit goal-count grounding,goal=2; in-distribution anchor,count_goal_2_explicit_anchor,goal one via removal (2→1); goal three via addition (2→3),No,Keep prompt,No prompt change required under the missing-cell design.,"yellow block, airplane toy without propellers, blue pen, green pencil sharpener",yellow block,Home,Leave exactly two objects in the bowl.,,Explicitly grounds final count 2 as an in-distribution counting anchor.,,888,295,justintiensmith/VLA_Benchmark_Prompted_1200,888,False,justintiensmith/VLA_Benchmark_Prompted_1200,888,
889,Counting,Make the bowl contain exactly two objects.,Explicit goal-count grounding,goal=2; in-distribution anchor,count_goal_2_explicit_anchor,goal one via removal (2→1); goal three via addition (2→3),No,Keep prompt,No prompt change required under the missing-cell design.,"yellow block, green pencil sharpener, blue pen, airplane toy without propellers",yellow block,Post-Drop,Make the bowl contain exactly two objects.,,Explicitly grounds final count 2 as an in-distribution counting anchor.,,889,284,justintiensmith/VLA_Benchmark_Prompted_1200,889,False,justintiensmith/VLA_Benchmark_Prompted_1200,889,
890,Counting,Adjust the bowl so that it contains two objects.,Explicit goal-count grounding,goal=2; in-distribution anchor,count_goal_2_explicit_anchor,goal one via removal (2→1); goal three via addition (2→3),No,Keep prompt,No prompt change required under the missing-cell design.,"yellow block, green pencil sharpener, airplane toy without propellers",yellow block,Post-Drop,Adjust the bowl so that it contains two objects.,,Explicitly grounds final count 2 as an in-distribution counting anchor.,,890,285,justintiensmith/VLA_Benchmark_Prompted_1200,890,False,justintiensmith/VLA_Benchmark_Prompted_1200,890,
891,Counting,Leave exactly two objects in the bowl.,Explicit goal-count grounding,goal=2; in-distribution anchor,count_goal_2_explicit_anchor,goal one via removal (2→1); goal three via addition (2→3),No,Keep prompt,No prompt change required under the missing-cell design.,"yellow block, airplane toy without propellers, blue pen",yellow block,Post-Drop,Leave exactly two objects in the bowl.,,Explicitly grounds final count 2 as an in-distribution counting anchor.,,891,295,justintiensmith/VLA_Benchmark_Prompted_1200,891,False,justintiensmith/VLA_Benchmark_Prompted_1200,891,
892,Counting,Leave exactly two objects in the bowl.,Explicit goal-count grounding,goal=2; in-distribution anchor,count_goal_2_explicit_anchor,goal one via removal (2→1); goal three via addition (2→3),No,Keep prompt,No prompt change required under the missing-cell design.,"yellow block, green pencil sharpener, blue pen",yellow block,Recovery,Leave exactly two objects in the bowl.,,Explicitly grounds final count 2 as an in-distribution counting anchor.,,892,295,justintiensmith/VLA_Benchmark_Prompted_1200,892,False,justintiensmith/VLA_Benchmark_Prompted_1200,892,
893,Counting,Leave exactly three objects in the bowl.,Explicit goal-count grounding,goal=3; familiar transition=4→3 removal,count_goal_3_seen_remove,goal one via removal (2→1); goal three via addition (2→3),Yes,Replace prompt only,"Prompt-only relabeling; preserve episode 893 video, scene, trajectory, target, and start position.","yellow block, green pencil sharpener, airplane toy without propellers, blue pen",yellow block,Home,Take the yellow block out of the bowl.,,"The word three is explicitly trained through removal, while three-through-addition is withheld.",,893,296,justintiensmith/VLA_Benchmark_Prompted_1200,893,False,justintiensmith/VLA_Benchmark_Prompted_1200,893,
894,Counting,Leave exactly three objects in the bowl.,Explicit goal-count grounding,goal=3; familiar transition=4→3 removal,count_goal_3_seen_remove,goal one via removal (2→1); goal three via addition (2→3),Yes,Replace prompt only,"Prompt-only relabeling; preserve episode 894 video, scene, trajectory, target, and start position.","yellow block, green pencil sharpener, airplane toy without propellers, blue pen",yellow block,Home,Take the yellow block out of the bowl.,,"The word three is explicitly trained through removal, while three-through-addition is withheld.",,894,296,justintiensmith/VLA_Benchmark_Prompted_1200,894,False,justintiensmith/VLA_Benchmark_Prompted_1200,894,
895,Counting,Leave exactly three objects in the bowl.,Explicit goal-count grounding,goal=3; familiar transition=4→3 removal,count_goal_3_seen_remove,goal one via removal (2→1); goal three via addition (2→3),Yes,Replace prompt only,"Prompt-only relabeling; preserve episode 895 video, scene, trajectory, target, and start position.","yellow block, green pencil sharpener, airplane toy without propellers, blue pen",yellow block,Home,Move the yellow block from the bowl to the table.,,"The word three is explicitly trained through removal, while three-through-addition is withheld.",,895,296,justintiensmith/VLA_Benchmark_Prompted_1200,895,False,justintiensmith/VLA_Benchmark_Prompted_1200,895,
896,Counting,Leave exactly three objects in the bowl.,Explicit goal-count grounding,goal=3; familiar transition=4→3 removal,count_goal_3_seen_remove,goal one via removal (2→1); goal three via addition (2→3),Yes,Replace prompt only,"Prompt-only relabeling; preserve episode 896 video, scene, trajectory, target, and start position.","yellow block, green pencil sharpener, airplane toy without propellers, blue pen",yellow block,Post-Drop,Remove the yellow block from the bowl.,,"The word three is explicitly trained through removal, while three-through-addition is withheld.",,896,296,justintiensmith/VLA_Benchmark_Prompted_1200,896,False,justintiensmith/VLA_Benchmark_Prompted_1200,896,
897,Counting,Leave exactly three objects in the bowl.,Explicit goal-count grounding,goal=3; familiar transition=4→3 removal,count_goal_3_seen_remove,goal one via removal (2→1); goal three via addition (2→3),Yes,Replace prompt only,"Prompt-only relabeling; preserve episode 897 video, scene, trajectory, target, and start position.","yellow block, green pencil sharpener, airplane toy without propellers, blue pen",yellow block,Post-Drop,Remove the yellow block from the bowl.,,"The word three is explicitly trained through removal, while three-through-addition is withheld.",,897,296,justintiensmith/VLA_Benchmark_Prompted_1200,897,False,justintiensmith/VLA_Benchmark_Prompted_1200,897,
898,Counting,Leave exactly three objects in the bowl.,Explicit goal-count grounding,goal=3; familiar transition=4→3 removal,count_goal_3_seen_remove,goal one via removal (2→1); goal three via addition (2→3),Yes,Replace prompt only,"Prompt-only relabeling; preserve episode 898 video, scene, trajectory, target, and start position.","yellow block, green pencil sharpener, airplane toy without propellers, blue pen",yellow block,Post-Drop,Take the yellow block out of the bowl.,,"The word three is explicitly trained through removal, while three-through-addition is withheld.",,898,296,justintiensmith/VLA_Benchmark_Prompted_1200,898,False,justintiensmith/VLA_Benchmark_Prompted_1200,898,
899,Counting,Leave exactly three objects in the bowl.,Explicit goal-count grounding,goal=3; familiar transition=4→3 removal,count_goal_3_seen_remove,goal one via removal (2→1); goal three via addition (2→3),Yes,Replace prompt only,"Prompt-only relabeling; preserve episode 899 video, scene, trajectory, target, and start position.","yellow block, green pencil sharpener, airplane toy without propellers, blue pen",yellow block,Recovery,Remove the yellow block from the bowl.,,"The word three is explicitly trained through removal, while three-through-addition is withheld.",,899,296,justintiensmith/VLA_Benchmark_Prompted_1200,899,False,justintiensmith/VLA_Benchmark_Prompted_1200,899,
900,Counting,Leave exactly one object in the bowl.,Explicit goal-count grounding,goal=1; familiar transition=0→1 addition,count_goal_1_seen_add,goal one via removal (2→1); goal three via addition (2→3),Yes,Replace prompt only,"Prompt-only relabeling; preserve episode 900 video, scene, trajectory, target, and start position.","green pencil sharpener, airplane toy without propellers, blue pen, yellow block",green pencil sharpener,Home,Pick up the green pencil sharpener and place it in the bowl.,,"The word one is explicitly trained through addition, while one-through-removal is withheld.",,900,283,justintiensmith/VLA_Benchmark_Prompted_1200,900,False,justintiensmith/VLA_Benchmark_Prompted_1200,900,
901,Counting,Leave exactly one object in the bowl.,Explicit goal-count grounding,goal=1; familiar transition=0→1 addition,count_goal_1_seen_add,goal one via removal (2→1); goal three via addition (2→3),Yes,Replace prompt only,"Prompt-only relabeling; preserve episode 901 video, scene, trajectory, target, and start position.","green pencil sharpener, airplane toy without propellers, blue pen",green pencil sharpener,Home,Put the green pencil sharpener in the bowl.,,"The word one is explicitly trained through addition, while one-through-removal is withheld.",,901,283,justintiensmith/VLA_Benchmark_Prompted_1200,901,False,justintiensmith/VLA_Benchmark_Prompted_1200,901,
902,Counting,Leave exactly one object in the bowl.,Explicit goal-count grounding,goal=1; familiar transition=0→1 addition,count_goal_1_seen_add,goal one via removal (2→1); goal three via addition (2→3),Yes,Replace prompt only,"Prompt-only relabeling; preserve episode 902 video, scene, trajectory, target, and start position.","green pencil sharpener, yellow block",green pencil sharpener,Home,Pick up the green pencil sharpener and place it in the bowl.,,"The word one is explicitly trained through addition, while one-through-removal is withheld.",,902,283,justintiensmith/VLA_Benchmark_Prompted_1200,902,False,justintiensmith/VLA_Benchmark_Prompted_1200,902,
903,Counting,Leave exactly one object in the bowl.,Explicit goal-count grounding,goal=1; familiar transition=0→1 addition,count_goal_1_seen_add,goal one via removal (2→1); goal three via addition (2→3),Yes,Replace prompt only,"Prompt-only relabeling; preserve episode 903 video, scene, trajectory, target, and start position.","green pencil sharpener, airplane toy without propellers, yellow block",green pencil sharpener,Post-Drop,Put the green pencil sharpener in the bowl.,,"The word one is explicitly trained through addition, while one-through-removal is withheld.",,903,283,justintiensmith/VLA_Benchmark_Prompted_1200,903,False,justintiensmith/VLA_Benchmark_Prompted_1200,903,
904,Counting,Leave exactly one object in the bowl.,Explicit goal-count grounding,goal=1; familiar transition=0→1 addition,count_goal_1_seen_add,goal one via removal (2→1); goal three via addition (2→3),Yes,Replace prompt only,"Prompt-only relabeling; preserve episode 904 video, scene, trajectory, target, and start position.","green pencil sharpener, blue pen",green pencil sharpener,Post-Drop,Put the green pencil sharpener in the bowl.,,"The word one is explicitly trained through addition, while one-through-removal is withheld.",,904,283,justintiensmith/VLA_Benchmark_Prompted_1200,904,False,justintiensmith/VLA_Benchmark_Prompted_1200,904,
905,Counting,Leave exactly one object in the bowl.,Explicit goal-count grounding,goal=1; familiar transition=0→1 addition,count_goal_1_seen_add,goal one via removal (2→1); goal three via addition (2→3),Yes,Replace prompt only,"Prompt-only relabeling; preserve episode 905 video, scene, trajectory, target, and start position.","green pencil sharpener, airplane toy without propellers",green pencil sharpener,Post-Drop,Put the green pencil sharpener in the bowl.,,"The word one is explicitly trained through addition, while one-through-removal is withheld.",,905,283,justintiensmith/VLA_Benchmark_Prompted_1200,905,False,justintiensmith/VLA_Benchmark_Prompted_1200,905,
906,Counting,Leave exactly one object in the bowl.,Explicit goal-count grounding,goal=1; familiar transition=0→1 addition,count_goal_1_seen_add,goal one via removal (2→1); goal three via addition (2→3),Yes,Replace prompt only,"Prompt-only relabeling; preserve episode 906 video, scene, trajectory, target, and start position.","green pencil sharpener, blue pen, yellow block",green pencil sharpener,Recovery,Move the green pencil sharpener into the bowl.,,"The word one is explicitly trained through addition, while one-through-removal is withheld.",,906,283,justintiensmith/VLA_Benchmark_Prompted_1200,906,False,justintiensmith/VLA_Benchmark_Prompted_1200,906,
907,Counting,Leave exactly one object in the bowl.,Explicit goal-count grounding,goal=1; familiar transition=0→1 addition,count_goal_1_seen_add,goal one via removal (2→1); goal three via addition (2→3),Yes,Replace prompt only,"Prompt-only relabeling; preserve episode 907 video, scene, trajectory, target, and start position.",green pencil sharpener,green pencil sharpener,Recovery,Pick up the green pencil sharpener and place it in the bowl.,,"The word one is explicitly trained through addition, while one-through-removal is withheld.",,907,283,justintiensmith/VLA_Benchmark_Prompted_1200,907,False,justintiensmith/VLA_Benchmark_Prompted_1200,907,
908,Counting,Leave exactly two objects in the bowl.,Explicit goal-count grounding,goal=2; in-distribution anchor,count_goal_2_explicit_anchor,goal one via removal (2→1); goal three via addition (2→3),No,Keep prompt,No prompt change required under the missing-cell design.,"airplane toy without propellers, green pencil sharpener, blue pen, yellow block",green pencil sharpener,Home,Leave exactly two objects in the bowl.,,Explicitly grounds final count 2 as an in-distribution counting anchor.,,908,295,justintiensmith/VLA_Benchmark_Prompted_1200,908,False,justintiensmith/VLA_Benchmark_Prompted_1200,908,
909,Counting,Adjust the bowl so that it contains two objects.,Explicit goal-count grounding,goal=2; in-distribution anchor,count_goal_2_explicit_anchor,goal one via removal (2→1); goal three via addition (2→3),No,Keep prompt,No prompt change required under the missing-cell design.,"blue pen, green pencil sharpener, airplane toy without propellers",green pencil sharpener,Home,Adjust the bowl so that it contains two objects.,,Explicitly grounds final count 2 as an in-distribution counting anchor.,,909,285,justintiensmith/VLA_Benchmark_Prompted_1200,909,False,justintiensmith/VLA_Benchmark_Prompted_1200,909,
910,Counting,Adjust the bowl so that it contains two objects.,Explicit goal-count grounding,goal=2; in-distribution anchor,count_goal_2_explicit_anchor,goal one via removal (2→1); goal three via addition (2→3),No,Keep prompt,No prompt change required under the missing-cell design.,"yellow block, green pencil sharpener, blue pen",green pencil sharpener,Home,Adjust the bowl so that it contains two objects.,,Explicitly grounds final count 2 as an in-distribution counting anchor.,,910,285,justintiensmith/VLA_Benchmark_Prompted_1200,910,False,justintiensmith/VLA_Benchmark_Prompted_1200,910,
911,Counting,Leave exactly two objects in the bowl.,Explicit goal-count grounding,goal=2; in-distribution anchor,count_goal_2_explicit_anchor,goal one via removal (2→1); goal three via addition (2→3),No,Keep prompt,No prompt change required under the missing-cell design.,"airplane toy without propellers, green pencil sharpener, blue pen, yellow block",green pencil sharpener,Post-Drop,Leave exactly two objects in the bowl.,,Explicitly grounds final count 2 as an in-distribution counting anchor.,,911,295,justintiensmith/VLA_Benchmark_Prompted_1200,911,False,justintiensmith/VLA_Benchmark_Prompted_1200,911,
912,Counting,Leave exactly two objects in the bowl.,Explicit goal-count grounding,goal=2; in-distribution anchor,count_goal_2_explicit_anchor,goal one via removal (2→1); goal three via addition (2→3),No,Keep prompt,No prompt change required under the missing-cell design.,"blue pen, green pencil sharpener, yellow block",green pencil sharpener,Post-Drop,Leave exactly two objects in the bowl.,,Explicitly grounds final count 2 as an in-distribution counting anchor.,,912,295,justintiensmith/VLA_Benchmark_Prompted_1200,912,False,justintiensmith/VLA_Benchmark_Prompted_1200,912,
913,Counting,Make the bowl contain exactly two objects.,Explicit goal-count grounding,goal=2; in-distribution anchor,count_goal_2_explicit_anchor,goal one via removal (2→1); goal three via addition (2→3),No,Keep prompt,No prompt change required under the missing-cell design.,"yellow block, green pencil sharpener, airplane toy without propellers",green pencil sharpener,Post-Drop,Make the bowl contain exactly two objects.,,Explicitly grounds final count 2 as an in-distribution counting anchor.,,913,284,justintiensmith/VLA_Benchmark_Prompted_1200,913,False,justintiensmith/VLA_Benchmark_Prompted_1200,913,
914,Counting,Adjust the bowl so that it contains two objects.,Explicit goal-count grounding,goal=2; in-distribution anchor,count_goal_2_explicit_anchor,goal one via removal (2→1); goal three via addition (2→3),No,Keep prompt,No prompt change required under the missing-cell design.,"blue pen, green pencil sharpener, yellow block",green pencil sharpener,Recovery,Adjust the bowl so that it contains two objects.,,Explicitly grounds final count 2 as an in-distribution counting anchor.,,914,285,justintiensmith/VLA_Benchmark_Prompted_1200,914,False,justintiensmith/VLA_Benchmark_Prompted_1200,914,
915,Counting,Leave exactly two objects in the bowl.,Explicit goal-count grounding,goal=2; in-distribution anchor,count_goal_2_explicit_anchor,goal one via removal (2→1); goal three via addition (2→3),No,Keep prompt,No prompt change required under the missing-cell design.,"airplane toy without propellers, green pencil sharpener",green pencil sharpener,Recovery,Leave exactly two objects in the bowl.,,Explicitly grounds final count 2 as an in-distribution counting anchor.,,915,295,justintiensmith/VLA_Benchmark_Prompted_1200,915,False,justintiensmith/VLA_Benchmark_Prompted_1200,915,
916,Counting,Put the green pencil sharpener in the bowl.,Masked goal-count × transition composition,direct addition of green pencil sharpener; hidden goal=3; transition=2→3,count_goal_3_add_masked,goal one via removal (2→1); goal three via addition (2→3),No,Keep prompt,No prompt change required under the missing-cell design.,"airplane toy without propellers, blue pen, green pencil sharpener, yellow block",green pencil sharpener,Home,Put the green pencil sharpener in the bowl.,Leave exactly three objects in the bowl.,"The exact 2→3 motor transition is trained with a direct instruction, but the goal-count instruction is withheld.",,916,177,justintiensmith/VLA_Benchmark_Prompted_1200,916,False,justintiensmith/VLA_Benchmark_Prompted_1200,916,
917,Counting,Move the green pencil sharpener into the bowl.,Masked goal-count × transition composition,direct addition of green pencil sharpener; hidden goal=3; transition=2→3,count_goal_3_add_masked,goal one via removal (2→1); goal three via addition (2→3),No,Keep prompt,No prompt change required under the missing-cell design.,"blue pen, yellow block, green pencil sharpener, airplane toy without propellers",green pencil sharpener,Home,Move the green pencil sharpener into the bowl.,Leave exactly three objects in the bowl.,"The exact 2→3 motor transition is trained with a direct instruction, but the goal-count instruction is withheld.",,917,176,justintiensmith/VLA_Benchmark_Prompted_1200,917,False,justintiensmith/VLA_Benchmark_Prompted_1200,917,
918,Counting,Pick up the green pencil sharpener and place it in the bowl.,Masked goal-count × transition composition,direct addition of green pencil sharpener; hidden goal=3; transition=2→3,count_goal_3_add_masked,goal one via removal (2→1); goal three via addition (2→3),No,Keep prompt,No prompt change required under the missing-cell design.,"airplane toy without propellers, yellow block, green pencil sharpener, blue pen",green pencil sharpener,Home,Pick up the green pencil sharpener and place it in the bowl.,Leave exactly three objects in the bowl.,"The exact 2→3 motor transition is trained with a direct instruction, but the goal-count instruction is withheld.",,918,175,justintiensmith/VLA_Benchmark_Prompted_1200,918,False,justintiensmith/VLA_Benchmark_Prompted_1200,918,
919,Counting,Move the green pencil sharpener into the bowl.,Masked goal-count × transition composition,direct addition of green pencil sharpener; hidden goal=3; transition=2→3,count_goal_3_add_masked,goal one via removal (2→1); goal three via addition (2→3),No,Keep prompt,No prompt change required under the missing-cell design.,"airplane toy without propellers, blue pen, green pencil sharpener",green pencil sharpener,Home,Move the green pencil sharpener into the bowl.,Leave exactly three objects in the bowl.,"The exact 2→3 motor transition is trained with a direct instruction, but the goal-count instruction is withheld.",,919,176,justintiensmith/VLA_Benchmark_Prompted_1200,919,False,justintiensmith/VLA_Benchmark_Prompted_1200,919,
920,Counting,Move the green pencil sharpener into the bowl.,Masked goal-count × transition composition,direct addition of green pencil sharpener; hidden goal=3; transition=2→3,count_goal_3_add_masked,goal one via removal (2→1); goal three via addition (2→3),No,Keep prompt,No prompt change required under the missing-cell design.,"blue pen, yellow block, green pencil sharpener, airplane toy without propellers",green pencil sharpener,Post-Drop,Move the green pencil sharpener into the bowl.,Leave exactly three objects in the bowl.,"The exact 2→3 motor transition is trained with a direct instruction, but the goal-count instruction is withheld.",,920,176,justintiensmith/VLA_Benchmark_Prompted_1200,920,False,justintiensmith/VLA_Benchmark_Prompted_1200,920,
921,Counting,Put the green pencil sharpener in the bowl.,Masked goal-count × transition composition,direct addition of green pencil sharpener; hidden goal=3; transition=2→3,count_goal_3_add_masked,goal one via removal (2→1); goal three via addition (2→3),No,Keep prompt,No prompt change required under the missing-cell design.,"airplane toy without propellers, yellow block, green pencil sharpener, blue pen",green pencil sharpener,Post-Drop,Put the green pencil sharpener in the bowl.,Leave exactly three objects in the bowl.,"The exact 2→3 motor transition is trained with a direct instruction, but the goal-count instruction is withheld.",,921,177,justintiensmith/VLA_Benchmark_Prompted_1200,921,False,justintiensmith/VLA_Benchmark_Prompted_1200,921,
922,Counting,Move the green pencil sharpener into the bowl.,Masked goal-count × transition composition,direct addition of green pencil sharpener; hidden goal=3; transition=2→3,count_goal_3_add_masked,goal one via removal (2→1); goal three via addition (2→3),No,Keep prompt,No prompt change required under the missing-cell design.,"airplane toy without propellers, blue pen, green pencil sharpener, yellow block",green pencil sharpener,Post-Drop,Move the green pencil sharpener into the bowl.,Leave exactly three objects in the bowl.,"The exact 2→3 motor transition is trained with a direct instruction, but the goal-count instruction is withheld.",,922,176,justintiensmith/VLA_Benchmark_Prompted_1200,922,False,justintiensmith/VLA_Benchmark_Prompted_1200,922,
923,Counting,Pick up the green pencil sharpener and place it in the bowl.,Masked goal-count × transition composition,direct addition of green pencil sharpener; hidden goal=3; transition=2→3,count_goal_3_add_masked,goal one via removal (2→1); goal three via addition (2→3),No,Keep prompt,No prompt change required under the missing-cell design.,"blue pen, yellow block, green pencil sharpener",green pencil sharpener,Post-Drop,Pick up the green pencil sharpener and place it in the bowl.,Leave exactly three objects in the bowl.,"The exact 2→3 motor transition is trained with a direct instruction, but the goal-count instruction is withheld.",,923,175,justintiensmith/VLA_Benchmark_Prompted_1200,923,False,justintiensmith/VLA_Benchmark_Prompted_1200,923,
924,Counting,Pick up the green pencil sharpener and place it in the bowl.,Masked goal-count × transition composition,direct addition of green pencil sharpener; hidden goal=3; transition=2→3,count_goal_3_add_masked,goal one via removal (2→1); goal three via addition (2→3),No,Keep prompt,No prompt change required under the missing-cell design.,"airplane toy without propellers, yellow block, green pencil sharpener",green pencil sharpener,Recovery,Pick up the green pencil sharpener and place it in the bowl.,Leave exactly three objects in the bowl.,"The exact 2→3 motor transition is trained with a direct instruction, but the goal-count instruction is withheld.",,924,175,justintiensmith/VLA_Benchmark_Prompted_1200,924,False,justintiensmith/VLA_Benchmark_Prompted_1200,924,
925,Counting,Adjust the bowl so that it contains zero objects.,Explicit goal-count grounding,goal=0; in-distribution anchor,count_goal_0_explicit_anchor,goal one via removal (2→1); goal three via addition (2→3),No,Keep prompt,No prompt change required under the missing-cell design.,"green pencil sharpener, airplane toy without propellers, blue pen, yellow block",green pencil sharpener,Home,Adjust the bowl so that it contains zero objects.,,Explicitly grounds final count 0 as an in-distribution counting anchor.,,925,290,justintiensmith/VLA_Benchmark_Prompted_1200,925,False,justintiensmith/VLA_Benchmark_Prompted_1200,925,
926,Counting,Leave no objects in the bowl.,Explicit goal-count grounding,goal=0; in-distribution anchor,count_goal_0_explicit_anchor,goal one via removal (2→1); goal three via addition (2→3),No,Keep prompt,No prompt change required under the missing-cell design.,"green pencil sharpener, blue pen, yellow block",green pencil sharpener,Home,Leave no objects in the bowl.,,Explicitly grounds final count 0 as an in-distribution counting anchor.,,926,291,justintiensmith/VLA_Benchmark_Prompted_1200,926,False,justintiensmith/VLA_Benchmark_Prompted_1200,926,
927,Counting,Leave no objects in the bowl.,Explicit goal-count grounding,goal=0; in-distribution anchor,count_goal_0_explicit_anchor,goal one via removal (2→1); goal three via addition (2→3),No,Keep prompt,No prompt change required under the missing-cell design.,"green pencil sharpener, airplane toy without propellers, blue pen",green pencil sharpener,Post-Drop,Leave no objects in the bowl.,,Explicitly grounds final count 0 as an in-distribution counting anchor.,,927,291,justintiensmith/VLA_Benchmark_Prompted_1200,927,False,justintiensmith/VLA_Benchmark_Prompted_1200,927,
928,Counting,Make the bowl contain exactly zero objects.,Explicit goal-count grounding,goal=0; in-distribution anchor,count_goal_0_explicit_anchor,goal one via removal (2→1); goal three via addition (2→3),No,Keep prompt,No prompt change required under the missing-cell design.,"green pencil sharpener, yellow block",green pencil sharpener,Post-Drop,Make the bowl contain exactly zero objects.,,Explicitly grounds final count 0 as an in-distribution counting anchor.,,928,289,justintiensmith/VLA_Benchmark_Prompted_1200,928,False,justintiensmith/VLA_Benchmark_Prompted_1200,928,
929,Counting,Make the bowl contain exactly zero objects.,Explicit goal-count grounding,goal=0; in-distribution anchor,count_goal_0_explicit_anchor,goal one via removal (2→1); goal three via addition (2→3),No,Keep prompt,No prompt change required under the missing-cell design.,"green pencil sharpener, airplane toy without propellers, yellow block",green pencil sharpener,Recovery,Make the bowl contain exactly zero objects.,,Explicitly grounds final count 0 as an in-distribution counting anchor.,,929,289,justintiensmith/VLA_Benchmark_Prompted_1200,929,False,justintiensmith/VLA_Benchmark_Prompted_1200,929,
930,Counting,Make the bowl contain exactly zero objects.,Explicit goal-count grounding,goal=0; in-distribution anchor,count_goal_0_explicit_anchor,goal one via removal (2→1); goal three via addition (2→3),No,Keep prompt,No prompt change required under the missing-cell design.,green pencil sharpener,green pencil sharpener,Recovery,Make the bowl contain exactly zero objects.,,Explicitly grounds final count 0 as an in-distribution counting anchor.,,930,289,justintiensmith/VLA_Benchmark_Prompted_1200,930,False,justintiensmith/VLA_Benchmark_Prompted_1200,930,
931,Counting,Remove the green pencil sharpener from the bowl.,Masked goal-count × transition composition,direct removal of green pencil sharpener; hidden goal=1; transition=2→1,count_goal_1_remove_masked,goal one via removal (2→1); goal three via addition (2→3),No,Keep prompt,No prompt change required under the missing-cell design.,"green pencil sharpener, airplane toy without propellers, blue pen, yellow block",green pencil sharpener,Home,Remove the green pencil sharpener from the bowl.,Leave exactly one object in the bowl.,"The exact 2→1 motor transition is trained with a direct instruction, but the goal-count instruction is withheld.",,931,303,justintiensmith/VLA_Benchmark_Prompted_1200,931,False,justintiensmith/VLA_Benchmark_Prompted_1200,931,
932,Counting,Move the green pencil sharpener from the bowl to the table.,Masked goal-count × transition composition,direct removal of green pencil sharpener; hidden goal=1; transition=2→1,count_goal_1_remove_masked,goal one via removal (2→1); goal three via addition (2→3),No,Keep prompt,No prompt change required under the missing-cell design.,"green pencil sharpener, blue pen, airplane toy without propellers",green pencil sharpener,Home,Move the green pencil sharpener from the bowl to the table.,Leave exactly one object in the bowl.,"The exact 2→1 motor transition is trained with a direct instruction, but the goal-count instruction is withheld.",,932,304,justintiensmith/VLA_Benchmark_Prompted_1200,932,False,justintiensmith/VLA_Benchmark_Prompted_1200,932,
933,Counting,Move the green pencil sharpener from the bowl to the table.,Masked goal-count × transition composition,direct removal of green pencil sharpener; hidden goal=1; transition=2→1,count_goal_1_remove_masked,goal one via removal (2→1); goal three via addition (2→3),No,Keep prompt,No prompt change required under the missing-cell design.,"green pencil sharpener, yellow block, blue pen",green pencil sharpener,Home,Move the green pencil sharpener from the bowl to the table.,Leave exactly one object in the bowl.,"The exact 2→1 motor transition is trained with a direct instruction, but the goal-count instruction is withheld.",,933,304,justintiensmith/VLA_Benchmark_Prompted_1200,933,False,justintiensmith/VLA_Benchmark_Prompted_1200,933,
934,Counting,Remove the green pencil sharpener from the bowl.,Masked goal-count × transition composition,direct removal of green pencil sharpener; hidden goal=1; transition=2→1,count_goal_1_remove_masked,goal one via removal (2→1); goal three via addition (2→3),No,Keep prompt,No prompt change required under the missing-cell design.,"green pencil sharpener, airplane toy without propellers, yellow block",green pencil sharpener,Post-Drop,Remove the green pencil sharpener from the bowl.,Leave exactly one object in the bowl.,"The exact 2→1 motor transition is trained with a direct instruction, but the goal-count instruction is withheld.",,934,303,justintiensmith/VLA_Benchmark_Prompted_1200,934,False,justintiensmith/VLA_Benchmark_Prompted_1200,934,
935,Counting,Move the green pencil sharpener from the bowl to the table.,Masked goal-count × transition composition,direct removal of green pencil sharpener; hidden goal=1; transition=2→1,count_goal_1_remove_masked,goal one via removal (2→1); goal three via addition (2→3),No,Keep prompt,No prompt change required under the missing-cell design.,"green pencil sharpener, blue pen, airplane toy without propellers, yellow block",green pencil sharpener,Post-Drop,Move the green pencil sharpener from the bowl to the table.,Leave exactly one object in the bowl.,"The exact 2→1 motor transition is trained with a direct instruction, but the goal-count instruction is withheld.",,935,304,justintiensmith/VLA_Benchmark_Prompted_1200,935,False,justintiensmith/VLA_Benchmark_Prompted_1200,935,
936,Counting,Take the green pencil sharpener out of the bowl.,Masked goal-count × transition composition,direct removal of green pencil sharpener; hidden goal=1; transition=2→1,count_goal_1_remove_masked,goal one via removal (2→1); goal three via addition (2→3),No,Keep prompt,No prompt change required under the missing-cell design.,"green pencil sharpener, yellow block",green pencil sharpener,Recovery,Take the green pencil sharpener out of the bowl.,Leave exactly one object in the bowl.,"The exact 2→1 motor transition is trained with a direct instruction, but the goal-count instruction is withheld.",,936,305,justintiensmith/VLA_Benchmark_Prompted_1200,936,False,justintiensmith/VLA_Benchmark_Prompted_1200,936,
937,Counting,Adjust the bowl so that it contains two objects.,Explicit goal-count grounding,goal=2; in-distribution anchor,count_goal_2_explicit_anchor,goal one via removal (2→1); goal three via addition (2→3),No,Keep prompt,No prompt change required under the missing-cell design.,"green pencil sharpener, airplane toy without propellers, blue pen, yellow block",green pencil sharpener,Home,Adjust the bowl so that it contains two objects.,,Explicitly grounds final count 2 as an in-distribution counting anchor.,,937,285,justintiensmith/VLA_Benchmark_Prompted_1200,937,False,justintiensmith/VLA_Benchmark_Prompted_1200,937,
938,Counting,Adjust the bowl so that it contains two objects.,Explicit goal-count grounding,goal=2; in-distribution anchor,count_goal_2_explicit_anchor,goal one via removal (2→1); goal three via addition (2→3),No,Keep prompt,No prompt change required under the missing-cell design.,"green pencil sharpener, blue pen, yellow block, airplane toy without propellers",green pencil sharpener,Home,Adjust the bowl so that it contains two objects.,,Explicitly grounds final count 2 as an in-distribution counting anchor.,,938,285,justintiensmith/VLA_Benchmark_Prompted_1200,938,False,justintiensmith/VLA_Benchmark_Prompted_1200,938,
939,Counting,Leave exactly two objects in the bowl.,Explicit goal-count grounding,goal=2; in-distribution anchor,count_goal_2_explicit_anchor,goal one via removal (2→1); goal three via addition (2→3),No,Keep prompt,No prompt change required under the missing-cell design.,"green pencil sharpener, airplane toy without propellers, yellow block, blue pen",green pencil sharpener,Post-Drop,Leave exactly two objects in the bowl.,,Explicitly grounds final count 2 as an in-distribution counting anchor.,,939,295,justintiensmith/VLA_Benchmark_Prompted_1200,939,False,justintiensmith/VLA_Benchmark_Prompted_1200,939,
940,Counting,Leave exactly two objects in the bowl.,Explicit goal-count grounding,goal=2; in-distribution anchor,count_goal_2_explicit_anchor,goal one via removal (2→1); goal three via addition (2→3),No,Keep prompt,No prompt change required under the missing-cell design.,"green pencil sharpener, airplane toy without propellers, blue pen",green pencil sharpener,Post-Drop,Leave exactly two objects in the bowl.,,Explicitly grounds final count 2 as an in-distribution counting anchor.,,940,295,justintiensmith/VLA_Benchmark_Prompted_1200,940,False,justintiensmith/VLA_Benchmark_Prompted_1200,940,
941,Counting,Leave exactly two objects in the bowl.,Explicit goal-count grounding,goal=2; in-distribution anchor,count_goal_2_explicit_anchor,goal one via removal (2→1); goal three via addition (2→3),No,Keep prompt,No prompt change required under the missing-cell design.,"green pencil sharpener, blue pen, yellow block",green pencil sharpener,Post-Drop,Leave exactly two objects in the bowl.,,Explicitly grounds final count 2 as an in-distribution counting anchor.,,941,295,justintiensmith/VLA_Benchmark_Prompted_1200,941,False,justintiensmith/VLA_Benchmark_Prompted_1200,941,
942,Counting,Make the bowl contain exactly two objects.,Explicit goal-count grounding,goal=2; in-distribution anchor,count_goal_2_explicit_anchor,goal one via removal (2→1); goal three via addition (2→3),No,Keep prompt,No prompt change required under the missing-cell design.,"green pencil sharpener, airplane toy without propellers, yellow block",green pencil sharpener,Recovery,Make the bowl contain exactly two objects.,,Explicitly grounds final count 2 as an in-distribution counting anchor.,,942,284,justintiensmith/VLA_Benchmark_Prompted_1200,942,False,justintiensmith/VLA_Benchmark_Prompted_1200,942,
943,Counting,Leave exactly three objects in the bowl.,Explicit goal-count grounding,goal=3; familiar transition=4→3 removal,count_goal_3_seen_remove,goal one via removal (2→1); goal three via addition (2→3),Yes,Replace prompt only,"Prompt-only relabeling; preserve episode 943 video, scene, trajectory, target, and start position.","green pencil sharpener, airplane toy without propellers, blue pen, yellow block",green pencil sharpener,Home,Take the green pencil sharpener out of the bowl.,,"The word three is explicitly trained through removal, while three-through-addition is withheld.",,943,296,justintiensmith/VLA_Benchmark_Prompted_1200,943,False,justintiensmith/VLA_Benchmark_Prompted_1200,943,
944,Counting,Leave exactly three objects in the bowl.,Explicit goal-count grounding,goal=3; familiar transition=4→3 removal,count_goal_3_seen_remove,goal one via removal (2→1); goal three via addition (2→3),Yes,Replace prompt only,"Prompt-only relabeling; preserve episode 944 video, scene, trajectory, target, and start position.","green pencil sharpener, airplane toy without propellers, blue pen, yellow block",green pencil sharpener,Home,Take the green pencil sharpener out of the bowl.,,"The word three is explicitly trained through removal, while three-through-addition is withheld.",,944,296,justintiensmith/VLA_Benchmark_Prompted_1200,944,False,justintiensmith/VLA_Benchmark_Prompted_1200,944,
945,Counting,Leave exactly three objects in the bowl.,Explicit goal-count grounding,goal=3; familiar transition=4→3 removal,count_goal_3_seen_remove,goal one via removal (2→1); goal three via addition (2→3),Yes,Replace prompt only,"Prompt-only relabeling; preserve episode 945 video, scene, trajectory, target, and start position.","green pencil sharpener, airplane toy without propellers, blue pen, yellow block",green pencil sharpener,Home,Move the green pencil sharpener from the bowl to the table.,,"The word three is explicitly trained through removal, while three-through-addition is withheld.",,945,296,justintiensmith/VLA_Benchmark_Prompted_1200,945,False,justintiensmith/VLA_Benchmark_Prompted_1200,945,
946,Counting,Leave exactly three objects in the bowl.,Explicit goal-count grounding,goal=3; familiar transition=4→3 removal,count_goal_3_seen_remove,goal one via removal (2→1); goal three via addition (2→3),Yes,Replace prompt only,"Prompt-only relabeling; preserve episode 946 video, scene, trajectory, target, and start position.","green pencil sharpener, airplane toy without propellers, blue pen, yellow block",green pencil sharpener,Post-Drop,Take the green pencil sharpener out of the bowl.,,"The word three is explicitly trained through removal, while three-through-addition is withheld.",,946,296,justintiensmith/VLA_Benchmark_Prompted_1200,946,False,justintiensmith/VLA_Benchmark_Prompted_1200,946,
947,Counting,Leave exactly three objects in the bowl.,Explicit goal-count grounding,goal=3; familiar transition=4→3 removal,count_goal_3_seen_remove,goal one via removal (2→1); goal three via addition (2→3),Yes,Replace prompt only,"Prompt-only relabeling; preserve episode 947 video, scene, trajectory, target, and start position.","green pencil sharpener, airplane toy without propellers, blue pen, yellow block",green pencil sharpener,Post-Drop,Remove the green pencil sharpener from the bowl.,,"The word three is explicitly trained through removal, while three-through-addition is withheld.",,947,296,justintiensmith/VLA_Benchmark_Prompted_1200,947,False,justintiensmith/VLA_Benchmark_Prompted_1200,947,
948,Counting,Leave exactly three objects in the bowl.,Explicit goal-count grounding,goal=3; familiar transition=4→3 removal,count_goal_3_seen_remove,goal one via removal (2→1); goal three via addition (2→3),Yes,Replace prompt only,"Prompt-only relabeling; preserve episode 948 video, scene, trajectory, target, and start position.","green pencil sharpener, airplane toy without propellers, blue pen, yellow block",green pencil sharpener,Post-Drop,Remove the green pencil sharpener from the bowl.,,"The word three is explicitly trained through removal, while three-through-addition is withheld.",,948,296,justintiensmith/VLA_Benchmark_Prompted_1200,948,False,justintiensmith/VLA_Benchmark_Prompted_1200,948,
949,Counting,Leave exactly three objects in the bowl.,Explicit goal-count grounding,goal=3; familiar transition=4→3 removal,count_goal_3_seen_remove,goal one via removal (2→1); goal three via addition (2→3),Yes,Replace prompt only,"Prompt-only relabeling; preserve episode 949 video, scene, trajectory, target, and start position.","green pencil sharpener, airplane toy without propellers, blue pen, yellow block",green pencil sharpener,Recovery,Take the green pencil sharpener out of the bowl.,,"The word three is explicitly trained through removal, while three-through-addition is withheld.",,949,296,justintiensmith/VLA_Benchmark_Prompted_1200,949,False,justintiensmith/VLA_Benchmark_Prompted_1200,949,
950,Counting,Leave exactly one object in the bowl.,Explicit goal-count grounding,goal=1; familiar transition=0→1 addition,count_goal_1_seen_add,goal one via removal (2→1); goal three via addition (2→3),Yes,Replace prompt only,"Prompt-only relabeling; preserve episode 950 video, scene, trajectory, target, and start position.","airplane toy without propellers, blue pen, yellow block, green pencil sharpener",airplane toy without propellers,Home,Move the airplane toy without propellers into the bowl.,,"The word one is explicitly trained through addition, while one-through-removal is withheld.",,950,283,justintiensmith/VLA_Benchmark_Prompted_1200,950,False,justintiensmith/VLA_Benchmark_Prompted_1200,950,
951,Counting,Leave exactly one object in the bowl.,Explicit goal-count grounding,goal=1; familiar transition=0→1 addition,count_goal_1_seen_add,goal one via removal (2→1); goal three via addition (2→3),Yes,Replace prompt only,"Prompt-only relabeling; preserve episode 951 video, scene, trajectory, target, and start position.","airplane toy without propellers, blue pen, yellow block",airplane toy without propellers,Home,Put the airplane toy without propellers in the bowl.,,"The word one is explicitly trained through addition, while one-through-removal is withheld.",,951,283,justintiensmith/VLA_Benchmark_Prompted_1200,951,False,justintiensmith/VLA_Benchmark_Prompted_1200,951,
952,Counting,Leave exactly one object in the bowl.,Explicit goal-count grounding,goal=1; familiar transition=0→1 addition,count_goal_1_seen_add,goal one via removal (2→1); goal three via addition (2→3),Yes,Replace prompt only,"Prompt-only relabeling; preserve episode 952 video, scene, trajectory, target, and start position.","airplane toy without propellers, green pencil sharpener",airplane toy without propellers,Home,Move the airplane toy without propellers into the bowl.,,"The word one is explicitly trained through addition, while one-through-removal is withheld.",,952,283,justintiensmith/VLA_Benchmark_Prompted_1200,952,False,justintiensmith/VLA_Benchmark_Prompted_1200,952,
953,Counting,Leave exactly one object in the bowl.,Explicit goal-count grounding,goal=1; familiar transition=0→1 addition,count_goal_1_seen_add,goal one via removal (2→1); goal three via addition (2→3),Yes,Replace prompt only,"Prompt-only relabeling; preserve episode 953 video, scene, trajectory, target, and start position.","airplane toy without propellers, blue pen, green pencil sharpener",airplane toy without propellers,Post-Drop,Put the airplane toy without propellers in the bowl.,,"The word one is explicitly trained through addition, while one-through-removal is withheld.",,953,283,justintiensmith/VLA_Benchmark_Prompted_1200,953,False,justintiensmith/VLA_Benchmark_Prompted_1200,953,
954,Counting,Leave exactly one object in the bowl.,Explicit goal-count grounding,goal=1; familiar transition=0→1 addition,count_goal_1_seen_add,goal one via removal (2→1); goal three via addition (2→3),Yes,Replace prompt only,"Prompt-only relabeling; preserve episode 954 video, scene, trajectory, target, and start position.","airplane toy without propellers, yellow block",airplane toy without propellers,Post-Drop,Pick up the airplane toy without propellers and place it in the bowl.,,"The word one is explicitly trained through addition, while one-through-removal is withheld.",,954,283,justintiensmith/VLA_Benchmark_Prompted_1200,954,False,justintiensmith/VLA_Benchmark_Prompted_1200,954,
955,Counting,Leave exactly one object in the bowl.,Explicit goal-count grounding,goal=1; familiar transition=0→1 addition,count_goal_1_seen_add,goal one via removal (2→1); goal three via addition (2→3),Yes,Replace prompt only,"Prompt-only relabeling; preserve episode 955 video, scene, trajectory, target, and start position.","airplane toy without propellers, blue pen",airplane toy without propellers,Post-Drop,Put the airplane toy without propellers in the bowl.,,"The word one is explicitly trained through addition, while one-through-removal is withheld.",,955,283,justintiensmith/VLA_Benchmark_Prompted_1200,955,False,justintiensmith/VLA_Benchmark_Prompted_1200,955,
956,Counting,Leave exactly one object in the bowl.,Explicit goal-count grounding,goal=1; familiar transition=0→1 addition,count_goal_1_seen_add,goal one via removal (2→1); goal three via addition (2→3),Yes,Replace prompt only,"Prompt-only relabeling; preserve episode 956 video, scene, trajectory, target, and start position.","airplane toy without propellers, yellow block, green pencil sharpener",airplane toy without propellers,Recovery,Pick up the airplane toy without propellers and place it in the bowl.,,"The word one is explicitly trained through addition, while one-through-removal is withheld.",,956,283,justintiensmith/VLA_Benchmark_Prompted_1200,956,False,justintiensmith/VLA_Benchmark_Prompted_1200,956,
957,Counting,Leave exactly one object in the bowl.,Explicit goal-count grounding,goal=1; familiar transition=0→1 addition,count_goal_1_seen_add,goal one via removal (2→1); goal three via addition (2→3),Yes,Replace prompt only,"Prompt-only relabeling; preserve episode 957 video, scene, trajectory, target, and start position.",airplane toy without propellers,airplane toy without propellers,Recovery,Put the airplane toy without propellers in the bowl.,,"The word one is explicitly trained through addition, while one-through-removal is withheld.",,957,283,justintiensmith/VLA_Benchmark_Prompted_1200,957,False,justintiensmith/VLA_Benchmark_Prompted_1200,957,
958,Counting,Adjust the bowl so that it contains two objects.,Explicit goal-count grounding,goal=2; in-distribution anchor,count_goal_2_explicit_anchor,goal one via removal (2→1); goal three via addition (2→3),No,Keep prompt,No prompt change required under the missing-cell design.,"blue pen, airplane toy without propellers, yellow block, green pencil sharpener",airplane toy without propellers,Home,Adjust the bowl so that it contains two objects.,,Explicitly grounds final count 2 as an in-distribution counting anchor.,,958,285,justintiensmith/VLA_Benchmark_Prompted_1200,958,False,justintiensmith/VLA_Benchmark_Prompted_1200,958,
959,Counting,Leave exactly two objects in the bowl.,Explicit goal-count grounding,goal=2; in-distribution anchor,count_goal_2_explicit_anchor,goal one via removal (2→1); goal three via addition (2→3),No,Keep prompt,No prompt change required under the missing-cell design.,"yellow block, airplane toy without propellers, blue pen",airplane toy without propellers,Home,Leave exactly two objects in the bowl.,,Explicitly grounds final count 2 as an in-distribution counting anchor.,,959,295,justintiensmith/VLA_Benchmark_Prompted_1200,959,False,justintiensmith/VLA_Benchmark_Prompted_1200,959,
960,Counting,Make the bowl contain exactly two objects.,Explicit goal-count grounding,goal=2; in-distribution anchor,count_goal_2_explicit_anchor,goal one via removal (2→1); goal three via addition (2→3),No,Keep prompt,No prompt change required under the missing-cell design.,"green pencil sharpener, airplane toy without propellers, yellow block",airplane toy without propellers,Home,Make the bowl contain exactly two objects.,,Explicitly grounds final count 2 as an in-distribution counting anchor.,,960,284,justintiensmith/VLA_Benchmark_Prompted_1200,960,False,justintiensmith/VLA_Benchmark_Prompted_1200,960,
961,Counting,Make the bowl contain exactly two objects.,Explicit goal-count grounding,goal=2; in-distribution anchor,count_goal_2_explicit_anchor,goal one via removal (2→1); goal three via addition (2→3),No,Keep prompt,No prompt change required under the missing-cell design.,"blue pen, airplane toy without propellers, yellow block, green pencil sharpener",airplane toy without propellers,Post-Drop,Make the bowl contain exactly two objects.,,Explicitly grounds final count 2 as an in-distribution counting anchor.,,961,284,justintiensmith/VLA_Benchmark_Prompted_1200,961,False,justintiensmith/VLA_Benchmark_Prompted_1200,961,
962,Counting,Leave exactly two objects in the bowl.,Explicit goal-count grounding,goal=2; in-distribution anchor,count_goal_2_explicit_anchor,goal one via removal (2→1); goal three via addition (2→3),No,Keep prompt,No prompt change required under the missing-cell design.,"yellow block, airplane toy without propellers, green pencil sharpener",airplane toy without propellers,Post-Drop,Leave exactly two objects in the bowl.,,Explicitly grounds final count 2 as an in-distribution counting anchor.,,962,295,justintiensmith/VLA_Benchmark_Prompted_1200,962,False,justintiensmith/VLA_Benchmark_Prompted_1200,962,
963,Counting,Leave exactly two objects in the bowl.,Explicit goal-count grounding,goal=2; in-distribution anchor,count_goal_2_explicit_anchor,goal one via removal (2→1); goal three via addition (2→3),No,Keep prompt,No prompt change required under the missing-cell design.,"green pencil sharpener, airplane toy without propellers, blue pen",airplane toy without propellers,Post-Drop,Leave exactly two objects in the bowl.,,Explicitly grounds final count 2 as an in-distribution counting anchor.,,963,295,justintiensmith/VLA_Benchmark_Prompted_1200,963,False,justintiensmith/VLA_Benchmark_Prompted_1200,963,
964,Counting,Leave exactly two objects in the bowl.,Explicit goal-count grounding,goal=2; in-distribution anchor,count_goal_2_explicit_anchor,goal one via removal (2→1); goal three via addition (2→3),No,Keep prompt,No prompt change required under the missing-cell design.,"yellow block, airplane toy without propellers, green pencil sharpener",airplane toy without propellers,Recovery,Leave exactly two objects in the bowl.,,Explicitly grounds final count 2 as an in-distribution counting anchor.,,964,295,justintiensmith/VLA_Benchmark_Prompted_1200,964,False,justintiensmith/VLA_Benchmark_Prompted_1200,964,
965,Counting,Leave exactly two objects in the bowl.,Explicit goal-count grounding,goal=2; in-distribution anchor,count_goal_2_explicit_anchor,goal one via removal (2→1); goal three via addition (2→3),No,Keep prompt,No prompt change required under the missing-cell design.,"blue pen, airplane toy without propellers",airplane toy without propellers,Recovery,Leave exactly two objects in the bowl.,,Explicitly grounds final count 2 as an in-distribution counting anchor.,,965,295,justintiensmith/VLA_Benchmark_Prompted_1200,965,False,justintiensmith/VLA_Benchmark_Prompted_1200,965,
966,Counting,Pick up the airplane toy without propellers and place it in the bowl.,Masked goal-count × transition composition,direct addition of airplane toy without propellers; hidden goal=3; transition=2→3,count_goal_3_add_masked,goal one via removal (2→1); goal three via addition (2→3),No,Keep prompt,No prompt change required under the missing-cell design.,"blue pen, yellow block, airplane toy without propellers, green pencil sharpener",airplane toy without propellers,Home,Pick up the airplane toy without propellers and place it in the bowl.,Leave exactly three objects in the bowl.,"The exact 2→3 motor transition is trained with a direct instruction, but the goal-count instruction is withheld.",,966,226,justintiensmith/VLA_Benchmark_Prompted_1200,966,False,justintiensmith/VLA_Benchmark_Prompted_1200,966,
967,Counting,Pick up the airplane toy without propellers and place it in the bowl.,Masked goal-count × transition composition,direct addition of airplane toy without propellers; hidden goal=3; transition=2→3,count_goal_3_add_masked,goal one via removal (2→1); goal three via addition (2→3),No,Keep prompt,No prompt change required under the missing-cell design.,"yellow block, green pencil sharpener, airplane toy without propellers, blue pen",airplane toy without propellers,Home,Pick up the airplane toy without propellers and place it in the bowl.,Leave exactly three objects in the bowl.,"The exact 2→3 motor transition is trained with a direct instruction, but the goal-count instruction is withheld.",,967,226,justintiensmith/VLA_Benchmark_Prompted_1200,967,False,justintiensmith/VLA_Benchmark_Prompted_1200,967,
968,Counting,Move the airplane toy without propellers into the bowl.,Masked goal-count × transition composition,direct addition of airplane toy without propellers; hidden goal=3; transition=2→3,count_goal_3_add_masked,goal one via removal (2→1); goal three via addition (2→3),No,Keep prompt,No prompt change required under the missing-cell design.,"blue pen, green pencil sharpener, airplane toy without propellers, yellow block",airplane toy without propellers,Home,Move the airplane toy without propellers into the bowl.,Leave exactly three objects in the bowl.,"The exact 2→3 motor transition is trained with a direct instruction, but the goal-count instruction is withheld.",,968,230,justintiensmith/VLA_Benchmark_Prompted_1200,968,False,justintiensmith/VLA_Benchmark_Prompted_1200,968,
969,Counting,Move the airplane toy without propellers into the bowl.,Masked goal-count × transition composition,direct addition of airplane toy without propellers; hidden goal=3; transition=2→3,count_goal_3_add_masked,goal one via removal (2→1); goal three via addition (2→3),No,Keep prompt,No prompt change required under the missing-cell design.,"blue pen, yellow block, airplane toy without propellers",airplane toy without propellers,Home,Move the airplane toy without propellers into the bowl.,Leave exactly three objects in the bowl.,"The exact 2→3 motor transition is trained with a direct instruction, but the goal-count instruction is withheld.",,969,230,justintiensmith/VLA_Benchmark_Prompted_1200,969,False,justintiensmith/VLA_Benchmark_Prompted_1200,969,
970,Counting,Put the airplane toy without propellers in the bowl.,Masked goal-count × transition composition,direct addition of airplane toy without propellers; hidden goal=3; transition=2→3,count_goal_3_add_masked,goal one via removal (2→1); goal three via addition (2→3),No,Keep prompt,No prompt change required under the missing-cell design.,"yellow block, green pencil sharpener, airplane toy without propellers, blue pen",airplane toy without propellers,Post-Drop,Put the airplane toy without propellers in the bowl.,Leave exactly three objects in the bowl.,"The exact 2→3 motor transition is trained with a direct instruction, but the goal-count instruction is withheld.",,970,228,justintiensmith/VLA_Benchmark_Prompted_1200,970,False,justintiensmith/VLA_Benchmark_Prompted_1200,970,
971,Counting,Pick up the airplane toy without propellers and place it in the bowl.,Masked goal-count × transition composition,direct addition of airplane toy without propellers; hidden goal=3; transition=2→3,count_goal_3_add_masked,goal one via removal (2→1); goal three via addition (2→3),No,Keep prompt,No prompt change required under the missing-cell design.,"blue pen, green pencil sharpener, airplane toy without propellers, yellow block",airplane toy without propellers,Post-Drop,Pick up the airplane toy without propellers and place it in the bowl.,Leave exactly three objects in the bowl.,"The exact 2→3 motor transition is trained with a direct instruction, but the goal-count instruction is withheld.",,971,226,justintiensmith/VLA_Benchmark_Prompted_1200,971,False,justintiensmith/VLA_Benchmark_Prompted_1200,971,
972,Counting,Move the airplane toy without propellers into the bowl.,Masked goal-count × transition composition,direct addition of airplane toy without propellers; hidden goal=3; transition=2→3,count_goal_3_add_masked,goal one via removal (2→1); goal three via addition (2→3),No,Keep prompt,No prompt change required under the missing-cell design.,"blue pen, yellow block, airplane toy without propellers, green pencil sharpener",airplane toy without propellers,Post-Drop,Move the airplane toy without propellers into the bowl.,Leave exactly three objects in the bowl.,"The exact 2→3 motor transition is trained with a direct instruction, but the goal-count instruction is withheld.",,972,230,justintiensmith/VLA_Benchmark_Prompted_1200,972,False,justintiensmith/VLA_Benchmark_Prompted_1200,972,
973,Counting,Pick up the airplane toy without propellers and place it in the bowl.,Masked goal-count × transition composition,direct addition of airplane toy without propellers; hidden goal=3; transition=2→3,count_goal_3_add_masked,goal one via removal (2→1); goal three via addition (2→3),No,Keep prompt,No prompt change required under the missing-cell design.,"yellow block, green pencil sharpener, airplane toy without propellers",airplane toy without propellers,Post-Drop,Pick up the airplane toy without propellers and place it in the bowl.,Leave exactly three objects in the bowl.,"The exact 2→3 motor transition is trained with a direct instruction, but the goal-count instruction is withheld.",,973,226,justintiensmith/VLA_Benchmark_Prompted_1200,973,False,justintiensmith/VLA_Benchmark_Prompted_1200,973,
974,Counting,Put the airplane toy without propellers in the bowl.,Masked goal-count × transition composition,direct addition of airplane toy without propellers; hidden goal=3; transition=2→3,count_goal_3_add_masked,goal one via removal (2→1); goal three via addition (2→3),No,Keep prompt,No prompt change required under the missing-cell design.,"blue pen, green pencil sharpener, airplane toy without propellers",airplane toy without propellers,Recovery,Put the airplane toy without propellers in the bowl.,Leave exactly three objects in the bowl.,"The exact 2→3 motor transition is trained with a direct instruction, but the goal-count instruction is withheld.",,974,228,justintiensmith/VLA_Benchmark_Prompted_1200,974,False,justintiensmith/VLA_Benchmark_Prompted_1200,974,
975,Counting,Leave no objects in the bowl.,Explicit goal-count grounding,goal=0; in-distribution anchor,count_goal_0_explicit_anchor,goal one via removal (2→1); goal three via addition (2→3),No,Keep prompt,No prompt change required under the missing-cell design.,"airplane toy without propellers, blue pen, yellow block, green pencil sharpener",airplane toy without propellers,Home,Leave no objects in the bowl.,,Explicitly grounds final count 0 as an in-distribution counting anchor.,,975,291,justintiensmith/VLA_Benchmark_Prompted_1200,975,False,justintiensmith/VLA_Benchmark_Prompted_1200,975,
976,Counting,Make the bowl contain exactly zero objects.,Explicit goal-count grounding,goal=0; in-distribution anchor,count_goal_0_explicit_anchor,goal one via removal (2→1); goal three via addition (2→3),No,Keep prompt,No prompt change required under the missing-cell design.,"airplane toy without propellers, yellow block, green pencil sharpener",airplane toy without propellers,Home,Make the bowl contain exactly zero objects.,,Explicitly grounds final count 0 as an in-distribution counting anchor.,,976,289,justintiensmith/VLA_Benchmark_Prompted_1200,976,False,justintiensmith/VLA_Benchmark_Prompted_1200,976,
977,Counting,Adjust the bowl so that it contains zero objects.,Explicit goal-count grounding,goal=0; in-distribution anchor,count_goal_0_explicit_anchor,goal one via removal (2→1); goal three via addition (2→3),No,Keep prompt,No prompt change required under the missing-cell design.,"airplane toy without propellers, blue pen, yellow block",airplane toy without propellers,Post-Drop,Adjust the bowl so that it contains zero objects.,,Explicitly grounds final count 0 as an in-distribution counting anchor.,,977,290,justintiensmith/VLA_Benchmark_Prompted_1200,977,False,justintiensmith/VLA_Benchmark_Prompted_1200,977,
978,Counting,Leave no objects in the bowl.,Explicit goal-count grounding,goal=0; in-distribution anchor,count_goal_0_explicit_anchor,goal one via removal (2→1); goal three via addition (2→3),No,Keep prompt,No prompt change required under the missing-cell design.,"airplane toy without propellers, green pencil sharpener",airplane toy without propellers,Post-Drop,Leave no objects in the bowl.,,Explicitly grounds final count 0 as an in-distribution counting anchor.,,978,291,justintiensmith/VLA_Benchmark_Prompted_1200,978,False,justintiensmith/VLA_Benchmark_Prompted_1200,978,
979,Counting,Make the bowl contain exactly zero objects.,Explicit goal-count grounding,goal=0; in-distribution anchor,count_goal_0_explicit_anchor,goal one via removal (2→1); goal three via addition (2→3),No,Keep prompt,No prompt change required under the missing-cell design.,"airplane toy without propellers, blue pen, green pencil sharpener",airplane toy without propellers,Recovery,Make the bowl contain exactly zero objects.,,Explicitly grounds final count 0 as an in-distribution counting anchor.,,979,289,justintiensmith/VLA_Benchmark_Prompted_1200,979,False,justintiensmith/VLA_Benchmark_Prompted_1200,979,
980,Counting,Leave no objects in the bowl.,Explicit goal-count grounding,goal=0; in-distribution anchor,count_goal_0_explicit_anchor,goal one via removal (2→1); goal three via addition (2→3),No,Keep prompt,No prompt change required under the missing-cell design.,airplane toy without propellers,airplane toy without propellers,Recovery,Leave no objects in the bowl.,,Explicitly grounds final count 0 as an in-distribution counting anchor.,,980,291,justintiensmith/VLA_Benchmark_Prompted_1200,980,False,justintiensmith/VLA_Benchmark_Prompted_1200,980,
981,Counting,Remove the airplane toy without propellers from the bowl.,Masked goal-count × transition composition,direct removal of airplane toy without propellers; hidden goal=1; transition=2→1,count_goal_1_remove_masked,goal one via removal (2→1); goal three via addition (2→3),No,Keep prompt,No prompt change required under the missing-cell design.,"airplane toy without propellers, blue pen, yellow block, green pencil sharpener",airplane toy without propellers,Home,Remove the airplane toy without propellers from the bowl.,Leave exactly one object in the bowl.,"The exact 2→1 motor transition is trained with a direct instruction, but the goal-count instruction is withheld.",,981,306,justintiensmith/VLA_Benchmark_Prompted_1200,981,False,justintiensmith/VLA_Benchmark_Prompted_1200,981,
982,Counting,Take the airplane toy without propellers out of the bowl.,Masked goal-count × transition composition,direct removal of airplane toy without propellers; hidden goal=1; transition=2→1,count_goal_1_remove_masked,goal one via removal (2→1); goal three via addition (2→3),No,Keep prompt,No prompt change required under the missing-cell design.,"airplane toy without propellers, yellow block, blue pen",airplane toy without propellers,Home,Take the airplane toy without propellers out of the bowl.,Leave exactly one object in the bowl.,"The exact 2→1 motor transition is trained with a direct instruction, but the goal-count instruction is withheld.",,982,307,justintiensmith/VLA_Benchmark_Prompted_1200,982,False,justintiensmith/VLA_Benchmark_Prompted_1200,982,
983,Counting,Take the airplane toy without propellers out of the bowl.,Masked goal-count × transition composition,direct removal of airplane toy without propellers; hidden goal=1; transition=2→1,count_goal_1_remove_masked,goal one via removal (2→1); goal three via addition (2→3),No,Keep prompt,No prompt change required under the missing-cell design.,"airplane toy without propellers, green pencil sharpener, yellow block",airplane toy without propellers,Home,Take the airplane toy without propellers out of the bowl.,Leave exactly one object in the bowl.,"The exact 2→1 motor transition is trained with a direct instruction, but the goal-count instruction is withheld.",,983,307,justintiensmith/VLA_Benchmark_Prompted_1200,983,False,justintiensmith/VLA_Benchmark_Prompted_1200,983,
984,Counting,Take the airplane toy without propellers out of the bowl.,Masked goal-count × transition composition,direct removal of airplane toy without propellers; hidden goal=1; transition=2→1,count_goal_1_remove_masked,goal one via removal (2→1); goal three via addition (2→3),No,Keep prompt,No prompt change required under the missing-cell design.,"airplane toy without propellers, blue pen, green pencil sharpener",airplane toy without propellers,Post-Drop,Take the airplane toy without propellers out of the bowl.,Leave exactly one object in the bowl.,"The exact 2→1 motor transition is trained with a direct instruction, but the goal-count instruction is withheld.",,984,307,justintiensmith/VLA_Benchmark_Prompted_1200,984,False,justintiensmith/VLA_Benchmark_Prompted_1200,984,
985,Counting,Move the airplane toy without propellers from the bowl to the table.,Masked goal-count × transition composition,direct removal of airplane toy without propellers; hidden goal=1; transition=2→1,count_goal_1_remove_masked,goal one via removal (2→1); goal three via addition (2→3),No,Keep prompt,No prompt change required under the missing-cell design.,"airplane toy without propellers, yellow block, blue pen, green pencil sharpener",airplane toy without propellers,Post-Drop,Move the airplane toy without propellers from the bowl to the table.,Leave exactly one object in the bowl.,"The exact 2→1 motor transition is trained with a direct instruction, but the goal-count instruction is withheld.",,985,308,justintiensmith/VLA_Benchmark_Prompted_1200,985,False,justintiensmith/VLA_Benchmark_Prompted_1200,985,
986,Counting,Remove the airplane toy without propellers from the bowl.,Masked goal-count × transition composition,direct removal of airplane toy without propellers; hidden goal=1; transition=2→1,count_goal_1_remove_masked,goal one via removal (2→1); goal three via addition (2→3),No,Keep prompt,No prompt change required under the missing-cell design.,"airplane toy without propellers, green pencil sharpener",airplane toy without propellers,Recovery,Remove the airplane toy without propellers from the bowl.,Leave exactly one object in the bowl.,"The exact 2→1 motor transition is trained with a direct instruction, but the goal-count instruction is withheld.",,986,306,justintiensmith/VLA_Benchmark_Prompted_1200,986,False,justintiensmith/VLA_Benchmark_Prompted_1200,986,
987,Counting,Adjust the bowl so that it contains two objects.,Explicit goal-count grounding,goal=2; in-distribution anchor,count_goal_2_explicit_anchor,goal one via removal (2→1); goal three via addition (2→3),No,Keep prompt,No prompt change required under the missing-cell design.,"airplane toy without propellers, blue pen, yellow block, green pencil sharpener",airplane toy without propellers,Home,Adjust the bowl so that it contains two objects.,,Explicitly grounds final count 2 as an in-distribution counting anchor.,,987,285,justintiensmith/VLA_Benchmark_Prompted_1200,987,False,justintiensmith/VLA_Benchmark_Prompted_1200,987,
988,Counting,Adjust the bowl so that it contains two objects.,Explicit goal-count grounding,goal=2; in-distribution anchor,count_goal_2_explicit_anchor,goal one via removal (2→1); goal three via addition (2→3),No,Keep prompt,No prompt change required under the missing-cell design.,"airplane toy without propellers, yellow block, green pencil sharpener, blue pen",airplane toy without propellers,Home,Adjust the bowl so that it contains two objects.,,Explicitly grounds final count 2 as an in-distribution counting anchor.,,988,285,justintiensmith/VLA_Benchmark_Prompted_1200,988,False,justintiensmith/VLA_Benchmark_Prompted_1200,988,
989,Counting,Adjust the bowl so that it contains two objects.,Explicit goal-count grounding,goal=2; in-distribution anchor,count_goal_2_explicit_anchor,goal one via removal (2→1); goal three via addition (2→3),No,Keep prompt,No prompt change required under the missing-cell design.,"airplane toy without propellers, blue pen, green pencil sharpener, yellow block",airplane toy without propellers,Post-Drop,Adjust the bowl so that it contains two objects.,,Explicitly grounds final count 2 as an in-distribution counting anchor.,,989,285,justintiensmith/VLA_Benchmark_Prompted_1200,989,False,justintiensmith/VLA_Benchmark_Prompted_1200,989,
990,Counting,Make the bowl contain exactly two objects.,Explicit goal-count grounding,goal=2; in-distribution anchor,count_goal_2_explicit_anchor,goal one via removal (2→1); goal three via addition (2→3),No,Keep prompt,No prompt change required under the missing-cell design.,"airplane toy without propellers, blue pen, yellow block",airplane toy without propellers,Post-Drop,Make the bowl contain exactly two objects.,,Explicitly grounds final count 2 as an in-distribution counting anchor.,,990,284,justintiensmith/VLA_Benchmark_Prompted_1200,990,False,justintiensmith/VLA_Benchmark_Prompted_1200,990,
991,Counting,Leave exactly two objects in the bowl.,Explicit goal-count grounding,goal=2; in-distribution anchor,count_goal_2_explicit_anchor,goal one via removal (2→1); goal three via addition (2→3),No,Keep prompt,No prompt change required under the missing-cell design.,"airplane toy without propellers, yellow block, green pencil sharpener",airplane toy without propellers,Post-Drop,Leave exactly two objects in the bowl.,,Explicitly grounds final count 2 as an in-distribution counting anchor.,,991,295,justintiensmith/VLA_Benchmark_Prompted_1200,991,False,justintiensmith/VLA_Benchmark_Prompted_1200,991,
992,Counting,Adjust the bowl so that it contains two objects.,Explicit goal-count grounding,goal=2; in-distribution anchor,count_goal_2_explicit_anchor,goal one via removal (2→1); goal three via addition (2→3),No,Keep prompt,No prompt change required under the missing-cell design.,"airplane toy without propellers, blue pen, green pencil sharpener",airplane toy without propellers,Recovery,Adjust the bowl so that it contains two objects.,,Explicitly grounds final count 2 as an in-distribution counting anchor.,,992,285,justintiensmith/VLA_Benchmark_Prompted_1200,992,False,justintiensmith/VLA_Benchmark_Prompted_1200,992,
993,Counting,Leave exactly three objects in the bowl.,Explicit goal-count grounding,goal=3; familiar transition=4→3 removal,count_goal_3_seen_remove,goal one via removal (2→1); goal three via addition (2→3),Yes,Replace prompt only,"Prompt-only relabeling; preserve episode 993 video, scene, trajectory, target, and start position.","airplane toy without propellers, blue pen, yellow block, green pencil sharpener",airplane toy without propellers,Home,Remove the airplane toy without propellers from the bowl.,,"The word three is explicitly trained through removal, while three-through-addition is withheld.",,993,296,justintiensmith/VLA_Benchmark_Prompted_1200,993,False,justintiensmith/VLA_Benchmark_Prompted_1200,993,
994,Counting,Leave exactly three objects in the bowl.,Explicit goal-count grounding,goal=3; familiar transition=4→3 removal,count_goal_3_seen_remove,goal one via removal (2→1); goal three via addition (2→3),Yes,Replace prompt only,"Prompt-only relabeling; preserve episode 994 video, scene, trajectory, target, and start position.","airplane toy without propellers, blue pen, yellow block, green pencil sharpener",airplane toy without propellers,Home,Take the airplane toy without propellers out of the bowl.,,"The word three is explicitly trained through removal, while three-through-addition is withheld.",,994,296,justintiensmith/VLA_Benchmark_Prompted_1200,994,False,justintiensmith/VLA_Benchmark_Prompted_1200,994,
995,Counting,Leave exactly three objects in the bowl.,Explicit goal-count grounding,goal=3; familiar transition=4→3 removal,count_goal_3_seen_remove,goal one via removal (2→1); goal three via addition (2→3),Yes,Replace prompt only,"Prompt-only relabeling; preserve episode 995 video, scene, trajectory, target, and start position.","airplane toy without propellers, blue pen, yellow block, green pencil sharpener",airplane toy without propellers,Home,Move the airplane toy without propellers from the bowl to the table.,,"The word three is explicitly trained through removal, while three-through-addition is withheld.",,995,296,justintiensmith/VLA_Benchmark_Prompted_1200,995,False,justintiensmith/VLA_Benchmark_Prompted_1200,995,
996,Counting,Leave exactly three objects in the bowl.,Explicit goal-count grounding,goal=3; familiar transition=4→3 removal,count_goal_3_seen_remove,goal one via removal (2→1); goal three via addition (2→3),Yes,Replace prompt only,"Prompt-only relabeling; preserve episode 996 video, scene, trajectory, target, and start position.","airplane toy without propellers, blue pen, yellow block, green pencil sharpener",airplane toy without propellers,Post-Drop,Take the airplane toy without propellers out of the bowl.,,"The word three is explicitly trained through removal, while three-through-addition is withheld.",,996,296,justintiensmith/VLA_Benchmark_Prompted_1200,996,False,justintiensmith/VLA_Benchmark_Prompted_1200,996,
997,Counting,Leave exactly three objects in the bowl.,Explicit goal-count grounding,goal=3; familiar transition=4→3 removal,count_goal_3_seen_remove,goal one via removal (2→1); goal three via addition (2→3),Yes,Replace prompt only,"Prompt-only relabeling; preserve episode 997 video, scene, trajectory, target, and start position.","airplane toy without propellers, blue pen, yellow block, green pencil sharpener",airplane toy without propellers,Post-Drop,Move the airplane toy without propellers from the bowl to the table.,,"The word three is explicitly trained through removal, while three-through-addition is withheld.",,997,296,justintiensmith/VLA_Benchmark_Prompted_1200,997,False,justintiensmith/VLA_Benchmark_Prompted_1200,997,
998,Counting,Leave exactly three objects in the bowl.,Explicit goal-count grounding,goal=3; familiar transition=4→3 removal,count_goal_3_seen_remove,goal one via removal (2→1); goal three via addition (2→3),Yes,Replace prompt only,"Prompt-only relabeling; preserve episode 998 video, scene, trajectory, target, and start position.","airplane toy without propellers, blue pen, yellow block, green pencil sharpener",airplane toy without propellers,Post-Drop,Remove the airplane toy without propellers from the bowl.,,"The word three is explicitly trained through removal, while three-through-addition is withheld.",,998,296,justintiensmith/VLA_Benchmark_Prompted_1200,998,False,justintiensmith/VLA_Benchmark_Prompted_1200,998,
999,Counting,Leave exactly three objects in the bowl.,Explicit goal-count grounding,goal=3; familiar transition=4→3 removal,count_goal_3_seen_remove,goal one via removal (2→1); goal three via addition (2→3),Yes,Replace prompt only,"Prompt-only relabeling; preserve episode 999 video, scene, trajectory, target, and start position.","airplane toy without propellers, blue pen, yellow block, green pencil sharpener",airplane toy without propellers,Recovery,Move the airplane toy without propellers from the bowl to the table.,,"The word three is explicitly trained through removal, while three-through-addition is withheld.",,999,296,justintiensmith/VLA_Benchmark_Prompted_1200,999,False,justintiensmith/VLA_Benchmark_Prompted_1200,999,
1000,Size Recognition,Put the red pencil sharpener in the bowl.,Direct-object identity control,direct identity=red pencil sharpener; physical size role=smallest,size_red_pencil_sharpener_smallest_direct_control,green-block×largest; juggling-ball×smallest,Yes,Replace prompt only,"Prompt-only relabeling; preserve episode 1000 video, scene, trajectory, target, and start position.","red pencil sharpener, green block, juggling ball, crushed Pepsi can",red pencil sharpener,Home,Move the object that is smallest into the bowl.,,Provides direct-name grounding within the size task. Five direct controls are retained for every object identity.,,1000,174,justintiensmith/VLA_Benchmark_Prompted_1200,1000,False,justintiensmith/VLA_Benchmark_Prompted_1200,1000,
1001,Size Recognition,Pick up the red pencil sharpener and place it in the bowl.,Direct-object identity control,direct identity=red pencil sharpener; physical size role=smallest,size_red_pencil_sharpener_smallest_direct_control,green-block×largest; juggling-ball×smallest,Yes,Replace prompt only,"Prompt-only relabeling; preserve episode 1001 video, scene, trajectory, target, and start position.","red pencil sharpener, green block, juggling ball, crushed Pepsi can",red pencil sharpener,Home,Move the object that is smallest into the bowl.,,Provides direct-name grounding within the size task. Five direct controls are retained for every object identity.,,1001,178,justintiensmith/VLA_Benchmark_Prompted_1200,1001,False,justintiensmith/VLA_Benchmark_Prompted_1200,1001,
1002,Size Recognition,Move the red pencil sharpener into the bowl.,Direct-object identity control,direct identity=red pencil sharpener; physical size role=smallest,size_red_pencil_sharpener_smallest_direct_control,green-block×largest; juggling-ball×smallest,Yes,Replace prompt only,"Prompt-only relabeling; preserve episode 1002 video, scene, trajectory, target, and start position.","red pencil sharpener, green block, juggling ball, crushed Pepsi can",red pencil sharpener,Home,Move the object that is smallest into the bowl.,,Provides direct-name grounding within the size task. Five direct controls are retained for every object identity.,,1002,173,justintiensmith/VLA_Benchmark_Prompted_1200,1002,False,justintiensmith/VLA_Benchmark_Prompted_1200,1002,
1003,Size Recognition,Put the red pencil sharpener in the bowl.,Direct-object identity control,direct identity=red pencil sharpener; physical size role=smallest,size_red_pencil_sharpener_smallest_direct_control,green-block×largest; juggling-ball×smallest,Yes,Replace prompt only,"Prompt-only relabeling; preserve episode 1003 video, scene, trajectory, target, and start position.","red pencil sharpener, green block, juggling ball, crushed Pepsi can",red pencil sharpener,Home,Pick up the smallest item and place it in the bowl.,,Provides direct-name grounding within the size task. Five direct controls are retained for every object identity.,,1003,174,justintiensmith/VLA_Benchmark_Prompted_1200,1003,False,justintiensmith/VLA_Benchmark_Prompted_1200,1003,
1004,Size Recognition,Pick up the red pencil sharpener and place it in the bowl.,Direct-object identity control,direct identity=red pencil sharpener; physical size role=smallest,size_red_pencil_sharpener_smallest_direct_control,green-block×largest; juggling-ball×smallest,Yes,Replace prompt only,"Prompt-only relabeling; preserve episode 1004 video, scene, trajectory, target, and start position.","red pencil sharpener, green block, juggling ball, crushed Pepsi can",red pencil sharpener,Home,Put the smallest object in the bowl.,,Provides direct-name grounding within the size task. Five direct controls are retained for every object identity.,,1004,178,justintiensmith/VLA_Benchmark_Prompted_1200,1004,False,justintiensmith/VLA_Benchmark_Prompted_1200,1004,
1005,Size Recognition,Move the object that is smallest into the bowl.,Explicit size grounding,smallest × red pencil sharpener,size_red_pencil_sharpener_smallest_explicit,green-block×largest; juggling-ball×smallest,No,Keep prompt,No prompt change required under the missing-cell design.,"red pencil sharpener, green block, juggling ball, crushed Pepsi can",red pencil sharpener,Home,Move the object that is smallest into the bowl.,,Explicitly grounds smallest with red pencil sharpener; only the selected size-role/object cell is withheld.,,1005,309,justintiensmith/VLA_Benchmark_Prompted_1200,1005,False,justintiensmith/VLA_Benchmark_Prompted_1200,1005,
1006,Size Recognition,Pick up the smallest item and place it in the bowl.,Explicit size grounding,smallest × red pencil sharpener,size_red_pencil_sharpener_smallest_explicit,green-block×largest; juggling-ball×smallest,No,Keep prompt,No prompt change required under the missing-cell design.,"red pencil sharpener, green block, juggling ball, crushed Pepsi can",red pencil sharpener,Home,Pick up the smallest item and place it in the bowl.,,Explicitly grounds smallest with red pencil sharpener; only the selected size-role/object cell is withheld.,,1006,310,justintiensmith/VLA_Benchmark_Prompted_1200,1006,False,justintiensmith/VLA_Benchmark_Prompted_1200,1006,
1007,Size Recognition,Move the object that is smallest into the bowl.,Explicit size grounding,smallest × red pencil sharpener,size_red_pencil_sharpener_smallest_explicit,green-block×largest; juggling-ball×smallest,No,Keep prompt,No prompt change required under the missing-cell design.,"red pencil sharpener, green block, juggling ball, crushed Pepsi can",red pencil sharpener,Home,Move the object that is smallest into the bowl.,,Explicitly grounds smallest with red pencil sharpener; only the selected size-role/object cell is withheld.,,1007,309,justintiensmith/VLA_Benchmark_Prompted_1200,1007,False,justintiensmith/VLA_Benchmark_Prompted_1200,1007,
1008,Size Recognition,Put the smallest object in the bowl.,Explicit size grounding,smallest × red pencil sharpener,size_red_pencil_sharpener_smallest_explicit,green-block×largest; juggling-ball×smallest,No,Keep prompt,No prompt change required under the missing-cell design.,"red pencil sharpener, green block, juggling ball, crushed Pepsi can",red pencil sharpener,Home,Put the smallest object in the bowl.,,Explicitly grounds smallest with red pencil sharpener; only the selected size-role/object cell is withheld.,,1008,311,justintiensmith/VLA_Benchmark_Prompted_1200,1008,False,justintiensmith/VLA_Benchmark_Prompted_1200,1008,
1009,Size Recognition,Move the object that is smallest into the bowl.,Explicit size grounding,smallest × red pencil sharpener,size_red_pencil_sharpener_smallest_explicit,green-block×largest; juggling-ball×smallest,No,Keep prompt,No prompt change required under the missing-cell design.,"red pencil sharpener, green block, juggling ball, crushed Pepsi can",red pencil sharpener,Home,Move the object that is smallest into the bowl.,,Explicitly grounds smallest with red pencil sharpener; only the selected size-role/object cell is withheld.,,1009,309,justintiensmith/VLA_Benchmark_Prompted_1200,1009,False,justintiensmith/VLA_Benchmark_Prompted_1200,1009,
1010,Size Recognition,Put the smallest object in the bowl.,Explicit size grounding,smallest × red pencil sharpener,size_red_pencil_sharpener_smallest_explicit,green-block×largest; juggling-ball×smallest,No,Keep prompt,No prompt change required under the missing-cell design.,"red pencil sharpener, green block, juggling ball, crushed Pepsi can",red pencil sharpener,Home,Put the smallest object in the bowl.,,Explicitly grounds smallest with red pencil sharpener; only the selected size-role/object cell is withheld.,,1010,311,justintiensmith/VLA_Benchmark_Prompted_1200,1010,False,justintiensmith/VLA_Benchmark_Prompted_1200,1010,
1011,Size Recognition,Pick up the smallest item and place it in the bowl.,Explicit size grounding,smallest × red pencil sharpener,size_red_pencil_sharpener_smallest_explicit,green-block×largest; juggling-ball×smallest,No,Keep prompt,No prompt change required under the missing-cell design.,"red pencil sharpener, green block, juggling ball, crushed Pepsi can",red pencil sharpener,Home,Pick up the smallest item and place it in the bowl.,,Explicitly grounds smallest with red pencil sharpener; only the selected size-role/object cell is withheld.,,1011,310,justintiensmith/VLA_Benchmark_Prompted_1200,1011,False,justintiensmith/VLA_Benchmark_Prompted_1200,1011,
1012,Size Recognition,Put the smallest object in the bowl.,Explicit size grounding,smallest × red pencil sharpener,size_red_pencil_sharpener_smallest_explicit,green-block×largest; juggling-ball×smallest,No,Keep prompt,No prompt change required under the missing-cell design.,"red pencil sharpener, green block, juggling ball, crushed Pepsi can",red pencil sharpener,Recovery,Put the smallest object in the bowl.,,Explicitly grounds smallest with red pencil sharpener; only the selected size-role/object cell is withheld.,,1012,311,justintiensmith/VLA_Benchmark_Prompted_1200,1012,False,justintiensmith/VLA_Benchmark_Prompted_1200,1012,
1013,Size Recognition,Put the smallest object in the bowl.,Explicit size grounding,smallest × red pencil sharpener,size_red_pencil_sharpener_smallest_explicit,green-block×largest; juggling-ball×smallest,No,Keep prompt,No prompt change required under the missing-cell design.,"red pencil sharpener, green block, juggling ball, crushed Pepsi can",red pencil sharpener,Recovery,Put the smallest object in the bowl.,,Explicitly grounds smallest with red pencil sharpener; only the selected size-role/object cell is withheld.,,1013,311,justintiensmith/VLA_Benchmark_Prompted_1200,1013,False,justintiensmith/VLA_Benchmark_Prompted_1200,1013,
1014,Size Recognition,Pick up the smallest item and place it in the bowl.,Explicit size grounding,smallest × red pencil sharpener,size_red_pencil_sharpener_smallest_explicit,green-block×largest; juggling-ball×smallest,No,Keep prompt,No prompt change required under the missing-cell design.,"red pencil sharpener, green block, juggling ball, crushed Pepsi can",red pencil sharpener,Recovery,Pick up the smallest item and place it in the bowl.,,Explicitly grounds smallest with red pencil sharpener; only the selected size-role/object cell is withheld.,,1014,310,justintiensmith/VLA_Benchmark_Prompted_1200,1014,False,justintiensmith/VLA_Benchmark_Prompted_1200,1014,
1015,Size Recognition,Move the object that is smallest into the bowl.,Explicit size grounding,smallest × red pencil sharpener,size_red_pencil_sharpener_smallest_explicit,green-block×largest; juggling-ball×smallest,No,Keep prompt,No prompt change required under the missing-cell design.,"red pencil sharpener, green block, crushed Pepsi can",red pencil sharpener,Home,Move the object that is smallest into the bowl.,,Explicitly grounds smallest with red pencil sharpener; only the selected size-role/object cell is withheld.,,1015,309,justintiensmith/VLA_Benchmark_Prompted_1200,1015,False,justintiensmith/VLA_Benchmark_Prompted_1200,1015,
1016,Size Recognition,Pick up the smallest item and place it in the bowl.,Explicit size grounding,smallest × red pencil sharpener,size_red_pencil_sharpener_smallest_explicit,green-block×largest; juggling-ball×smallest,No,Keep prompt,No prompt change required under the missing-cell design.,"red pencil sharpener, green block, crushed Pepsi can",red pencil sharpener,Home,Pick up the smallest item and place it in the bowl.,,Explicitly grounds smallest with red pencil sharpener; only the selected size-role/object cell is withheld.,,1016,310,justintiensmith/VLA_Benchmark_Prompted_1200,1016,False,justintiensmith/VLA_Benchmark_Prompted_1200,1016,
1017,Size Recognition,Move the object that is smallest into the bowl.,Explicit size grounding,smallest × red pencil sharpener,size_red_pencil_sharpener_smallest_explicit,green-block×largest; juggling-ball×smallest,No,Keep prompt,No prompt change required under the missing-cell design.,"red pencil sharpener, green block, crushed Pepsi can",red pencil sharpener,Home,Move the object that is smallest into the bowl.,,Explicitly grounds smallest with red pencil sharpener; only the selected size-role/object cell is withheld.,,1017,309,justintiensmith/VLA_Benchmark_Prompted_1200,1017,False,justintiensmith/VLA_Benchmark_Prompted_1200,1017,
1018,Size Recognition,Pick up the smallest item and place it in the bowl.,Explicit size grounding,smallest × red pencil sharpener,size_red_pencil_sharpener_smallest_explicit,green-block×largest; juggling-ball×smallest,No,Keep prompt,No prompt change required under the missing-cell design.,"red pencil sharpener, green block, crushed Pepsi can",red pencil sharpener,Home,Pick up the smallest item and place it in the bowl.,,Explicitly grounds smallest with red pencil sharpener; only the selected size-role/object cell is withheld.,,1018,310,justintiensmith/VLA_Benchmark_Prompted_1200,1018,False,justintiensmith/VLA_Benchmark_Prompted_1200,1018,
1019,Size Recognition,Move the object that is smallest into the bowl.,Explicit size grounding,smallest × red pencil sharpener,size_red_pencil_sharpener_smallest_explicit,green-block×largest; juggling-ball×smallest,No,Keep prompt,No prompt change required under the missing-cell design.,"red pencil sharpener, green block, crushed Pepsi can",red pencil sharpener,Home,Move the object that is smallest into the bowl.,,Explicitly grounds smallest with red pencil sharpener; only the selected size-role/object cell is withheld.,,1019,309,justintiensmith/VLA_Benchmark_Prompted_1200,1019,False,justintiensmith/VLA_Benchmark_Prompted_1200,1019,
1020,Size Recognition,Pick up the smallest item and place it in the bowl.,Explicit size grounding,smallest × red pencil sharpener,size_red_pencil_sharpener_smallest_explicit,green-block×largest; juggling-ball×smallest,No,Keep prompt,No prompt change required under the missing-cell design.,"red pencil sharpener, green block, crushed Pepsi can",red pencil sharpener,Home,Pick up the smallest item and place it in the bowl.,,Explicitly grounds smallest with red pencil sharpener; only the selected size-role/object cell is withheld.,,1020,310,justintiensmith/VLA_Benchmark_Prompted_1200,1020,False,justintiensmith/VLA_Benchmark_Prompted_1200,1020,
1021,Size Recognition,Move the object that is smallest into the bowl.,Explicit size grounding,smallest × red pencil sharpener,size_red_pencil_sharpener_smallest_explicit,green-block×largest; juggling-ball×smallest,No,Keep prompt,No prompt change required under the missing-cell design.,"red pencil sharpener, green block, crushed Pepsi can",red pencil sharpener,Home,Move the object that is smallest into the bowl.,,Explicitly grounds smallest with red pencil sharpener; only the selected size-role/object cell is withheld.,,1021,309,justintiensmith/VLA_Benchmark_Prompted_1200,1021,False,justintiensmith/VLA_Benchmark_Prompted_1200,1021,
1022,Size Recognition,Put the smallest object in the bowl.,Explicit size grounding,smallest × red pencil sharpener,size_red_pencil_sharpener_smallest_explicit,green-block×largest; juggling-ball×smallest,No,Keep prompt,No prompt change required under the missing-cell design.,"red pencil sharpener, green block, crushed Pepsi can",red pencil sharpener,Home,Put the smallest object in the bowl.,,Explicitly grounds smallest with red pencil sharpener; only the selected size-role/object cell is withheld.,,1022,311,justintiensmith/VLA_Benchmark_Prompted_1200,1022,False,justintiensmith/VLA_Benchmark_Prompted_1200,1022,
1023,Size Recognition,Move the object that is smallest into the bowl.,Explicit size grounding,smallest × red pencil sharpener,size_red_pencil_sharpener_smallest_explicit,green-block×largest; juggling-ball×smallest,No,Keep prompt,No prompt change required under the missing-cell design.,"red pencil sharpener, green block, crushed Pepsi can",red pencil sharpener,Home,Move the object that is smallest into the bowl.,,Explicitly grounds smallest with red pencil sharpener; only the selected size-role/object cell is withheld.,,1023,309,justintiensmith/VLA_Benchmark_Prompted_1200,1023,False,justintiensmith/VLA_Benchmark_Prompted_1200,1023,
1024,Size Recognition,Move the object that is smallest into the bowl.,Explicit size grounding,smallest × red pencil sharpener,size_red_pencil_sharpener_smallest_explicit,green-block×largest; juggling-ball×smallest,No,Keep prompt,No prompt change required under the missing-cell design.,"red pencil sharpener, green block, crushed Pepsi can",red pencil sharpener,Home,Move the object that is smallest into the bowl.,,Explicitly grounds smallest with red pencil sharpener; only the selected size-role/object cell is withheld.,,1024,309,justintiensmith/VLA_Benchmark_Prompted_1200,1024,False,justintiensmith/VLA_Benchmark_Prompted_1200,1024,
1025,Size Recognition,Move the object that is smallest into the bowl.,Explicit size grounding,smallest × red pencil sharpener,size_red_pencil_sharpener_smallest_explicit,green-block×largest; juggling-ball×smallest,No,Keep prompt,No prompt change required under the missing-cell design.,"red pencil sharpener, green block, crushed Pepsi can",red pencil sharpener,Home,Move the object that is smallest into the bowl.,,Explicitly grounds smallest with red pencil sharpener; only the selected size-role/object cell is withheld.,,1025,309,justintiensmith/VLA_Benchmark_Prompted_1200,1025,False,justintiensmith/VLA_Benchmark_Prompted_1200,1025,
1026,Size Recognition,Pick up the smallest item and place it in the bowl.,Explicit size grounding,smallest × red pencil sharpener,size_red_pencil_sharpener_smallest_explicit,green-block×largest; juggling-ball×smallest,No,Keep prompt,No prompt change required under the missing-cell design.,"red pencil sharpener, green block, crushed Pepsi can",red pencil sharpener,Home,Pick up the smallest item and place it in the bowl.,,Explicitly grounds smallest with red pencil sharpener; only the selected size-role/object cell is withheld.,,1026,310,justintiensmith/VLA_Benchmark_Prompted_1200,1026,False,justintiensmith/VLA_Benchmark_Prompted_1200,1026,
1027,Size Recognition,Pick up the smallest item and place it in the bowl.,Explicit size grounding,smallest × red pencil sharpener,size_red_pencil_sharpener_smallest_explicit,green-block×largest; juggling-ball×smallest,No,Keep prompt,No prompt change required under the missing-cell design.,"red pencil sharpener, green block, crushed Pepsi can",red pencil sharpener,Recovery,Pick up the smallest item and place it in the bowl.,,Explicitly grounds smallest with red pencil sharpener; only the selected size-role/object cell is withheld.,,1027,310,justintiensmith/VLA_Benchmark_Prompted_1200,1027,False,justintiensmith/VLA_Benchmark_Prompted_1200,1027,
1028,Size Recognition,Put the smallest object in the bowl.,Explicit size grounding,smallest × red pencil sharpener,size_red_pencil_sharpener_smallest_explicit,green-block×largest; juggling-ball×smallest,No,Keep prompt,No prompt change required under the missing-cell design.,"red pencil sharpener, green block, crushed Pepsi can",red pencil sharpener,Recovery,Put the smallest object in the bowl.,,Explicitly grounds smallest with red pencil sharpener; only the selected size-role/object cell is withheld.,,1028,311,justintiensmith/VLA_Benchmark_Prompted_1200,1028,False,justintiensmith/VLA_Benchmark_Prompted_1200,1028,
1029,Size Recognition,Move the object that is smallest into the bowl.,Explicit size grounding,smallest × red pencil sharpener,size_red_pencil_sharpener_smallest_explicit,green-block×largest; juggling-ball×smallest,No,Keep prompt,No prompt change required under the missing-cell design.,"red pencil sharpener, green block, crushed Pepsi can",red pencil sharpener,Recovery,Move the object that is smallest into the bowl.,,Explicitly grounds smallest with red pencil sharpener; only the selected size-role/object cell is withheld.,,1029,309,justintiensmith/VLA_Benchmark_Prompted_1200,1029,False,justintiensmith/VLA_Benchmark_Prompted_1200,1029,
1030,Size Recognition,Put the smallest object in the bowl.,Explicit size grounding,smallest × red pencil sharpener,size_red_pencil_sharpener_smallest_explicit,green-block×largest; juggling-ball×smallest,No,Keep prompt,No prompt change required under the missing-cell design.,"red pencil sharpener, juggling ball",red pencil sharpener,Home,Put the smallest object in the bowl.,,Explicitly grounds smallest with red pencil sharpener; only the selected size-role/object cell is withheld.,,1030,311,justintiensmith/VLA_Benchmark_Prompted_1200,1030,False,justintiensmith/VLA_Benchmark_Prompted_1200,1030,
1031,Size Recognition,Pick up the smallest item and place it in the bowl.,Explicit size grounding,smallest × red pencil sharpener,size_red_pencil_sharpener_smallest_explicit,green-block×largest; juggling-ball×smallest,No,Keep prompt,No prompt change required under the missing-cell design.,"red pencil sharpener, juggling ball",red pencil sharpener,Home,Pick up the smallest item and place it in the bowl.,,Explicitly grounds smallest with red pencil sharpener; only the selected size-role/object cell is withheld.,,1031,310,justintiensmith/VLA_Benchmark_Prompted_1200,1031,False,justintiensmith/VLA_Benchmark_Prompted_1200,1031,
1032,Size Recognition,Put the smallest object in the bowl.,Explicit size grounding,smallest × red pencil sharpener,size_red_pencil_sharpener_smallest_explicit,green-block×largest; juggling-ball×smallest,No,Keep prompt,No prompt change required under the missing-cell design.,"red pencil sharpener, juggling ball",red pencil sharpener,Home,Put the smallest object in the bowl.,,Explicitly grounds smallest with red pencil sharpener; only the selected size-role/object cell is withheld.,,1032,311,justintiensmith/VLA_Benchmark_Prompted_1200,1032,False,justintiensmith/VLA_Benchmark_Prompted_1200,1032,
1033,Size Recognition,Pick up the smallest item and place it in the bowl.,Explicit size grounding,smallest × red pencil sharpener,size_red_pencil_sharpener_smallest_explicit,green-block×largest; juggling-ball×smallest,No,Keep prompt,No prompt change required under the missing-cell design.,"red pencil sharpener, juggling ball",red pencil sharpener,Home,Pick up the smallest item and place it in the bowl.,,Explicitly grounds smallest with red pencil sharpener; only the selected size-role/object cell is withheld.,,1033,310,justintiensmith/VLA_Benchmark_Prompted_1200,1033,False,justintiensmith/VLA_Benchmark_Prompted_1200,1033,
1034,Size Recognition,Move the object that is smallest into the bowl.,Explicit size grounding,smallest × red pencil sharpener,size_red_pencil_sharpener_smallest_explicit,green-block×largest; juggling-ball×smallest,No,Keep prompt,No prompt change required under the missing-cell design.,"red pencil sharpener, juggling ball",red pencil sharpener,Home,Move the object that is smallest into the bowl.,,Explicitly grounds smallest with red pencil sharpener; only the selected size-role/object cell is withheld.,,1034,309,justintiensmith/VLA_Benchmark_Prompted_1200,1034,False,justintiensmith/VLA_Benchmark_Prompted_1200,1034,
1035,Size Recognition,Put the smallest object in the bowl.,Explicit size grounding,smallest × red pencil sharpener,size_red_pencil_sharpener_smallest_explicit,green-block×largest; juggling-ball×smallest,No,Keep prompt,No prompt change required under the missing-cell design.,"red pencil sharpener, juggling ball",red pencil sharpener,Home,Put the smallest object in the bowl.,,Explicitly grounds smallest with red pencil sharpener; only the selected size-role/object cell is withheld.,,1035,311,justintiensmith/VLA_Benchmark_Prompted_1200,1035,False,justintiensmith/VLA_Benchmark_Prompted_1200,1035,
1036,Size Recognition,Pick up the smallest item and place it in the bowl.,Explicit size grounding,smallest × red pencil sharpener,size_red_pencil_sharpener_smallest_explicit,green-block×largest; juggling-ball×smallest,No,Keep prompt,No prompt change required under the missing-cell design.,"red pencil sharpener, juggling ball",red pencil sharpener,Home,Pick up the smallest item and place it in the bowl.,,Explicitly grounds smallest with red pencil sharpener; only the selected size-role/object cell is withheld.,,1036,310,justintiensmith/VLA_Benchmark_Prompted_1200,1036,False,justintiensmith/VLA_Benchmark_Prompted_1200,1036,
1037,Size Recognition,Put the smallest object in the bowl.,Explicit size grounding,smallest × red pencil sharpener,size_red_pencil_sharpener_smallest_explicit,green-block×largest; juggling-ball×smallest,No,Keep prompt,No prompt change required under the missing-cell design.,"red pencil sharpener, juggling ball",red pencil sharpener,Home,Put the smallest object in the bowl.,,Explicitly grounds smallest with red pencil sharpener; only the selected size-role/object cell is withheld.,,1037,311,justintiensmith/VLA_Benchmark_Prompted_1200,1037,False,justintiensmith/VLA_Benchmark_Prompted_1200,1037,
1038,Size Recognition,Move the object that is smallest into the bowl.,Explicit size grounding,smallest × red pencil sharpener,size_red_pencil_sharpener_smallest_explicit,green-block×largest; juggling-ball×smallest,No,Keep prompt,No prompt change required under the missing-cell design.,"red pencil sharpener, juggling ball",red pencil sharpener,Home,Move the object that is smallest into the bowl.,,Explicitly grounds smallest with red pencil sharpener; only the selected size-role/object cell is withheld.,,1038,309,justintiensmith/VLA_Benchmark_Prompted_1200,1038,False,justintiensmith/VLA_Benchmark_Prompted_1200,1038,
1039,Size Recognition,Put the smallest object in the bowl.,Explicit size grounding,smallest × red pencil sharpener,size_red_pencil_sharpener_smallest_explicit,green-block×largest; juggling-ball×smallest,No,Keep prompt,No prompt change required under the missing-cell design.,"red pencil sharpener, juggling ball",red pencil sharpener,Home,Put the smallest object in the bowl.,,Explicitly grounds smallest with red pencil sharpener; only the selected size-role/object cell is withheld.,,1039,311,justintiensmith/VLA_Benchmark_Prompted_1200,1039,False,justintiensmith/VLA_Benchmark_Prompted_1200,1039,
1040,Size Recognition,Move the object that is smallest into the bowl.,Explicit size grounding,smallest × red pencil sharpener,size_red_pencil_sharpener_smallest_explicit,green-block×largest; juggling-ball×smallest,No,Keep prompt,No prompt change required under the missing-cell design.,"red pencil sharpener, juggling ball",red pencil sharpener,Home,Move the object that is smallest into the bowl.,,Explicitly grounds smallest with red pencil sharpener; only the selected size-role/object cell is withheld.,,1040,309,justintiensmith/VLA_Benchmark_Prompted_1200,1040,False,justintiensmith/VLA_Benchmark_Prompted_1200,1040,
1041,Size Recognition,Put the smallest object in the bowl.,Explicit size grounding,smallest × red pencil sharpener,size_red_pencil_sharpener_smallest_explicit,green-block×largest; juggling-ball×smallest,No,Keep prompt,No prompt change required under the missing-cell design.,"red pencil sharpener, juggling ball",red pencil sharpener,Home,Put the smallest object in the bowl.,,Explicitly grounds smallest with red pencil sharpener; only the selected size-role/object cell is withheld.,,1041,311,justintiensmith/VLA_Benchmark_Prompted_1200,1041,False,justintiensmith/VLA_Benchmark_Prompted_1200,1041,
1042,Size Recognition,Pick up the smallest item and place it in the bowl.,Explicit size grounding,smallest × red pencil sharpener,size_red_pencil_sharpener_smallest_explicit,green-block×largest; juggling-ball×smallest,No,Keep prompt,No prompt change required under the missing-cell design.,"red pencil sharpener, juggling ball",red pencil sharpener,Home,Pick up the smallest item and place it in the bowl.,,Explicitly grounds smallest with red pencil sharpener; only the selected size-role/object cell is withheld.,,1042,310,justintiensmith/VLA_Benchmark_Prompted_1200,1042,False,justintiensmith/VLA_Benchmark_Prompted_1200,1042,
1043,Size Recognition,Pick up the smallest item and place it in the bowl.,Explicit size grounding,smallest × red pencil sharpener,size_red_pencil_sharpener_smallest_explicit,green-block×largest; juggling-ball×smallest,No,Keep prompt,No prompt change required under the missing-cell design.,"red pencil sharpener, juggling ball",red pencil sharpener,Home,Pick up the smallest item and place it in the bowl.,,Explicitly grounds smallest with red pencil sharpener; only the selected size-role/object cell is withheld.,,1043,310,justintiensmith/VLA_Benchmark_Prompted_1200,1043,False,justintiensmith/VLA_Benchmark_Prompted_1200,1043,
1044,Size Recognition,Pick up the smallest item and place it in the bowl.,Explicit size grounding,smallest × red pencil sharpener,size_red_pencil_sharpener_smallest_explicit,green-block×largest; juggling-ball×smallest,No,Keep prompt,No prompt change required under the missing-cell design.,"red pencil sharpener, juggling ball",red pencil sharpener,Home,Pick up the smallest item and place it in the bowl.,,Explicitly grounds smallest with red pencil sharpener; only the selected size-role/object cell is withheld.,,1044,310,justintiensmith/VLA_Benchmark_Prompted_1200,1044,False,justintiensmith/VLA_Benchmark_Prompted_1200,1044,
1045,Size Recognition,Pick up the smallest item and place it in the bowl.,Explicit size grounding,smallest × red pencil sharpener,size_red_pencil_sharpener_smallest_explicit,green-block×largest; juggling-ball×smallest,No,Keep prompt,No prompt change required under the missing-cell design.,"red pencil sharpener, juggling ball",red pencil sharpener,Home,Pick up the smallest item and place it in the bowl.,,Explicitly grounds smallest with red pencil sharpener; only the selected size-role/object cell is withheld.,,1045,310,justintiensmith/VLA_Benchmark_Prompted_1200,1045,False,justintiensmith/VLA_Benchmark_Prompted_1200,1045,
1046,Size Recognition,Pick up the smallest item and place it in the bowl.,Explicit size grounding,smallest × red pencil sharpener,size_red_pencil_sharpener_smallest_explicit,green-block×largest; juggling-ball×smallest,No,Keep prompt,No prompt change required under the missing-cell design.,"red pencil sharpener, juggling ball",red pencil sharpener,Recovery,Pick up the smallest item and place it in the bowl.,,Explicitly grounds smallest with red pencil sharpener; only the selected size-role/object cell is withheld.,,1046,310,justintiensmith/VLA_Benchmark_Prompted_1200,1046,False,justintiensmith/VLA_Benchmark_Prompted_1200,1046,
1047,Size Recognition,Put the smallest object in the bowl.,Explicit size grounding,smallest × red pencil sharpener,size_red_pencil_sharpener_smallest_explicit,green-block×largest; juggling-ball×smallest,No,Keep prompt,No prompt change required under the missing-cell design.,"red pencil sharpener, juggling ball",red pencil sharpener,Recovery,Put the smallest object in the bowl.,,Explicitly grounds smallest with red pencil sharpener; only the selected size-role/object cell is withheld.,,1047,311,justintiensmith/VLA_Benchmark_Prompted_1200,1047,False,justintiensmith/VLA_Benchmark_Prompted_1200,1047,
1048,Size Recognition,Put the smallest object in the bowl.,Explicit size grounding,smallest × red pencil sharpener,size_red_pencil_sharpener_smallest_explicit,green-block×largest; juggling-ball×smallest,No,Keep prompt,No prompt change required under the missing-cell design.,"red pencil sharpener, juggling ball",red pencil sharpener,Recovery,Put the smallest object in the bowl.,,Explicitly grounds smallest with red pencil sharpener; only the selected size-role/object cell is withheld.,,1048,311,justintiensmith/VLA_Benchmark_Prompted_1200,1048,False,justintiensmith/VLA_Benchmark_Prompted_1200,1048,
1049,Size Recognition,Move the object that is smallest into the bowl.,Explicit size grounding,smallest × red pencil sharpener,size_red_pencil_sharpener_smallest_explicit,green-block×largest; juggling-ball×smallest,No,Keep prompt,No prompt change required under the missing-cell design.,"red pencil sharpener, juggling ball",red pencil sharpener,Recovery,Move the object that is smallest into the bowl.,,Explicitly grounds smallest with red pencil sharpener; only the selected size-role/object cell is withheld.,,1049,309,justintiensmith/VLA_Benchmark_Prompted_1200,1049,False,justintiensmith/VLA_Benchmark_Prompted_1200,1049,
1050,Size Recognition,Pick up the smallest item and place it in the bowl.,Explicit size grounding,smallest × green block,size_green_block_smallest_explicit,green-block×largest; juggling-ball×smallest,No,Keep prompt,No prompt change required under the missing-cell design.,"green block, juggling ball, crushed Pepsi can",green block,Home,Pick up the smallest item and place it in the bowl.,,Explicitly grounds smallest with green block; only the selected size-role/object cell is withheld.,,1050,310,justintiensmith/VLA_Benchmark_Prompted_1200,1050,False,justintiensmith/VLA_Benchmark_Prompted_1200,1050,
1051,Size Recognition,Pick up the smallest item and place it in the bowl.,Explicit size grounding,smallest × green block,size_green_block_smallest_explicit,green-block×largest; juggling-ball×smallest,No,Keep prompt,No prompt change required under the missing-cell design.,"green block, juggling ball, crushed Pepsi can",green block,Home,Pick up the smallest item and place it in the bowl.,,Explicitly grounds smallest with green block; only the selected size-role/object cell is withheld.,,1051,310,justintiensmith/VLA_Benchmark_Prompted_1200,1051,False,justintiensmith/VLA_Benchmark_Prompted_1200,1051,
1052,Size Recognition,Put the smallest object in the bowl.,Explicit size grounding,smallest × green block,size_green_block_smallest_explicit,green-block×largest; juggling-ball×smallest,No,Keep prompt,No prompt change required under the missing-cell design.,"green block, juggling ball, crushed Pepsi can",green block,Home,Put the smallest object in the bowl.,,Explicitly grounds smallest with green block; only the selected size-role/object cell is withheld.,,1052,311,justintiensmith/VLA_Benchmark_Prompted_1200,1052,False,justintiensmith/VLA_Benchmark_Prompted_1200,1052,
1053,Size Recognition,Put the smallest object in the bowl.,Explicit size grounding,smallest × green block,size_green_block_smallest_explicit,green-block×largest; juggling-ball×smallest,No,Keep prompt,No prompt change required under the missing-cell design.,"green block, juggling ball, crushed Pepsi can",green block,Home,Put the smallest object in the bowl.,,Explicitly grounds smallest with green block; only the selected size-role/object cell is withheld.,,1053,311,justintiensmith/VLA_Benchmark_Prompted_1200,1053,False,justintiensmith/VLA_Benchmark_Prompted_1200,1053,
1054,Size Recognition,Put the smallest object in the bowl.,Explicit size grounding,smallest × green block,size_green_block_smallest_explicit,green-block×largest; juggling-ball×smallest,No,Keep prompt,No prompt change required under the missing-cell design.,"green block, juggling ball, crushed Pepsi can",green block,Home,Put the smallest object in the bowl.,,Explicitly grounds smallest with green block; only the selected size-role/object cell is withheld.,,1054,311,justintiensmith/VLA_Benchmark_Prompted_1200,1054,False,justintiensmith/VLA_Benchmark_Prompted_1200,1054,
1055,Size Recognition,Put the smallest object in the bowl.,Explicit size grounding,smallest × green block,size_green_block_smallest_explicit,green-block×largest; juggling-ball×smallest,No,Keep prompt,No prompt change required under the missing-cell design.,"green block, juggling ball, crushed Pepsi can",green block,Home,Put the smallest object in the bowl.,,Explicitly grounds smallest with green block; only the selected size-role/object cell is withheld.,,1055,311,justintiensmith/VLA_Benchmark_Prompted_1200,1055,False,justintiensmith/VLA_Benchmark_Prompted_1200,1055,
1056,Size Recognition,Pick up the smallest item and place it in the bowl.,Explicit size grounding,smallest × green block,size_green_block_smallest_explicit,green-block×largest; juggling-ball×smallest,No,Keep prompt,No prompt change required under the missing-cell design.,"green block, juggling ball, crushed Pepsi can",green block,Home,Pick up the smallest item and place it in the bowl.,,Explicitly grounds smallest with green block; only the selected size-role/object cell is withheld.,,1056,310,justintiensmith/VLA_Benchmark_Prompted_1200,1056,False,justintiensmith/VLA_Benchmark_Prompted_1200,1056,
1057,Size Recognition,Move the object that is smallest into the bowl.,Explicit size grounding,smallest × green block,size_green_block_smallest_explicit,green-block×largest; juggling-ball×smallest,No,Keep prompt,No prompt change required under the missing-cell design.,"green block, juggling ball, crushed Pepsi can",green block,Home,Move the object that is smallest into the bowl.,,Explicitly grounds smallest with green block; only the selected size-role/object cell is withheld.,,1057,309,justintiensmith/VLA_Benchmark_Prompted_1200,1057,False,justintiensmith/VLA_Benchmark_Prompted_1200,1057,
1058,Size Recognition,Put the smallest object in the bowl.,Explicit size grounding,smallest × green block,size_green_block_smallest_explicit,green-block×largest; juggling-ball×smallest,No,Keep prompt,No prompt change required under the missing-cell design.,"green block, juggling ball, crushed Pepsi can",green block,Recovery,Put the smallest object in the bowl.,,Explicitly grounds smallest with green block; only the selected size-role/object cell is withheld.,,1058,311,justintiensmith/VLA_Benchmark_Prompted_1200,1058,False,justintiensmith/VLA_Benchmark_Prompted_1200,1058,
1059,Size Recognition,Pick up the smallest item and place it in the bowl.,Explicit size grounding,smallest × green block,size_green_block_smallest_explicit,green-block×largest; juggling-ball×smallest,No,Keep prompt,No prompt change required under the missing-cell design.,"green block, juggling ball, crushed Pepsi can",green block,Recovery,Pick up the smallest item and place it in the bowl.,,Explicitly grounds smallest with green block; only the selected size-role/object cell is withheld.,,1059,310,justintiensmith/VLA_Benchmark_Prompted_1200,1059,False,justintiensmith/VLA_Benchmark_Prompted_1200,1059,
1060,Size Recognition,Put the smallest object in the bowl.,Explicit size grounding,smallest × green block,size_green_block_smallest_explicit,green-block×largest; juggling-ball×smallest,No,Keep prompt,No prompt change required under the missing-cell design.,"green block, crushed Pepsi can",green block,Home,Put the smallest object in the bowl.,,Explicitly grounds smallest with green block; only the selected size-role/object cell is withheld.,,1060,311,justintiensmith/VLA_Benchmark_Prompted_1200,1060,False,justintiensmith/VLA_Benchmark_Prompted_1200,1060,
1061,Size Recognition,Pick up the smallest item and place it in the bowl.,Explicit size grounding,smallest × green block,size_green_block_smallest_explicit,green-block×largest; juggling-ball×smallest,No,Keep prompt,No prompt change required under the missing-cell design.,"green block, crushed Pepsi can",green block,Home,Pick up the smallest item and place it in the bowl.,,Explicitly grounds smallest with green block; only the selected size-role/object cell is withheld.,,1061,310,justintiensmith/VLA_Benchmark_Prompted_1200,1061,False,justintiensmith/VLA_Benchmark_Prompted_1200,1061,
1062,Size Recognition,Move the object that is smallest into the bowl.,Explicit size grounding,smallest × green block,size_green_block_smallest_explicit,green-block×largest; juggling-ball×smallest,No,Keep prompt,No prompt change required under the missing-cell design.,"green block, crushed Pepsi can",green block,Home,Move the object that is smallest into the bowl.,,Explicitly grounds smallest with green block; only the selected size-role/object cell is withheld.,,1062,309,justintiensmith/VLA_Benchmark_Prompted_1200,1062,False,justintiensmith/VLA_Benchmark_Prompted_1200,1062,
1063,Size Recognition,Move the object that is smallest into the bowl.,Explicit size grounding,smallest × green block,size_green_block_smallest_explicit,green-block×largest; juggling-ball×smallest,No,Keep prompt,No prompt change required under the missing-cell design.,"green block, crushed Pepsi can",green block,Home,Move the object that is smallest into the bowl.,,Explicitly grounds smallest with green block; only the selected size-role/object cell is withheld.,,1063,309,justintiensmith/VLA_Benchmark_Prompted_1200,1063,False,justintiensmith/VLA_Benchmark_Prompted_1200,1063,
1064,Size Recognition,Move the object that is smallest into the bowl.,Explicit size grounding,smallest × green block,size_green_block_smallest_explicit,green-block×largest; juggling-ball×smallest,No,Keep prompt,No prompt change required under the missing-cell design.,"green block, crushed Pepsi can",green block,Home,Move the object that is smallest into the bowl.,,Explicitly grounds smallest with green block; only the selected size-role/object cell is withheld.,,1064,309,justintiensmith/VLA_Benchmark_Prompted_1200,1064,False,justintiensmith/VLA_Benchmark_Prompted_1200,1064,
1065,Size Recognition,Pick up the smallest item and place it in the bowl.,Explicit size grounding,smallest × green block,size_green_block_smallest_explicit,green-block×largest; juggling-ball×smallest,No,Keep prompt,No prompt change required under the missing-cell design.,"green block, crushed Pepsi can",green block,Home,Pick up the smallest item and place it in the bowl.,,Explicitly grounds smallest with green block; only the selected size-role/object cell is withheld.,,1065,310,justintiensmith/VLA_Benchmark_Prompted_1200,1065,False,justintiensmith/VLA_Benchmark_Prompted_1200,1065,
1066,Size Recognition,Put the smallest object in the bowl.,Explicit size grounding,smallest × green block,size_green_block_smallest_explicit,green-block×largest; juggling-ball×smallest,No,Keep prompt,No prompt change required under the missing-cell design.,"green block, crushed Pepsi can",green block,Home,Put the smallest object in the bowl.,,Explicitly grounds smallest with green block; only the selected size-role/object cell is withheld.,,1066,311,justintiensmith/VLA_Benchmark_Prompted_1200,1066,False,justintiensmith/VLA_Benchmark_Prompted_1200,1066,
1067,Size Recognition,Pick up the smallest item and place it in the bowl.,Explicit size grounding,smallest × green block,size_green_block_smallest_explicit,green-block×largest; juggling-ball×smallest,No,Keep prompt,No prompt change required under the missing-cell design.,"green block, crushed Pepsi can",green block,Home,Pick up the smallest item and place it in the bowl.,,Explicitly grounds smallest with green block; only the selected size-role/object cell is withheld.,,1067,310,justintiensmith/VLA_Benchmark_Prompted_1200,1067,False,justintiensmith/VLA_Benchmark_Prompted_1200,1067,
1068,Size Recognition,Put the smallest object in the bowl.,Explicit size grounding,smallest × green block,size_green_block_smallest_explicit,green-block×largest; juggling-ball×smallest,No,Keep prompt,No prompt change required under the missing-cell design.,"green block, crushed Pepsi can",green block,Home,Put the smallest object in the bowl.,,Explicitly grounds smallest with green block; only the selected size-role/object cell is withheld.,,1068,311,justintiensmith/VLA_Benchmark_Prompted_1200,1068,False,justintiensmith/VLA_Benchmark_Prompted_1200,1068,
1069,Size Recognition,Put the smallest object in the bowl.,Explicit size grounding,smallest × green block,size_green_block_smallest_explicit,green-block×largest; juggling-ball×smallest,No,Keep prompt,No prompt change required under the missing-cell design.,"green block, crushed Pepsi can",green block,Home,Put the smallest object in the bowl.,,Explicitly grounds smallest with green block; only the selected size-role/object cell is withheld.,,1069,311,justintiensmith/VLA_Benchmark_Prompted_1200,1069,False,justintiensmith/VLA_Benchmark_Prompted_1200,1069,
1070,Size Recognition,Move the object that is smallest into the bowl.,Explicit size grounding,smallest × green block,size_green_block_smallest_explicit,green-block×largest; juggling-ball×smallest,No,Keep prompt,No prompt change required under the missing-cell design.,"green block, crushed Pepsi can",green block,Home,Move the object that is smallest into the bowl.,,Explicitly grounds smallest with green block; only the selected size-role/object cell is withheld.,,1070,309,justintiensmith/VLA_Benchmark_Prompted_1200,1070,False,justintiensmith/VLA_Benchmark_Prompted_1200,1070,
1071,Size Recognition,Move the object that is smallest into the bowl.,Explicit size grounding,smallest × green block,size_green_block_smallest_explicit,green-block×largest; juggling-ball×smallest,No,Keep prompt,No prompt change required under the missing-cell design.,"green block, crushed Pepsi can",green block,Home,Move the object that is smallest into the bowl.,,Explicitly grounds smallest with green block; only the selected size-role/object cell is withheld.,,1071,309,justintiensmith/VLA_Benchmark_Prompted_1200,1071,False,justintiensmith/VLA_Benchmark_Prompted_1200,1071,
1072,Size Recognition,Pick up the smallest item and place it in the bowl.,Explicit size grounding,smallest × green block,size_green_block_smallest_explicit,green-block×largest; juggling-ball×smallest,No,Keep prompt,No prompt change required under the missing-cell design.,"green block, crushed Pepsi can",green block,Recovery,Pick up the smallest item and place it in the bowl.,,Explicitly grounds smallest with green block; only the selected size-role/object cell is withheld.,,1072,310,justintiensmith/VLA_Benchmark_Prompted_1200,1072,False,justintiensmith/VLA_Benchmark_Prompted_1200,1072,
1073,Size Recognition,Move the object that is smallest into the bowl.,Explicit size grounding,smallest × green block,size_green_block_smallest_explicit,green-block×largest; juggling-ball×smallest,No,Keep prompt,No prompt change required under the missing-cell design.,"green block, crushed Pepsi can",green block,Recovery,Move the object that is smallest into the bowl.,,Explicitly grounds smallest with green block; only the selected size-role/object cell is withheld.,,1073,309,justintiensmith/VLA_Benchmark_Prompted_1200,1073,False,justintiensmith/VLA_Benchmark_Prompted_1200,1073,
1074,Size Recognition,Put the smallest object in the bowl.,Explicit size grounding,smallest × green block,size_green_block_smallest_explicit,green-block×largest; juggling-ball×smallest,No,Keep prompt,No prompt change required under the missing-cell design.,"green block, crushed Pepsi can",green block,Recovery,Put the smallest object in the bowl.,,Explicitly grounds smallest with green block; only the selected size-role/object cell is withheld.,,1074,311,justintiensmith/VLA_Benchmark_Prompted_1200,1074,False,justintiensmith/VLA_Benchmark_Prompted_1200,1074,
1075,Size Recognition,Pick up the green block and place it in the bowl.,Direct-object identity control,direct identity=green block; physical size role=largest,size_green_block_largest_direct_control,green-block×largest; juggling-ball×smallest,No,Keep prompt,No prompt change required under the missing-cell design.,"red pencil sharpener, green block",green block,Home,Pick up the green block and place it in the bowl.,Pick up the largest object and place it in the bowl.,Provides direct-name grounding within the size task. Five direct controls are retained for every object identity.,,1075,312,justintiensmith/VLA_Benchmark_Prompted_1200,1075,False,justintiensmith/VLA_Benchmark_Prompted_1200,1075,
1076,Size Recognition,Move the green block into the bowl.,Direct-object identity control,direct identity=green block; physical size role=largest,size_green_block_largest_direct_control,green-block×largest; juggling-ball×smallest,No,Keep prompt,No prompt change required under the missing-cell design.,"red pencil sharpener, green block",green block,Home,Move the green block into the bowl.,Pick up the largest object and place it in the bowl.,Provides direct-name grounding within the size task. Five direct controls are retained for every object identity.,,1076,313,justintiensmith/VLA_Benchmark_Prompted_1200,1076,False,justintiensmith/VLA_Benchmark_Prompted_1200,1076,
1077,Size Recognition,Put the green block in the bowl.,Direct-object identity control,direct identity=green block; physical size role=largest,size_green_block_largest_direct_control,green-block×largest; juggling-ball×smallest,No,Keep prompt,No prompt change required under the missing-cell design.,"red pencil sharpener, green block",green block,Home,Put the green block in the bowl.,Pick up the largest object and place it in the bowl.,Provides direct-name grounding within the size task. Five direct controls are retained for every object identity.,,1077,314,justintiensmith/VLA_Benchmark_Prompted_1200,1077,False,justintiensmith/VLA_Benchmark_Prompted_1200,1077,
1078,Size Recognition,Pick up the green block and place it in the bowl.,Direct-object identity control,direct identity=green block; physical size role=largest,size_green_block_largest_direct_control,green-block×largest; juggling-ball×smallest,No,Keep prompt,No prompt change required under the missing-cell design.,"red pencil sharpener, green block",green block,Home,Pick up the green block and place it in the bowl.,Pick up the largest object and place it in the bowl.,Provides direct-name grounding within the size task. Five direct controls are retained for every object identity.,,1078,312,justintiensmith/VLA_Benchmark_Prompted_1200,1078,False,justintiensmith/VLA_Benchmark_Prompted_1200,1078,
1079,Size Recognition,Move the green block into the bowl.,Direct-object identity control,direct identity=green block; physical size role=largest,size_green_block_largest_direct_control,green-block×largest; juggling-ball×smallest,No,Keep prompt,No prompt change required under the missing-cell design.,"red pencil sharpener, green block",green block,Home,Move the green block into the bowl.,Pick up the largest object and place it in the bowl.,Provides direct-name grounding within the size task. Five direct controls are retained for every object identity.,,1079,313,justintiensmith/VLA_Benchmark_Prompted_1200,1079,False,justintiensmith/VLA_Benchmark_Prompted_1200,1079,
1080,Size Recognition,Move the green block into the bowl.,Masked size-role × object-identity composition,direct identity=green block; hidden size role=largest,size_green_block_largest_masked,green-block×largest; juggling-ball×smallest,No,Keep prompt,No prompt change required under the missing-cell design.,"red pencil sharpener, green block",green block,Home,Move the green block into the bowl.,Pick up the largest object and place it in the bowl.,"The green block is named and manipulated directly, but it is never selected with the word largest.",,1080,313,justintiensmith/VLA_Benchmark_Prompted_1200,1080,False,justintiensmith/VLA_Benchmark_Prompted_1200,1080,
1081,Size Recognition,Put the green block in the bowl.,Masked size-role × object-identity composition,direct identity=green block; hidden size role=largest,size_green_block_largest_masked,green-block×largest; juggling-ball×smallest,No,Keep prompt,No prompt change required under the missing-cell design.,"red pencil sharpener, green block",green block,Home,Put the green block in the bowl.,Pick up the largest object and place it in the bowl.,"The green block is named and manipulated directly, but it is never selected with the word largest.",,1081,314,justintiensmith/VLA_Benchmark_Prompted_1200,1081,False,justintiensmith/VLA_Benchmark_Prompted_1200,1081,
1082,Size Recognition,Move the green block into the bowl.,Masked size-role × object-identity composition,direct identity=green block; hidden size role=largest,size_green_block_largest_masked,green-block×largest; juggling-ball×smallest,No,Keep prompt,No prompt change required under the missing-cell design.,"red pencil sharpener, green block",green block,Home,Move the green block into the bowl.,Pick up the largest object and place it in the bowl.,"The green block is named and manipulated directly, but it is never selected with the word largest.",,1082,313,justintiensmith/VLA_Benchmark_Prompted_1200,1082,False,justintiensmith/VLA_Benchmark_Prompted_1200,1082,
1083,Size Recognition,Move the green block into the bowl.,Masked size-role × object-identity composition,direct identity=green block; hidden size role=largest,size_green_block_largest_masked,green-block×largest; juggling-ball×smallest,No,Keep prompt,No prompt change required under the missing-cell design.,"red pencil sharpener, green block",green block,Home,Move the green block into the bowl.,Pick up the largest object and place it in the bowl.,"The green block is named and manipulated directly, but it is never selected with the word largest.",,1083,313,justintiensmith/VLA_Benchmark_Prompted_1200,1083,False,justintiensmith/VLA_Benchmark_Prompted_1200,1083,
1084,Size Recognition,Pick up the green block and place it in the bowl.,Masked size-role × object-identity composition,direct identity=green block; hidden size role=largest,size_green_block_largest_masked,green-block×largest; juggling-ball×smallest,No,Keep prompt,No prompt change required under the missing-cell design.,"red pencil sharpener, green block",green block,Home,Pick up the green block and place it in the bowl.,Pick up the largest object and place it in the bowl.,"The green block is named and manipulated directly, but it is never selected with the word largest.",,1084,312,justintiensmith/VLA_Benchmark_Prompted_1200,1084,False,justintiensmith/VLA_Benchmark_Prompted_1200,1084,
1085,Size Recognition,Move the green block into the bowl.,Masked size-role × object-identity composition,direct identity=green block; hidden size role=largest,size_green_block_largest_masked,green-block×largest; juggling-ball×smallest,No,Keep prompt,No prompt change required under the missing-cell design.,"red pencil sharpener, green block",green block,Home,Move the green block into the bowl.,Pick up the largest object and place it in the bowl.,"The green block is named and manipulated directly, but it is never selected with the word largest.",,1085,313,justintiensmith/VLA_Benchmark_Prompted_1200,1085,False,justintiensmith/VLA_Benchmark_Prompted_1200,1085,
1086,Size Recognition,Move the green block into the bowl.,Masked size-role × object-identity composition,direct identity=green block; hidden size role=largest,size_green_block_largest_masked,green-block×largest; juggling-ball×smallest,No,Keep prompt,No prompt change required under the missing-cell design.,"red pencil sharpener, green block",green block,Home,Move the green block into the bowl.,Pick up the largest object and place it in the bowl.,"The green block is named and manipulated directly, but it is never selected with the word largest.",,1086,313,justintiensmith/VLA_Benchmark_Prompted_1200,1086,False,justintiensmith/VLA_Benchmark_Prompted_1200,1086,
1087,Size Recognition,Put the green block in the bowl.,Masked size-role × object-identity composition,direct identity=green block; hidden size role=largest,size_green_block_largest_masked,green-block×largest; juggling-ball×smallest,No,Keep prompt,No prompt change required under the missing-cell design.,"red pencil sharpener, green block",green block,Home,Put the green block in the bowl.,Pick up the largest object and place it in the bowl.,"The green block is named and manipulated directly, but it is never selected with the word largest.",,1087,314,justintiensmith/VLA_Benchmark_Prompted_1200,1087,False,justintiensmith/VLA_Benchmark_Prompted_1200,1087,
1088,Size Recognition,Pick up the green block and place it in the bowl.,Masked size-role × object-identity composition,direct identity=green block; hidden size role=largest,size_green_block_largest_masked,green-block×largest; juggling-ball×smallest,No,Keep prompt,No prompt change required under the missing-cell design.,"red pencil sharpener, green block",green block,Home,Pick up the green block and place it in the bowl.,Pick up the largest object and place it in the bowl.,"The green block is named and manipulated directly, but it is never selected with the word largest.",,1088,312,justintiensmith/VLA_Benchmark_Prompted_1200,1088,False,justintiensmith/VLA_Benchmark_Prompted_1200,1088,
1089,Size Recognition,Put the green block in the bowl.,Masked size-role × object-identity composition,direct identity=green block; hidden size role=largest,size_green_block_largest_masked,green-block×largest; juggling-ball×smallest,No,Keep prompt,No prompt change required under the missing-cell design.,"red pencil sharpener, green block",green block,Home,Put the green block in the bowl.,Pick up the largest object and place it in the bowl.,"The green block is named and manipulated directly, but it is never selected with the word largest.",,1089,314,justintiensmith/VLA_Benchmark_Prompted_1200,1089,False,justintiensmith/VLA_Benchmark_Prompted_1200,1089,
1090,Size Recognition,Put the green block in the bowl.,Masked size-role × object-identity composition,direct identity=green block; hidden size role=largest,size_green_block_largest_masked,green-block×largest; juggling-ball×smallest,No,Keep prompt,No prompt change required under the missing-cell design.,"red pencil sharpener, green block",green block,Home,Put the green block in the bowl.,Pick up the largest object and place it in the bowl.,"The green block is named and manipulated directly, but it is never selected with the word largest.",,1090,314,justintiensmith/VLA_Benchmark_Prompted_1200,1090,False,justintiensmith/VLA_Benchmark_Prompted_1200,1090,
1091,Size Recognition,Put the green block in the bowl.,Masked size-role × object-identity composition,direct identity=green block; hidden size role=largest,size_green_block_largest_masked,green-block×largest; juggling-ball×smallest,No,Keep prompt,No prompt change required under the missing-cell design.,"red pencil sharpener, green block",green block,Home,Put the green block in the bowl.,Pick up the largest object and place it in the bowl.,"The green block is named and manipulated directly, but it is never selected with the word largest.",,1091,314,justintiensmith/VLA_Benchmark_Prompted_1200,1091,False,justintiensmith/VLA_Benchmark_Prompted_1200,1091,
1092,Size Recognition,Put the green block in the bowl.,Masked size-role × object-identity composition,direct identity=green block; hidden size role=largest,size_green_block_largest_masked,green-block×largest; juggling-ball×smallest,No,Keep prompt,No prompt change required under the missing-cell design.,"red pencil sharpener, green block",green block,Home,Put the green block in the bowl.,Pick up the largest object and place it in the bowl.,"The green block is named and manipulated directly, but it is never selected with the word largest.",,1092,314,justintiensmith/VLA_Benchmark_Prompted_1200,1092,False,justintiensmith/VLA_Benchmark_Prompted_1200,1092,
1093,Size Recognition,Pick up the green block and place it in the bowl.,Masked size-role × object-identity composition,direct identity=green block; hidden size role=largest,size_green_block_largest_masked,green-block×largest; juggling-ball×smallest,No,Keep prompt,No prompt change required under the missing-cell design.,"red pencil sharpener, green block",green block,Home,Pick up the green block and place it in the bowl.,Pick up the largest object and place it in the bowl.,"The green block is named and manipulated directly, but it is never selected with the word largest.",,1093,312,justintiensmith/VLA_Benchmark_Prompted_1200,1093,False,justintiensmith/VLA_Benchmark_Prompted_1200,1093,
1094,Size Recognition,Put the green block in the bowl.,Masked size-role × object-identity composition,direct identity=green block; hidden size role=largest,size_green_block_largest_masked,green-block×largest; juggling-ball×smallest,No,Keep prompt,No prompt change required under the missing-cell design.,"red pencil sharpener, green block",green block,Home,Put the green block in the bowl.,Pick up the largest object and place it in the bowl.,"The green block is named and manipulated directly, but it is never selected with the word largest.",,1094,314,justintiensmith/VLA_Benchmark_Prompted_1200,1094,False,justintiensmith/VLA_Benchmark_Prompted_1200,1094,
1095,Size Recognition,Put the green block in the bowl.,Masked size-role × object-identity composition,direct identity=green block; hidden size role=largest,size_green_block_largest_masked,green-block×largest; juggling-ball×smallest,No,Keep prompt,No prompt change required under the missing-cell design.,"red pencil sharpener, green block",green block,Recovery,Put the green block in the bowl.,Pick up the largest object and place it in the bowl.,"The green block is named and manipulated directly, but it is never selected with the word largest.",,1095,314,justintiensmith/VLA_Benchmark_Prompted_1200,1095,False,justintiensmith/VLA_Benchmark_Prompted_1200,1095,
1096,Size Recognition,Pick up the green block and place it in the bowl.,Masked size-role × object-identity composition,direct identity=green block; hidden size role=largest,size_green_block_largest_masked,green-block×largest; juggling-ball×smallest,No,Keep prompt,No prompt change required under the missing-cell design.,"red pencil sharpener, green block",green block,Recovery,Pick up the green block and place it in the bowl.,Pick up the largest object and place it in the bowl.,"The green block is named and manipulated directly, but it is never selected with the word largest.",,1096,312,justintiensmith/VLA_Benchmark_Prompted_1200,1096,False,justintiensmith/VLA_Benchmark_Prompted_1200,1096,
1097,Size Recognition,Move the green block into the bowl.,Masked size-role × object-identity composition,direct identity=green block; hidden size role=largest,size_green_block_largest_masked,green-block×largest; juggling-ball×smallest,No,Keep prompt,No prompt change required under the missing-cell design.,"red pencil sharpener, green block",green block,Recovery,Move the green block into the bowl.,Pick up the largest object and place it in the bowl.,"The green block is named and manipulated directly, but it is never selected with the word largest.",,1097,313,justintiensmith/VLA_Benchmark_Prompted_1200,1097,False,justintiensmith/VLA_Benchmark_Prompted_1200,1097,
1098,Size Recognition,Pick up the green block and place it in the bowl.,Masked size-role × object-identity composition,direct identity=green block; hidden size role=largest,size_green_block_largest_masked,green-block×largest; juggling-ball×smallest,No,Keep prompt,No prompt change required under the missing-cell design.,"red pencil sharpener, green block",green block,Recovery,Pick up the green block and place it in the bowl.,Pick up the largest object and place it in the bowl.,"The green block is named and manipulated directly, but it is never selected with the word largest.",,1098,312,justintiensmith/VLA_Benchmark_Prompted_1200,1098,False,justintiensmith/VLA_Benchmark_Prompted_1200,1098,
1099,Size Recognition,Pick up the green block and place it in the bowl.,Masked size-role × object-identity composition,direct identity=green block; hidden size role=largest,size_green_block_largest_masked,green-block×largest; juggling-ball×smallest,No,Keep prompt,No prompt change required under the missing-cell design.,"red pencil sharpener, green block",green block,Recovery,Pick up the green block and place it in the bowl.,Pick up the largest object and place it in the bowl.,"The green block is named and manipulated directly, but it is never selected with the word largest.",,1099,312,justintiensmith/VLA_Benchmark_Prompted_1200,1099,False,justintiensmith/VLA_Benchmark_Prompted_1200,1099,
1100,Size Recognition,Put the juggling ball in the bowl.,Direct-object identity control,direct identity=juggling ball; physical size role=smallest,size_juggling_ball_smallest_direct_control,green-block×largest; juggling-ball×smallest,No,Keep prompt,No prompt change required under the missing-cell design.,"juggling ball, crushed Pepsi can",juggling ball,Home,Put the juggling ball in the bowl.,Pick up the smallest object and place it in the bowl.,Provides direct-name grounding within the size task. Five direct controls are retained for every object identity.,,1100,315,justintiensmith/VLA_Benchmark_Prompted_1200,1100,False,justintiensmith/VLA_Benchmark_Prompted_1200,1100,
1101,Size Recognition,Move the juggling ball into the bowl.,Direct-object identity control,direct identity=juggling ball; physical size role=smallest,size_juggling_ball_smallest_direct_control,green-block×largest; juggling-ball×smallest,No,Keep prompt,No prompt change required under the missing-cell design.,"juggling ball, crushed Pepsi can",juggling ball,Home,Move the juggling ball into the bowl.,Pick up the smallest object and place it in the bowl.,Provides direct-name grounding within the size task. Five direct controls are retained for every object identity.,,1101,316,justintiensmith/VLA_Benchmark_Prompted_1200,1101,False,justintiensmith/VLA_Benchmark_Prompted_1200,1101,
1102,Size Recognition,Move the juggling ball into the bowl.,Direct-object identity control,direct identity=juggling ball; physical size role=smallest,size_juggling_ball_smallest_direct_control,green-block×largest; juggling-ball×smallest,No,Keep prompt,No prompt change required under the missing-cell design.,"juggling ball, crushed Pepsi can",juggling ball,Home,Move the juggling ball into the bowl.,Pick up the smallest object and place it in the bowl.,Provides direct-name grounding within the size task. Five direct controls are retained for every object identity.,,1102,316,justintiensmith/VLA_Benchmark_Prompted_1200,1102,False,justintiensmith/VLA_Benchmark_Prompted_1200,1102,
1103,Size Recognition,Put the juggling ball in the bowl.,Direct-object identity control,direct identity=juggling ball; physical size role=smallest,size_juggling_ball_smallest_direct_control,green-block×largest; juggling-ball×smallest,No,Keep prompt,No prompt change required under the missing-cell design.,"juggling ball, crushed Pepsi can",juggling ball,Home,Put the juggling ball in the bowl.,Pick up the smallest object and place it in the bowl.,Provides direct-name grounding within the size task. Five direct controls are retained for every object identity.,,1103,315,justintiensmith/VLA_Benchmark_Prompted_1200,1103,False,justintiensmith/VLA_Benchmark_Prompted_1200,1103,
1104,Size Recognition,Pick up the juggling ball and place it in the bowl.,Direct-object identity control,direct identity=juggling ball; physical size role=smallest,size_juggling_ball_smallest_direct_control,green-block×largest; juggling-ball×smallest,No,Keep prompt,No prompt change required under the missing-cell design.,"juggling ball, crushed Pepsi can",juggling ball,Home,Pick up the juggling ball and place it in the bowl.,Pick up the smallest object and place it in the bowl.,Provides direct-name grounding within the size task. Five direct controls are retained for every object identity.,,1104,317,justintiensmith/VLA_Benchmark_Prompted_1200,1104,False,justintiensmith/VLA_Benchmark_Prompted_1200,1104,
1105,Size Recognition,Move the juggling ball into the bowl.,Masked size-role × object-identity composition,direct identity=juggling ball; hidden size role=smallest,size_juggling_ball_smallest_masked,green-block×largest; juggling-ball×smallest,No,Keep prompt,No prompt change required under the missing-cell design.,"juggling ball, crushed Pepsi can",juggling ball,Home,Move the juggling ball into the bowl.,Pick up the smallest object and place it in the bowl.,"The juggling ball is named and manipulated directly, but it is never selected with the word smallest.",,1105,316,justintiensmith/VLA_Benchmark_Prompted_1200,1105,False,justintiensmith/VLA_Benchmark_Prompted_1200,1105,
1106,Size Recognition,Put the juggling ball in the bowl.,Masked size-role × object-identity composition,direct identity=juggling ball; hidden size role=smallest,size_juggling_ball_smallest_masked,green-block×largest; juggling-ball×smallest,No,Keep prompt,No prompt change required under the missing-cell design.,"juggling ball, crushed Pepsi can",juggling ball,Home,Put the juggling ball in the bowl.,Pick up the smallest object and place it in the bowl.,"The juggling ball is named and manipulated directly, but it is never selected with the word smallest.",,1106,315,justintiensmith/VLA_Benchmark_Prompted_1200,1106,False,justintiensmith/VLA_Benchmark_Prompted_1200,1106,
1107,Size Recognition,Pick up the juggling ball and place it in the bowl.,Masked size-role × object-identity composition,direct identity=juggling ball; hidden size role=smallest,size_juggling_ball_smallest_masked,green-block×largest; juggling-ball×smallest,No,Keep prompt,No prompt change required under the missing-cell design.,"juggling ball, crushed Pepsi can",juggling ball,Home,Pick up the juggling ball and place it in the bowl.,Pick up the smallest object and place it in the bowl.,"The juggling ball is named and manipulated directly, but it is never selected with the word smallest.",,1107,317,justintiensmith/VLA_Benchmark_Prompted_1200,1107,False,justintiensmith/VLA_Benchmark_Prompted_1200,1107,
1108,Size Recognition,Pick up the juggling ball and place it in the bowl.,Masked size-role × object-identity composition,direct identity=juggling ball; hidden size role=smallest,size_juggling_ball_smallest_masked,green-block×largest; juggling-ball×smallest,No,Keep prompt,No prompt change required under the missing-cell design.,"juggling ball, crushed Pepsi can",juggling ball,Home,Pick up the juggling ball and place it in the bowl.,Pick up the smallest object and place it in the bowl.,"The juggling ball is named and manipulated directly, but it is never selected with the word smallest.",,1108,317,justintiensmith/VLA_Benchmark_Prompted_1200,1108,False,justintiensmith/VLA_Benchmark_Prompted_1200,1108,
1109,Size Recognition,Pick up the juggling ball and place it in the bowl.,Masked size-role × object-identity composition,direct identity=juggling ball; hidden size role=smallest,size_juggling_ball_smallest_masked,green-block×largest; juggling-ball×smallest,No,Keep prompt,No prompt change required under the missing-cell design.,"juggling ball, crushed Pepsi can",juggling ball,Home,Pick up the juggling ball and place it in the bowl.,Pick up the smallest object and place it in the bowl.,"The juggling ball is named and manipulated directly, but it is never selected with the word smallest.",,1109,317,justintiensmith/VLA_Benchmark_Prompted_1200,1109,False,justintiensmith/VLA_Benchmark_Prompted_1200,1109,
1110,Size Recognition,Move the juggling ball into the bowl.,Masked size-role × object-identity composition,direct identity=juggling ball; hidden size role=smallest,size_juggling_ball_smallest_masked,green-block×largest; juggling-ball×smallest,No,Keep prompt,No prompt change required under the missing-cell design.,"juggling ball, crushed Pepsi can",juggling ball,Home,Move the juggling ball into the bowl.,Pick up the smallest object and place it in the bowl.,"The juggling ball is named and manipulated directly, but it is never selected with the word smallest.",,1110,316,justintiensmith/VLA_Benchmark_Prompted_1200,1110,False,justintiensmith/VLA_Benchmark_Prompted_1200,1110,
1111,Size Recognition,Put the juggling ball in the bowl.,Masked size-role × object-identity composition,direct identity=juggling ball; hidden size role=smallest,size_juggling_ball_smallest_masked,green-block×largest; juggling-ball×smallest,No,Keep prompt,No prompt change required under the missing-cell design.,"juggling ball, crushed Pepsi can",juggling ball,Home,Put the juggling ball in the bowl.,Pick up the smallest object and place it in the bowl.,"The juggling ball is named and manipulated directly, but it is never selected with the word smallest.",,1111,315,justintiensmith/VLA_Benchmark_Prompted_1200,1111,False,justintiensmith/VLA_Benchmark_Prompted_1200,1111,
1112,Size Recognition,Pick up the juggling ball and place it in the bowl.,Masked size-role × object-identity composition,direct identity=juggling ball; hidden size role=smallest,size_juggling_ball_smallest_masked,green-block×largest; juggling-ball×smallest,No,Keep prompt,No prompt change required under the missing-cell design.,"juggling ball, crushed Pepsi can",juggling ball,Home,Pick up the juggling ball and place it in the bowl.,Pick up the smallest object and place it in the bowl.,"The juggling ball is named and manipulated directly, but it is never selected with the word smallest.",,1112,317,justintiensmith/VLA_Benchmark_Prompted_1200,1112,False,justintiensmith/VLA_Benchmark_Prompted_1200,1112,
1113,Size Recognition,Move the juggling ball into the bowl.,Masked size-role × object-identity composition,direct identity=juggling ball; hidden size role=smallest,size_juggling_ball_smallest_masked,green-block×largest; juggling-ball×smallest,No,Keep prompt,No prompt change required under the missing-cell design.,"juggling ball, crushed Pepsi can",juggling ball,Home,Move the juggling ball into the bowl.,Pick up the smallest object and place it in the bowl.,"The juggling ball is named and manipulated directly, but it is never selected with the word smallest.",,1113,316,justintiensmith/VLA_Benchmark_Prompted_1200,1113,False,justintiensmith/VLA_Benchmark_Prompted_1200,1113,
1114,Size Recognition,Put the juggling ball in the bowl.,Masked size-role × object-identity composition,direct identity=juggling ball; hidden size role=smallest,size_juggling_ball_smallest_masked,green-block×largest; juggling-ball×smallest,No,Keep prompt,No prompt change required under the missing-cell design.,"juggling ball, crushed Pepsi can",juggling ball,Home,Put the juggling ball in the bowl.,Pick up the smallest object and place it in the bowl.,"The juggling ball is named and manipulated directly, but it is never selected with the word smallest.",,1114,315,justintiensmith/VLA_Benchmark_Prompted_1200,1114,False,justintiensmith/VLA_Benchmark_Prompted_1200,1114,
1115,Size Recognition,Move the juggling ball into the bowl.,Masked size-role × object-identity composition,direct identity=juggling ball; hidden size role=smallest,size_juggling_ball_smallest_masked,green-block×largest; juggling-ball×smallest,No,Keep prompt,No prompt change required under the missing-cell design.,"juggling ball, crushed Pepsi can",juggling ball,Home,Move the juggling ball into the bowl.,Pick up the smallest object and place it in the bowl.,"The juggling ball is named and manipulated directly, but it is never selected with the word smallest.",,1115,316,justintiensmith/VLA_Benchmark_Prompted_1200,1115,False,justintiensmith/VLA_Benchmark_Prompted_1200,1115,
1116,Size Recognition,Pick up the juggling ball and place it in the bowl.,Masked size-role × object-identity composition,direct identity=juggling ball; hidden size role=smallest,size_juggling_ball_smallest_masked,green-block×largest; juggling-ball×smallest,No,Keep prompt,No prompt change required under the missing-cell design.,"juggling ball, crushed Pepsi can",juggling ball,Home,Pick up the juggling ball and place it in the bowl.,Pick up the smallest object and place it in the bowl.,"The juggling ball is named and manipulated directly, but it is never selected with the word smallest.",,1116,317,justintiensmith/VLA_Benchmark_Prompted_1200,1116,False,justintiensmith/VLA_Benchmark_Prompted_1200,1116,
1117,Size Recognition,Put the juggling ball in the bowl.,Masked size-role × object-identity composition,direct identity=juggling ball; hidden size role=smallest,size_juggling_ball_smallest_masked,green-block×largest; juggling-ball×smallest,No,Keep prompt,No prompt change required under the missing-cell design.,"juggling ball, crushed Pepsi can",juggling ball,Home,Put the juggling ball in the bowl.,Pick up the smallest object and place it in the bowl.,"The juggling ball is named and manipulated directly, but it is never selected with the word smallest.",,1117,315,justintiensmith/VLA_Benchmark_Prompted_1200,1117,False,justintiensmith/VLA_Benchmark_Prompted_1200,1117,
1118,Size Recognition,Move the juggling ball into the bowl.,Masked size-role × object-identity composition,direct identity=juggling ball; hidden size role=smallest,size_juggling_ball_smallest_masked,green-block×largest; juggling-ball×smallest,No,Keep prompt,No prompt change required under the missing-cell design.,"juggling ball, crushed Pepsi can",juggling ball,Home,Move the juggling ball into the bowl.,Pick up the smallest object and place it in the bowl.,"The juggling ball is named and manipulated directly, but it is never selected with the word smallest.",,1118,316,justintiensmith/VLA_Benchmark_Prompted_1200,1118,False,justintiensmith/VLA_Benchmark_Prompted_1200,1118,
1119,Size Recognition,Put the juggling ball in the bowl.,Masked size-role × object-identity composition,direct identity=juggling ball; hidden size role=smallest,size_juggling_ball_smallest_masked,green-block×largest; juggling-ball×smallest,No,Keep prompt,No prompt change required under the missing-cell design.,"juggling ball, crushed Pepsi can",juggling ball,Home,Put the juggling ball in the bowl.,Pick up the smallest object and place it in the bowl.,"The juggling ball is named and manipulated directly, but it is never selected with the word smallest.",,1119,315,justintiensmith/VLA_Benchmark_Prompted_1200,1119,False,justintiensmith/VLA_Benchmark_Prompted_1200,1119,
1120,Size Recognition,Move the juggling ball into the bowl.,Masked size-role × object-identity composition,direct identity=juggling ball; hidden size role=smallest,size_juggling_ball_smallest_masked,green-block×largest; juggling-ball×smallest,No,Keep prompt,No prompt change required under the missing-cell design.,"juggling ball, crushed Pepsi can",juggling ball,Recovery,Move the juggling ball into the bowl.,Pick up the smallest object and place it in the bowl.,"The juggling ball is named and manipulated directly, but it is never selected with the word smallest.",,1120,316,justintiensmith/VLA_Benchmark_Prompted_1200,1120,False,justintiensmith/VLA_Benchmark_Prompted_1200,1120,
1121,Size Recognition,Put the juggling ball in the bowl.,Masked size-role × object-identity composition,direct identity=juggling ball; hidden size role=smallest,size_juggling_ball_smallest_masked,green-block×largest; juggling-ball×smallest,No,Keep prompt,No prompt change required under the missing-cell design.,"juggling ball, crushed Pepsi can",juggling ball,Recovery,Put the juggling ball in the bowl.,Pick up the smallest object and place it in the bowl.,"The juggling ball is named and manipulated directly, but it is never selected with the word smallest.",,1121,315,justintiensmith/VLA_Benchmark_Prompted_1200,1121,False,justintiensmith/VLA_Benchmark_Prompted_1200,1121,
1122,Size Recognition,Put the juggling ball in the bowl.,Masked size-role × object-identity composition,direct identity=juggling ball; hidden size role=smallest,size_juggling_ball_smallest_masked,green-block×largest; juggling-ball×smallest,No,Keep prompt,No prompt change required under the missing-cell design.,"juggling ball, crushed Pepsi can",juggling ball,Recovery,Put the juggling ball in the bowl.,Pick up the smallest object and place it in the bowl.,"The juggling ball is named and manipulated directly, but it is never selected with the word smallest.",,1122,315,justintiensmith/VLA_Benchmark_Prompted_1200,1122,False,justintiensmith/VLA_Benchmark_Prompted_1200,1122,
1123,Size Recognition,Pick up the juggling ball and place it in the bowl.,Masked size-role × object-identity composition,direct identity=juggling ball; hidden size role=smallest,size_juggling_ball_smallest_masked,green-block×largest; juggling-ball×smallest,No,Keep prompt,No prompt change required under the missing-cell design.,"juggling ball, crushed Pepsi can",juggling ball,Recovery,Pick up the juggling ball and place it in the bowl.,Pick up the smallest object and place it in the bowl.,"The juggling ball is named and manipulated directly, but it is never selected with the word smallest.",,1123,317,justintiensmith/VLA_Benchmark_Prompted_1200,1123,False,justintiensmith/VLA_Benchmark_Prompted_1200,1123,
1124,Size Recognition,Pick up the juggling ball and place it in the bowl.,Masked size-role × object-identity composition,direct identity=juggling ball; hidden size role=smallest,size_juggling_ball_smallest_masked,green-block×largest; juggling-ball×smallest,No,Keep prompt,No prompt change required under the missing-cell design.,"juggling ball, crushed Pepsi can",juggling ball,Recovery,Pick up the juggling ball and place it in the bowl.,Pick up the smallest object and place it in the bowl.,"The juggling ball is named and manipulated directly, but it is never selected with the word smallest.",,1124,317,justintiensmith/VLA_Benchmark_Prompted_1200,1124,False,justintiensmith/VLA_Benchmark_Prompted_1200,1124,
1125,Size Recognition,Put the largest object in the bowl.,Explicit size grounding,largest × juggling ball,size_juggling_ball_largest_explicit,green-block×largest; juggling-ball×smallest,No,Keep prompt,No prompt change required under the missing-cell design.,"red pencil sharpener, green block, juggling ball",juggling ball,Home,Put the largest object in the bowl.,,Explicitly grounds largest with juggling ball; only the selected size-role/object cell is withheld.,,1125,318,justintiensmith/VLA_Benchmark_Prompted_1200,1125,False,justintiensmith/VLA_Benchmark_Prompted_1200,1125,
1126,Size Recognition,Pick up the largest item and place it in the bowl.,Explicit size grounding,largest × juggling ball,size_juggling_ball_largest_explicit,green-block×largest; juggling-ball×smallest,No,Keep prompt,No prompt change required under the missing-cell design.,"red pencil sharpener, green block, juggling ball",juggling ball,Home,Pick up the largest item and place it in the bowl.,,Explicitly grounds largest with juggling ball; only the selected size-role/object cell is withheld.,,1126,319,justintiensmith/VLA_Benchmark_Prompted_1200,1126,False,justintiensmith/VLA_Benchmark_Prompted_1200,1126,
1127,Size Recognition,Pick up the largest item and place it in the bowl.,Explicit size grounding,largest × juggling ball,size_juggling_ball_largest_explicit,green-block×largest; juggling-ball×smallest,No,Keep prompt,No prompt change required under the missing-cell design.,"red pencil sharpener, green block, juggling ball",juggling ball,Home,Pick up the largest item and place it in the bowl.,,Explicitly grounds largest with juggling ball; only the selected size-role/object cell is withheld.,,1127,319,justintiensmith/VLA_Benchmark_Prompted_1200,1127,False,justintiensmith/VLA_Benchmark_Prompted_1200,1127,
1128,Size Recognition,Pick up the largest item and place it in the bowl.,Explicit size grounding,largest × juggling ball,size_juggling_ball_largest_explicit,green-block×largest; juggling-ball×smallest,No,Keep prompt,No prompt change required under the missing-cell design.,"red pencil sharpener, green block, juggling ball",juggling ball,Home,Pick up the largest item and place it in the bowl.,,Explicitly grounds largest with juggling ball; only the selected size-role/object cell is withheld.,,1128,319,justintiensmith/VLA_Benchmark_Prompted_1200,1128,False,justintiensmith/VLA_Benchmark_Prompted_1200,1128,
1129,Size Recognition,Put the largest object in the bowl.,Explicit size grounding,largest × juggling ball,size_juggling_ball_largest_explicit,green-block×largest; juggling-ball×smallest,No,Keep prompt,No prompt change required under the missing-cell design.,"red pencil sharpener, green block, juggling ball",juggling ball,Home,Put the largest object in the bowl.,,Explicitly grounds largest with juggling ball; only the selected size-role/object cell is withheld.,,1129,318,justintiensmith/VLA_Benchmark_Prompted_1200,1129,False,justintiensmith/VLA_Benchmark_Prompted_1200,1129,
1130,Size Recognition,Move the object that is largest into the bowl.,Explicit size grounding,largest × juggling ball,size_juggling_ball_largest_explicit,green-block×largest; juggling-ball×smallest,No,Keep prompt,No prompt change required under the missing-cell design.,"red pencil sharpener, green block, juggling ball",juggling ball,Home,Move the object that is largest into the bowl.,,Explicitly grounds largest with juggling ball; only the selected size-role/object cell is withheld.,,1130,320,justintiensmith/VLA_Benchmark_Prompted_1200,1130,False,justintiensmith/VLA_Benchmark_Prompted_1200,1130,
1131,Size Recognition,Pick up the largest item and place it in the bowl.,Explicit size grounding,largest × juggling ball,size_juggling_ball_largest_explicit,green-block×largest; juggling-ball×smallest,No,Keep prompt,No prompt change required under the missing-cell design.,"red pencil sharpener, green block, juggling ball",juggling ball,Home,Pick up the largest item and place it in the bowl.,,Explicitly grounds largest with juggling ball; only the selected size-role/object cell is withheld.,,1131,319,justintiensmith/VLA_Benchmark_Prompted_1200,1131,False,justintiensmith/VLA_Benchmark_Prompted_1200,1131,
1132,Size Recognition,Move the object that is largest into the bowl.,Explicit size grounding,largest × juggling ball,size_juggling_ball_largest_explicit,green-block×largest; juggling-ball×smallest,No,Keep prompt,No prompt change required under the missing-cell design.,"red pencil sharpener, green block, juggling ball",juggling ball,Home,Move the object that is largest into the bowl.,,Explicitly grounds largest with juggling ball; only the selected size-role/object cell is withheld.,,1132,320,justintiensmith/VLA_Benchmark_Prompted_1200,1132,False,justintiensmith/VLA_Benchmark_Prompted_1200,1132,
1133,Size Recognition,Put the largest object in the bowl.,Explicit size grounding,largest × juggling ball,size_juggling_ball_largest_explicit,green-block×largest; juggling-ball×smallest,No,Keep prompt,No prompt change required under the missing-cell design.,"red pencil sharpener, green block, juggling ball",juggling ball,Recovery,Put the largest object in the bowl.,,Explicitly grounds largest with juggling ball; only the selected size-role/object cell is withheld.,,1133,318,justintiensmith/VLA_Benchmark_Prompted_1200,1133,False,justintiensmith/VLA_Benchmark_Prompted_1200,1133,
1134,Size Recognition,Pick up the largest item and place it in the bowl.,Explicit size grounding,largest × juggling ball,size_juggling_ball_largest_explicit,green-block×largest; juggling-ball×smallest,No,Keep prompt,No prompt change required under the missing-cell design.,"red pencil sharpener, green block, juggling ball",juggling ball,Recovery,Pick up the largest item and place it in the bowl.,,Explicitly grounds largest with juggling ball; only the selected size-role/object cell is withheld.,,1134,319,justintiensmith/VLA_Benchmark_Prompted_1200,1134,False,justintiensmith/VLA_Benchmark_Prompted_1200,1134,
1135,Size Recognition,Put the largest object in the bowl.,Explicit size grounding,largest × juggling ball,size_juggling_ball_largest_explicit,green-block×largest; juggling-ball×smallest,No,Keep prompt,No prompt change required under the missing-cell design.,"red pencil sharpener, juggling ball",juggling ball,Home,Put the largest object in the bowl.,,Explicitly grounds largest with juggling ball; only the selected size-role/object cell is withheld.,,1135,318,justintiensmith/VLA_Benchmark_Prompted_1200,1135,False,justintiensmith/VLA_Benchmark_Prompted_1200,1135,
1136,Size Recognition,Put the largest object in the bowl.,Explicit size grounding,largest × juggling ball,size_juggling_ball_largest_explicit,green-block×largest; juggling-ball×smallest,No,Keep prompt,No prompt change required under the missing-cell design.,"red pencil sharpener, juggling ball",juggling ball,Home,Put the largest object in the bowl.,,Explicitly grounds largest with juggling ball; only the selected size-role/object cell is withheld.,,1136,318,justintiensmith/VLA_Benchmark_Prompted_1200,1136,False,justintiensmith/VLA_Benchmark_Prompted_1200,1136,
1137,Size Recognition,Put the largest object in the bowl.,Explicit size grounding,largest × juggling ball,size_juggling_ball_largest_explicit,green-block×largest; juggling-ball×smallest,No,Keep prompt,No prompt change required under the missing-cell design.,"red pencil sharpener, juggling ball",juggling ball,Home,Put the largest object in the bowl.,,Explicitly grounds largest with juggling ball; only the selected size-role/object cell is withheld.,,1137,318,justintiensmith/VLA_Benchmark_Prompted_1200,1137,False,justintiensmith/VLA_Benchmark_Prompted_1200,1137,
1138,Size Recognition,Put the largest object in the bowl.,Explicit size grounding,largest × juggling ball,size_juggling_ball_largest_explicit,green-block×largest; juggling-ball×smallest,No,Keep prompt,No prompt change required under the missing-cell design.,"red pencil sharpener, juggling ball",juggling ball,Home,Put the largest object in the bowl.,,Explicitly grounds largest with juggling ball; only the selected size-role/object cell is withheld.,,1138,318,justintiensmith/VLA_Benchmark_Prompted_1200,1138,False,justintiensmith/VLA_Benchmark_Prompted_1200,1138,
1139,Size Recognition,Put the largest object in the bowl.,Explicit size grounding,largest × juggling ball,size_juggling_ball_largest_explicit,green-block×largest; juggling-ball×smallest,No,Keep prompt,No prompt change required under the missing-cell design.,"red pencil sharpener, juggling ball",juggling ball,Home,Put the largest object in the bowl.,,Explicitly grounds largest with juggling ball; only the selected size-role/object cell is withheld.,,1139,318,justintiensmith/VLA_Benchmark_Prompted_1200,1139,False,justintiensmith/VLA_Benchmark_Prompted_1200,1139,
1140,Size Recognition,Put the largest object in the bowl.,Explicit size grounding,largest × juggling ball,size_juggling_ball_largest_explicit,green-block×largest; juggling-ball×smallest,No,Keep prompt,No prompt change required under the missing-cell design.,"red pencil sharpener, juggling ball",juggling ball,Home,Put the largest object in the bowl.,,Explicitly grounds largest with juggling ball; only the selected size-role/object cell is withheld.,,1140,318,justintiensmith/VLA_Benchmark_Prompted_1200,1140,False,justintiensmith/VLA_Benchmark_Prompted_1200,1140,
1141,Size Recognition,Pick up the largest item and place it in the bowl.,Explicit size grounding,largest × juggling ball,size_juggling_ball_largest_explicit,green-block×largest; juggling-ball×smallest,No,Keep prompt,No prompt change required under the missing-cell design.,"red pencil sharpener, juggling ball",juggling ball,Home,Pick up the largest item and place it in the bowl.,,Explicitly grounds largest with juggling ball; only the selected size-role/object cell is withheld.,,1141,319,justintiensmith/VLA_Benchmark_Prompted_1200,1141,False,justintiensmith/VLA_Benchmark_Prompted_1200,1141,
1142,Size Recognition,Move the object that is largest into the bowl.,Explicit size grounding,largest × juggling ball,size_juggling_ball_largest_explicit,green-block×largest; juggling-ball×smallest,No,Keep prompt,No prompt change required under the missing-cell design.,"red pencil sharpener, juggling ball",juggling ball,Home,Move the object that is largest into the bowl.,,Explicitly grounds largest with juggling ball; only the selected size-role/object cell is withheld.,,1142,320,justintiensmith/VLA_Benchmark_Prompted_1200,1142,False,justintiensmith/VLA_Benchmark_Prompted_1200,1142,
1143,Size Recognition,Put the largest object in the bowl.,Explicit size grounding,largest × juggling ball,size_juggling_ball_largest_explicit,green-block×largest; juggling-ball×smallest,No,Keep prompt,No prompt change required under the missing-cell design.,"red pencil sharpener, juggling ball",juggling ball,Home,Put the largest object in the bowl.,,Explicitly grounds largest with juggling ball; only the selected size-role/object cell is withheld.,,1143,318,justintiensmith/VLA_Benchmark_Prompted_1200,1143,False,justintiensmith/VLA_Benchmark_Prompted_1200,1143,
1144,Size Recognition,Move the object that is largest into the bowl.,Explicit size grounding,largest × juggling ball,size_juggling_ball_largest_explicit,green-block×largest; juggling-ball×smallest,No,Keep prompt,No prompt change required under the missing-cell design.,"red pencil sharpener, juggling ball",juggling ball,Home,Move the object that is largest into the bowl.,,Explicitly grounds largest with juggling ball; only the selected size-role/object cell is withheld.,,1144,320,justintiensmith/VLA_Benchmark_Prompted_1200,1144,False,justintiensmith/VLA_Benchmark_Prompted_1200,1144,
1145,Size Recognition,Move the object that is largest into the bowl.,Explicit size grounding,largest × juggling ball,size_juggling_ball_largest_explicit,green-block×largest; juggling-ball×smallest,No,Keep prompt,No prompt change required under the missing-cell design.,"red pencil sharpener, juggling ball",juggling ball,Home,Move the object that is largest into the bowl.,,Explicitly grounds largest with juggling ball; only the selected size-role/object cell is withheld.,,1145,320,justintiensmith/VLA_Benchmark_Prompted_1200,1145,False,justintiensmith/VLA_Benchmark_Prompted_1200,1145,
1146,Size Recognition,Move the object that is largest into the bowl.,Explicit size grounding,largest × juggling ball,size_juggling_ball_largest_explicit,green-block×largest; juggling-ball×smallest,No,Keep prompt,No prompt change required under the missing-cell design.,"red pencil sharpener, juggling ball",juggling ball,Home,Move the object that is largest into the bowl.,,Explicitly grounds largest with juggling ball; only the selected size-role/object cell is withheld.,,1146,320,justintiensmith/VLA_Benchmark_Prompted_1200,1146,False,justintiensmith/VLA_Benchmark_Prompted_1200,1146,
1147,Size Recognition,Put the largest object in the bowl.,Explicit size grounding,largest × juggling ball,size_juggling_ball_largest_explicit,green-block×largest; juggling-ball×smallest,No,Keep prompt,No prompt change required under the missing-cell design.,"red pencil sharpener, juggling ball",juggling ball,Recovery,Put the largest object in the bowl.,,Explicitly grounds largest with juggling ball; only the selected size-role/object cell is withheld.,,1147,318,justintiensmith/VLA_Benchmark_Prompted_1200,1147,False,justintiensmith/VLA_Benchmark_Prompted_1200,1147,
1148,Size Recognition,Put the largest object in the bowl.,Explicit size grounding,largest × juggling ball,size_juggling_ball_largest_explicit,green-block×largest; juggling-ball×smallest,No,Keep prompt,No prompt change required under the missing-cell design.,"red pencil sharpener, juggling ball",juggling ball,Recovery,Put the largest object in the bowl.,,Explicitly grounds largest with juggling ball; only the selected size-role/object cell is withheld.,,1148,318,justintiensmith/VLA_Benchmark_Prompted_1200,1148,False,justintiensmith/VLA_Benchmark_Prompted_1200,1148,
1149,Size Recognition,Pick up the largest item and place it in the bowl.,Explicit size grounding,largest × juggling ball,size_juggling_ball_largest_explicit,green-block×largest; juggling-ball×smallest,No,Keep prompt,No prompt change required under the missing-cell design.,"red pencil sharpener, juggling ball",juggling ball,Recovery,Pick up the largest item and place it in the bowl.,,Explicitly grounds largest with juggling ball; only the selected size-role/object cell is withheld.,,1149,319,justintiensmith/VLA_Benchmark_Prompted_1200,1149,False,justintiensmith/VLA_Benchmark_Prompted_1200,1149,
1150,Size Recognition,Put the crushed Pepsi can in the bowl.,Direct-object identity control,direct identity=crushed Pepsi can; physical size role=largest,size_crushed_pepsi_can_largest_direct_control,green-block×largest; juggling-ball×smallest,Yes,Replace prompt only,"Prompt-only relabeling; preserve episode 1150 video, scene, trajectory, target, and start position.","red pencil sharpener, green block, juggling ball, crushed Pepsi can",crushed Pepsi can,Home,Pick up the largest item and place it in the bowl.,,Provides direct-name grounding within the size task. Five direct controls are retained for every object identity.,,1150,128,justintiensmith/VLA_Benchmark_Prompted_1200,1150,False,justintiensmith/VLA_Benchmark_Prompted_1200,1150,
1151,Size Recognition,Pick up the crushed Pepsi can and place it in the bowl.,Direct-object identity control,direct identity=crushed Pepsi can; physical size role=largest,size_crushed_pepsi_can_largest_direct_control,green-block×largest; juggling-ball×smallest,Yes,Replace prompt only,"Prompt-only relabeling; preserve episode 1151 video, scene, trajectory, target, and start position.","red pencil sharpener, green block, juggling ball, crushed Pepsi can",crushed Pepsi can,Home,Pick up the largest item and place it in the bowl.,,Provides direct-name grounding within the size task. Five direct controls are retained for every object identity.,,1151,126,justintiensmith/VLA_Benchmark_Prompted_1200,1151,False,justintiensmith/VLA_Benchmark_Prompted_1200,1151,
1152,Size Recognition,Move the crushed Pepsi can into the bowl.,Direct-object identity control,direct identity=crushed Pepsi can; physical size role=largest,size_crushed_pepsi_can_largest_direct_control,green-block×largest; juggling-ball×smallest,Yes,Replace prompt only,"Prompt-only relabeling; preserve episode 1152 video, scene, trajectory, target, and start position.","red pencil sharpener, green block, juggling ball, crushed Pepsi can",crushed Pepsi can,Home,Move the object that is largest into the bowl.,,Provides direct-name grounding within the size task. Five direct controls are retained for every object identity.,,1152,130,justintiensmith/VLA_Benchmark_Prompted_1200,1152,False,justintiensmith/VLA_Benchmark_Prompted_1200,1152,
1153,Size Recognition,Put the crushed Pepsi can in the bowl.,Direct-object identity control,direct identity=crushed Pepsi can; physical size role=largest,size_crushed_pepsi_can_largest_direct_control,green-block×largest; juggling-ball×smallest,Yes,Replace prompt only,"Prompt-only relabeling; preserve episode 1153 video, scene, trajectory, target, and start position.","red pencil sharpener, green block, juggling ball, crushed Pepsi can",crushed Pepsi can,Home,Move the object that is largest into the bowl.,,Provides direct-name grounding within the size task. Five direct controls are retained for every object identity.,,1153,128,justintiensmith/VLA_Benchmark_Prompted_1200,1153,False,justintiensmith/VLA_Benchmark_Prompted_1200,1153,
1154,Size Recognition,Pick up the crushed Pepsi can and place it in the bowl.,Direct-object identity control,direct identity=crushed Pepsi can; physical size role=largest,size_crushed_pepsi_can_largest_direct_control,green-block×largest; juggling-ball×smallest,Yes,Replace prompt only,"Prompt-only relabeling; preserve episode 1154 video, scene, trajectory, target, and start position.","red pencil sharpener, green block, juggling ball, crushed Pepsi can",crushed Pepsi can,Home,Move the object that is largest into the bowl.,,Provides direct-name grounding within the size task. Five direct controls are retained for every object identity.,,1154,126,justintiensmith/VLA_Benchmark_Prompted_1200,1154,False,justintiensmith/VLA_Benchmark_Prompted_1200,1154,
1155,Size Recognition,Pick up the largest item and place it in the bowl.,Explicit size grounding,largest × crushed Pepsi can,size_crushed_pepsi_can_largest_explicit,green-block×largest; juggling-ball×smallest,No,Keep prompt,No prompt change required under the missing-cell design.,"red pencil sharpener, green block, juggling ball, crushed Pepsi can",crushed Pepsi can,Home,Pick up the largest item and place it in the bowl.,,Explicitly grounds largest with crushed Pepsi can; only the selected size-role/object cell is withheld.,,1155,319,justintiensmith/VLA_Benchmark_Prompted_1200,1155,False,justintiensmith/VLA_Benchmark_Prompted_1200,1155,
1156,Size Recognition,Move the object that is largest into the bowl.,Explicit size grounding,largest × crushed Pepsi can,size_crushed_pepsi_can_largest_explicit,green-block×largest; juggling-ball×smallest,No,Keep prompt,No prompt change required under the missing-cell design.,"red pencil sharpener, green block, juggling ball, crushed Pepsi can",crushed Pepsi can,Home,Move the object that is largest into the bowl.,,Explicitly grounds largest with crushed Pepsi can; only the selected size-role/object cell is withheld.,,1156,320,justintiensmith/VLA_Benchmark_Prompted_1200,1156,False,justintiensmith/VLA_Benchmark_Prompted_1200,1156,
1157,Size Recognition,Put the largest object in the bowl.,Explicit size grounding,largest × crushed Pepsi can,size_crushed_pepsi_can_largest_explicit,green-block×largest; juggling-ball×smallest,No,Keep prompt,No prompt change required under the missing-cell design.,"red pencil sharpener, green block, juggling ball, crushed Pepsi can",crushed Pepsi can,Home,Put the largest object in the bowl.,,Explicitly grounds largest with crushed Pepsi can; only the selected size-role/object cell is withheld.,,1157,318,justintiensmith/VLA_Benchmark_Prompted_1200,1157,False,justintiensmith/VLA_Benchmark_Prompted_1200,1157,
1158,Size Recognition,Put the largest object in the bowl.,Explicit size grounding,largest × crushed Pepsi can,size_crushed_pepsi_can_largest_explicit,green-block×largest; juggling-ball×smallest,No,Keep prompt,No prompt change required under the missing-cell design.,"red pencil sharpener, green block, juggling ball, crushed Pepsi can",crushed Pepsi can,Home,Put the largest object in the bowl.,,Explicitly grounds largest with crushed Pepsi can; only the selected size-role/object cell is withheld.,,1158,318,justintiensmith/VLA_Benchmark_Prompted_1200,1158,False,justintiensmith/VLA_Benchmark_Prompted_1200,1158,
1159,Size Recognition,Move the object that is largest into the bowl.,Explicit size grounding,largest × crushed Pepsi can,size_crushed_pepsi_can_largest_explicit,green-block×largest; juggling-ball×smallest,No,Keep prompt,No prompt change required under the missing-cell design.,"red pencil sharpener, green block, juggling ball, crushed Pepsi can",crushed Pepsi can,Home,Move the object that is largest into the bowl.,,Explicitly grounds largest with crushed Pepsi can; only the selected size-role/object cell is withheld.,,1159,320,justintiensmith/VLA_Benchmark_Prompted_1200,1159,False,justintiensmith/VLA_Benchmark_Prompted_1200,1159,
1160,Size Recognition,Move the object that is largest into the bowl.,Explicit size grounding,largest × crushed Pepsi can,size_crushed_pepsi_can_largest_explicit,green-block×largest; juggling-ball×smallest,No,Keep prompt,No prompt change required under the missing-cell design.,"red pencil sharpener, green block, juggling ball, crushed Pepsi can",crushed Pepsi can,Home,Move the object that is largest into the bowl.,,Explicitly grounds largest with crushed Pepsi can; only the selected size-role/object cell is withheld.,,1160,320,justintiensmith/VLA_Benchmark_Prompted_1200,1160,False,justintiensmith/VLA_Benchmark_Prompted_1200,1160,
1161,Size Recognition,Pick up the largest item and place it in the bowl.,Explicit size grounding,largest × crushed Pepsi can,size_crushed_pepsi_can_largest_explicit,green-block×largest; juggling-ball×smallest,No,Keep prompt,No prompt change required under the missing-cell design.,"red pencil sharpener, green block, juggling ball, crushed Pepsi can",crushed Pepsi can,Home,Pick up the largest item and place it in the bowl.,,Explicitly grounds largest with crushed Pepsi can; only the selected size-role/object cell is withheld.,,1161,319,justintiensmith/VLA_Benchmark_Prompted_1200,1161,False,justintiensmith/VLA_Benchmark_Prompted_1200,1161,
1162,Size Recognition,Pick up the largest item and place it in the bowl.,Explicit size grounding,largest × crushed Pepsi can,size_crushed_pepsi_can_largest_explicit,green-block×largest; juggling-ball×smallest,No,Keep prompt,No prompt change required under the missing-cell design.,"red pencil sharpener, green block, juggling ball, crushed Pepsi can",crushed Pepsi can,Recovery,Pick up the largest item and place it in the bowl.,,Explicitly grounds largest with crushed Pepsi can; only the selected size-role/object cell is withheld.,,1162,319,justintiensmith/VLA_Benchmark_Prompted_1200,1162,False,justintiensmith/VLA_Benchmark_Prompted_1200,1162,
1163,Size Recognition,Move the object that is largest into the bowl.,Explicit size grounding,largest × crushed Pepsi can,size_crushed_pepsi_can_largest_explicit,green-block×largest; juggling-ball×smallest,No,Keep prompt,No prompt change required under the missing-cell design.,"red pencil sharpener, green block, juggling ball, crushed Pepsi can",crushed Pepsi can,Recovery,Move the object that is largest into the bowl.,,Explicitly grounds largest with crushed Pepsi can; only the selected size-role/object cell is withheld.,,1163,320,justintiensmith/VLA_Benchmark_Prompted_1200,1163,False,justintiensmith/VLA_Benchmark_Prompted_1200,1163,
1164,Size Recognition,Pick up the largest item and place it in the bowl.,Explicit size grounding,largest × crushed Pepsi can,size_crushed_pepsi_can_largest_explicit,green-block×largest; juggling-ball×smallest,No,Keep prompt,No prompt change required under the missing-cell design.,"red pencil sharpener, green block, juggling ball, crushed Pepsi can",crushed Pepsi can,Recovery,Pick up the largest item and place it in the bowl.,,Explicitly grounds largest with crushed Pepsi can; only the selected size-role/object cell is withheld.,,1164,319,justintiensmith/VLA_Benchmark_Prompted_1200,1164,False,justintiensmith/VLA_Benchmark_Prompted_1200,1164,
1165,Size Recognition,Pick up the largest item and place it in the bowl.,Explicit size grounding,largest × crushed Pepsi can,size_crushed_pepsi_can_largest_explicit,green-block×largest; juggling-ball×smallest,No,Keep prompt,No prompt change required under the missing-cell design.,"red pencil sharpener, juggling ball, crushed Pepsi can",crushed Pepsi can,Home,Pick up the largest item and place it in the bowl.,,Explicitly grounds largest with crushed Pepsi can; only the selected size-role/object cell is withheld.,,1165,319,justintiensmith/VLA_Benchmark_Prompted_1200,1165,False,justintiensmith/VLA_Benchmark_Prompted_1200,1165,
1166,Size Recognition,Pick up the largest item and place it in the bowl.,Explicit size grounding,largest × crushed Pepsi can,size_crushed_pepsi_can_largest_explicit,green-block×largest; juggling-ball×smallest,No,Keep prompt,No prompt change required under the missing-cell design.,"red pencil sharpener, juggling ball, crushed Pepsi can",crushed Pepsi can,Home,Pick up the largest item and place it in the bowl.,,Explicitly grounds largest with crushed Pepsi can; only the selected size-role/object cell is withheld.,,1166,319,justintiensmith/VLA_Benchmark_Prompted_1200,1166,False,justintiensmith/VLA_Benchmark_Prompted_1200,1166,
1167,Size Recognition,Put the largest object in the bowl.,Explicit size grounding,largest × crushed Pepsi can,size_crushed_pepsi_can_largest_explicit,green-block×largest; juggling-ball×smallest,No,Keep prompt,No prompt change required under the missing-cell design.,"red pencil sharpener, juggling ball, crushed Pepsi can",crushed Pepsi can,Home,Put the largest object in the bowl.,,Explicitly grounds largest with crushed Pepsi can; only the selected size-role/object cell is withheld.,,1167,318,justintiensmith/VLA_Benchmark_Prompted_1200,1167,False,justintiensmith/VLA_Benchmark_Prompted_1200,1167,
1168,Size Recognition,Put the largest object in the bowl.,Explicit size grounding,largest × crushed Pepsi can,size_crushed_pepsi_can_largest_explicit,green-block×largest; juggling-ball×smallest,No,Keep prompt,No prompt change required under the missing-cell design.,"red pencil sharpener, juggling ball, crushed Pepsi can",crushed Pepsi can,Home,Put the largest object in the bowl.,,Explicitly grounds largest with crushed Pepsi can; only the selected size-role/object cell is withheld.,,1168,318,justintiensmith/VLA_Benchmark_Prompted_1200,1168,False,justintiensmith/VLA_Benchmark_Prompted_1200,1168,
1169,Size Recognition,Pick up the largest item and place it in the bowl.,Explicit size grounding,largest × crushed Pepsi can,size_crushed_pepsi_can_largest_explicit,green-block×largest; juggling-ball×smallest,No,Keep prompt,No prompt change required under the missing-cell design.,"red pencil sharpener, juggling ball, crushed Pepsi can",crushed Pepsi can,Home,Pick up the largest item and place it in the bowl.,,Explicitly grounds largest with crushed Pepsi can; only the selected size-role/object cell is withheld.,,1169,319,justintiensmith/VLA_Benchmark_Prompted_1200,1169,False,justintiensmith/VLA_Benchmark_Prompted_1200,1169,
1170,Size Recognition,Put the largest object in the bowl.,Explicit size grounding,largest × crushed Pepsi can,size_crushed_pepsi_can_largest_explicit,green-block×largest; juggling-ball×smallest,No,Keep prompt,No prompt change required under the missing-cell design.,"red pencil sharpener, juggling ball, crushed Pepsi can",crushed Pepsi can,Home,Put the largest object in the bowl.,,Explicitly grounds largest with crushed Pepsi can; only the selected size-role/object cell is withheld.,,1170,318,justintiensmith/VLA_Benchmark_Prompted_1200,1170,False,justintiensmith/VLA_Benchmark_Prompted_1200,1170,
1171,Size Recognition,Put the largest object in the bowl.,Explicit size grounding,largest × crushed Pepsi can,size_crushed_pepsi_can_largest_explicit,green-block×largest; juggling-ball×smallest,No,Keep prompt,No prompt change required under the missing-cell design.,"red pencil sharpener, juggling ball, crushed Pepsi can",crushed Pepsi can,Home,Put the largest object in the bowl.,,Explicitly grounds largest with crushed Pepsi can; only the selected size-role/object cell is withheld.,,1171,318,justintiensmith/VLA_Benchmark_Prompted_1200,1171,False,justintiensmith/VLA_Benchmark_Prompted_1200,1171,
1172,Size Recognition,Pick up the largest item and place it in the bowl.,Explicit size grounding,largest × crushed Pepsi can,size_crushed_pepsi_can_largest_explicit,green-block×largest; juggling-ball×smallest,No,Keep prompt,No prompt change required under the missing-cell design.,"red pencil sharpener, juggling ball, crushed Pepsi can",crushed Pepsi can,Home,Pick up the largest item and place it in the bowl.,,Explicitly grounds largest with crushed Pepsi can; only the selected size-role/object cell is withheld.,,1172,319,justintiensmith/VLA_Benchmark_Prompted_1200,1172,False,justintiensmith/VLA_Benchmark_Prompted_1200,1172,
1173,Size Recognition,Move the object that is largest into the bowl.,Explicit size grounding,largest × crushed Pepsi can,size_crushed_pepsi_can_largest_explicit,green-block×largest; juggling-ball×smallest,No,Keep prompt,No prompt change required under the missing-cell design.,"red pencil sharpener, juggling ball, crushed Pepsi can",crushed Pepsi can,Home,Move the object that is largest into the bowl.,,Explicitly grounds largest with crushed Pepsi can; only the selected size-role/object cell is withheld.,,1173,320,justintiensmith/VLA_Benchmark_Prompted_1200,1173,False,justintiensmith/VLA_Benchmark_Prompted_1200,1173,
1174,Size Recognition,Move the object that is largest into the bowl.,Explicit size grounding,largest × crushed Pepsi can,size_crushed_pepsi_can_largest_explicit,green-block×largest; juggling-ball×smallest,No,Keep prompt,No prompt change required under the missing-cell design.,"red pencil sharpener, juggling ball, crushed Pepsi can",crushed Pepsi can,Home,Move the object that is largest into the bowl.,,Explicitly grounds largest with crushed Pepsi can; only the selected size-role/object cell is withheld.,,1174,320,justintiensmith/VLA_Benchmark_Prompted_1200,1174,False,justintiensmith/VLA_Benchmark_Prompted_1200,1174,
1175,Size Recognition,Put the largest object in the bowl.,Explicit size grounding,largest × crushed Pepsi can,size_crushed_pepsi_can_largest_explicit,green-block×largest; juggling-ball×smallest,No,Keep prompt,No prompt change required under the missing-cell design.,"red pencil sharpener, juggling ball, crushed Pepsi can",crushed Pepsi can,Home,Put the largest object in the bowl.,,Explicitly grounds largest with crushed Pepsi can; only the selected size-role/object cell is withheld.,,1175,318,justintiensmith/VLA_Benchmark_Prompted_1200,1175,False,justintiensmith/VLA_Benchmark_Prompted_1200,1175,
1176,Size Recognition,Pick up the largest item and place it in the bowl.,Explicit size grounding,largest × crushed Pepsi can,size_crushed_pepsi_can_largest_explicit,green-block×largest; juggling-ball×smallest,No,Keep prompt,No prompt change required under the missing-cell design.,"red pencil sharpener, juggling ball, crushed Pepsi can",crushed Pepsi can,Home,Pick up the largest item and place it in the bowl.,,Explicitly grounds largest with crushed Pepsi can; only the selected size-role/object cell is withheld.,,1176,319,justintiensmith/VLA_Benchmark_Prompted_1200,1176,False,justintiensmith/VLA_Benchmark_Prompted_1200,1176,
1177,Size Recognition,Put the largest object in the bowl.,Explicit size grounding,largest × crushed Pepsi can,size_crushed_pepsi_can_largest_explicit,green-block×largest; juggling-ball×smallest,No,Keep prompt,No prompt change required under the missing-cell design.,"red pencil sharpener, juggling ball, crushed Pepsi can",crushed Pepsi can,Recovery,Put the largest object in the bowl.,,Explicitly grounds largest with crushed Pepsi can; only the selected size-role/object cell is withheld.,,1177,318,justintiensmith/VLA_Benchmark_Prompted_1200,1177,False,justintiensmith/VLA_Benchmark_Prompted_1200,1177,
1178,Size Recognition,Pick up the largest item and place it in the bowl.,Explicit size grounding,largest × crushed Pepsi can,size_crushed_pepsi_can_largest_explicit,green-block×largest; juggling-ball×smallest,No,Keep prompt,No prompt change required under the missing-cell design.,"red pencil sharpener, juggling ball, crushed Pepsi can",crushed Pepsi can,Recovery,Pick up the largest item and place it in the bowl.,,Explicitly grounds largest with crushed Pepsi can; only the selected size-role/object cell is withheld.,,1178,319,justintiensmith/VLA_Benchmark_Prompted_1200,1178,False,justintiensmith/VLA_Benchmark_Prompted_1200,1178,
1179,Size Recognition,Pick up the largest item and place it in the bowl.,Explicit size grounding,largest × crushed Pepsi can,size_crushed_pepsi_can_largest_explicit,green-block×largest; juggling-ball×smallest,No,Keep prompt,No prompt change required under the missing-cell design.,"red pencil sharpener, juggling ball, crushed Pepsi can",crushed Pepsi can,Recovery,Pick up the largest item and place it in the bowl.,,Explicitly grounds largest with crushed Pepsi can; only the selected size-role/object cell is withheld.,,1179,319,justintiensmith/VLA_Benchmark_Prompted_1200,1179,False,justintiensmith/VLA_Benchmark_Prompted_1200,1179,
1180,Size Recognition,Move the object that is largest into the bowl.,Explicit size grounding,largest × crushed Pepsi can,size_crushed_pepsi_can_largest_explicit,green-block×largest; juggling-ball×smallest,No,Keep prompt,No prompt change required under the missing-cell design.,"green block, crushed Pepsi can",crushed Pepsi can,Home,Move the object that is largest into the bowl.,,Explicitly grounds largest with crushed Pepsi can; only the selected size-role/object cell is withheld.,,1180,320,justintiensmith/VLA_Benchmark_Prompted_1200,1180,False,justintiensmith/VLA_Benchmark_Prompted_1200,1180,
1181,Size Recognition,Move the object that is largest into the bowl.,Explicit size grounding,largest × crushed Pepsi can,size_crushed_pepsi_can_largest_explicit,green-block×largest; juggling-ball×smallest,No,Keep prompt,No prompt change required under the missing-cell design.,"green block, crushed Pepsi can",crushed Pepsi can,Home,Move the object that is largest into the bowl.,,Explicitly grounds largest with crushed Pepsi can; only the selected size-role/object cell is withheld.,,1181,320,justintiensmith/VLA_Benchmark_Prompted_1200,1181,False,justintiensmith/VLA_Benchmark_Prompted_1200,1181,
1182,Size Recognition,Move the object that is largest into the bowl.,Explicit size grounding,largest × crushed Pepsi can,size_crushed_pepsi_can_largest_explicit,green-block×largest; juggling-ball×smallest,No,Keep prompt,No prompt change required under the missing-cell design.,"green block, crushed Pepsi can",crushed Pepsi can,Home,Move the object that is largest into the bowl.,,Explicitly grounds largest with crushed Pepsi can; only the selected size-role/object cell is withheld.,,1182,320,justintiensmith/VLA_Benchmark_Prompted_1200,1182,False,justintiensmith/VLA_Benchmark_Prompted_1200,1182,
1183,Size Recognition,Put the largest object in the bowl.,Explicit size grounding,largest × crushed Pepsi can,size_crushed_pepsi_can_largest_explicit,green-block×largest; juggling-ball×smallest,No,Keep prompt,No prompt change required under the missing-cell design.,"green block, crushed Pepsi can",crushed Pepsi can,Home,Put the largest object in the bowl.,,Explicitly grounds largest with crushed Pepsi can; only the selected size-role/object cell is withheld.,,1183,318,justintiensmith/VLA_Benchmark_Prompted_1200,1183,False,justintiensmith/VLA_Benchmark_Prompted_1200,1183,
1184,Size Recognition,Put the largest object in the bowl.,Explicit size grounding,largest × crushed Pepsi can,size_crushed_pepsi_can_largest_explicit,green-block×largest; juggling-ball×smallest,No,Keep prompt,No prompt change required under the missing-cell design.,"green block, crushed Pepsi can",crushed Pepsi can,Home,Put the largest object in the bowl.,,Explicitly grounds largest with crushed Pepsi can; only the selected size-role/object cell is withheld.,,1184,318,justintiensmith/VLA_Benchmark_Prompted_1200,1184,False,justintiensmith/VLA_Benchmark_Prompted_1200,1184,
1185,Size Recognition,Put the largest object in the bowl.,Explicit size grounding,largest × crushed Pepsi can,size_crushed_pepsi_can_largest_explicit,green-block×largest; juggling-ball×smallest,No,Keep prompt,No prompt change required under the missing-cell design.,"green block, crushed Pepsi can",crushed Pepsi can,Home,Put the largest object in the bowl.,,Explicitly grounds largest with crushed Pepsi can; only the selected size-role/object cell is withheld.,,1185,318,justintiensmith/VLA_Benchmark_Prompted_1200,1185,False,justintiensmith/VLA_Benchmark_Prompted_1200,1185,
1186,Size Recognition,Pick up the largest item and place it in the bowl.,Explicit size grounding,largest × crushed Pepsi can,size_crushed_pepsi_can_largest_explicit,green-block×largest; juggling-ball×smallest,No,Keep prompt,No prompt change required under the missing-cell design.,"green block, crushed Pepsi can",crushed Pepsi can,Home,Pick up the largest item and place it in the bowl.,,Explicitly grounds largest with crushed Pepsi can; only the selected size-role/object cell is withheld.,,1186,319,justintiensmith/VLA_Benchmark_Prompted_1200,1186,False,justintiensmith/VLA_Benchmark_Prompted_1200,1186,
1187,Size Recognition,Pick up the largest item and place it in the bowl.,Explicit size grounding,largest × crushed Pepsi can,size_crushed_pepsi_can_largest_explicit,green-block×largest; juggling-ball×smallest,No,Keep prompt,No prompt change required under the missing-cell design.,"green block, crushed Pepsi can",crushed Pepsi can,Home,Pick up the largest item and place it in the bowl.,,Explicitly grounds largest with crushed Pepsi can; only the selected size-role/object cell is withheld.,,1187,319,justintiensmith/VLA_Benchmark_Prompted_1200,1187,False,justintiensmith/VLA_Benchmark_Prompted_1200,1187,
1188,Size Recognition,Move the object that is largest into the bowl.,Explicit size grounding,largest × crushed Pepsi can,size_crushed_pepsi_can_largest_explicit,green-block×largest; juggling-ball×smallest,No,Keep prompt,No prompt change required under the missing-cell design.,"green block, crushed Pepsi can",crushed Pepsi can,Home,Move the object that is largest into the bowl.,,Explicitly grounds largest with crushed Pepsi can; only the selected size-role/object cell is withheld.,,1188,320,justintiensmith/VLA_Benchmark_Prompted_1200,1188,False,justintiensmith/VLA_Benchmark_Prompted_1200,1188,
1189,Size Recognition,Put the largest object in the bowl.,Explicit size grounding,largest × crushed Pepsi can,size_crushed_pepsi_can_largest_explicit,green-block×largest; juggling-ball×smallest,No,Keep prompt,No prompt change required under the missing-cell design.,"green block, crushed Pepsi can",crushed Pepsi can,Home,Put the largest object in the bowl.,,Explicitly grounds largest with crushed Pepsi can; only the selected size-role/object cell is withheld.,,1189,318,justintiensmith/VLA_Benchmark_Prompted_1200,1189,False,justintiensmith/VLA_Benchmark_Prompted_1200,1189,
1190,Size Recognition,Pick up the largest item and place it in the bowl.,Explicit size grounding,largest × crushed Pepsi can,size_crushed_pepsi_can_largest_explicit,green-block×largest; juggling-ball×smallest,No,Keep prompt,No prompt change required under the missing-cell design.,"green block, crushed Pepsi can",crushed Pepsi can,Home,Pick up the largest item and place it in the bowl.,,Explicitly grounds largest with crushed Pepsi can; only the selected size-role/object cell is withheld.,,1190,319,justintiensmith/VLA_Benchmark_Prompted_1200,1190,False,justintiensmith/VLA_Benchmark_Prompted_1200,1190,
1191,Size Recognition,Pick up the largest item and place it in the bowl.,Explicit size grounding,largest × crushed Pepsi can,size_crushed_pepsi_can_largest_explicit,green-block×largest; juggling-ball×smallest,No,Keep prompt,No prompt change required under the missing-cell design.,"green block, crushed Pepsi can",crushed Pepsi can,Home,Pick up the largest item and place it in the bowl.,,Explicitly grounds largest with crushed Pepsi can; only the selected size-role/object cell is withheld.,,1191,319,justintiensmith/VLA_Benchmark_Prompted_1200,1191,False,justintiensmith/VLA_Benchmark_Prompted_1200,1191,
1192,Size Recognition,Move the object that is largest into the bowl.,Explicit size grounding,largest × crushed Pepsi can,size_crushed_pepsi_can_largest_explicit,green-block×largest; juggling-ball×smallest,No,Keep prompt,No prompt change required under the missing-cell design.,"green block, crushed Pepsi can",crushed Pepsi can,Home,Move the object that is largest into the bowl.,,Explicitly grounds largest with crushed Pepsi can; only the selected size-role/object cell is withheld.,,1192,320,justintiensmith/VLA_Benchmark_Prompted_1200,1192,False,justintiensmith/VLA_Benchmark_Prompted_1200,1192,
1193,Size Recognition,Pick up the largest item and place it in the bowl.,Explicit size grounding,largest × crushed Pepsi can,size_crushed_pepsi_can_largest_explicit,green-block×largest; juggling-ball×smallest,No,Keep prompt,No prompt change required under the missing-cell design.,"green block, crushed Pepsi can",crushed Pepsi can,Home,Pick up the largest item and place it in the bowl.,,Explicitly grounds largest with crushed Pepsi can; only the selected size-role/object cell is withheld.,,1193,319,justintiensmith/VLA_Benchmark_Prompted_1200,1193,False,justintiensmith/VLA_Benchmark_Prompted_1200,1193,
1194,Size Recognition,Move the object that is largest into the bowl.,Explicit size grounding,largest × crushed Pepsi can,size_crushed_pepsi_can_largest_explicit,green-block×largest; juggling-ball×smallest,No,Keep prompt,No prompt change required under the missing-cell design.,"green block, crushed Pepsi can",crushed Pepsi can,Home,Move the object that is largest into the bowl.,,Explicitly grounds largest with crushed Pepsi can; only the selected size-role/object cell is withheld.,,1194,320,justintiensmith/VLA_Benchmark_Prompted_1200,1194,False,justintiensmith/VLA_Benchmark_Prompted_1200,1194,
1195,Size Recognition,Move the object that is largest into the bowl.,Explicit size grounding,largest × crushed Pepsi can,size_crushed_pepsi_can_largest_explicit,green-block×largest; juggling-ball×smallest,No,Keep prompt,No prompt change required under the missing-cell design.,"green block, crushed Pepsi can",crushed Pepsi can,Home,Move the object that is largest into the bowl.,,Explicitly grounds largest with crushed Pepsi can; only the selected size-role/object cell is withheld.,,1195,320,justintiensmith/VLA_Benchmark_Prompted_1200,1195,False,justintiensmith/VLA_Benchmark_Prompted_1200,1195,
1196,Size Recognition,Move the object that is largest into the bowl.,Explicit size grounding,largest × crushed Pepsi can,size_crushed_pepsi_can_largest_explicit,green-block×largest; juggling-ball×smallest,No,Keep prompt,No prompt change required under the missing-cell design.,"green block, crushed Pepsi can",crushed Pepsi can,Recovery,Move the object that is largest into the bowl.,,Explicitly grounds largest with crushed Pepsi can; only the selected size-role/object cell is withheld.,,1196,320,justintiensmith/VLA_Benchmark_Prompted_1200,1196,False,justintiensmith/VLA_Benchmark_Prompted_1200,1196,
1197,Size Recognition,Move the object that is largest into the bowl.,Explicit size grounding,largest × crushed Pepsi can,size_crushed_pepsi_can_largest_explicit,green-block×largest; juggling-ball×smallest,No,Keep prompt,No prompt change required under the missing-cell design.,"green block, crushed Pepsi can",crushed Pepsi can,Recovery,Move the object that is largest into the bowl.,,Explicitly grounds largest with crushed Pepsi can; only the selected size-role/object cell is withheld.,,1197,320,justintiensmith/VLA_Benchmark_Prompted_1200,1197,False,justintiensmith/VLA_Benchmark_Prompted_1200,1197,
1198,Size Recognition,Move the object that is largest into the bowl.,Explicit size grounding,largest × crushed Pepsi can,size_crushed_pepsi_can_largest_explicit,green-block×largest; juggling-ball×smallest,No,Keep prompt,No prompt change required under the missing-cell design.,"green block, crushed Pepsi can",crushed Pepsi can,Recovery,Move the object that is largest into the bowl.,,Explicitly grounds largest with crushed Pepsi can; only the selected size-role/object cell is withheld.,,1198,320,justintiensmith/VLA_Benchmark_Prompted_1200,1198,False,justintiensmith/VLA_Benchmark_Prompted_1200,1198,
1199,Size Recognition,Put the largest object in the bowl.,Explicit size grounding,largest × crushed Pepsi can,size_crushed_pepsi_can_largest_explicit,green-block×largest; juggling-ball×smallest,No,Keep prompt,No prompt change required under the missing-cell design.,"green block, crushed Pepsi can",crushed Pepsi can,Recovery,Put the largest object in the bowl.,,Explicitly grounds largest with crushed Pepsi can; only the selected size-role/object cell is withheld.,,1199,318,justintiensmith/VLA_Benchmark_Prompted_1200,1199,False,justintiensmith/VLA_Benchmark_Prompted_1200,1199,
